candidate_pid,kocc10,hub_reference
P_100,19,0.848866
P_1002,5,0.899575
P_100518,3,0.890744
P_100549,3,0.890114
P_10081,2,0.867110
P_101001,9,0.873330
P_101081,8,0.898369
P_101261,5,0.901681
P_10129,5,0.878076
P_101399,13,0.887776
P_101400,4,0.874208
P_101419,24,0.858815
P_10144,10,0.866067
P_101442,14,0.862551
P_101515,5,0.891356
P_101520,10,0.888306
P_101529,6,0.885413
P_101533,5,0.865818
P_101534,3,0.890109
P_101536,16,0.882308
P_101690,15,0.886853
P_1017,7,0.903419
P_101853,3,0.851942
P_102024,6,0.886929
P_102104,5,0.896147
P_10212,7,0.860133
P_10216,14,0.870001
P_102166,0,0.895482
P_102167,8,0.888920
P_102171,11,0.879733
P_102273,12,0.862907
P_10229,7,0.890934
P_102343,11,0.882083
P_10237,11,0.872859
P_102396,5,0.856808
P_10242,6,0.857825
P_102435,10,0.894427
P_102458,13,0.840013
P_102471,13,0.874103
P_102472,9,0.874359
P_102474,3,0.878712
P_102499,8,0.884616
P_10253,11,0.886674
P_102533,6,0.842711
P_102560,6,0.846582
P_10257,6,0.848010
P_102577,11,0.874542
P_10259,7,0.872770
P_102602,5,0.838560
P_10261,6,0.885337
P_102624,11,0.852541
P_102627,12,0.851050
P_102651,7,0.887455
P_102653,9,0.869908
P_102710,6,0.865118
P_102746,14,0.888546
P_1028,2,0.886978
P_102802,13,0.872844
P_102917,11,0.891331
P_102950,6,0.874678
P_102984,8,0.838635
P_102987,12,0.861366
P_103,12,0.880650
P_103018,2,0.887373
P_103143,5,0.860646
P_10317,10,0.883786
P_103197,13,0.873816
P_103216,11,0.871865
P_103233,8,0.880784
P_103277,13,0.832122
P_103279,14,0.843752
P_103295,2,0.897260
P_1033,4,0.898871
P_103374,8,0.843103
P_103376,9,0.866846
P_10338,14,0.884968
P_103433,5,0.872629
P_103452,7,0.875664
P_103454,17,0.879700
P_103473,10,0.866670
P_103475,18,0.877883
P_103476,13,0.869084
P_103478,11,0.877164
P_103533,9,0.861931
P_103557,6,0.805692
P_103571,5,0.888180
P_10360,6,0.857616
P_103622,9,0.875700
P_103682,5,0.841205
P_103687,15,0.821604
P_103737,10,0.873591
P_103766,7,0.836478
P_103771,15,0.851892
P_103772,15,0.870535
P_103808,5,0.863477
P_103809,10,0.882921
P_103845,6,0.899493
P_103944,6,0.891807
P_104,7,0.888078
P_10401,12,0.850893
P_104042,9,0.856617
P_104063,0,0.848298
P_10408,6,0.856554
P_104176,12,0.892924
P_104213,8,0.874839
P_104226,8,0.887963
P_104258,8,0.895123
P_10428,11,0.849168
P_104314,12,0.848048
P_104315,8,0.838960
P_104317,2,0.868104
P_104320,5,0.862074
P_104353,9,0.880589
P_104354,2,0.872438
P_104357,11,0.888457
P_10436,5,0.886622
P_104365,9,0.877917
P_10437,3,0.881300
P_10441,11,0.852200
P_104429,7,0.872684
P_104437,5,0.842600
P_104513,7,0.865795
P_10456,9,0.888046
P_104604,3,0.884080
P_104659,9,0.893188
P_104683,5,0.889422
P_104689,4,0.884076
P_104716,14,0.831664
P_104733,8,0.876343
P_104734,7,0.876343
P_10476,8,0.842963
P_104780,6,0.902490
P_104781,2,0.852345
P_104788,5,0.892205
P_104791,9,0.870210
P_10483,9,0.848246
P_104834,9,0.871181
P_104838,5,0.876073
P_104854,7,0.865396
P_10488,7,0.880158
P_10492,16,0.843417
P_10500,10,0.875624
P_105004,8,0.883077
P_105015,4,0.878206
P_105019,5,0.885405
P_105030,4,0.880547
P_10504,17,0.845655
P_105053,9,0.868096
P_105082,2,0.899297
P_105086,4,0.888130
P_105107,10,0.883566
P_105113,6,0.899777
P_105142,7,0.881283
P_105227,7,0.888639
P_105231,13,0.857156
P_105233,5,0.878485
P_105327,7,0.900096
P_10533,14,0.859619
P_105408,2,0.894916
P_105417,3,0.877663
P_105418,12,0.897604
P_105420,4,0.885470
P_105421,10,0.892989
P_105424,4,0.865736
P_105425,2,0.865876
P_105434,9,0.877742
P_105438,5,0.878810
P_10546,4,0.879427
P_1055,4,0.858308
P_105501,7,0.897037
P_105563,11,0.851878
P_105702,16,0.881697
P_105713,11,0.880434
P_105724,8,0.886464
P_105740,6,0.855616
P_105746,10,0.852514
P_105753,5,0.889778
P_10577,6,0.827946
P_10582,18,0.842955
P_105840,6,0.859407
P_105843,9,0.874903
P_105885,6,0.880440
P_105887,8,0.881518
P_105890,6,0.892683
P_10603,12,0.862759
P_106062,10,0.861041
P_106203,10,0.869584
P_106207,7,0.864324
P_106366,7,0.895771
P_10641,11,0.850866
P_106560,4,0.865149
P_10662,7,0.887378
P_106674,2,0.840200
P_106678,2,0.852657
P_106837,12,0.894494
P_10685,4,0.871253
P_106883,16,0.883788
P_106922,6,0.876318
P_106924,19,0.842053
P_106946,12,0.870118
P_106970,13,0.874005
P_10717,12,0.869684
P_107170,7,0.839332
P_107205,2,0.779413
P_107498,6,0.833998
P_107502,9,0.858835
P_107520,5,0.848492
P_107524,4,0.888833
P_107529,3,0.872664
P_107531,9,0.849786
P_107555,14,0.880096
P_10758,9,0.897954
P_107595,10,0.875300
P_10761,7,0.872368
P_10762,7,0.871155
P_10766,5,0.850316
P_10767,6,0.856630
P_107684,14,0.836949
P_107727,7,0.893489
P_107739,14,0.873696
P_10774,4,0.837463
P_107781,2,0.854102
P_107795,9,0.875682
P_10784,8,0.887829
P_10785,8,0.865663
P_107872,11,0.885487
P_10788,3,0.870606
P_10799,11,0.890934
P_107990,3,0.881984
P_108072,6,0.852495
P_108134,4,0.892015
P_108135,6,0.894159
P_108150,8,0.867500
P_108182,12,0.848563
P_108218,3,0.839707
P_108237,12,0.860818
P_108259,7,0.875231
P_108282,5,0.838058
P_108286,11,0.860558
P_108327,8,0.856351
P_108364,4,0.873704
P_108372,4,0.865399
P_108376,6,0.893415
P_10838,5,0.894720
P_108434,13,0.851789
P_108449,9,0.876395
P_108458,7,0.873569
P_10846,22,0.860520
P_108465,11,0.876945
P_108473,12,0.867315
P_108475,9,0.876695
P_10848,16,0.879773
P_10849,3,0.878601
P_108509,6,0.893253
P_108518,11,0.817892
P_108526,5,0.852909
P_108548,5,0.866455
P_108588,2,0.894592
P_108686,9,0.850382
P_108687,6,0.854400
P_108690,12,0.827686
P_108692,14,0.829821
P_108693,14,0.876636
P_108694,17,0.855291
P_108697,21,0.858926
P_108698,15,0.861842
P_108700,20,0.869622
P_108752,8,0.842889
P_10886,5,0.853489
P_108867,8,0.891784
P_108939,8,0.869186
P_108951,14,0.852170
P_10901,20,0.867280
P_10902,12,0.857202
P_10905,12,0.837432
P_10907,10,0.856245
P_109089,8,0.878531
P_109122,6,0.839953
P_109124,7,0.848737
P_10913,7,0.860846
P_109138,4,0.840430
P_10914,10,0.854556
P_109217,11,0.879955
P_10932,7,0.900196
P_109324,7,0.898440
P_109377,5,0.884898
P_109386,7,0.882786
P_109435,8,0.843460
P_109440,8,0.880449
P_109597,3,0.858635
P_10963,8,0.876698
P_10964,6,0.885974
P_109642,9,0.879055
P_109643,9,0.887136
P_109644,3,0.879794
P_109646,16,0.876510
P_109985,5,0.881159
P_110044,1,0.881499
P_11006,6,0.871481
P_110106,13,0.881270
P_110123,20,0.864372
P_110124,18,0.855224
P_110128,16,0.840952
P_110134,9,0.848875
P_11014,11,0.859456
P_110161,5,0.859044
P_110170,3,0.871392
P_110236,14,0.872206
P_110254,6,0.865296
P_110279,16,0.840958
P_110345,8,0.873374
P_110384,10,0.850981
P_110437,14,0.871985
P_11045,9,0.872748
P_11048,16,0.850945
P_11051,8,0.879210
P_11054,8,0.880738
P_110549,8,0.884738
P_11067,5,0.896510
P_110726,8,0.841836
P_110727,8,0.865085
P_110791,9,0.875500
P_1108,11,0.880503
P_1109,12,0.852662
P_110919,6,0.866219
P_110932,7,0.846173
P_110956,10,0.873347
P_11096,5,0.893791
P_110964,4,0.876196
P_110965,10,0.869046
P_111009,13,0.851599
P_111106,5,0.864360
P_111108,12,0.861397
P_111226,7,0.837505
P_111338,12,0.834548
P_111341,5,0.853578
P_111343,17,0.834731
P_11143,9,0.894783
P_111432,10,0.896121
P_111607,10,0.878001
P_111666,10,0.884075
P_111674,13,0.874830
P_111734,13,0.866045
P_111747,0,0.886161
P_111763,3,0.873665
P_111787,8,0.854204
P_111822,2,0.874042
P_111909,9,0.815473
P_111932,21,0.830352
P_111944,11,0.844189
P_11197,13,0.852592
P_112043,4,0.833315
P_112044,12,0.815047
P_11215,17,0.864033
P_11221,7,0.876279
P_112288,6,0.777830
P_112319,8,0.886899
P_11235,13,0.872550
P_112416,7,0.868692
P_11242,7,0.883708
P_11243,9,0.862901
P_11246,12,0.880543
P_112482,8,0.851291
P_11249,21,0.876305
P_112523,10,0.849011
P_112559,6,0.883439
P_112560,5,0.868177
P_112580,11,0.884501
P_112613,5,0.893361
P_112686,17,0.838305
P_11275,10,0.876202
P_112944,11,0.843006
P_113059,6,0.863802
P_113175,13,0.835723
P_113226,4,0.863212
P_113253,6,0.867434
P_11333,11,0.850431
P_11334,7,0.841119
P_113409,8,0.873672
P_113472,12,0.853401
P_113534,11,0.832345
P_11358,15,0.837512
P_113609,8,0.904830
P_11365,7,0.877615
P_11366,4,0.880912
P_113701,17,0.838549
P_113702,11,0.845613
P_113703,8,0.836368
P_113704,6,0.784467
P_113713,4,0.820398
P_113724,3,0.887817
P_113964,4,0.871947
P_113966,7,0.863075
P_113976,9,0.890884
P_114054,15,0.853586
P_114055,14,0.853236
P_114056,18,0.863626
P_114057,13,0.847731
P_114060,12,0.886406
P_114061,6,0.852087
P_114062,17,0.859202
P_114063,8,0.870603
P_114082,23,0.862784
P_11411,7,0.898905
P_114131,8,0.854349
P_114132,6,0.857287
P_114133,8,0.852664
P_114153,19,0.822512
P_114215,11,0.846754
P_114217,14,0.868484
P_114218,12,0.872781
P_114228,3,0.875589
P_1143,12,0.856227
P_114331,8,0.880252
P_114485,6,0.904458
P_114486,11,0.894014
P_114490,4,0.898195
P_114491,17,0.897083
P_114525,8,0.879103
P_114535,5,0.874801
P_114559,7,0.872278
P_114587,6,0.886421
P_114588,16,0.857707
P_114590,3,0.881129
P_114603,8,0.853061
P_114605,12,0.848197
P_114679,9,0.854540
P_114680,6,0.867698
P_114682,8,0.885410
P_11471,8,0.860751
P_11473,6,0.878739
P_11478,7,0.853748
P_11485,8,0.871493
P_11488,11,0.892102
P_114908,21,0.839300
P_114909,11,0.869047
P_114927,10,0.845575
P_114935,12,0.887302
P_115006,26,0.880280
P_115029,18,0.842997
P_115030,19,0.854526
P_115032,5,0.858105
P_115033,9,0.837155
P_115034,13,0.803386
P_115055,11,0.892977
P_115064,18,0.857472
P_115080,9,0.876552
P_115095,7,0.861146
P_115096,9,0.835206
P_115102,11,0.852281
P_115133,11,0.856695
P_115135,5,0.844322
P_115137,16,0.862552
P_115139,12,0.865263
P_115142,7,0.869272
P_115143,8,0.852594
P_11516,10,0.887382
P_115176,8,0.841548
P_115177,11,0.848716
P_115178,14,0.825322
P_115179,7,0.840213
P_115180,8,0.824900
P_115182,11,0.830372
P_115203,10,0.878297
P_115210,7,0.876798
P_115250,3,0.892757
P_1153,7,0.877790
P_115446,11,0.895141
P_115455,6,0.850202
P_115475,7,0.876298
P_115482,10,0.858154
P_11552,3,0.855460
P_115534,8,0.870701
P_11554,9,0.861622
P_115556,18,0.842390
P_115612,8,0.849298
P_115616,12,0.842096
P_115655,2,0.860946
P_115829,6,0.886878
P_116008,4,0.876230
P_116022,7,0.870552
P_116151,20,0.857363
P_116159,11,0.877289
P_116166,10,0.850251
P_116172,9,0.849642
P_116173,18,0.877549
P_116175,28,0.841431
P_116176,13,0.852799
P_116183,8,0.885082
P_116188,7,0.851905
P_116190,10,0.862468
P_116197,12,0.861125
P_116200,2,0.853827
P_116201,8,0.871181
P_116220,9,0.872334
P_116234,8,0.823357
P_116238,13,0.852050
P_116255,22,0.864741
P_116259,11,0.841913
P_116264,7,0.856532
P_116273,9,0.850971
P_116274,6,0.840543
P_116281,8,0.832278
P_116305,12,0.882300
P_116320,13,0.879558
P_116367,10,0.851894
P_116418,7,0.848580
P_116420,5,0.878644
P_116432,9,0.845257
P_116438,14,0.837645
P_11649,17,0.803144
P_116508,15,0.880540
P_116543,7,0.895604
P_116552,11,0.870924
P_116624,18,0.843529
P_116625,4,0.852268
P_116630,4,0.883214
P_116635,9,0.872813
P_116636,13,0.871351
P_116638,9,0.891483
P_116640,19,0.860872
P_116641,10,0.831693
P_116653,10,0.859738
P_11667,8,0.881878
P_116742,6,0.859754
P_116752,7,0.841717
P_116768,10,0.878054
P_116787,6,0.882195
P_116816,10,0.890944
P_116825,11,0.851760
P_116835,7,0.875207
P_11685,4,0.867316
P_116865,3,0.848926
P_116877,11,0.895163
P_116924,1,0.866229
P_116945,2,0.888924
P_116990,6,0.851600
P_117083,11,0.859347
P_117093,8,0.836850
P_117233,6,0.866269
P_117235,7,0.860750
P_117251,3,0.870636
P_117330,5,0.859029
P_11737,3,0.895757
P_117796,5,0.861274
P_117823,7,0.877945
P_117844,6,0.847421
P_117849,8,0.872964
P_11785,8,0.872747
P_11787,8,0.851948
P_117885,6,0.873595
P_117925,6,0.845338
P_117939,5,0.874049
P_11794,10,0.834318
P_11796,6,0.842743
P_11798,15,0.839920
P_117994,4,0.886900
P_11801,3,0.848230
P_118037,10,0.835108
P_118057,9,0.839397
P_11806,9,0.846433
P_118124,4,0.826399
P_118164,9,0.837404
P_11817,15,0.862896
P_11818,9,0.869207
P_118180,7,0.853703
P_118182,5,0.822463
P_118184,15,0.828988
P_118185,11,0.872757
P_118186,11,0.832922
P_118187,12,0.870509
P_11819,3,0.878654
P_11820,13,0.851575
P_118204,7,0.879065
P_11821,5,0.825030
P_11823,22,0.877965
P_11824,10,0.867786
P_118285,6,0.874324
P_11837,5,0.883201
P_118381,6,0.842283
P_11841,19,0.873540
P_118419,15,0.841070
P_11842,8,0.884050
P_118476,11,0.863363
P_118586,4,0.869831
P_118603,8,0.880789
P_118604,24,0.842652
P_118671,1,0.895517
P_118672,11,0.864561
P_11871,17,0.844364
P_118729,10,0.854247
P_118730,12,0.815418
P_11874,6,0.832800
P_118763,6,0.873735
P_118772,13,0.872664
P_118773,10,0.875487
P_118774,18,0.876944
P_118776,22,0.857623
P_118801,14,0.857944
P_118879,5,0.879100
P_11889,9,0.872922
P_118897,11,0.886438
P_118905,10,0.855376
P_118912,7,0.843093
P_118916,7,0.853540
P_118921,11,0.846196
P_11898,4,0.882834
P_11900,4,0.851819
P_11902,4,0.875583
P_119041,10,0.888332
P_11905,6,0.881449
P_119239,10,0.826508
P_119242,10,0.891006
P_119272,11,0.862530
P_11928,13,0.821569
P_119303,13,0.851849
P_119313,18,0.861396
P_11936,11,0.866226
P_119455,7,0.872013
P_119457,5,0.851222
P_11953,7,0.903722
P_119553,8,0.858864
P_119555,12,0.893672
P_119560,9,0.854296
P_119561,6,0.865941
P_119562,11,0.856937
P_119568,7,0.858525
P_119569,13,0.867077
P_119577,4,0.901069
P_11958,7,0.900816
P_119585,16,0.861913
P_11959,5,0.905973
P_119683,11,0.889700
P_119701,8,0.867740
P_119706,9,0.854733
P_119727,11,0.813973
P_119734,7,0.841439
P_119766,9,0.856974
P_119767,9,0.865246
P_119768,7,0.889423
P_119777,9,0.878033
P_119840,4,0.860105
P_119866,8,0.862791
P_11990,12,0.841921
P_119937,17,0.883049
P_11997,1,0.894277
P_11998,9,0.841781
P_120078,24,0.853498
P_12017,11,0.833139
P_120174,8,0.854142
P_12018,3,0.869608
P_12021,8,0.883200
P_12022,3,0.885481
P_12024,12,0.870670
P_120303,13,0.854274
P_120309,6,0.867292
P_12031,14,0.859895
P_120310,6,0.881788
P_120324,4,0.893000
P_120330,4,0.870520
P_120331,18,0.874841
P_120333,9,0.871539
P_120334,6,0.833022
P_120336,8,0.865732
P_120337,11,0.879774
P_120352,15,0.855102
P_120356,6,0.863132
P_12037,7,0.866136
P_120419,9,0.850558
P_12043,6,0.884750
P_120442,11,0.853443
P_120523,7,0.848088
P_120528,9,0.859890
P_12053,7,0.881153
P_120552,3,0.841006
P_12058,8,0.885794
P_120600,7,0.819448
P_120628,11,0.857523
P_120649,14,0.868451
P_120652,7,0.889502
P_120661,8,0.842703
P_1207,6,0.873869
P_120709,16,0.875885
P_120765,9,0.889886
P_12083,2,0.890759
P_120946,9,0.856633
P_121047,14,0.839767
P_121048,9,0.879170
P_121064,4,0.859342
P_121202,9,0.860478
P_121203,12,0.871754
P_121206,3,0.873778
P_121297,10,0.878166
P_121338,8,0.850515
P_121348,6,0.898448
P_12135,3,0.875087
P_121361,8,0.894654
P_121389,14,0.882814
P_12140,13,0.845965
P_121402,14,0.863751
P_121424,7,0.858110
P_121427,13,0.901666
P_121428,9,0.853416
P_121429,9,0.887688
P_121488,5,0.871475
P_121498,9,0.859108
P_121500,18,0.835177
P_121547,9,0.888433
P_121599,9,0.886000
P_12168,7,0.897112
P_12179,4,0.866862
P_12180,4,0.893652
P_121803,23,0.824554
P_12182,8,0.886869
P_121822,4,0.872620
P_121823,10,0.858727
P_121824,8,0.881809
P_121851,7,0.865326
P_121871,11,0.870754
P_121918,14,0.858713
P_121989,10,0.840197
P_122011,5,0.845549
P_122031,11,0.889136
P_122035,1,0.872074
P_122038,3,0.857984
P_122096,16,0.840691
P_122162,15,0.876880
P_122231,10,0.894480
P_122263,8,0.883085
P_122300,9,0.854100
P_122303,16,0.850054
P_12233,6,0.878347
P_122353,9,0.879153
P_122484,8,0.867676
P_122525,6,0.896394
P_122530,13,0.864230
P_122534,6,0.872518
P_12255,15,0.878314
P_122588,8,0.808235
P_122654,15,0.835993
P_122676,10,0.872178
P_12269,15,0.871377
P_12270,8,0.846321
P_122902,6,0.860558
P_122916,8,0.823579
P_122933,4,0.850152
P_122934,5,0.873247
P_122935,14,0.854977
P_12317,11,0.850375
P_123187,27,0.867510
P_123223,1,0.882838
P_123481,12,0.898783
P_123913,2,0.852363
P_124019,5,0.891018
P_124036,5,0.873247
P_124040,17,0.846150
P_12406,12,0.891670
P_124071,8,0.776578
P_124173,13,0.862303
P_12429,10,0.880905
P_12433,5,0.863866
P_124373,6,0.879409
P_124468,9,0.847597
P_124470,10,0.857344
P_124516,8,0.887564
P_124579,4,0.866002
P_12460,8,0.862072
P_124644,23,0.853935
P_124661,15,0.791522
P_124676,5,0.790398
P_124681,4,0.863859
P_12470,10,0.858551
P_12476,4,0.886927
P_12478,11,0.900417
P_12484,12,0.894376
P_12486,9,0.858103
P_124892,12,0.882310
P_124895,6,0.891537
P_124896,12,0.899925
P_125112,12,0.893646
P_125119,4,0.890986
P_125122,9,0.891293
P_125125,5,0.855810
P_125330,7,0.862263
P_125333,30,0.864720
P_125339,11,0.883117
P_12540,15,0.857594
P_12545,5,0.882345
P_125467,8,0.877656
P_12547,5,0.875051
P_12548,7,0.868205
P_125846,4,0.899386
P_125847,5,0.869475
P_126067,10,0.865816
P_12611,7,0.885699
P_126178,12,0.851713
P_12618,8,0.875877
P_126221,18,0.845811
P_126241,10,0.857351
P_126372,15,0.884396
P_126395,6,0.875890
P_126396,7,0.879080
P_126409,5,0.837505
P_126431,12,0.863343
P_126432,8,0.857526
P_126434,13,0.841768
P_126445,8,0.844156
P_126446,8,0.865340
P_126451,12,0.882595
P_12656,9,0.897566
P_12658,5,0.888449
P_12659,5,0.891784
P_126620,5,0.892985
P_12675,14,0.879746
P_126898,8,0.856714
P_126951,5,0.882690
P_1270,3,0.894614
P_127072,9,0.885650
P_127089,9,0.850300
P_127142,12,0.872046
P_127302,11,0.872542
P_127327,13,0.863587
P_127330,17,0.843890
P_127410,12,0.864274
P_127420,8,0.862543
P_127428,8,0.830997
P_127489,4,0.862500
P_127491,13,0.863290
P_127548,6,0.872852
P_1276,13,0.891642
P_1278,13,0.875582
P_12784,6,0.888608
P_12786,1,0.879592
P_127887,19,0.856621
P_127888,14,0.870974
P_1279,5,0.880838
P_127907,6,0.895191
P_127917,7,0.847898
P_12792,9,0.859418
P_127921,4,0.865482
P_128034,10,0.840899
P_128187,8,0.865561
P_128283,5,0.884394
P_1283,2,0.885031
P_128305,6,0.834097
P_12834,15,0.896425
P_128365,8,0.889043
P_128392,7,0.862881
P_128395,10,0.870941
P_12858,10,0.861065
P_12861,25,0.855114
P_12864,2,0.888035
P_128673,10,0.847139
P_128674,10,0.861531
P_128709,6,0.876741
P_12877,2,0.894903
P_128782,12,0.865104
P_1288,8,0.884524
P_128902,5,0.852504
P_129019,7,0.837447
P_129045,7,0.868828
P_129070,5,0.852218
P_129079,16,0.848572
P_129086,4,0.880404
P_129088,7,0.881590
P_129091,7,0.877323
P_129093,7,0.844381
P_129127,8,0.871814
P_129373,8,0.858239
P_129386,14,0.859542
P_129391,7,0.885062
P_129393,14,0.869397
P_129396,5,0.889852
P_129467,6,0.875428
P_129468,10,0.878355
P_129504,16,0.854123
P_129505,5,0.867636
P_129521,10,0.865834
P_129538,2,0.853093
P_129541,8,0.861877
P_129553,21,0.856066
P_129653,4,0.889013
P_12968,3,0.882876
P_129702,1,0.898422
P_12972,6,0.898894
P_12974,7,0.888887
P_129865,9,0.882779
P_129867,2,0.844219
P_129914,7,0.811571
P_12992,10,0.876214
P_129935,6,0.861689
P_12997,12,0.894714
P_130017,15,0.861433
P_130024,14,0.832917
P_13005,11,0.818768
P_130151,18,0.853111
P_130257,12,0.880713
P_130260,8,0.866135
P_130284,4,0.876790
P_13030,1,0.872098
P_130313,9,0.885352
P_130388,10,0.878560
P_130389,12,0.863399
P_130499,9,0.885081
P_1305,6,0.872637
P_130543,10,0.886299
P_130565,18,0.889803
P_130572,6,0.903072
P_130750,5,0.896378
P_130754,4,0.868688
P_130755,11,0.887467
P_130766,12,0.871949
P_130821,10,0.885755
P_130822,10,0.874598
P_130828,8,0.865978
P_130829,16,0.868368
P_130921,9,0.858337
P_131025,11,0.852864
P_131026,2,0.873046
P_131028,18,0.855476
P_131030,7,0.856783
P_13114,6,0.867430
P_131172,17,0.855041
P_13118,11,0.887546
P_131220,10,0.879510
P_131221,11,0.848600
P_131254,3,0.865539
P_13127,6,0.846028
P_131288,5,0.840622
P_131290,15,0.814238
P_131292,11,0.850124
P_131293,15,0.863379
P_131295,9,0.860378
P_131296,6,0.850202
P_131298,10,0.866381
P_131300,7,0.855703
P_13132,7,0.870158
P_131376,2,0.899535
P_131379,9,0.879740
P_131398,3,0.887767
P_131511,12,0.848095
P_13159,9,0.868347
P_131630,8,0.899054
P_131738,16,0.843852
P_131813,6,0.892191
P_131859,20,0.855277
P_131874,5,0.865694
P_131927,6,0.868548
P_131929,6,0.866702
P_131936,14,0.854427
P_131960,1,0.851526
P_131965,12,0.859999
P_131984,16,0.875167
P_13204,5,0.869864
P_132041,2,0.863518
P_132045,16,0.836799
P_132049,16,0.875540
P_132051,6,0.876577
P_132052,11,0.880448
P_132053,14,0.880722
P_132071,15,0.868522
P_13216,4,0.844701
P_132182,5,0.856555
P_13222,8,0.860830
P_132245,8,0.848425
P_13232,16,0.884875
P_132368,8,0.863064
P_132412,3,0.879544
P_132413,5,0.863057
P_132436,8,0.853342
P_132470,16,0.862239
P_132518,6,0.881723
P_132570,4,0.852681
P_132577,6,0.851383
P_132584,19,0.870391
P_132586,10,0.857096
P_1326,6,0.886956
P_132649,8,0.868880
P_132656,9,0.853219
P_132657,10,0.852056
P_132660,17,0.854248
P_132663,26,0.867551
P_132758,14,0.865055
P_132866,5,0.887490
P_132979,10,0.841776
P_132996,2,0.888402
P_13302,11,0.873962
P_133039,5,0.889889
P_133129,9,0.864720
P_133357,11,0.847935
P_133440,1,0.886256
P_133519,11,0.841924
P_133523,10,0.875030
P_133524,14,0.851835
P_133761,5,0.878292
P_133785,9,0.872463
P_133816,6,0.871999
P_133831,8,0.864274
P_133832,8,0.841657
P_133833,9,0.852000
P_133836,6,0.785433
P_13385,6,0.893876
P_133941,1,0.841140
P_133946,19,0.857429
P_133981,5,0.874297
P_133982,12,0.883774
P_133988,8,0.861916
P_134053,3,0.893471
P_134120,5,0.884117
P_134125,5,0.888895
P_134144,15,0.883969
P_134145,8,0.885244
P_134175,17,0.879767
P_13421,3,0.900751
P_134245,7,0.894776
P_13425,11,0.891314
P_134250,12,0.896782
P_134258,16,0.882973
P_134262,13,0.897916
P_13431,13,0.880510
P_134349,4,0.886259
P_134352,2,0.887711
P_134355,11,0.856283
P_13440,5,0.891664
P_134414,4,0.843089
P_13447,9,0.893869
P_134476,6,0.797105
P_134587,13,0.862453
P_134660,13,0.884163
P_134661,10,0.875618
P_134662,9,0.859123
P_134695,1,0.810163
P_1347,2,0.848175
P_134711,4,0.867326
P_134730,4,0.834575
P_134742,14,0.843356
P_134764,1,0.849957
P_134765,4,0.903046
P_134767,14,0.865185
P_134775,8,0.887264
P_134783,4,0.898508
P_1348,10,0.883643
P_135031,16,0.876510
P_135060,4,0.894234
P_135061,7,0.889783
P_135084,10,0.851139
P_13513,5,0.897127
P_13522,15,0.869753
P_13523,16,0.887095
P_1353,16,0.853950
P_13552,15,0.849749
P_135528,11,0.847426
P_135595,7,0.861866
P_135628,9,0.877693
P_135643,8,0.875406
P_13566,6,0.840670
P_135668,9,0.838190
P_135670,14,0.849818
P_135672,5,0.889308
P_135675,11,0.821686
P_135677,5,0.813545
P_135695,4,0.864123
P_135738,7,0.832404
P_135759,11,0.857535
P_135793,12,0.841818
P_1359,3,0.871535
P_135935,8,0.891799
P_136020,8,0.870235
P_136132,12,0.864330
P_136182,11,0.847421
P_136185,8,0.870196
P_136233,5,0.848340
P_136281,7,0.878667
P_1364,15,0.845446
P_136457,10,0.845669
P_13658,10,0.896937
P_1367,6,0.851464
P_136809,8,0.874399
P_13687,9,0.867321
P_136870,2,0.882910
P_136884,3,0.901349
P_136908,6,0.837801
P_13695,6,0.845424
P_13698,8,0.850857
P_137291,11,0.851750
P_137292,5,0.872948
P_137293,14,0.877901
P_137294,7,0.879714
P_137296,4,0.876467
P_137375,8,0.853496
P_137414,11,0.849318
P_137485,8,0.897200
P_137537,14,0.855895
P_137556,11,0.875661
P_137558,6,0.883565
P_137588,6,0.877760
P_137590,11,0.872559
P_1376,12,0.848936
P_137629,11,0.858263
P_137708,14,0.868064
P_137716,12,0.879223
P_137740,12,0.827384
P_137764,9,0.899304
P_1378,8,0.859025
P_137822,11,0.896773
P_13805,7,0.822759
P_13807,11,0.903110
P_138093,4,0.887406
P_138116,6,0.887969
P_138150,9,0.885239
P_138156,7,0.838843
P_138212,3,0.889303
P_13831,17,0.876564
P_13832,2,0.869373
P_138459,12,0.887471
P_138491,5,0.897790
P_138508,7,0.861619
P_138614,11,0.903077
P_138652,7,0.861664
P_13869,11,0.852936
P_138718,14,0.894632
P_138719,6,0.888683
P_138721,4,0.890848
P_138722,5,0.883540
P_138727,4,0.860659
P_138731,9,0.881389
P_13888,6,0.894262
P_13895,17,0.895933
P_138967,9,0.879339
P_139000,14,0.833784
P_13908,7,0.879275
P_139092,7,0.886466
P_139161,13,0.882922
P_139304,17,0.872338
P_139305,15,0.885590
P_139401,7,0.869009
P_139431,7,0.843313
P_139457,3,0.879059
P_139528,11,0.891505
P_139545,9,0.859088
P_139673,10,0.852902
P_139768,17,0.866000
P_139835,7,0.863896
P_139969,12,0.833696
P_139989,9,0.898077
P_140021,17,0.841004
P_140023,11,0.894489
P_140165,3,0.882058
P_140166,13,0.876016
P_14019,11,0.868898
P_140200,13,0.898328
P_140236,4,0.903486
P_140237,3,0.901759
P_140253,7,0.849157
P_140376,3,0.882519
P_14040,17,0.857499
P_140410,13,0.884745
P_140445,12,0.855250
P_140473,8,0.856213
P_140475,8,0.886146
P_140478,5,0.877825
P_140479,14,0.853533
P_140497,9,0.847136
P_140498,4,0.874027
P_140587,12,0.879808
P_140598,6,0.882070
P_140737,12,0.856199
P_140792,14,0.874432
P_140793,16,0.857521
P_140865,11,0.870968
P_140874,13,0.865246
P_140886,7,0.856270
P_140894,12,0.859426
P_1409,16,0.844280
P_140922,3,0.880016
P_141062,11,0.887286
P_141084,10,0.873284
P_141095,16,0.845521
P_141097,11,0.875700
P_1411,5,0.870822
P_141101,19,0.856123
P_1412,6,0.884650
P_141269,5,0.895468
P_141280,8,0.850689
P_141284,13,0.837714
P_14137,12,0.857770
P_141458,13,0.845796
P_141475,15,0.854341
P_141499,14,0.870228
P_141562,3,0.855793
P_141563,9,0.865450
P_141592,5,0.833319
P_141593,6,0.862362
P_141594,8,0.866069
P_141597,14,0.885371
P_141604,6,0.842505
P_141608,4,0.854089
P_141619,6,0.793323
P_141718,9,0.849200
P_141768,16,0.889858
P_141777,14,0.894512
P_141778,13,0.884468
P_141887,5,0.900625
P_141912,11,0.889607
P_141972,16,0.860419
P_141976,15,0.858108
P_14198,9,0.857172
P_141991,7,0.869002
P_141996,4,0.837371
P_14204,3,0.867471
P_14205,4,0.884202
P_142111,9,0.891722
P_142176,10,0.875622
P_14225,9,0.877457
P_142330,4,0.842410
P_14238,6,0.898238
P_14251,8,0.900967
P_14254,5,0.883062
P_142577,5,0.876593
P_14261,9,0.899724
P_14263,13,0.894139
P_14264,7,0.898332
P_14272,10,0.891343
P_142727,10,0.872311
P_14273,14,0.890003
P_142740,11,0.877838
P_14275,13,0.897247
P_142804,10,0.894036
P_142968,5,0.874191
P_143115,11,0.798327
P_143186,3,0.874183
P_143322,12,0.876685
P_14342,7,0.905908
P_143450,4,0.896667
P_14348,10,0.877364
P_14349,11,0.896459
P_14350,6,0.862646
P_14352,7,0.887256
P_14354,10,0.878781
P_14355,7,0.858209
P_143552,4,0.860727
P_14356,6,0.859181
P_143634,8,0.850860
P_143647,7,0.864933
P_143653,4,0.861567
P_143661,4,0.861169
P_143672,4,0.875374
P_143699,5,0.881181
P_143752,17,0.866995
P_143757,20,0.832728
P_14379,16,0.861312
P_143796,9,0.830129
P_14380,7,0.856283
P_14387,8,0.875130
P_143960,6,0.868040
P_144067,4,0.853077
P_144097,14,0.870190
P_144099,9,0.855230
P_144115,8,0.872861
P_14414,6,0.862005
P_1443,6,0.861779
P_144320,7,0.883508
P_144383,14,0.884591
P_14446,4,0.886418
P_144503,8,0.873263
P_144666,5,0.881887
P_144682,4,0.839585
P_144706,4,0.850611
P_144724,5,0.877746
P_144727,12,0.813112
P_144774,8,0.891845
P_144786,7,0.892895
P_144811,14,0.885486
P_144815,15,0.874235
P_144821,5,0.868215
P_144822,6,0.880175
P_14485,15,0.872461
P_14486,11,0.885619
P_144862,11,0.852732
P_144863,5,0.865638
P_144864,6,0.870624
P_144869,7,0.878386
P_144877,5,0.891546
P_144916,10,0.886515
P_145006,9,0.867751
P_14501,8,0.907406
P_14502,6,0.891016
P_14504,17,0.890848
P_145056,9,0.896634
P_145071,3,0.882146
P_145072,8,0.883756
P_145075,18,0.890454
P_145078,5,0.861775
P_1453,3,0.883157
P_145396,9,0.848075
P_145397,8,0.877341
P_145401,18,0.841671
P_145429,17,0.881611
P_145430,11,0.865729
P_145432,8,0.857353
P_1455,9,0.897940
P_145599,11,0.853365
P_14560,0,0.902606
P_145667,17,0.797823
P_145670,7,0.810344
P_145673,12,0.823882
P_145678,11,0.881598
P_145822,3,0.868667
P_145830,4,0.815338
P_145834,8,0.869927
P_145842,6,0.899420
P_145853,10,0.850527
P_145855,13,0.894047
P_14590,7,0.871063
P_14597,6,0.878280
P_145978,3,0.842138
P_146000,5,0.882239
P_146160,1,0.868490
P_146163,6,0.852018
P_146166,7,0.893722
P_146236,8,0.878518
P_146238,16,0.867677
P_146239,9,0.859367
P_146241,10,0.855729
P_146242,19,0.858021
P_146243,13,0.871367
P_146255,18,0.866950
P_146256,16,0.859899
P_146257,21,0.866857
P_146359,16,0.843116
P_146419,7,0.880983
P_146422,4,0.867130
P_146423,16,0.821084
P_146437,12,0.885834
P_146454,11,0.887171
P_146514,5,0.897946
P_146558,10,0.890412
P_146573,9,0.883919
P_146607,8,0.846067
P_146608,8,0.829166
P_146609,9,0.866900
P_146610,18,0.826547
P_146614,12,0.842065
P_146615,4,0.803211
P_14662,8,0.887199
P_146629,12,0.879135
P_146650,9,0.840983
P_146664,7,0.859734
P_146721,6,0.839521
P_146723,8,0.879718
P_146748,9,0.857391
P_146873,21,0.871500
P_146931,5,0.894842
P_147084,10,0.886418
P_147150,7,0.873748
P_147220,15,0.848117
P_147244,7,0.863378
P_147267,11,0.861050
P_147478,12,0.835018
P_147529,0,0.881965
P_147562,11,0.881496
P_147563,17,0.871066
P_14775,1,0.902977
P_1478,6,0.878542
P_147868,10,0.880679
P_147869,8,0.866574
P_1479,2,0.873891
P_148,9,0.854040
P_1481,8,0.860251
P_148173,10,0.840154
P_148223,17,0.865516
P_148308,12,0.891527
P_148343,6,0.859647
P_148486,6,0.872747
P_148487,10,0.883199
P_1485,4,0.863921
P_14857,3,0.893962
P_14871,14,0.885079
P_148743,4,0.866589
P_148744,4,0.895028
P_148747,5,0.867735
P_148754,14,0.857698
P_14877,4,0.880171
P_148804,19,0.853972
P_148848,7,0.887591
P_148855,5,0.873715
P_148858,5,0.891475
P_148894,12,0.888475
P_148936,7,0.869735
P_148940,8,0.874309
P_148989,7,0.893004
P_149024,1,0.875011
P_149044,3,0.887144
P_149188,6,0.857414
P_149191,14,0.866103
P_149229,8,0.887137
P_149230,4,0.883571
P_149275,14,0.844240
P_149282,15,0.878245
P_149391,12,0.886365
P_149448,9,0.889808
P_1495,8,0.870652
P_149570,8,0.868235
P_14958,7,0.855780
P_149614,10,0.852374
P_14963,8,0.866141
P_149688,3,0.860058
P_14970,6,0.898734
P_149738,5,0.877157
P_1498,5,0.893163
P_150054,12,0.880186
P_1501,19,0.853974
P_150105,19,0.858954
P_150129,6,0.901147
P_150158,13,0.862910
P_150193,7,0.868949
P_150194,17,0.855787
P_150198,11,0.876113
P_150244,12,0.857624
P_150246,10,0.876006
P_150247,19,0.869502
P_150258,7,0.877071
P_150454,11,0.860638
P_150621,14,0.853390
P_150629,5,0.845576
P_150730,10,0.878092
P_150853,8,0.891804
P_150902,8,0.888422
P_150964,4,0.857201
P_15103,11,0.858371
P_151056,8,0.887744
P_1511,10,0.877458
P_151133,18,0.861473
P_151148,13,0.854107
P_151153,9,0.867663
P_151165,8,0.872440
P_151245,15,0.843646
P_151276,8,0.884040
P_151354,7,0.887328
P_151356,10,0.901741
P_151399,15,0.868818
P_1515,17,0.873877
P_151500,11,0.845363
P_151512,20,0.875267
P_151604,9,0.847003
P_151609,7,0.875380
P_151666,10,0.843660
P_151669,4,0.886161
P_151834,13,0.868135
P_151846,10,0.880544
P_151873,10,0.874836
P_151876,9,0.876951
P_151877,4,0.872848
P_151884,13,0.863002
P_151902,8,0.814732
P_151903,6,0.876051
P_151938,6,0.875398
P_15206,12,0.892232
P_152071,5,0.891787
P_152125,8,0.831516
P_15223,1,0.864339
P_15224,3,0.861602
P_152300,10,0.882871
P_152324,12,0.882073
P_152346,4,0.836073
P_152366,5,0.870163
P_152375,11,0.836757
P_152439,6,0.852934
P_152442,11,0.746263
P_152446,1,0.836959
P_152460,5,0.859057
P_152536,21,0.870813
P_152589,6,0.882965
P_152595,7,0.880413
P_152601,2,0.899099
P_152609,4,0.878006
P_152838,11,0.858907
P_152840,4,0.858948
P_152901,4,0.896564
P_152902,6,0.835598
P_152994,10,0.871308
P_15300,11,0.862361
P_153025,11,0.849110
P_153045,5,0.891309
P_153123,10,0.887149
P_153124,10,0.877216
P_153170,6,0.872061
P_153276,5,0.841587
P_153520,11,0.860724
P_153755,16,0.859151
P_153775,9,0.872155
P_15385,8,0.895576
P_153894,0,0.894346
P_153923,13,0.843853
P_153936,11,0.892187
P_153947,14,0.854935
P_153951,7,0.842079
P_153988,11,0.803035
P_154035,13,0.827564
P_154064,9,0.858289
P_15415,6,0.884572
P_15417,6,0.890579
P_154170,4,0.897795
P_154247,8,0.871731
P_154332,6,0.898903
P_154337,10,0.880737
P_15435,6,0.878368
P_154363,4,0.900037
P_154494,11,0.885576
P_154497,2,0.870249
P_154529,3,0.891130
P_154639,18,0.870963
P_154782,19,0.822614
P_154822,6,0.902706
P_154936,15,0.882107
P_154994,6,0.870372
P_155009,6,0.902944
P_155069,15,0.882159
P_155071,8,0.872079
P_155073,6,0.874725
P_155074,11,0.845482
P_15519,7,0.881706
P_15533,4,0.855846
P_155536,5,0.907372
P_155602,8,0.875283
P_155621,10,0.855279
P_155623,11,0.892144
P_155751,7,0.897237
P_155865,7,0.823794
P_155869,7,0.865607
P_155884,10,0.834827
P_155948,9,0.882633
P_155982,12,0.860331
P_155983,7,0.850779
P_155995,9,0.828384
P_155998,7,0.851597
P_156011,8,0.826767
P_156080,9,0.849318
P_156207,13,0.892816
P_156209,8,0.889327
P_156258,16,0.815103
P_156281,6,0.880604
P_156285,6,0.869742
P_156339,13,0.896695
P_156374,6,0.898668
P_156441,3,0.842136
P_156442,4,0.860408
P_156497,7,0.848431
P_156506,2,0.873838
P_156613,10,0.876176
P_156709,1,0.895896
P_156747,4,0.881109
P_156801,9,0.848631
P_156802,10,0.856621
P_156817,10,0.870438
P_156818,10,0.860858
P_156946,3,0.892219
P_157027,11,0.852785
P_157049,8,0.842838
P_157050,7,0.878960
P_157095,5,0.878614
P_157216,5,0.838421
P_157280,3,0.889845
P_157328,10,0.816391
P_157358,3,0.883326
P_1574,11,0.850458
P_15743,3,0.893389
P_157630,13,0.872077
P_157631,11,0.843577
P_157733,7,0.877485
P_157750,8,0.875251
P_157815,6,0.844979
P_157890,11,0.831338
P_157900,1,0.831976
P_157927,7,0.849908
P_157962,5,0.867122
P_158109,7,0.864068
P_158111,5,0.868598
P_158121,1,0.903351
P_158183,9,0.854291
P_1583,8,0.873960
P_158367,4,0.814281
P_158406,7,0.853696
P_158417,7,0.890951
P_158428,16,0.872330
P_158493,17,0.883454
P_158494,4,0.857131
P_158503,14,0.897288
P_158511,5,0.876684
P_158531,21,0.871829
P_158532,15,0.877367
P_158621,10,0.869326
P_158635,11,0.883665
P_15869,5,0.894645
P_158718,5,0.896813
P_158810,8,0.897053
P_158947,15,0.870982
P_158972,13,0.871816
P_159107,14,0.858005
P_159108,5,0.850125
P_159109,10,0.857973
P_159133,3,0.873025
P_15918,5,0.902378
P_159281,22,0.860391
P_159367,7,0.891629
P_159403,12,0.843809
P_159437,18,0.849334
P_159439,6,0.866645
P_159440,10,0.871617
P_159441,10,0.851707
P_159444,9,0.824568
P_159445,6,0.877780
P_159446,7,0.835489
P_159463,14,0.826644
P_159474,7,0.875428
P_1596,7,0.878734
P_159650,2,0.885643
P_159652,11,0.856866
P_159680,9,0.875014
P_159689,6,0.879561
P_1597,3,0.882223
P_1600,4,0.905017
P_160072,9,0.868430
P_160085,10,0.848459
P_160086,10,0.833173
P_160087,9,0.830883
P_160088,12,0.833720
P_160089,7,0.877515
P_160090,13,0.852694
P_160098,7,0.845008
P_160134,6,0.873643
P_160135,9,0.872973
P_160153,13,0.888602
P_160274,8,0.867667
P_160356,5,0.872480
P_160380,14,0.854023
P_160405,15,0.859237
P_160406,5,0.846599
P_160407,9,0.860785
P_160491,0,0.885006
P_160492,3,0.901895
P_160508,13,0.899966
P_160536,11,0.861788
P_160565,5,0.889776
P_1606,6,0.887393
P_160621,5,0.882719
P_160764,4,0.876067
P_160791,6,0.878810
P_160938,9,0.892532
P_160966,17,0.899993
P_161,3,0.866445
P_1610,7,0.894424
P_16115,5,0.880240
P_161163,3,0.876738
P_161198,2,0.859918
P_161224,10,0.848645
P_161248,12,0.894647
P_161294,6,0.894680
P_161328,2,0.855240
P_161345,10,0.856863
P_161358,2,0.855438
P_161424,6,0.883319
P_161465,17,0.834254
P_161470,3,0.874570
P_161475,0,0.888935
P_161479,5,0.871113
P_161480,0,0.865284
P_161481,6,0.885358
P_161490,7,0.866563
P_161503,10,0.848713
P_161507,20,0.846285
P_161531,14,0.862100
P_161807,19,0.844186
P_161809,6,0.883610
P_161821,12,0.835621
P_161825,7,0.893664
P_161853,6,0.885962
P_16187,4,0.902084
P_161922,7,0.839720
P_161961,4,0.856633
P_162009,5,0.877223
P_162012,15,0.886365
P_162068,10,0.867340
P_162069,12,0.884171
P_162144,6,0.864488
P_162278,9,0.889854
P_162284,9,0.876390
P_162302,7,0.880618
P_162303,8,0.874847
P_162323,13,0.804661
P_162336,6,0.857082
P_162337,12,0.862728
P_162348,12,0.828161
P_162352,12,0.901861
P_162423,9,0.839331
P_162437,8,0.868325
P_162438,4,0.878377
P_16245,5,0.899556
P_16246,4,0.885212
P_162474,15,0.873367
P_162673,8,0.876913
P_162676,10,0.859655
P_162694,4,0.875584
P_162721,15,0.846977
P_162819,8,0.863816
P_163020,16,0.856193
P_163033,12,0.837429
P_163123,8,0.832784
P_163126,2,0.856378
P_163134,13,0.864867
P_163141,10,0.860665
P_163152,8,0.876045
P_163156,10,0.831081
P_163184,8,0.851412
P_163356,11,0.846792
P_163431,6,0.891797
P_163489,9,0.846077
P_163527,10,0.789770
P_163733,7,0.864396
P_163736,5,0.830778
P_163775,5,0.895401
P_163931,11,0.852854
P_163933,4,0.850176
P_163946,7,0.863201
P_164095,8,0.863721
P_164102,15,0.823518
P_164106,9,0.845440
P_164111,9,0.864680
P_164116,13,0.852903
P_164138,8,0.855441
P_164141,7,0.862984
P_164389,3,0.883042
P_164393,10,0.850125
P_164394,11,0.874934
P_164402,8,0.872298
P_164442,6,0.855687
P_164461,14,0.868955
P_164481,9,0.833403
P_164484,18,0.827088
P_164490,14,0.839617
P_164537,16,0.854226
P_164730,5,0.875481
P_164733,3,0.876006
P_164734,9,0.877267
P_164785,6,0.868276
P_164871,6,0.887025
P_164872,8,0.897491
P_164895,8,0.864439
P_164896,4,0.891656
P_164902,2,0.895800
P_164961,3,0.871986
P_1650,7,0.858389
P_165140,6,0.871540
P_165141,13,0.880042
P_165143,5,0.868645
P_165190,7,0.881537
P_165356,17,0.831692
P_165357,15,0.838523
P_165359,8,0.859201
P_165362,5,0.842440
P_165417,8,0.865715
P_165422,12,0.875922
P_165536,5,0.879787
P_16560,7,0.892151
P_16561,7,0.889682
P_1657,4,0.834896
P_165769,2,0.873477
P_165807,19,0.897043
P_165834,8,0.890676
P_165866,3,0.893200
P_165904,17,0.870720
P_166048,6,0.884664
P_166086,3,0.856171
P_166095,5,0.867904
P_166100,12,0.896685
P_166104,6,0.884519
P_166122,8,0.855354
P_166132,2,0.847230
P_166184,5,0.883191
P_166223,6,0.833462
P_166225,11,0.883970
P_166378,8,0.874672
P_166424,22,0.877222
P_166443,4,0.884385
P_166495,15,0.859460
P_166500,3,0.881246
P_166501,12,0.850732
P_166568,8,0.888807
P_166595,6,0.867482
P_166597,11,0.882133
P_166610,10,0.872008
P_166621,4,0.892007
P_166641,9,0.847456
P_166680,8,0.850654
P_166755,12,0.845846
P_166788,10,0.891979
P_166886,12,0.829048
P_166942,3,0.884643
P_166951,0,0.879301
P_166999,14,0.881118
P_167,4,0.876062
P_167107,11,0.901579
P_167121,7,0.889997
P_167153,8,0.842881
P_16717,10,0.868506
P_16718,8,0.873673
P_16719,11,0.830124
P_167232,1,0.896832
P_167248,10,0.845421
P_16731,6,0.868584
P_167310,1,0.901134
P_167358,12,0.837098
P_167380,15,0.861168
P_16740,8,0.877826
P_167403,7,0.878437
P_167548,6,0.894447
P_167552,8,0.845551
P_167554,14,0.863307
P_167556,9,0.863138
P_167558,13,0.849117
P_167560,14,0.868835
P_1676,7,0.844386
P_167603,10,0.838734
P_167700,0,0.883515
P_167748,9,0.861653
P_167825,7,0.838552
P_167853,0,0.888221
P_167916,9,0.860054
P_168050,14,0.847920
P_168054,12,0.863003
P_168057,12,0.846955
P_168058,5,0.850678
P_168059,14,0.855058
P_168066,14,0.883159
P_168093,3,0.869064
P_168117,6,0.842247
P_16813,10,0.878848
P_168130,3,0.893663
P_168132,8,0.866301
P_168134,3,0.855816
P_168135,9,0.878789
P_168186,5,0.871987
P_168189,7,0.845637
P_168391,12,0.882118
P_168394,10,0.887805
P_168397,10,0.884052
P_16846,10,0.850811
P_16849,13,0.854656
P_16854,11,0.874512
P_168609,14,0.873716
P_16895,7,0.879652
P_168957,16,0.865256
P_169006,12,0.894135
P_169263,7,0.887003
P_169500,9,0.887877
P_169566,13,0.882028
P_169573,12,0.877570
P_169654,5,0.862018
P_169946,8,0.885572
P_16997,12,0.895749
P_170014,8,0.884350
P_170020,13,0.863452
P_170075,3,0.883904
P_17008,5,0.887585
P_170134,3,0.888384
P_170283,10,0.857275
P_170284,7,0.880841
P_170285,10,0.867903
P_170294,11,0.873928
P_170295,8,0.883016
P_170345,10,0.882136
P_170349,5,0.873626
P_170361,22,0.864831
P_170414,11,0.861503
P_170418,7,0.865954
P_170429,6,0.829789
P_170455,6,0.884735
P_170461,14,0.857258
P_170463,10,0.849627
P_170481,1,0.854611
P_170484,11,0.844078
P_170488,10,0.840824
P_1705,14,0.872632
P_170503,10,0.851696
P_170506,8,0.858275
P_17053,4,0.877767
P_17054,12,0.857912
P_170621,10,0.866631
P_170623,6,0.869952
P_170746,4,0.867594
P_170771,8,0.869891
P_170847,14,0.854527
P_170893,1,0.867551
P_170900,3,0.884537
P_170905,23,0.865079
P_170912,19,0.877090
P_17092,6,0.860329
P_170924,5,0.890113
P_170936,15,0.865694
P_171047,15,0.888875
P_171343,11,0.839057
P_171386,12,0.888972
P_171387,15,0.883391
P_171462,8,0.865935
P_171525,12,0.891571
P_171728,12,0.870643
P_171800,7,0.900209
P_172133,9,0.900754
P_172153,4,0.887981
P_17229,10,0.876343
P_172563,18,0.845358
P_172586,6,0.888170
P_172607,5,0.897974
P_172637,12,0.857583
P_172641,11,0.843166
P_172645,2,0.863476
P_17274,3,0.876499
P_17275,14,0.875017
P_172807,5,0.876919
P_172836,10,0.874827
P_172847,5,0.901028
P_172896,9,0.817128
P_172916,9,0.882040
P_172939,5,0.866618
P_173245,4,0.876244
P_173265,7,0.901210
P_173303,6,0.850710
P_173394,2,0.898747
P_173553,10,0.867745
P_173675,9,0.895953
P_173702,4,0.902750
P_173740,1,0.833459
P_173747,12,0.854875
P_173792,5,0.903395
P_173804,11,0.899521
P_173891,6,0.833814
P_173896,14,0.820888
P_173956,7,0.832007
P_174082,10,0.906494
P_17412,4,0.847841
P_174140,9,0.879696
P_174185,15,0.880486
P_17419,2,0.851057
P_174266,4,0.900790
P_174340,2,0.864570
P_174400,10,0.874218
P_174440,4,0.880330
P_174451,6,0.893699
P_17446,10,0.855206
P_17453,7,0.895209
P_174555,9,0.876008
P_174564,4,0.837666
P_174607,18,0.854010
P_174614,8,0.840545
P_174782,14,0.865793
P_174783,5,0.833328
P_174802,16,0.896751
P_174835,6,0.843926
P_174871,3,0.903812
P_174934,7,0.891259
P_174935,6,0.851580
P_17498,12,0.883793
P_175,4,0.879736
P_17500,12,0.831727
P_175004,6,0.896853
P_175016,7,0.898333
P_175200,20,0.851557
P_175206,11,0.813036
P_175207,7,0.829494
P_175212,5,0.836426
P_175269,7,0.879348
P_175297,19,0.872767
P_175303,8,0.850667
P_175304,6,0.878031
P_175362,6,0.863575
P_175439,3,0.846242
P_175441,8,0.848068
P_175444,8,0.865139
P_17565,12,0.887350
P_17567,5,0.884648
P_175718,9,0.870924
P_175739,12,0.899915
P_175751,15,0.847506
P_175821,11,0.896432
P_176058,4,0.887087
P_176165,9,0.894331
P_176167,5,0.881634
P_176193,10,0.809515
P_176259,7,0.891171
P_176320,6,0.883595
P_176363,6,0.888958
P_176512,10,0.855744
P_176594,9,0.839977
P_17671,7,0.889516
P_17672,3,0.885574
P_176790,12,0.878082
P_1768,14,0.861482
P_176876,6,0.900432
P_1769,4,0.881724
P_17690,9,0.829149
P_176961,9,0.877991
P_177008,13,0.843057
P_177038,12,0.864105
P_177097,5,0.885509
P_177278,6,0.873411
P_177324,14,0.888249
P_177348,4,0.897650
P_177395,5,0.855323
P_177469,7,0.879376
P_177515,5,0.890191
P_177555,7,0.885965
P_177566,8,0.870315
P_177568,9,0.869436
P_17757,7,0.889791
P_177570,13,0.850363
P_177572,2,0.852586
P_177632,0,0.892638
P_177634,6,0.863106
P_177637,9,0.879271
P_177664,7,0.866241
P_177665,10,0.858429
P_177671,2,0.903199
P_177688,6,0.886435
P_177689,3,0.887683
P_177698,7,0.889773
P_177712,3,0.890422
P_17772,12,0.868801
P_177753,9,0.879258
P_177888,10,0.895673
P_177896,9,0.861353
P_177960,10,0.889051
P_177996,5,0.903714
P_178035,12,0.898915
P_178176,2,0.857269
P_178187,14,0.897762
P_178265,4,0.893171
P_178281,9,0.881635
P_178356,9,0.879046
P_17840,17,0.846277
P_17845,21,0.830733
P_17846,9,0.891700
P_178622,5,0.862559
P_17866,13,0.899943
P_17869,6,0.898594
P_17876,7,0.840953
P_178922,11,0.875578
P_178954,16,0.823752
P_178962,7,0.884800
P_179,10,0.872427
P_179022,19,0.871038
P_1792,4,0.876874
P_17922,2,0.885935
P_179391,16,0.846960
P_179405,8,0.877288
P_179572,13,0.845207
P_179575,8,0.840006
P_179588,14,0.869181
P_1796,4,0.873766
P_179667,7,0.882356
P_179743,4,0.879514
P_179759,10,0.853035
P_179763,5,0.855320
P_179764,9,0.853047
P_179765,9,0.846946
P_179767,11,0.868720
P_179782,13,0.879697
P_179792,12,0.876423
P_180,9,0.882575
P_180386,5,0.867951
P_180421,4,0.874597
P_180565,12,0.866258
P_180591,7,0.845685
P_180632,11,0.855788
P_180633,11,0.855788
P_180701,9,0.881649
P_180729,10,0.874590
P_180878,12,0.872150
P_181014,8,0.884060
P_181101,4,0.862634
P_1812,13,0.879545
P_181263,4,0.821040
P_181292,24,0.862852
P_181318,13,0.858345
P_181424,12,0.863114
P_181425,18,0.850277
P_181501,2,0.863471
P_181534,4,0.900378
P_181554,8,0.841228
P_181557,12,0.855310
P_181574,4,0.878824
P_181577,10,0.845762
P_181693,10,0.856736
P_181764,2,0.870254
P_181818,15,0.878430
P_181822,2,0.891966
P_181869,11,0.886347
P_181870,10,0.879574
P_181882,3,0.886100
P_181883,11,0.888497
P_181942,4,0.894374
P_181969,5,0.840962
P_181970,8,0.857985
P_181972,16,0.824228
P_182041,7,0.857385
P_182220,7,0.858004
P_182233,8,0.894990
P_182308,14,0.867331
P_182310,2,0.888729
P_182341,10,0.860828
P_182346,11,0.864452
P_182366,9,0.861785
P_182452,9,0.852158
P_182503,8,0.883834
P_182510,6,0.875108
P_182620,10,0.880178
P_182642,7,0.886217
P_182644,8,0.881801
P_182666,4,0.867427
P_182728,12,0.900743
P_182733,15,0.883780
P_182750,6,0.881082
P_182751,7,0.879096
P_182752,10,0.873559
P_1828,9,0.869931
P_182904,6,0.897110
P_182916,11,0.829241
P_183019,5,0.856278
P_183038,2,0.845015
P_183104,3,0.836116
P_183113,10,0.870788
P_183117,5,0.861401
P_183144,5,0.858391
P_183167,3,0.882317
P_183226,4,0.873770
P_183318,15,0.875147
P_183344,10,0.877011
P_183395,10,0.870333
P_183396,12,0.856487
P_18345,6,0.878448
P_183461,12,0.862367
P_18353,9,0.889076
P_183532,13,0.839755
P_183548,10,0.846513
P_183549,4,0.869253
P_183550,11,0.876027
P_183551,9,0.877221
P_183552,12,0.876316
P_183565,9,0.818813
P_183589,9,0.867681
P_183590,7,0.870717
P_183611,9,0.858969
P_18364,4,0.882263
P_183720,6,0.883049
P_18374,9,0.881541
P_18379,3,0.888118
P_183870,8,0.833813
P_183891,8,0.865196
P_183993,16,0.846932
P_183996,8,0.865801
P_184,10,0.869591
P_184130,4,0.835215
P_184133,9,0.827389
P_184186,11,0.852061
P_184189,3,0.901334
P_184241,8,0.851165
P_184307,5,0.809374
P_184314,11,0.865741
P_184318,7,0.852673
P_184320,9,0.893710
P_184376,2,0.835497
P_184465,24,0.847638
P_184474,0,0.891621
P_184483,7,0.849942
P_184492,7,0.853129
P_184502,6,0.833969
P_184504,22,0.855443
P_184512,7,0.862308
P_184546,24,0.847891
P_184570,15,0.874035
P_184571,13,0.884968
P_184572,16,0.889303
P_184576,12,0.862229
P_184592,14,0.819521
P_184618,16,0.853925
P_184626,5,0.870721
P_184655,5,0.848513
P_184662,14,0.870445
P_184667,8,0.845557
P_184680,11,0.847224
P_184683,6,0.886074
P_184684,17,0.866630
P_184704,12,0.840300
P_184844,0,0.854074
P_184849,7,0.856989
P_18507,17,0.855076
P_185207,12,0.841688
P_185275,6,0.862754
P_185279,8,0.863281
P_185307,7,0.860640
P_18535,9,0.860769
P_185369,9,0.864120
P_185370,9,0.873213
P_185374,7,0.891833
P_1854,1,0.844104
P_185505,5,0.858625
P_185506,10,0.842393
P_185516,10,0.842845
P_185645,12,0.883103
P_18568,6,0.854402
P_185708,4,0.895927
P_185800,13,0.848451
P_185899,13,0.871659
P_185903,20,0.875574
P_185929,17,0.854117
P_185954,10,0.877786
P_185956,12,0.823775
P_185957,8,0.890194
P_186004,11,0.878602
P_186037,15,0.847003
P_186046,1,0.885510
P_186102,7,0.873831
P_186116,10,0.884296
P_18625,7,0.883346
P_186439,6,0.890597
P_186446,6,0.880688
P_186505,4,0.884280
P_186570,6,0.869097
P_186582,7,0.875937
P_186633,2,0.857597
P_186652,6,0.862511
P_186739,8,0.863930
P_186784,19,0.887696
P_186813,3,0.871505
P_186824,6,0.882434
P_18687,8,0.900758
P_187004,8,0.897245
P_187109,9,0.884766
P_187155,3,0.857133
P_187325,12,0.882732
P_187331,6,0.890442
P_1874,1,0.860173
P_187510,8,0.865398
P_187655,8,0.854649
P_187698,8,0.865190
P_187700,5,0.865478
P_187741,8,0.849677
P_187752,5,0.896445
P_187809,4,0.868803
P_187812,6,0.827946
P_1879,13,0.859239
P_187902,4,0.867910
P_187903,12,0.871782
P_187914,12,0.873183
P_187984,4,0.839169
P_187995,13,0.882860
P_188071,7,0.880017
P_188104,7,0.830680
P_188197,6,0.882839
P_188317,4,0.887363
P_188464,8,0.871541
P_188469,12,0.875835
P_1885,13,0.873124
P_188521,17,0.887993
P_188548,10,0.878140
P_188549,14,0.867824
P_188729,10,0.866538
P_188795,11,0.890449
P_188809,20,0.859677
P_188810,5,0.879815
P_188856,9,0.890294
P_1889,10,0.839944
P_188902,10,0.873687
P_188906,7,0.874884
P_188908,10,0.854204
P_189004,2,0.884364
P_189024,12,0.877720
P_18913,13,0.878719
P_189232,20,0.842687
P_189238,19,0.874138
P_189372,7,0.840871
P_189373,10,0.883464
P_189404,7,0.867025
P_189419,8,0.876730
P_18947,8,0.898854
P_189525,8,0.857836
P_18953,10,0.879284
P_189567,7,0.886880
P_189574,13,0.879798
P_189725,3,0.864534
P_18978,8,0.859225
P_18988,7,0.834078
P_189927,7,0.868608
P_189928,9,0.876585
P_189931,10,0.891936
P_189979,4,0.875596
P_190175,12,0.879995
P_190202,8,0.895385
P_190379,6,0.883198
P_190406,4,0.872907
P_190491,5,0.876626
P_190511,10,0.853101
P_190513,5,0.874596
P_190514,8,0.874253
P_190515,9,0.881005
P_190516,7,0.875617
P_190518,8,0.845647
P_190519,7,0.850593
P_190520,6,0.817879
P_190521,3,0.822075
P_190529,5,0.868844
P_190598,15,0.885614
P_190599,8,0.893702
P_190704,10,0.875185
P_190707,9,0.876797
P_190715,7,0.876373
P_190720,14,0.867032
P_190770,2,0.889030
P_190786,6,0.884549
P_190905,18,0.868202
P_190921,14,0.849321
P_190987,3,0.885469
P_191114,15,0.851653
P_191122,16,0.854462
P_191123,8,0.884990
P_191143,5,0.881890
P_191202,8,0.893882
P_191230,1,0.877026
P_191344,10,0.870725
P_191347,8,0.876035
P_191352,13,0.873294
P_191376,8,0.842098
P_191383,17,0.854877
P_191387,12,0.880805
P_191424,13,0.854735
P_191608,6,0.841166
P_191636,4,0.887142
P_191761,18,0.853793
P_191768,7,0.854917
P_191806,14,0.874694
P_191874,12,0.885533
P_191937,8,0.887051
P_191943,9,0.830051
P_191958,6,0.810307
P_191973,13,0.830357
P_191974,6,0.872489
P_191986,5,0.882296
P_192143,12,0.884707
P_192155,11,0.849764
P_192160,14,0.884684
P_192163,12,0.890016
P_192173,4,0.858584
P_192178,4,0.862294
P_192179,7,0.871485
P_192199,13,0.882797
P_192212,22,0.860449
P_192366,9,0.844908
P_1924,6,0.761714
P_192560,10,0.800979
P_192561,12,0.865701
P_192594,8,0.871849
P_192595,13,0.864885
P_192611,3,0.855251
P_192667,6,0.887756
P_192775,6,0.844667
P_192821,7,0.833905
P_192834,15,0.873354
P_192835,20,0.872840
P_192836,16,0.855270
P_192842,11,0.862551
P_192847,18,0.845381
P_192868,8,0.875242
P_193069,17,0.873975
P_193099,7,0.898262
P_193278,3,0.870769
P_193298,2,0.891466
P_1933,11,0.789577
P_1934,6,0.851861
P_193566,7,0.860820
P_1936,7,0.805475
P_193626,6,0.861984
P_19365,7,0.891980
P_193689,7,0.874865
P_193762,11,0.848395
P_193900,14,0.858243
P_193902,14,0.858713
P_193903,15,0.824989
P_194100,9,0.863327
P_194103,10,0.898334
P_19413,2,0.862805
P_19419,9,0.865374
P_19420,11,0.871865
P_19425,3,0.872574
P_1944,7,0.855095
P_194421,7,0.874573
P_194422,11,0.872144
P_194423,12,0.864448
P_194456,5,0.859869
P_194458,6,0.878219
P_194509,9,0.881753
P_194514,10,0.876685
P_194572,10,0.815504
P_194725,13,0.858823
P_194781,16,0.856203
P_194786,26,0.844881
P_194822,10,0.859195
P_194824,4,0.888653
P_194831,8,0.892397
P_195006,5,0.816723
P_195007,5,0.871217
P_19508,4,0.900346
P_19509,4,0.853009
P_19510,0,0.894711
P_195107,7,0.884734
P_195138,6,0.885398
P_195262,12,0.890297
P_195327,4,0.875243
P_195352,8,0.853034
P_195353,5,0.858965
P_195412,11,0.843683
P_195556,25,0.849566
P_19558,12,0.836229
P_195743,5,0.827481
P_195879,4,0.881931
P_195882,18,0.891861
P_195926,12,0.831676
P_195937,3,0.884924
P_195972,7,0.895396
P_1960,9,0.808206
P_196009,12,0.842321
P_196025,4,0.867839
P_1961,7,0.838773
P_196143,20,0.873517
P_196148,9,0.868010
P_196236,13,0.838341
P_1963,15,0.783469
P_196363,4,0.892214
P_196370,18,0.861875
P_196380,6,0.845160
P_196529,9,0.880260
P_196676,7,0.832816
P_196679,3,0.857821
P_196711,7,0.853309
P_196788,15,0.840599
P_196899,11,0.863213
P_196904,18,0.813617
P_19698,10,0.863042
P_197002,11,0.848498
P_197014,4,0.873470
P_197016,8,0.873384
P_197025,14,0.849002
P_197103,11,0.853997
P_197166,1,0.842519
P_197167,9,0.873608
P_197318,9,0.852257
P_197337,8,0.895645
P_197341,4,0.876003
P_197402,4,0.836327
P_197418,17,0.865707
P_197419,9,0.856673
P_197450,8,0.827454
P_197456,6,0.849390
P_19748,7,0.860999
P_19749,7,0.885658
P_197511,7,0.857110
P_197559,7,0.855762
P_197562,5,0.847305
P_197563,5,0.868187
P_197625,8,0.858668
P_197651,10,0.862408
P_197654,6,0.857580
P_197667,6,0.878099
P_197710,4,0.854142
P_197718,8,0.843525
P_197725,10,0.857941
P_197859,14,0.889630
P_197898,5,0.859237
P_197900,16,0.860238
P_197902,10,0.844550
P_197904,14,0.824210
P_19791,9,0.882591
P_197917,6,0.884805
P_19792,3,0.892000
P_197936,6,0.877932
P_197938,4,0.853283
P_197940,14,0.848638
P_198000,7,0.891355
P_198050,11,0.864585
P_198052,24,0.851665
P_198053,9,0.863774
P_198054,7,0.859995
P_198055,9,0.867734
P_198058,19,0.834904
P_198060,13,0.850783
P_198062,13,0.890503
P_198079,24,0.831375
P_198104,8,0.859779
P_198136,18,0.868102
P_198156,6,0.838567
P_198254,6,0.879896
P_198286,10,0.849617
P_198294,7,0.843705
P_198298,9,0.866251
P_198301,21,0.872626
P_198313,20,0.847331
P_198343,2,0.844443
P_198432,13,0.864540
P_1985,3,0.847953
P_198526,9,0.865673
P_198532,6,0.858059
P_198562,9,0.845633
P_198631,21,0.859538
P_19878,5,0.890288
P_198869,9,0.883900
P_198887,8,0.869408
P_198940,7,0.870937
P_199,13,0.882057
P_19903,11,0.812922
P_199067,7,0.857983
P_19909,3,0.845753
P_19912,12,0.878710
P_19927,21,0.855692
P_199332,6,0.854075
P_199348,7,0.818316
P_199359,19,0.838749
P_199360,5,0.854055
P_199369,10,0.779502
P_199379,25,0.868037
P_199536,6,0.870814
P_19955,12,0.877781
P_19957,11,0.884241
P_19958,7,0.845923
P_199684,9,0.871703
P_19969,3,0.773350
P_199726,12,0.856129
P_19973,7,0.866139
P_199739,8,0.853277
P_199741,8,0.821847
P_199753,15,0.867077
P_19976,9,0.894726
P_19977,6,0.887164
P_199778,7,0.866798
P_19979,4,0.874394
P_19980,13,0.870009
P_199866,16,0.844740
P_199944,8,0.892182
P_199979,10,0.858209
P_20005,0,0.830431
P_200096,2,0.863783
P_200098,6,0.862227
P_200118,13,0.845213
P_200119,12,0.865983
P_200147,4,0.869894
P_20015,6,0.823552
P_200152,8,0.864280
P_200223,14,0.845437
P_2003,8,0.887729
P_200315,7,0.893795
P_20036,23,0.843869
P_200390,12,0.854647
P_200397,3,0.865044
P_20049,6,0.835441
P_200504,8,0.893570
P_200542,10,0.907292
P_20064,6,0.889144
P_200647,6,0.885825
P_200667,17,0.860404
P_20069,13,0.848310
P_200838,11,0.855488
P_20097,10,0.864381
P_201132,8,0.865092
P_201134,14,0.874957
P_201137,20,0.873155
P_201138,14,0.871550
P_201140,16,0.877935
P_20120,10,0.849836
P_201270,10,0.825940
P_201327,6,0.875103
P_201388,23,0.847088
P_201445,8,0.877618
P_201544,2,0.888770
P_201604,10,0.850047
P_201605,11,0.875171
P_201608,15,0.867767
P_201618,8,0.874109
P_20162,4,0.882531
P_201621,6,0.845859
P_201662,7,0.867604
P_2018,9,0.841815
P_20183,11,0.860870
P_20186,7,0.888177
P_201942,4,0.882044
P_201957,11,0.862619
P_201971,7,0.873601
P_202083,7,0.860577
P_202091,8,0.866018
P_202092,9,0.849787
P_202129,14,0.850412
P_202213,8,0.902095
P_202224,15,0.874266
P_20226,8,0.866627
P_202264,19,0.854743
P_2024,7,0.886490
P_20240,5,0.884890
P_20254,8,0.854552
P_20257,18,0.850217
P_202759,6,0.897789
P_202853,8,0.884340
P_202898,7,0.872966
P_20298,8,0.843330
P_20299,5,0.871944
P_202996,18,0.857408
P_20300,5,0.860197
P_20301,5,0.871666
P_20321,8,0.849411
P_20325,9,0.829921
P_2034,3,0.890089
P_203442,13,0.878571
P_203479,11,0.861042
P_2036,11,0.855030
P_203605,7,0.870626
P_203606,9,0.848116
P_203609,3,0.826482
P_203610,9,0.858129
P_203614,5,0.861722
P_203690,3,0.870656
P_203691,9,0.851787
P_203693,5,0.892649
P_203700,14,0.877407
P_203702,9,0.859199
P_203810,7,0.875871
P_203852,9,0.881534
P_203922,6,0.864434
P_203975,10,0.888752
P_203977,6,0.904069
P_204065,4,0.881744
P_204067,9,0.885320
P_20414,10,0.899168
P_20415,5,0.877500
P_204171,4,0.882991
P_20421,7,0.857539
P_204276,6,0.857687
P_20442,11,0.873047
P_204551,13,0.851492
P_204559,4,0.856983
P_204626,10,0.886370
P_204721,3,0.868808
P_204723,8,0.866120
P_204730,10,0.842696
P_204751,4,0.874775
P_204841,13,0.871036
P_204877,1,0.876304
P_204984,2,0.864703
P_205016,6,0.881855
P_205027,9,0.876181
P_20524,7,0.855199
P_205374,16,0.861819
P_20539,6,0.867786
P_20541,11,0.878557
P_20542,6,0.854370
P_205433,3,0.871687
P_20545,11,0.861258
P_20546,8,0.862553
P_205614,13,0.872820
P_205741,7,0.841680
P_205747,3,0.885501
P_205812,14,0.880260
P_205814,16,0.876384
P_205819,8,0.889797
P_205820,3,0.887465
P_205824,7,0.878702
P_205855,10,0.885053
P_205891,12,0.877438
P_205937,5,0.898314
P_2060,15,0.859761
P_20601,2,0.859281
P_206061,8,0.889115
P_206063,11,0.863715
P_206064,14,0.849810
P_206088,13,0.877850
P_206090,12,0.861839
P_20610,7,0.853956
P_206152,3,0.891661
P_20616,5,0.879925
P_206186,8,0.864996
P_20622,14,0.852704
P_206295,9,0.880818
P_20632,6,0.826028
P_20639,14,0.840118
P_206470,19,0.877151
P_206514,7,0.887073
P_20660,11,0.874950
P_206781,3,0.888245
P_206789,8,0.887260
P_206799,2,0.885818
P_206854,19,0.854543
P_206878,11,0.872814
P_206887,6,0.879251
P_207028,11,0.869101
P_20710,5,0.833028
P_207167,2,0.885547
P_207296,14,0.894654
P_207342,5,0.876272
P_207382,4,0.886334
P_207404,6,0.873129
P_207427,15,0.864920
P_20745,5,0.855068
P_207585,12,0.866996
P_207654,11,0.865618
P_207678,11,0.834071
P_207683,14,0.835802
P_207686,12,0.836014
P_207688,12,0.826295
P_20769,12,0.860353
P_207690,21,0.812589
P_207696,7,0.826602
P_207709,5,0.876208
P_207713,3,0.890759
P_207782,9,0.886879
P_207806,7,0.864006
P_207867,7,0.879518
P_207900,9,0.865100
P_207981,9,0.877880
P_207986,6,0.861570
P_208038,12,0.883061
P_208050,14,0.860501
P_208097,21,0.874453
P_208120,9,0.843471
P_208123,17,0.872562
P_208126,9,0.869823
P_208127,6,0.894260
P_208132,7,0.868753
P_208133,7,0.879544
P_208134,10,0.871169
P_208136,11,0.880639
P_208137,13,0.868916
P_208139,12,0.850389
P_208144,5,0.873295
P_2082,6,0.899180
P_208276,5,0.880719
P_208466,4,0.885918
P_208519,7,0.855812
P_20858,13,0.898145
P_208639,13,0.834461
P_208641,1,0.873042
P_208735,7,0.858903
P_208777,3,0.881417
P_208817,4,0.888745
P_208968,7,0.824727
P_209175,14,0.803748
P_20921,12,0.896441
P_209345,8,0.808581
P_209378,6,0.864410
P_209413,8,0.875090
P_209420,10,0.891260
P_209468,8,0.841562
P_209481,9,0.832055
P_20960,14,0.869732
P_20962,5,0.852028
P_209790,4,0.872833
P_209812,8,0.839785
P_20991,6,0.887691
P_209936,7,0.877919
P_209995,4,0.883599
P_210013,9,0.901681
P_210150,4,0.849172
P_210151,8,0.841509
P_210232,8,0.851332
P_21025,7,0.880493
P_21037,15,0.857362
P_21042,17,0.860365
P_21053,4,0.880608
P_21058,11,0.874705
P_210636,12,0.864874
P_210637,5,0.834113
P_210638,11,0.823489
P_21064,8,0.884211
P_210640,3,0.860171
P_210684,13,0.871541
P_21082,4,0.900190
P_21084,3,0.864802
P_210872,6,0.903832
P_210895,13,0.876222
P_210910,16,0.798987
P_21095,5,0.900006
P_210996,11,0.840086
P_2110,11,0.865781
P_211000,5,0.844603
P_211002,8,0.839337
P_211003,9,0.873177
P_21105,7,0.905169
P_211099,6,0.890961
P_211150,10,0.871096
P_211156,6,0.885332
P_211170,11,0.863955
P_211189,5,0.878333
P_211289,9,0.877005
P_211326,11,0.861271
P_21135,6,0.874340
P_211393,9,0.845576
P_211439,8,0.873512
P_211441,5,0.866255
P_211500,3,0.838846
P_211548,6,0.877794
P_21162,12,0.850750
P_211730,6,0.845208
P_21189,3,0.901465
P_211902,3,0.849016
P_21199,7,0.895167
P_21208,9,0.848397
P_212160,7,0.885740
P_212165,12,0.859727
P_212175,5,0.883005
P_212303,15,0.857731
P_212381,18,0.897206
P_212385,4,0.848152
P_212386,2,0.854536
P_212410,5,0.858053
P_21247,3,0.904788
P_212500,2,0.856551
P_212512,7,0.866129
P_212569,4,0.863112
P_212587,13,0.840518
P_212617,9,0.875295
P_21263,14,0.871630
P_21264,13,0.866898
P_21266,5,0.866009
P_212666,11,0.877446
P_212667,13,0.882739
P_21268,14,0.869623
P_21269,8,0.849616
P_212737,3,0.850097
P_212758,11,0.878380
P_212759,11,0.889879
P_21277,4,0.888496
P_21287,11,0.845852
P_212897,2,0.881002
P_21295,3,0.893775
P_212971,5,0.875190
P_212976,10,0.884493
P_213016,7,0.887551
P_21302,8,0.888126
P_213046,6,0.882993
P_213104,12,0.854698
P_213105,11,0.856800
P_213392,17,0.892654
P_213410,2,0.891220
P_21352,13,0.866947
P_21373,5,0.863328
P_21374,5,0.876205
P_21385,4,0.883508
P_213893,9,0.837887
P_213993,10,0.871788
P_214001,4,0.819983
P_214036,10,0.899889
P_214046,3,0.888712
P_214048,5,0.898566
P_214174,2,0.872146
P_214183,6,0.889917
P_214416,8,0.876809
P_214466,7,0.821287
P_214467,17,0.888027
P_214472,6,0.885804
P_214473,10,0.857140
P_214506,8,0.835020
P_214511,5,0.873676
P_214512,9,0.871909
P_214515,13,0.849197
P_214519,6,0.816327
P_214665,20,0.863437
P_214666,8,0.857627
P_214667,6,0.855061
P_214685,5,0.850313
P_214688,10,0.860438
P_21469,10,0.854908
P_21470,7,0.880614
P_214722,2,0.893570
P_214793,8,0.890320
P_215049,5,0.861244
P_215086,2,0.885932
P_215089,6,0.840496
P_215233,3,0.801164
P_21527,10,0.835483
P_21528,14,0.855288
P_215391,6,0.861827
P_215542,3,0.900983
P_215605,17,0.863771
P_2158,9,0.859430
P_215853,9,0.904691
P_215876,11,0.839859
P_215909,6,0.830221
P_215918,10,0.847504
P_215982,6,0.880175
P_216005,4,0.869317
P_216183,2,0.861430
P_216238,8,0.849809
P_216240,7,0.877110
P_216356,16,0.865331
P_216484,3,0.890477
P_216491,18,0.869011
P_216658,3,0.899455
P_216675,6,0.883771
P_216737,8,0.854912
P_216883,6,0.862361
P_216930,12,0.870724
P_21695,12,0.878690
P_217161,8,0.866605
P_2172,15,0.865876
P_21720,11,0.864903
P_21722,11,0.865532
P_217265,8,0.867328
P_217414,10,0.865789
P_217421,8,0.845171
P_217530,12,0.796366
P_21757,6,0.886642
P_217603,8,0.884674
P_217607,2,0.873860
P_217622,12,0.866134
P_21763,11,0.898003
P_21775,4,0.875523
P_217766,4,0.900942
P_217883,9,0.877127
P_217884,4,0.878499
P_217893,12,0.872662
P_217947,3,0.891750
P_218,1,0.878334
P_218105,13,0.895841
P_21817,3,0.856584
P_218178,7,0.852795
P_218179,11,0.840825
P_218180,4,0.856256
P_218216,3,0.866921
P_218230,3,0.896715
P_218231,5,0.852828
P_21828,10,0.866637
P_218361,14,0.820199
P_21838,8,0.883357
P_21841,13,0.877000
P_21842,5,0.844269
P_21843,7,0.854587
P_218560,3,0.853118
P_218561,0,0.880068
P_2186,10,0.858845
P_218626,4,0.890618
P_218681,3,0.851567
P_219066,8,0.877433
P_219288,6,0.865432
P_219553,14,0.860891
P_219571,8,0.888671
P_219596,4,0.899443
P_219608,10,0.836807
P_219629,8,0.857844
P_219678,14,0.861196
P_219761,10,0.863492
P_219764,2,0.857225
P_219797,22,0.869514
P_219847,10,0.835626
P_219848,3,0.857937
P_219849,8,0.800020
P_219850,13,0.835041
P_219855,8,0.846721
P_219864,8,0.842755
P_219865,13,0.860098
P_21993,5,0.896504
P_22,6,0.897170
P_22028,2,0.899803
P_22053,9,0.889589
P_22066,5,0.860577
P_22078,8,0.822579
P_220802,8,0.860645
P_220803,5,0.889571
P_22084,10,0.874126
P_22085,6,0.854638
P_22086,6,0.866663
P_220880,5,0.848148
P_220910,12,0.890028
P_220926,4,0.883668
P_22111,4,0.894347
P_221273,6,0.863653
P_22129,11,0.889693
P_221391,8,0.874892
P_22147,7,0.891294
P_22148,8,0.868120
P_221488,5,0.871924
P_221491,7,0.884822
P_221513,3,0.885915
P_22157,10,0.877058
P_22159,9,0.870069
P_221641,7,0.885726
P_221656,7,0.883606
P_221659,11,0.875619
P_221718,14,0.855467
P_221719,3,0.850901
P_221758,7,0.871516
P_221763,11,0.874193
P_221773,17,0.879636
P_221797,13,0.837757
P_221866,14,0.870215
P_221869,2,0.890293
P_22192,6,0.855841
P_221923,7,0.835285
P_222091,14,0.838809
P_22210,5,0.869020
P_22214,6,0.868582
P_22216,6,0.876694
P_222302,7,0.863538
P_222508,17,0.848905
P_222511,5,0.864429
P_22254,8,0.870875
P_222590,9,0.858677
P_22260,16,0.838790
P_222658,2,0.885161
P_222673,15,0.880704
P_222678,7,0.875103
P_222695,2,0.887503
P_222702,10,0.879488
P_22286,6,0.885368
P_222878,4,0.880017
P_222880,4,0.838480
P_222887,6,0.881088
P_22289,6,0.896591
P_222890,8,0.845229
P_222891,8,0.878883
P_222897,9,0.880714
P_222906,18,0.861650
P_22310,9,0.891287
P_223227,1,0.895430
P_223228,6,0.862218
P_223265,6,0.884794
P_223271,5,0.889366
P_223295,13,0.875502
P_223314,12,0.871625
P_223316,9,0.886301
P_223350,10,0.853706
P_223581,3,0.873807
P_223588,9,0.852385
P_223624,5,0.859840
P_223629,4,0.863603
P_223817,15,0.859532
P_22388,2,0.861808
P_223911,4,0.864457
P_223928,10,0.896123
P_224018,10,0.841384
P_224025,9,0.854707
P_224028,9,0.853216
P_22406,6,0.900391
P_224251,8,0.880678
P_224606,8,0.860328
P_224609,6,0.851120
P_22462,3,0.876469
P_22463,8,0.866974
P_224642,5,0.825826
P_224666,11,0.847011
P_224906,4,0.859008
P_225069,10,0.875125
P_22526,3,0.891615
P_225281,4,0.880631
P_225297,8,0.895353
P_225467,13,0.861517
P_22547,3,0.872114
P_225483,4,0.864926
P_225493,7,0.891962
P_225497,12,0.833242
P_22554,5,0.858353
P_225541,11,0.836617
P_225550,5,0.840817
P_22557,5,0.898002
P_225583,10,0.860168
P_22559,7,0.885149
P_225775,10,0.895085
P_22581,15,0.861612
P_22585,7,0.886906
P_225875,9,0.844340
P_225943,6,0.865084
P_225946,9,0.845889
P_225951,6,0.874783
P_225957,8,0.866696
P_225958,6,0.897784
P_225959,11,0.815423
P_225991,25,0.863348
P_226,14,0.879040
P_226016,8,0.873441
P_226028,5,0.866256
P_226035,15,0.848859
P_226036,14,0.869796
P_226039,8,0.854154
P_226042,4,0.864443
P_226046,9,0.864761
P_226051,8,0.882982
P_226065,10,0.846810
P_226089,6,0.877749
P_226104,3,0.892258
P_226141,10,0.857469
P_226149,11,0.867908
P_226156,11,0.860419
P_226175,16,0.869412
P_226375,10,0.890654
P_226403,5,0.879090
P_226451,14,0.874840
P_226468,4,0.872865
P_226609,13,0.884199
P_22661,10,0.861905
P_226710,12,0.843569
P_226969,10,0.840599
P_226997,9,0.840673
P_227053,9,0.870665
P_2271,13,0.901851
P_227182,6,0.885517
P_227244,14,0.902067
P_227397,3,0.869163
P_227447,9,0.844055
P_227449,15,0.824099
P_22760,8,0.877005
P_227762,11,0.855194
P_227799,5,0.870655
P_2279,6,0.889793
P_228003,4,0.902548
P_228033,5,0.884148
P_228050,12,0.850625
P_228227,9,0.890001
P_2283,11,0.901928
P_22839,15,0.868167
P_228633,4,0.860679
P_228808,7,0.819366
P_228881,16,0.874409
P_228939,2,0.871232
P_228942,8,0.870929
P_228945,4,0.839029
P_228963,11,0.862340
P_228984,4,0.870401
P_22908,13,0.815339
P_229095,4,0.880090
P_229140,7,0.858703
P_229229,5,0.894406
P_22925,5,0.880844
P_22927,5,0.873053
P_22937,6,0.839514
P_22944,15,0.847765
P_229453,11,0.851076
P_229457,13,0.818330
P_22946,19,0.837207
P_22947,6,0.853078
P_22952,14,0.877766
P_22954,9,0.844033
P_22955,9,0.843163
P_229554,5,0.835949
P_22962,14,0.848815
P_22963,12,0.845212
P_229672,4,0.894076
P_22971,5,0.846686
P_22974,16,0.872948
P_229916,13,0.871714
P_23,0,0.864076
P_230025,7,0.833797
P_230101,15,0.877667
P_230107,21,0.877928
P_230110,11,0.867897
P_23018,10,0.861655
P_2302,4,0.850323
P_230230,13,0.878011
P_230280,13,0.839752
P_230405,10,0.841131
P_230601,15,0.858788
P_230610,9,0.867273
P_230739,9,0.892154
P_230985,4,0.889439
P_231038,7,0.858636
P_23107,6,0.869538
P_231076,12,0.880543
P_23111,11,0.861957
P_23115,20,0.855942
P_23117,12,0.866659
P_23120,2,0.889705
P_23127,9,0.857564
P_23133,7,0.871166
P_231334,13,0.883889
P_23142,8,0.867892
P_23153,7,0.860856
P_23154,14,0.856003
P_23155,1,0.819875
P_231574,11,0.886779
P_231628,9,0.867606
P_23165,9,0.896761
P_2317,5,0.875964
P_231781,2,0.868162
P_231881,8,0.871779
P_231916,5,0.884902
P_231950,8,0.821872
P_231958,6,0.844315
P_232100,16,0.848069
P_232148,10,0.859950
P_232311,11,0.869202
P_232312,14,0.865932
P_23239,1,0.863948
P_232420,6,0.820731
P_232531,4,0.894004
P_232565,17,0.821764
P_232585,9,0.842091
P_232588,4,0.890229
P_232596,4,0.879807
P_232720,11,0.899874
P_232786,10,0.880359
P_232788,6,0.869449
P_232973,19,0.845578
P_232992,13,0.862704
P_233,9,0.876161
P_233011,14,0.862595
P_233140,8,0.851816
P_233192,5,0.854569
P_233383,2,0.875276
P_233399,9,0.854298
P_233405,6,0.858437
P_233418,23,0.837511
P_233428,6,0.846660
P_233430,4,0.847253
P_233464,8,0.891989
P_233537,4,0.857412
P_233597,16,0.866672
P_233671,10,0.886093
P_233725,10,0.819336
P_233845,9,0.875566
P_234,9,0.874357
P_234166,0,0.858703
P_234293,8,0.890562
P_234299,7,0.821493
P_234319,9,0.854997
P_23441,7,0.869217
P_23452,4,0.885766
P_23453,7,0.882580
P_23455,14,0.853545
P_234634,9,0.898976
P_234649,11,0.861681
P_234650,9,0.835940
P_23483,11,0.883201
P_23485,4,0.886223
P_234850,6,0.865994
P_23489,12,0.848980
P_234951,6,0.895941
P_234979,7,0.883997
P_234980,2,0.880430
P_234995,7,0.881932
P_234996,8,0.879524
P_235026,9,0.862120
P_235027,7,0.866878
P_235028,8,0.860986
P_235039,3,0.874810
P_235045,10,0.851592
P_235091,6,0.858553
P_23515,7,0.871516
P_23516,4,0.839780
P_235183,10,0.848604
P_23521,7,0.867470
P_23526,11,0.857340
P_2354,6,0.896655
P_23544,3,0.879399
P_235598,4,0.861393
P_235612,11,0.853489
P_235613,12,0.853203
P_23563,15,0.898200
P_235635,11,0.882298
P_235707,3,0.849306
P_235738,9,0.869973
P_23575,4,0.871048
P_23586,16,0.845946
P_23587,13,0.851355
P_23588,17,0.853251
P_23589,8,0.842882
P_235957,2,0.893177
P_23601,4,0.861253
P_236088,6,0.867605
P_236167,5,0.886705
P_23623,10,0.877448
P_23627,11,0.859471
P_23628,5,0.885703
P_236374,5,0.880040
P_236429,7,0.885030
P_236534,14,0.861945
P_236541,8,0.876678
P_236599,19,0.841671
P_236627,3,0.841670
P_236628,12,0.876614
P_236817,9,0.865783
P_236984,20,0.859805
P_237127,5,0.903068
P_23725,9,0.849892
P_23737,6,0.895419
P_23738,11,0.895597
P_237423,14,0.861853
P_237450,10,0.879041
P_237457,19,0.861334
P_23753,4,0.873846
P_237664,5,0.842234
P_23767,9,0.818083
P_23772,8,0.868835
P_237724,6,0.855757
P_23776,5,0.886618
P_23782,12,0.877535
P_237976,13,0.836611
P_237977,5,0.828429
P_237978,10,0.858496
P_238008,11,0.875367
P_238013,7,0.856009
P_238296,4,0.889333
P_23841,3,0.894864
P_238441,5,0.859794
P_238442,4,0.873718
P_23846,12,0.888759
P_238461,17,0.863936
P_238540,1,0.859841
P_238613,23,0.872851
P_238705,10,0.825727
P_238818,5,0.883274
P_238887,10,0.862928
P_238955,7,0.854923
P_23907,2,0.856289
P_23912,10,0.862279
P_23915,6,0.869168
P_23917,10,0.821330
P_23923,3,0.798504
P_23924,10,0.827092
P_23926,4,0.859574
P_2393,4,0.893861
P_23941,9,0.861591
P_239452,12,0.890669
P_23947,16,0.854576
P_23948,3,0.854595
P_23952,3,0.870160
P_23955,10,0.849868
P_239555,13,0.814754
P_239573,4,0.866731
P_239812,7,0.872302
P_239901,11,0.872775
P_239993,8,0.863302
P_240006,7,0.877100
P_240007,7,0.856454
P_240197,9,0.866300
P_240211,6,0.845408
P_240389,5,0.866738
P_240411,11,0.888327
P_240416,5,0.881437
P_240468,9,0.830801
P_240472,7,0.885402
P_240548,7,0.879178
P_240615,4,0.884945
P_240706,3,0.860208
P_240801,13,0.862822
P_240803,4,0.884415
P_240804,11,0.892436
P_240805,12,0.870357
P_240811,7,0.874991
P_240822,11,0.811891
P_24086,5,0.866611
P_240926,7,0.878992
P_241027,11,0.876748
P_241193,9,0.846863
P_241323,7,0.891311
P_24143,9,0.891746
P_241454,4,0.887238
P_241653,7,0.862089
P_241664,13,0.878874
P_241665,8,0.866139
P_241687,5,0.890180
P_241818,12,0.852621
P_241858,5,0.858487
P_241920,12,0.810227
P_2420,10,0.891772
P_242063,4,0.871905
P_242082,4,0.883884
P_242110,11,0.872728
P_242120,6,0.872443
P_242128,7,0.864291
P_242171,4,0.871490
P_24222,11,0.889676
P_24223,9,0.882107
P_242360,10,0.863345
P_242464,14,0.902325
P_242507,14,0.881837
P_242510,10,0.884297
P_242572,3,0.837834
P_242615,13,0.826387
P_242624,5,0.856208
P_242636,11,0.845491
P_2427,9,0.880333
P_242723,2,0.900518
P_242734,3,0.895534
P_242735,2,0.855908
P_242753,6,0.879158
P_24280,11,0.863713
P_242805,11,0.867384
P_24282,7,0.853799
P_242823,5,0.906465
P_242828,3,0.903768
P_24285,1,0.868475
P_242880,17,0.876297
P_242903,9,0.897287
P_243043,2,0.830703
P_243047,16,0.827079
P_243049,11,0.865868
P_243075,5,0.843953
P_243103,7,0.842884
P_243134,7,0.867120
P_243201,9,0.871337
P_243323,13,0.849449
P_243329,8,0.848485
P_243332,10,0.863357
P_243417,4,0.873785
P_243541,4,0.894500
P_243558,15,0.897205
P_243599,4,0.852782
P_243608,14,0.866398
P_243612,3,0.885188
P_243615,4,0.846486
P_243672,16,0.875812
P_243693,8,0.838129
P_243786,3,0.822373
P_243814,7,0.894596
P_243833,3,0.868769
P_243850,19,0.850247
P_243960,14,0.852956
P_243961,8,0.856864
P_243963,6,0.851317
P_243964,15,0.841056
P_243965,15,0.857716
P_243966,13,0.861591
P_243969,11,0.840927
P_243996,8,0.847286
P_244158,10,0.865723
P_244159,17,0.872725
P_244160,6,0.859217
P_244163,8,0.869549
P_244168,3,0.881416
P_244177,13,0.884813
P_244193,11,0.868593
P_24428,4,0.889923
P_244304,10,0.863186
P_244448,12,0.882884
P_244467,8,0.822408
P_24449,9,0.890650
P_24451,2,0.858622
P_24454,10,0.882832
P_24455,6,0.838249
P_244594,10,0.872640
P_244633,10,0.880744
P_244649,4,0.882909
P_244666,2,0.880974
P_244712,9,0.874770
P_24473,13,0.889095
P_24474,7,0.893328
P_24475,14,0.895743
P_24477,4,0.871477
P_24479,4,0.886357
P_244807,7,0.867035
P_244912,10,0.854893
P_244933,12,0.892690
P_244948,7,0.872948
P_24499,11,0.859254
P_245022,9,0.889204
P_24507,6,0.894790
P_245161,7,0.855526
P_24523,5,0.875947
P_24527,9,0.857203
P_245361,6,0.876607
P_2454,13,0.900392
P_245404,7,0.889634
P_2455,11,0.899736
P_245502,13,0.835192
P_245544,7,0.869835
P_245555,13,0.890378
P_245559,1,0.841526
P_245627,10,0.889699
P_24565,2,0.884135
P_245675,17,0.864727
P_24570,3,0.866986
P_24571,11,0.879440
P_245847,1,0.871811
P_245884,6,0.844820
P_245886,11,0.838227
P_245887,6,0.862484
P_245935,21,0.876733
P_245936,8,0.876529
P_245937,13,0.850528
P_246,6,0.886669
P_246061,12,0.853934
P_246118,6,0.858334
P_246183,13,0.898658
P_246224,4,0.897706
P_246511,9,0.877507
P_2466,4,0.836082
P_246657,13,0.853570
P_246771,7,0.880187
P_246773,2,0.874621
P_246848,3,0.876759
P_246856,12,0.874605
P_247037,3,0.843363
P_247039,5,0.893431
P_247169,7,0.868888
P_247188,4,0.876570
P_247195,9,0.858557
P_247196,5,0.816781
P_247381,9,0.859074
P_24739,1,0.857855
P_24743,9,0.868157
P_24747,10,0.882224
P_2475,11,0.855285
P_247568,6,0.853842
P_247572,7,0.838644
P_24758,4,0.876792
P_247584,10,0.882218
P_24761,5,0.845097
P_24763,6,0.871705
P_247734,4,0.886692
P_247876,12,0.875642
P_24788,16,0.866774
P_248064,8,0.856967
P_248074,6,0.881054
P_248075,4,0.857217
P_248083,16,0.881901
P_248084,1,0.876348
P_248151,8,0.853955
P_248154,11,0.874117
P_248158,12,0.875561
P_248165,5,0.893283
P_248258,10,0.872472
P_248281,7,0.880993
P_248377,12,0.863272
P_248428,4,0.881276
P_248491,5,0.885026
P_248516,11,0.902927
P_248549,15,0.894331
P_248559,11,0.887713
P_248628,16,0.859223
P_248629,9,0.864734
P_248648,5,0.892415
P_248649,5,0.884927
P_248701,5,0.876151
P_248747,7,0.841698
P_248783,4,0.853980
P_248785,8,0.869842
P_24879,9,0.889471
P_248800,10,0.859835
P_24884,10,0.859450
P_24885,5,0.892893
P_248852,6,0.870222
P_24892,7,0.878906
P_248944,10,0.878494
P_249041,22,0.861529
P_249046,8,0.891779
P_249067,5,0.873417
P_249082,7,0.897642
P_249151,11,0.836134
P_249154,8,0.868549
P_249294,5,0.870332
P_249300,8,0.853420
P_24932,6,0.880662
P_24938,13,0.873576
P_249462,8,0.875019
P_249468,12,0.865862
P_249483,5,0.847366
P_249505,9,0.884587
P_249506,16,0.862160
P_249509,13,0.841949
P_249510,7,0.857657
P_249511,20,0.848301
P_24962,5,0.887926
P_24963,8,0.892781
P_2497,7,0.873267
P_24984,10,0.862255
P_249858,8,0.883380
P_249861,11,0.855546
P_249933,5,0.892260
P_249934,3,0.887418
P_25002,15,0.869423
P_25003,11,0.862426
P_25005,2,0.847365
P_25007,6,0.840363
P_25010,14,0.856554
P_25030,7,0.851597
P_25031,6,0.851507
P_25033,12,0.880992
P_25043,11,0.885921
P_250480,6,0.854367
P_250538,5,0.895840
P_250642,11,0.885957
P_25070,10,0.872684
P_250708,14,0.857765
P_250722,13,0.842434
P_250728,7,0.881372
P_250746,10,0.832362
P_25075,5,0.868463
P_250764,8,0.855934
P_25077,12,0.892287
P_250781,7,0.846004
P_250818,6,0.862896
P_250826,8,0.859593
P_250827,3,0.823788
P_250830,4,0.849034
P_250853,16,0.878957
P_250856,10,0.897679
P_250998,9,0.842299
P_251004,17,0.855698
P_25101,11,0.853243
P_25102,8,0.873231
P_25107,5,0.888361
P_251088,25,0.878494
P_25110,7,0.865401
P_251106,16,0.873712
P_251116,19,0.866793
P_25113,7,0.878907
P_25114,8,0.873071
P_25115,6,0.895119
P_25116,2,0.900522
P_251261,9,0.869861
P_25131,9,0.806661
P_251479,13,0.838176
P_25150,15,0.835340
P_25151,17,0.855175
P_25154,4,0.900153
P_251547,12,0.881472
P_25155,8,0.877373
P_25157,12,0.848369
P_25159,9,0.854462
P_25160,3,0.847719
P_25163,10,0.868573
P_25164,4,0.888838
P_25166,18,0.845178
P_251707,5,0.872474
P_25173,9,0.861668
P_25174,9,0.868727
P_251785,13,0.853484
P_25180,6,0.870580
P_25181,5,0.867954
P_251853,15,0.864068
P_251857,7,0.882275
P_251896,7,0.856869
P_251898,14,0.881823
P_251900,7,0.880751
P_25191,7,0.856906
P_251944,8,0.877058
P_251952,8,0.889417
P_252165,8,0.886113
P_252242,8,0.860762
P_252323,14,0.888011
P_252351,11,0.893053
P_252526,8,0.851815
P_252532,9,0.837314
P_252545,6,0.855292
P_252625,7,0.844395
P_252688,4,0.872527
P_252711,23,0.855993
P_25274,3,0.899185
P_25276,11,0.889517
P_252767,5,0.869646
P_25304,7,0.874812
P_253135,9,0.879786
P_253163,6,0.884444
P_253177,1,0.868861
P_253207,9,0.880939
P_253273,9,0.856763
P_25331,3,0.873409
P_253330,5,0.829428
P_253385,12,0.873997
P_253412,2,0.869381
P_253475,8,0.880869
P_253491,4,0.858691
P_253528,8,0.855456
P_25365,6,0.895697
P_25372,5,0.871378
P_253772,16,0.886317
P_25385,7,0.842982
P_25386,4,0.870379
P_25387,9,0.847503
P_25388,4,0.869815
P_253908,11,0.868542
P_25391,8,0.839538
P_25392,8,0.861000
P_25393,12,0.863681
P_254170,6,0.896398
P_25428,12,0.856883
P_254461,6,0.883100
P_254520,8,0.901852
P_254624,10,0.858094
P_25467,9,0.833970
P_25468,16,0.884127
P_254731,7,0.884998
P_254873,12,0.859237
P_254880,9,0.846905
P_2549,7,0.884377
P_255030,8,0.866052
P_25511,3,0.857516
P_255292,4,0.871882
P_25538,7,0.889437
P_25548,10,0.889952
P_255552,6,0.880449
P_255604,6,0.850458
P_255621,6,0.850485
P_255634,12,0.864082
P_2558,7,0.878758
P_255875,2,0.889927
P_256121,10,0.872602
P_25621,4,0.874964
P_25622,5,0.890357
P_256220,2,0.853505
P_256325,3,0.882726
P_256332,8,0.868911
P_256407,8,0.877942
P_256413,13,0.850447
P_256415,28,0.835536
P_25642,7,0.875949
P_256439,5,0.830543
P_256469,3,0.899569
P_256574,8,0.861185
P_2566,7,0.901289
P_25660,7,0.900619
P_256700,6,0.897774
P_256711,3,0.877240
P_256715,4,0.881245
P_256796,4,0.879151
P_25680,6,0.889345
P_25682,8,0.845467
P_25685,5,0.892763
P_256898,5,0.896607
P_256942,7,0.840469
P_256985,3,0.868403
P_257171,9,0.861179
P_257184,10,0.834548
P_257199,6,0.846123
P_257548,9,0.871569
P_257739,8,0.838076
P_257993,8,0.860008
P_258014,10,0.869908
P_258337,6,0.877352
P_258340,5,0.887867
P_258360,6,0.900655
P_258388,6,0.864929
P_25844,8,0.883805
P_258642,8,0.882229
P_258643,6,0.894679
P_258726,14,0.885526
P_258728,5,0.881031
P_258730,9,0.852101
P_258781,13,0.874357
P_258799,5,0.847567
P_258811,5,0.882234
P_258814,10,0.881621
P_258913,7,0.881238
P_259030,8,0.873437
P_259058,3,0.843231
P_259093,13,0.885978
P_259143,6,0.870696
P_259204,6,0.899323
P_259330,11,0.826392
P_259333,5,0.839825
P_259349,18,0.823891
P_259356,7,0.868748
P_259420,4,0.883693
P_259431,6,0.869759
P_259441,16,0.893346
P_259629,9,0.805836
P_259640,13,0.860015
P_259651,8,0.877613
P_259652,1,0.873685
P_259662,11,0.835138
P_259663,7,0.858813
P_259664,20,0.870864
P_259666,9,0.879470
P_259671,2,0.860867
P_259692,10,0.847510
P_259977,17,0.857194
P_26,15,0.877518
P_26002,11,0.851886
P_260034,8,0.867795
P_260050,4,0.867980
P_260218,5,0.887160
P_260259,9,0.810433
P_260268,8,0.863491
P_2603,9,0.881335
P_26030,9,0.881715
P_26037,12,0.842387
P_260434,6,0.894403
P_260459,7,0.892937
P_260536,8,0.879639
P_260538,8,0.834579
P_260913,16,0.891103
P_260984,4,0.890728
P_261102,17,0.855195
P_261106,16,0.859492
P_26111,9,0.893912
P_261111,13,0.880227
P_261112,12,0.860998
P_26112,10,0.875795
P_261202,9,0.845634
P_26130,13,0.878408
P_261324,8,0.887062
P_261340,15,0.857400
P_261356,23,0.864813
P_261448,22,0.854841
P_261513,3,0.896761
P_261521,10,0.828900
P_261536,4,0.866231
P_261542,10,0.849568
P_26155,7,0.867002
P_261701,3,0.892087
P_261708,10,0.841650
P_261712,4,0.819876
P_261875,7,0.850161
P_261902,10,0.860713
P_262014,5,0.882832
P_26203,4,0.861713
P_262054,13,0.891951
P_262069,8,0.895724
P_262080,7,0.897806
P_26212,5,0.902204
P_262156,10,0.861204
P_262160,10,0.891221
P_262182,3,0.897535
P_262201,2,0.838671
P_262210,7,0.883644
P_262215,3,0.895642
P_262477,5,0.897185
P_262482,18,0.892932
P_262483,14,0.896130
P_262564,15,0.880046
P_262600,6,0.872566
P_262601,5,0.889094
P_262605,13,0.869213
P_262606,10,0.859882
P_262685,17,0.867456
P_262718,10,0.877895
P_262746,15,0.857020
P_262800,7,0.845300
P_26283,11,0.877907
P_263006,7,0.898258
P_263092,16,0.859361
P_263210,13,0.864365
P_263217,5,0.871818
P_263293,10,0.901267
P_263304,10,0.878999
P_26332,4,0.884152
P_26334,6,0.894024
P_26335,5,0.897262
P_26336,2,0.885708
P_263471,8,0.889394
P_263502,7,0.847690
P_263564,8,0.845485
P_263572,12,0.885621
P_263668,10,0.871604
P_26374,5,0.876439
P_263986,3,0.893095
P_264006,26,0.855446
P_264037,2,0.869726
P_264149,12,0.876066
P_264170,5,0.858641
P_264176,4,0.860899
P_264199,10,0.836778
P_264201,6,0.877828
P_264332,12,0.869648
P_264458,7,0.886306
P_264475,5,0.884054
P_26461,6,0.889285
P_264632,10,0.880976
P_264676,9,0.863185
P_264785,10,0.880180
P_264816,9,0.869370
P_264967,17,0.872032
P_264987,16,0.862414
P_265037,14,0.862024
P_265102,2,0.891824
P_265281,15,0.886274
P_265503,7,0.856705
P_265508,8,0.893041
P_26552,16,0.853484
P_26553,11,0.884339
P_265541,6,0.872185
P_265544,14,0.852604
P_265545,6,0.886501
P_265555,13,0.881073
P_265558,5,0.843063
P_265574,9,0.872901
P_265602,5,0.886006
P_265611,2,0.868981
P_265625,8,0.855768
P_265637,10,0.841680
P_265638,10,0.857331
P_265642,29,0.861493
P_265765,19,0.873718
P_265808,17,0.856518
P_265813,8,0.871687
P_2659,11,0.837593
P_265913,11,0.890439
P_265916,7,0.897815
P_265918,12,0.870936
P_265943,10,0.834050
P_265944,9,0.873502
P_265949,2,0.884178
P_265988,15,0.857805
P_266029,2,0.883355
P_266050,6,0.889060
P_266122,3,0.895191
P_266139,4,0.885154
P_266181,12,0.876765
P_26629,7,0.900391
P_266299,4,0.897700
P_266310,10,0.871834
P_266326,6,0.878783
P_26640,6,0.871778
P_266474,5,0.898652
P_266501,4,0.847288
P_266510,16,0.881952
P_266512,3,0.878625
P_266515,4,0.899313
P_266518,6,0.833614
P_266519,19,0.876783
P_266543,23,0.839872
P_266556,10,0.865336
P_266599,5,0.889643
P_266601,4,0.898919
P_266643,4,0.841266
P_266682,16,0.855286
P_266720,7,0.874580
P_266731,12,0.877140
P_266732,4,0.883003
P_266733,7,0.887167
P_266736,4,0.831075
P_266810,14,0.892573
P_266822,7,0.857900
P_266829,14,0.874028
P_26687,5,0.872722
P_266887,3,0.893926
P_26689,7,0.845551
P_2669,1,0.897479
P_26691,8,0.873712
P_26693,8,0.863139
P_266947,12,0.852251
P_266948,12,0.851569
P_266952,11,0.880380
P_266956,7,0.861949
P_266958,12,0.822254
P_266993,3,0.829454
P_266996,8,0.830807
P_267009,10,0.895050
P_267039,2,0.888381
P_267040,16,0.878494
P_267059,0,0.886692
P_267077,1,0.885663
P_267300,10,0.852302
P_267332,5,0.888512
P_267631,8,0.868806
P_26784,10,0.877999
P_267873,5,0.890985
P_267886,6,0.864971
P_268032,10,0.890490
P_268142,14,0.877713
P_268220,9,0.862972
P_268361,13,0.871104
P_268366,13,0.836266
P_26837,21,0.813350
P_26838,16,0.814949
P_26839,5,0.865109
P_26840,4,0.891721
P_268407,11,0.889362
P_26842,15,0.867902
P_26844,8,0.891122
P_268563,9,0.871297
P_268572,3,0.805741
P_268600,4,0.815862
P_26862,7,0.872666
P_268760,18,0.872282
P_268761,10,0.868942
P_268928,9,0.861545
P_268935,13,0.872001
P_269006,17,0.893690
P_26901,4,0.877358
P_26921,11,0.862245
P_269222,6,0.879098
P_269229,13,0.826106
P_26924,13,0.854320
P_269255,8,0.880044
P_269272,12,0.864837
P_269273,5,0.882947
P_269274,15,0.865932
P_269275,12,0.869202
P_269278,17,0.848027
P_269280,12,0.823041
P_269316,8,0.869933
P_269317,9,0.844570
P_269319,17,0.860645
P_269321,7,0.846628
P_269326,12,0.881243
P_269329,6,0.874927
P_26934,17,0.872408
P_26935,8,0.889547
P_26939,10,0.886858
P_269391,13,0.859283
P_26941,8,0.869521
P_269415,6,0.879733
P_269419,8,0.879762
P_269430,8,0.835877
P_269438,12,0.845116
P_269472,5,0.834157
P_269473,2,0.872148
P_269496,24,0.859529
P_269505,14,0.875066
P_269510,18,0.880141
P_269511,10,0.866754
P_269514,9,0.883660
P_269528,9,0.839127
P_269536,5,0.881547
P_269549,17,0.865215
P_269553,13,0.855265
P_269555,4,0.880736
P_269562,4,0.882592
P_269576,7,0.866658
P_2696,18,0.889344
P_26963,11,0.883407
P_269647,7,0.877304
P_269649,7,0.867694
P_269652,2,0.872064
P_269677,10,0.873831
P_269690,6,0.816998
P_2697,11,0.890127
P_269701,5,0.853074
P_269725,4,0.868908
P_269727,10,0.806628
P_269729,9,0.861601
P_269733,14,0.825344
P_269742,6,0.891476
P_269787,6,0.864445
P_269817,9,0.868424
P_269877,16,0.873750
P_26988,8,0.875409
P_269893,7,0.881346
P_269896,11,0.858818
P_269904,8,0.882191
P_269905,7,0.876551
P_269906,7,0.866364
P_269931,2,0.849238
P_269947,12,0.852450
P_270049,5,0.837551
P_270065,18,0.836326
P_270083,3,0.861068
P_270097,4,0.835422
P_270112,13,0.865375
P_270132,5,0.852929
P_270134,9,0.875157
P_270135,5,0.879825
P_270170,11,0.882208
P_270172,22,0.860104
P_270176,8,0.847197
P_270177,8,0.839601
P_270178,7,0.860086
P_270190,5,0.831997
P_270192,5,0.859677
P_270196,5,0.873519
P_270216,10,0.898975
P_270255,7,0.880568
P_270257,6,0.879685
P_270279,5,0.889713
P_270285,2,0.870559
P_270288,6,0.846393
P_270290,7,0.842004
P_27030,6,0.860255
P_270313,11,0.882094
P_270331,8,0.868332
P_270414,8,0.825279
P_270419,6,0.891408
P_270420,10,0.884306
P_270464,3,0.872194
P_27064,6,0.883238
P_27065,10,0.886964
P_270657,6,0.896284
P_27068,2,0.867658
P_27070,11,0.876464
P_27071,4,0.883189
P_270758,9,0.841949
P_270763,5,0.834910
P_270809,3,0.871125
P_270827,11,0.858641
P_270939,10,0.839161
P_270940,19,0.850788
P_270941,14,0.829854
P_271012,8,0.878700
P_271176,13,0.892353
P_271177,13,0.871668
P_271178,19,0.873799
P_271180,10,0.873861
P_271210,10,0.878077
P_271211,6,0.866125
P_271214,5,0.852963
P_271219,12,0.849819
P_271221,8,0.862705
P_271222,8,0.864233
P_27126,7,0.891216
P_271299,10,0.851745
P_271308,8,0.894215
P_271341,2,0.890920
P_27142,5,0.901793
P_271426,11,0.840699
P_271438,10,0.877972
P_271441,5,0.853656
P_271442,18,0.811746
P_271451,11,0.818067
P_271454,14,0.886618
P_271456,11,0.880157
P_271462,9,0.889698
P_27157,11,0.880899
P_271597,7,0.877875
P_27164,5,0.855983
P_271646,5,0.872155
P_27165,11,0.861490
P_27167,7,0.836122
P_271672,17,0.872353
P_271685,3,0.854616
P_27172,5,0.849986
P_271933,12,0.843203
P_271939,18,0.858392
P_271940,21,0.847942
P_271946,7,0.842771
P_271947,9,0.848726
P_271980,2,0.857014
P_271983,4,0.836985
P_272,13,0.867022
P_272275,8,0.888415
P_272323,8,0.858605
P_272476,6,0.857919
P_272515,7,0.843204
P_27252,6,0.872906
P_272536,4,0.876522
P_272793,11,0.887516
P_27289,3,0.858183
P_272964,9,0.874790
P_273087,7,0.886494
P_27314,8,0.882467
P_273212,19,0.851139
P_273223,18,0.847878
P_273233,16,0.850562
P_27328,5,0.852510
P_273302,7,0.866775
P_273316,8,0.852090
P_273330,5,0.865097
P_273348,4,0.894502
P_27342,15,0.858103
P_273427,4,0.873950
P_27345,12,0.875216
P_2735,0,0.898716
P_273591,7,0.865005
P_273651,6,0.850889
P_273658,3,0.897132
P_27373,8,0.868605
P_273766,8,0.881571
P_273776,9,0.867885
P_273779,7,0.882523
P_273799,9,0.871434
P_274061,4,0.874820
P_274110,10,0.842775
P_274303,10,0.880817
P_274309,2,0.871185
P_274316,10,0.873814
P_274328,10,0.847367
P_274362,1,0.892159
P_274468,8,0.846894
P_274470,5,0.870542
P_274516,14,0.838857
P_274522,16,0.847985
P_27477,5,0.871675
P_27488,18,0.877529
P_274922,5,0.882296
P_275,5,0.901708
P_27501,2,0.874759
P_27508,11,0.873719
P_275091,13,0.876211
P_27514,7,0.880929
P_275174,12,0.872559
P_275179,13,0.872334
P_275186,6,0.876813
P_275232,3,0.894321
P_275271,18,0.880475
P_275387,4,0.865908
P_275410,5,0.863799
P_275418,6,0.895170
P_275595,13,0.824177
P_275596,12,0.832664
P_275597,11,0.847024
P_275598,12,0.849728
P_275599,6,0.844315
P_275601,16,0.841282
P_275602,10,0.830820
P_27566,6,0.881295
P_275680,13,0.854905
P_275686,5,0.872185
P_275830,9,0.884851
P_275831,17,0.865896
P_275832,12,0.878889
P_2759,9,0.842141
P_275953,12,0.854925
P_27602,8,0.863812
P_27604,8,0.846522
P_27608,17,0.880756
P_27609,13,0.850073
P_276212,5,0.859084
P_276217,6,0.854661
P_27641,6,0.882494
P_276435,6,0.869152
P_276448,6,0.873596
P_27651,11,0.892198
P_276515,11,0.846021
P_276517,9,0.852051
P_276535,8,0.849648
P_276653,13,0.890759
P_276684,1,0.904593
P_2767,15,0.880927
P_276704,12,0.856851
P_276735,10,0.869321
P_276776,4,0.892459
P_276802,7,0.888561
P_276866,7,0.893701
P_276890,10,0.895646
P_276967,13,0.863805
P_277062,8,0.874532
P_2771,6,0.888785
P_277113,13,0.887563
P_277123,3,0.892412
P_277233,6,0.867107
P_277331,14,0.863090
P_27734,3,0.891672
P_277360,13,0.881249
P_27742,12,0.891314
P_27747,11,0.872377
P_277476,5,0.858231
P_277535,6,0.877847
P_277537,16,0.853771
P_277541,6,0.857795
P_277612,10,0.860079
P_277719,15,0.843740
P_277753,11,0.847267
P_277827,11,0.846460
P_277842,6,0.862634
P_277843,9,0.881975
P_277872,6,0.860765
P_27790,14,0.869611
P_277962,9,0.851025
P_278,5,0.872403
P_278003,7,0.883270
P_27847,16,0.896333
P_278600,17,0.861320
P_278601,7,0.832222
P_278726,9,0.802444
P_278730,6,0.873764
P_278742,17,0.866088
P_278753,8,0.880418
P_278810,9,0.845679
P_278842,8,0.865373
P_278860,17,0.862100
P_278861,8,0.858101
P_278916,11,0.875016
P_278924,13,0.832437
P_278975,9,0.850344
P_279015,7,0.889476
P_27903,7,0.876714
P_27904,13,0.871098
P_27905,4,0.876142
P_27906,9,0.883636
P_279075,3,0.857379
P_27908,10,0.870617
P_27912,16,0.840023
P_279147,4,0.871470
P_279148,12,0.884978
P_27919,2,0.865186
P_27920,8,0.876736
P_279284,11,0.854137
P_279287,10,0.845627
P_279290,9,0.852783
P_279303,5,0.835685
P_279304,10,0.850831
P_279307,11,0.847139
P_279308,8,0.823461
P_279313,8,0.812638
P_279316,13,0.848961
P_279318,6,0.848552
P_279319,15,0.837301
P_279485,15,0.884257
P_279611,6,0.797987
P_279616,13,0.811659
P_279792,10,0.880997
P_279794,14,0.869930
P_279841,9,0.895147
P_279843,4,0.885077
P_279857,15,0.827187
P_279858,21,0.847446
P_279884,3,0.879379
P_279889,12,0.877320
P_279890,14,0.859164
P_279912,15,0.846615
P_279921,4,0.899378
P_279973,6,0.887487
P_279974,2,0.856002
P_279998,9,0.841229
P_280102,11,0.895871
P_280159,5,0.891369
P_28017,3,0.870904
P_280176,8,0.899643
P_280343,8,0.874553
P_280391,2,0.868907
P_280395,14,0.861736
P_280502,2,0.877755
P_280586,6,0.893556
P_280678,21,0.859294
P_28070,8,0.886413
P_280734,7,0.886257
P_28082,8,0.881601
P_280846,11,0.860306
P_280950,8,0.880258
P_280974,8,0.889558
P_280975,9,0.873072
P_281009,4,0.834689
P_281014,10,0.852007
P_28109,6,0.878077
P_28110,5,0.887782
P_281154,8,0.873230
P_281156,6,0.884772
P_281158,5,0.847106
P_281196,7,0.874825
P_281223,4,0.864027
P_281401,10,0.872684
P_281511,8,0.904357
P_281552,6,0.789810
P_281569,18,0.869088
P_28165,7,0.865886
P_281722,6,0.862860
P_281800,6,0.885400
P_28184,11,0.883961
P_281856,10,0.856173
P_281862,11,0.879647
P_281990,11,0.853857
P_281993,13,0.882289
P_282344,15,0.851988
P_282442,13,0.883369
P_282478,6,0.860378
P_282480,4,0.851780
P_282624,7,0.870084
P_28274,6,0.871218
P_282759,7,0.879569
P_282812,13,0.839277
P_282819,2,0.804938
P_282844,9,0.850257
P_283014,12,0.839575
P_283015,13,0.840297
P_283016,7,0.830154
P_283017,10,0.826553
P_283019,3,0.809182
P_283020,17,0.863027
P_283022,3,0.864264
P_283049,5,0.847242
P_283160,7,0.892841
P_283261,13,0.879900
P_283262,4,0.891707
P_283325,6,0.842487
P_283329,6,0.833691
P_283388,7,0.897994
P_283400,7,0.877159
P_283401,9,0.858084
P_283421,12,0.858717
P_283458,7,0.862734
P_283461,9,0.861607
P_283475,5,0.880540
P_283568,10,0.863234
P_283614,18,0.866384
P_283618,11,0.852221
P_283647,6,0.853220
P_283664,14,0.862454
P_283666,19,0.847626
P_283739,16,0.842963
P_283745,14,0.862814
P_283750,10,0.860315
P_28402,9,0.869462
P_284158,5,0.846804
P_28423,5,0.854384
P_284235,4,0.898180
P_28424,4,0.870548
P_284259,10,0.835069
P_284269,10,0.896045
P_284415,6,0.838279
P_284416,18,0.869074
P_284422,13,0.850366
P_284758,11,0.848763
P_284810,5,0.892784
P_28486,3,0.849460
P_28493,3,0.847159
P_28495,11,0.886720
P_285096,9,0.888675
P_285108,5,0.889405
P_285109,5,0.889116
P_285130,6,0.902029
P_28522,8,0.855918
P_28523,3,0.907181
P_285234,11,0.852911
P_28525,13,0.887752
P_285328,7,0.886114
P_285329,4,0.877925
P_28540,10,0.869860
P_28547,8,0.855896
P_2855,11,0.895277
P_285520,9,0.829399
P_285622,13,0.872936
P_28563,8,0.868365
P_285692,3,0.890623
P_285843,5,0.883510
P_285880,3,0.895929
P_285938,10,0.880625
P_286089,3,0.869728
P_286161,13,0.873764
P_28633,9,0.856414
P_28635,5,0.867002
P_286524,10,0.834574
P_286528,9,0.829215
P_286611,11,0.888181
P_286637,10,0.833160
P_286638,8,0.818008
P_286639,9,0.864724
P_286640,7,0.866951
P_286642,5,0.859505
P_286643,10,0.862450
P_286658,8,0.850552
P_286660,17,0.877618
P_286698,3,0.876619
P_286724,4,0.879055
P_286726,8,0.880781
P_286810,5,0.788085
P_286812,10,0.855197
P_287008,8,0.879463
P_287010,4,0.876364
P_287035,7,0.836058
P_28707,9,0.898296
P_287098,3,0.884617
P_287103,14,0.883972
P_287152,4,0.865574
P_287190,7,0.854201
P_287207,12,0.863632
P_28723,7,0.856782
P_28726,11,0.869371
P_28727,12,0.878771
P_28733,2,0.902325
P_287391,8,0.883836
P_287410,10,0.862655
P_287459,1,0.854557
P_287575,10,0.879002
P_287634,11,0.844561
P_287726,8,0.885205
P_28778,7,0.869470
P_287832,4,0.882460
P_28784,6,0.841639
P_287858,14,0.876146
P_28787,14,0.860544
P_287901,6,0.873487
P_287997,13,0.894121
P_288015,9,0.846666
P_288063,12,0.836734
P_288107,10,0.891823
P_28828,4,0.862251
P_288336,18,0.858020
P_288368,1,0.894748
P_288370,11,0.890195
P_288371,10,0.886445
P_288372,7,0.893242
P_288433,6,0.864840
P_288454,5,0.904080
P_288542,7,0.860891
P_288543,13,0.853740
P_288622,14,0.868711
P_288628,19,0.863585
P_288724,1,0.877399
P_28876,9,0.874647
P_288772,9,0.867950
P_288790,6,0.882935
P_288943,4,0.854100
P_289030,5,0.864685
P_289048,11,0.859371
P_289084,4,0.847506
P_289098,11,0.862624
P_28914,10,0.875787
P_289175,5,0.835812
P_289314,14,0.847109
P_28934,4,0.861792
P_289421,9,0.865562
P_289485,10,0.881589
P_289491,12,0.875476
P_28950,4,0.828982
P_289623,18,0.850890
P_289628,13,0.850903
P_289638,19,0.846099
P_289737,10,0.848303
P_28976,3,0.873682
P_289780,11,0.851566
P_289784,9,0.837024
P_289785,13,0.812091
P_289792,7,0.838947
P_289793,17,0.874492
P_28991,9,0.901691
P_28994,8,0.882893
P_289949,3,0.853984
P_2901,7,0.863180
P_290213,12,0.874311
P_290247,8,0.857406
P_290275,12,0.886167
P_290357,8,0.893748
P_290370,11,0.839140
P_29039,4,0.882434
P_290416,11,0.896868
P_290520,8,0.882486
P_290542,15,0.853519
P_29055,11,0.879537
P_29061,11,0.845989
P_29067,25,0.852774
P_290731,7,0.839108
P_29075,14,0.856969
P_29078,8,0.858903
P_29080,12,0.866511
P_290844,3,0.849764
P_290848,8,0.857623
P_290865,9,0.878279
P_29096,5,0.905098
P_290973,5,0.871447
P_290991,9,0.857144
P_290992,14,0.859121
P_290993,8,0.860923
P_290994,16,0.856537
P_291006,16,0.847080
P_291007,18,0.834427
P_291034,17,0.848501
P_291044,10,0.816936
P_29108,9,0.887369
P_29110,15,0.886526
P_291145,13,0.892803
P_29115,6,0.880731
P_291190,16,0.817854
P_291194,11,0.814427
P_291196,6,0.853749
P_291209,9,0.862434
P_29121,5,0.819276
P_29130,7,0.877929
P_29131,15,0.844904
P_2914,11,0.891899
P_291404,13,0.807069
P_291445,10,0.877088
P_291452,19,0.875162
P_291507,11,0.893238
P_29157,2,0.851200
P_291619,13,0.826471
P_291620,6,0.810216
P_29163,5,0.837291
P_291676,5,0.884263
P_291677,10,0.868315
P_291857,14,0.879485
P_291874,5,0.902840
P_291936,7,0.867643
P_291938,15,0.871002
P_29201,9,0.866545
P_29205,7,0.897612
P_292066,12,0.871007
P_292074,12,0.875218
P_292113,12,0.848041
P_292133,5,0.887957
P_292219,13,0.863277
P_292306,15,0.876510
P_292310,7,0.888038
P_29237,14,0.888051
P_292414,12,0.852606
P_292467,6,0.884350
P_292569,3,0.846749
P_292570,11,0.875620
P_292573,9,0.869611
P_292581,15,0.889904
P_292654,4,0.851063
P_292655,5,0.877952
P_292657,8,0.863277
P_292660,17,0.881459
P_292681,19,0.839552
P_292685,6,0.873064
P_292689,10,0.882704
P_292690,13,0.855409
P_292695,4,0.855635
P_292704,9,0.803845
P_292705,9,0.871767
P_292706,12,0.833874
P_292711,15,0.860571
P_292714,8,0.859790
P_292717,12,0.863617
P_292740,6,0.889147
P_292769,8,0.898235
P_292773,4,0.834208
P_292776,14,0.867236
P_292807,5,0.866735
P_292861,10,0.881270
P_2929,4,0.865942
P_292916,10,0.892886
P_292938,9,0.867935
P_292966,12,0.873476
P_292968,9,0.839686
P_292978,13,0.847165
P_29299,4,0.885068
P_2931,10,0.861834
P_2933,10,0.890328
P_293409,7,0.867499
P_293410,3,0.870907
P_293415,16,0.848128
P_293419,11,0.844478
P_293427,15,0.847595
P_293487,25,0.856814
P_293558,8,0.896609
P_293564,9,0.873765
P_293582,3,0.887228
P_293596,13,0.865523
P_293612,8,0.852869
P_29362,7,0.893816
P_293631,14,0.883260
P_293633,2,0.864431
P_293643,10,0.875545
P_293648,5,0.844259
P_29366,7,0.861150
P_293668,5,0.860651
P_293669,5,0.882145
P_293680,11,0.870377
P_29372,14,0.875608
P_29380,11,0.862626
P_294264,11,0.842297
P_294283,10,0.900442
P_294362,16,0.863364
P_29457,9,0.869155
P_294654,14,0.866593
P_294768,11,0.881082
P_294819,7,0.893347
P_29486,9,0.859333
P_294866,9,0.874264
P_29487,18,0.861121
P_294870,14,0.884052
P_294882,9,0.860747
P_294917,5,0.859034
P_294979,3,0.886185
P_294999,16,0.892123
P_295012,5,0.863923
P_29505,4,0.903708
P_295267,7,0.833943
P_295271,15,0.852786
P_295273,8,0.828157
P_295400,13,0.863229
P_295405,5,0.883259
P_295406,5,0.855312
P_295444,6,0.881019
P_295487,12,0.863570
P_295488,10,0.855811
P_295536,5,0.882112
P_295580,9,0.858132
P_295670,14,0.881604
P_295678,8,0.833421
P_295801,11,0.856501
P_295809,11,0.866875
P_295821,3,0.878354
P_295879,8,0.864679
P_29600,7,0.885467
P_296078,5,0.889829
P_296091,6,0.854824
P_296093,13,0.839520
P_296379,2,0.871866
P_296418,7,0.874025
P_296540,5,0.830546
P_296583,9,0.895976
P_2966,10,0.868358
P_296675,5,0.847150
P_29670,1,0.893278
P_2968,14,0.860700
P_296827,9,0.861700
P_296834,7,0.862326
P_296871,8,0.856878
P_2970,8,0.859463
P_297058,6,0.891015
P_297145,9,0.840939
P_297178,4,0.876218
P_297186,11,0.891016
P_297208,12,0.870584
P_297243,14,0.862502
P_297318,9,0.885027
P_297335,11,0.832762
P_297336,13,0.838580
P_29734,3,0.866507
P_297386,9,0.855481
P_297388,7,0.871208
P_2974,13,0.887175
P_297532,11,0.888303
P_2976,7,0.888600
P_297682,9,0.877737
P_297685,6,0.859678
P_297739,13,0.844409
P_297740,4,0.844331
P_297762,3,0.869000
P_29810,8,0.880480
P_298104,11,0.877580
P_298134,12,0.855455
P_298138,8,0.841903
P_298143,18,0.829652
P_298154,15,0.842325
P_298182,6,0.862198
P_298311,2,0.839013
P_29838,8,0.902107
P_298392,4,0.867222
P_298540,9,0.870623
P_298571,0,0.860702
P_2986,9,0.859931
P_298621,10,0.839016
P_298622,16,0.876209
P_298651,10,0.836247
P_298659,11,0.884642
P_298664,5,0.848044
P_298681,6,0.875809
P_298701,4,0.867342
P_298702,7,0.870851
P_298747,8,0.868671
P_298749,3,0.876122
P_298786,8,0.895647
P_298812,2,0.893034
P_298834,6,0.849401
P_298868,9,0.856450
P_298874,12,0.852092
P_299,9,0.876547
P_299084,14,0.883374
P_299119,18,0.868711
P_299224,12,0.854966
P_299226,9,0.861492
P_299285,7,0.827562
P_29929,5,0.885762
P_299300,7,0.839652
P_299351,12,0.885639
P_29942,9,0.866997
P_299425,2,0.885546
P_299438,11,0.895927
P_299477,1,0.808461
P_29950,10,0.887701
P_299501,8,0.882642
P_299739,8,0.881480
P_299742,19,0.893691
P_299760,1,0.864722
P_299875,6,0.829123
P_299936,11,0.862072
P_300048,6,0.885868
P_300071,13,0.869003
P_300119,1,0.893342
P_300139,21,0.881007
P_300144,3,0.866357
P_300170,5,0.851309
P_300182,10,0.873298
P_300183,7,0.853751
P_300400,5,0.899568
P_300409,10,0.826756
P_30045,7,0.880312
P_300456,8,0.876293
P_300795,6,0.874186
P_3008,1,0.870278
P_300808,10,0.894031
P_300810,10,0.885961
P_301071,10,0.892753
P_30108,10,0.887436
P_301292,3,0.892739
P_301389,8,0.883481
P_301422,9,0.898412
P_30145,5,0.854851
P_30148,5,0.850243
P_30149,4,0.866282
P_301636,3,0.868532
P_30176,7,0.872570
P_301782,6,0.871271
P_301783,4,0.882909
P_30180,7,0.861734
P_301816,4,0.886033
P_301821,27,0.848210
P_30183,3,0.831780
P_30186,15,0.855608
P_301921,4,0.860009
P_301976,9,0.860740
P_302072,8,0.875648
P_302089,5,0.870187
P_30209,13,0.858351
P_30210,4,0.857555
P_302102,10,0.899632
P_302162,5,0.901724
P_302184,8,0.880066
P_302213,10,0.894636
P_302249,6,0.839583
P_30226,8,0.881508
P_30230,11,0.852128
P_30232,18,0.868869
P_30235,9,0.869019
P_30236,5,0.851415
P_302370,7,0.865749
P_302389,5,0.891638
P_302435,14,0.838417
P_30246,8,0.813790
P_30256,17,0.854878
P_302688,5,0.872555
P_302692,6,0.862200
P_302710,2,0.891154
P_302713,8,0.884780
P_30273,4,0.896974
P_302993,10,0.856000
P_30309,7,0.860861
P_303253,7,0.868115
P_30326,6,0.888114
P_303328,20,0.894346
P_303432,15,0.874918
P_30344,8,0.898504
P_30360,16,0.871097
P_303689,20,0.876576
P_303873,2,0.888190
P_303921,9,0.865877
P_303954,4,0.858751
P_303967,12,0.871044
P_3040,6,0.883382
P_304107,6,0.893697
P_304221,5,0.856988
P_30424,13,0.875073
P_304311,15,0.871642
P_304347,12,0.859633
P_30436,11,0.884214
P_304381,15,0.842741
P_304502,8,0.829897
P_304513,8,0.856324
P_304662,7,0.867523
P_304727,12,0.845423
P_30476,10,0.881037
P_30478,10,0.881342
P_304892,6,0.869787
P_304897,5,0.889593
P_304900,12,0.868950
P_304915,3,0.885009
P_304919,7,0.876939
P_30492,3,0.895111
P_304928,16,0.794394
P_30493,11,0.895377
P_305205,5,0.872163
P_305210,4,0.852721
P_305265,13,0.899466
P_305409,7,0.889179
P_305422,4,0.869866
P_30552,8,0.859022
P_30553,3,0.875005
P_305532,14,0.865662
P_305586,4,0.866587
P_305625,9,0.900135
P_305663,9,0.798261
P_305696,4,0.832679
P_3057,9,0.881868
P_305915,5,0.899416
P_3061,7,0.880402
P_306190,19,0.830774
P_306192,6,0.877522
P_306196,16,0.842171
P_306197,15,0.842522
P_306198,13,0.868458
P_306200,7,0.869514
P_306204,10,0.832055
P_306205,4,0.863261
P_306207,16,0.821053
P_306208,8,0.856118
P_306211,17,0.833225
P_306218,7,0.832463
P_30623,9,0.894021
P_306234,7,0.840083
P_306256,3,0.883372
P_3063,7,0.871570
P_306434,10,0.869355
P_306455,4,0.903429
P_306462,7,0.894556
P_30653,2,0.900928
P_30668,15,0.857570
P_30678,12,0.886036
P_306795,15,0.883427
P_306950,6,0.890463
P_306952,10,0.875676
P_307102,7,0.872333
P_307230,10,0.883348
P_307240,7,0.884267
P_307314,2,0.892335
P_307369,3,0.844096
P_307396,13,0.895703
P_307429,9,0.862764
P_307454,2,0.883241
P_307473,14,0.881983
P_307583,8,0.869045
P_3077,10,0.862929
P_307769,10,0.901788
P_307800,6,0.854882
P_307960,3,0.835916
P_307999,1,0.873889
P_308000,11,0.879879
P_308296,12,0.854161
P_308315,9,0.861655
P_308414,7,0.826696
P_30849,3,0.861409
P_30855,5,0.901758
P_308565,4,0.859868
P_308718,10,0.830134
P_308822,3,0.887653
P_308838,11,0.893969
P_309150,1,0.903929
P_30917,13,0.868792
P_30918,14,0.851477
P_309281,10,0.872294
P_3093,2,0.881757
P_309322,6,0.882528
P_309350,12,0.876647
P_309427,5,0.853616
P_309430,4,0.865716
P_309491,4,0.872459
P_309650,3,0.858948
P_3097,5,0.876475
P_309730,4,0.887155
P_309741,6,0.809753
P_309744,13,0.841886
P_309746,6,0.844228
P_309756,19,0.869625
P_309796,17,0.883296
P_3098,5,0.873960
P_309801,12,0.896775
P_309822,6,0.875304
P_309845,11,0.876455
P_309872,4,0.879971
P_309959,11,0.882237
P_31002,7,0.825177
P_310022,10,0.881377
P_310024,11,0.849629
P_31003,6,0.851962
P_310033,10,0.881377
P_310037,7,0.889977
P_310041,9,0.853485
P_310045,12,0.861730
P_310055,11,0.841616
P_310115,5,0.854596
P_310201,10,0.844798
P_310252,4,0.891829
P_310271,7,0.901229
P_310394,4,0.868181
P_3104,6,0.872416
P_310474,9,0.899410
P_310614,7,0.899717
P_310617,12,0.897700
P_310729,4,0.900528
P_310772,8,0.853481
P_310840,5,0.891370
P_310927,14,0.840573
P_31094,12,0.862704
P_31097,1,0.831442
P_311013,0,0.876690
P_311051,0,0.873446
P_311179,7,0.850742
P_311181,15,0.840484
P_311233,4,0.840668
P_311235,6,0.871983
P_311372,9,0.895789
P_31159,1,0.885806
P_311731,12,0.884728
P_311898,1,0.865715
P_31192,16,0.830218
P_312116,2,0.856433
P_312134,6,0.869997
P_31216,5,0.872928
P_312371,8,0.883798
P_312503,7,0.812938
P_312526,11,0.863083
P_312651,15,0.877517
P_312807,14,0.872042
P_312851,5,0.874155
P_313220,12,0.827452
P_31327,14,0.894125
P_31330,8,0.883405
P_31332,10,0.898095
P_313329,8,0.891510
P_313338,8,0.841300
P_31337,5,0.854687
P_313376,8,0.868395
P_31344,5,0.861207
P_31346,4,0.841067
P_313494,8,0.875954
P_31350,11,0.853107
P_313506,1,0.897593
P_31351,10,0.887366
P_31352,12,0.860082
P_31354,10,0.857951
P_313586,12,0.905501
P_31360,14,0.875302
P_313602,6,0.867203
P_31384,13,0.897299
P_31385,4,0.883827
P_313911,13,0.877707
P_313927,13,0.818598
P_313996,5,0.872316
P_314,5,0.889628
P_314014,7,0.871508
P_314176,1,0.874558
P_314487,4,0.866201
P_314494,8,0.888849
P_314497,3,0.868040
P_3145,8,0.862890
P_314507,3,0.872532
P_3146,14,0.846577
P_314618,3,0.870045
P_314702,9,0.846362
P_314714,6,0.846035
P_314756,11,0.873629
P_314765,10,0.879833
P_314790,5,0.872483
P_314818,9,0.872860
P_314859,13,0.851607
P_314878,3,0.887500
P_314928,6,0.871921
P_314978,3,0.841602
P_314990,17,0.838998
P_315090,11,0.875777
P_315259,9,0.871990
P_315265,6,0.860587
P_315306,5,0.858690
P_315365,11,0.866349
P_31548,11,0.879212
P_315481,16,0.850646
P_315482,13,0.840947
P_31569,2,0.868883
P_315744,5,0.851727
P_315759,5,0.821399
P_315762,11,0.852626
P_315775,18,0.899978
P_315818,8,0.868892
P_315820,3,0.875529
P_315932,9,0.879995
P_315966,9,0.899559
P_316010,9,0.890075
P_316064,7,0.862552
P_316082,14,0.852023
P_31612,15,0.868331
P_316159,5,0.887483
P_316170,8,0.893489
P_316175,8,0.873001
P_316192,17,0.841816
P_316195,14,0.863493
P_3162,6,0.879805
P_316231,9,0.875833
P_316232,16,0.867700
P_316241,4,0.883453
P_316293,5,0.867681
P_31633,8,0.878368
P_316386,5,0.887718
P_316521,14,0.849563
P_316763,17,0.865621
P_316816,6,0.883388
P_316827,5,0.883988
P_316935,7,0.875861
P_316937,8,0.864678
P_316984,14,0.851553
P_316985,17,0.872633
P_31702,9,0.853946
P_31704,10,0.841480
P_317214,2,0.881454
P_31725,5,0.866449
P_317294,4,0.866198
P_31731,16,0.837900
P_31734,3,0.863829
P_31737,10,0.815271
P_317373,6,0.861320
P_317374,13,0.844218
P_31738,17,0.871321
P_31739,10,0.846227
P_3174,5,0.856692
P_317503,3,0.879312
P_31754,11,0.856443
P_317572,8,0.863359
P_317782,4,0.878103
P_31801,9,0.867161
P_318020,6,0.886088
P_31803,10,0.857073
P_318050,10,0.848324
P_31807,7,0.885570
P_318097,12,0.873807
P_31812,9,0.887959
P_318168,13,0.856056
P_318185,7,0.860676
P_318326,3,0.874686
P_318331,9,0.882662
P_318368,15,0.879256
P_318410,5,0.866465
P_318534,6,0.882347
P_318578,8,0.850194
P_318629,3,0.882865
P_318891,11,0.861632
P_318892,7,0.888558
P_318901,13,0.880011
P_318910,6,0.881281
P_318921,15,0.867399
P_318923,14,0.848849
P_31894,3,0.882843
P_319129,7,0.857265
P_31914,7,0.902559
P_319145,15,0.847599
P_319152,11,0.849763
P_319177,8,0.838110
P_319212,6,0.843084
P_319232,6,0.890494
P_31928,6,0.890710
P_319284,6,0.881928
P_319330,10,0.872474
P_319335,11,0.833071
P_319806,7,0.848230
P_320017,11,0.864005
P_320076,7,0.846074
P_320095,10,0.842770
P_320099,7,0.877657
P_320214,6,0.878252
P_320221,10,0.891200
P_320226,7,0.896878
P_320258,8,0.890539
P_320278,14,0.796491
P_320280,10,0.870592
P_3203,11,0.887962
P_320342,15,0.847042
P_320357,5,0.888602
P_32039,16,0.870173
P_320406,11,0.830342
P_32043,5,0.866271
P_320490,2,0.876049
P_32050,4,0.873557
P_32053,5,0.897124
P_32055,3,0.845131
P_320556,8,0.873585
P_320568,5,0.864430
P_320571,12,0.893874
P_32060,4,0.892465
P_320612,5,0.864452
P_320622,20,0.847890
P_32072,11,0.870199
P_320723,5,0.897244
P_32074,3,0.899008
P_3211,8,0.876804
P_321141,5,0.859786
P_321186,8,0.870826
P_321190,17,0.875709
P_321226,7,0.885137
P_321230,7,0.902644
P_32128,11,0.889853
P_321347,3,0.855803
P_321414,9,0.873609
P_321425,12,0.845728
P_321518,13,0.886631
P_32155,4,0.843136
P_321559,17,0.860213
P_321563,10,0.872338
P_321620,8,0.896135
P_321732,15,0.849039
P_321797,3,0.895084
P_321871,1,0.854888
P_321973,8,0.882303
P_32199,6,0.897011
P_322002,11,0.873828
P_32202,7,0.889010
P_32203,1,0.899699
P_3221,9,0.887422
P_32211,4,0.841892
P_3222,8,0.860137
P_322230,20,0.828889
P_322232,5,0.859129
P_322233,11,0.875123
P_322256,12,0.867102
P_322257,7,0.875165
P_322413,8,0.858249
P_322477,8,0.890360
P_32249,4,0.887087
P_32255,6,0.892686
P_322642,4,0.890270
P_32270,8,0.854682
P_322714,3,0.884024
P_322796,6,0.870239
P_322798,8,0.868398
P_322800,4,0.888317
P_322803,5,0.855148
P_32284,16,0.851619
P_32287,2,0.872246
P_322870,3,0.895297
P_322895,14,0.874954
P_32301,7,0.876274
P_323142,10,0.888143
P_323200,8,0.874439
P_32340,12,0.871541
P_323488,3,0.889999
P_323537,11,0.903719
P_323666,2,0.828410
P_32381,8,0.862799
P_323904,16,0.885794
P_323919,6,0.895999
P_32393,14,0.883634
P_323938,6,0.868863
P_32401,11,0.894715
P_324048,4,0.875060
P_32408,6,0.874644
P_324102,2,0.836867
P_324126,9,0.865568
P_324332,14,0.879764
P_3244,1,0.884987
P_324429,8,0.845902
P_324479,9,0.867294
P_324634,8,0.858267
P_324874,13,0.852441
P_324884,5,0.870217
P_325177,14,0.866372
P_325192,13,0.870298
P_32531,10,0.863487
P_32534,4,0.887831
P_32535,2,0.873249
P_32539,8,0.882504
P_325457,17,0.882644
P_3255,9,0.882081
P_32552,15,0.848373
P_32553,6,0.810118
P_325579,13,0.845258
P_325679,4,0.871821
P_325685,9,0.886972
P_325711,6,0.873518
P_325746,8,0.860202
P_325788,14,0.842559
P_325842,10,0.834487
P_325881,7,0.892924
P_325914,5,0.838022
P_32595,5,0.869952
P_32613,7,0.864765
P_32630,8,0.886240
P_326354,7,0.871934
P_326367,6,0.888756
P_3264,6,0.856492
P_326446,7,0.856122
P_32646,3,0.861565
P_326463,6,0.840571
P_32647,11,0.860882
P_326490,11,0.880833
P_3266,14,0.880530
P_326673,7,0.854230
P_32679,11,0.855177
P_326829,4,0.865641
P_326854,4,0.839287
P_326862,6,0.866246
P_326907,20,0.872827
P_3270,5,0.875688
P_32711,18,0.855300
P_327160,9,0.866811
P_327198,11,0.864749
P_327225,9,0.901730
P_327238,5,0.847301
P_327310,6,0.893268
P_327362,15,0.859947
P_327459,8,0.795314
P_327572,8,0.901171
P_327574,4,0.886137
P_327671,19,0.872333
P_327717,7,0.842077
P_32778,6,0.899177
P_327901,7,0.889883
P_327944,6,0.888135
P_328245,2,0.897534
P_328247,9,0.848059
P_328254,12,0.862703
P_328263,14,0.853334
P_328436,12,0.886188
P_328467,12,0.876950
P_328552,9,0.880060
P_328681,6,0.879463
P_32871,6,0.839185
P_32881,5,0.883279
P_328983,2,0.882753
P_328984,12,0.848042
P_32904,4,0.851254
P_329074,6,0.861058
P_329150,1,0.885151
P_329254,10,0.863124
P_329279,7,0.869455
P_329327,3,0.897529
P_329333,2,0.877689
P_329353,11,0.865392
P_329539,9,0.868001
P_329647,6,0.866278
P_329650,8,0.872521
P_329651,13,0.889155
P_329813,6,0.866127
P_329867,5,0.888786
P_329977,13,0.878615
P_329978,7,0.873026
P_329987,6,0.875787
P_330011,4,0.871402
P_330012,15,0.871640
P_330013,9,0.879267
P_330014,4,0.871906
P_330056,8,0.877109
P_330057,5,0.794668
P_330059,8,0.855548
P_330119,15,0.869584
P_330133,9,0.818723
P_330220,2,0.855163
P_330349,8,0.874057
P_330362,12,0.873616
P_330534,4,0.880648
P_330572,10,0.876774
P_330645,9,0.867532
P_330661,6,0.874141
P_330797,5,0.839666
P_330864,11,0.858674
P_330884,11,0.865394
P_330886,3,0.833544
P_33110,6,0.892202
P_331161,3,0.878214
P_331239,19,0.859674
P_33124,23,0.870990
P_331240,7,0.880450
P_331245,0,0.836807
P_331435,7,0.877892
P_331535,9,0.892403
P_331537,13,0.843883
P_331671,12,0.882846
P_331684,6,0.859624
P_331749,10,0.820929
P_331751,15,0.865746
P_331769,3,0.877575
P_332025,13,0.890743
P_332026,4,0.891786
P_332093,3,0.887321
P_33213,16,0.848875
P_33215,14,0.844171
P_332213,10,0.878940
P_33235,5,0.854803
P_33236,6,0.851111
P_332739,8,0.881781
P_332778,2,0.884941
P_33305,4,0.891024
P_333360,15,0.844080
P_333362,23,0.874105
P_333387,7,0.861032
P_333388,8,0.856980
P_333458,6,0.828948
P_333459,8,0.849677
P_333460,15,0.844149
P_333461,9,0.855938
P_333464,17,0.860340
P_333466,14,0.832191
P_333635,4,0.875576
P_33364,8,0.869107
P_333695,12,0.859903
P_333703,12,0.859903
P_333756,11,0.889514
P_333820,4,0.862083
P_333827,13,0.831807
P_333828,20,0.822331
P_333890,10,0.869739
P_333897,2,0.867964
P_3339,3,0.845138
P_333901,9,0.888043
P_333902,16,0.872439
P_333905,9,0.846958
P_333926,10,0.892975
P_333952,4,0.861528
P_333986,7,0.861960
P_334016,6,0.881714
P_334029,16,0.859392
P_334032,13,0.867721
P_334060,21,0.830601
P_334061,10,0.853252
P_334064,9,0.839302
P_334067,14,0.857666
P_334091,7,0.871629
P_334094,13,0.873764
P_334095,6,0.851717
P_334101,9,0.841246
P_334113,12,0.874897
P_334175,9,0.881058
P_334188,12,0.838537
P_334284,11,0.846106
P_334288,16,0.855168
P_334289,8,0.868462
P_334290,10,0.855406
P_334378,12,0.810802
P_334405,13,0.898209
P_334507,9,0.858607
P_334525,7,0.872544
P_334546,2,0.882478
P_334573,5,0.882142
P_334880,8,0.831669
P_334882,3,0.851255
P_3349,9,0.866278
P_33498,12,0.871615
P_335015,4,0.878553
P_335032,12,0.873777
P_335171,8,0.879040
P_335282,13,0.859467
P_335299,9,0.887374
P_3353,10,0.858138
P_335342,9,0.853339
P_335479,13,0.897722
P_335480,12,0.874056
P_335481,6,0.846506
P_335548,4,0.850298
P_335572,6,0.846603
P_335574,14,0.890373
P_335843,13,0.896855
P_335844,5,0.882035
P_335862,3,0.820889
P_335869,2,0.899540
P_335891,10,0.860265
P_335894,6,0.853348
P_335898,7,0.868050
P_336027,7,0.820200
P_336104,3,0.855460
P_33612,6,0.796611
P_3362,8,0.896107
P_336225,3,0.825520
P_3364,4,0.888458
P_336552,4,0.847254
P_336561,5,0.871525
P_336571,1,0.896026
P_3366,7,0.889938
P_336862,9,0.855875
P_336866,19,0.857375
P_3369,4,0.889339
P_336923,9,0.894072
P_336974,4,0.871938
P_336983,4,0.872262
P_337075,5,0.900042
P_337219,15,0.878410
P_337222,7,0.884221
P_337262,3,0.859698
P_337349,12,0.826831
P_337362,0,0.864157
P_337479,16,0.873957
P_337485,8,0.820832
P_337751,8,0.872031
P_337877,4,0.891425
P_337934,7,0.825397
P_337969,13,0.869094
P_33799,13,0.859351
P_337992,11,0.847817
P_33804,6,0.876415
P_338080,2,0.878454
P_338099,6,0.837711
P_338123,8,0.847282
P_338210,5,0.879241
P_33847,6,0.875827
P_338535,8,0.896528
P_338547,1,0.869139
P_338599,8,0.856902
P_338608,6,0.834496
P_338609,9,0.847330
P_338634,6,0.864931
P_338662,4,0.859894
P_338791,10,0.822999
P_339026,6,0.873267
P_339094,17,0.828830
P_339212,4,0.833441
P_339308,3,0.902041
P_339322,3,0.888735
P_339328,8,0.849394
P_339347,9,0.886053
P_33941,8,0.883640
P_339414,10,0.871124
P_33943,8,0.883592
P_339434,6,0.850968
P_339695,12,0.897541
P_339780,4,0.892544
P_339788,5,0.881188
P_339803,8,0.892276
P_339858,10,0.854468
P_339897,5,0.886065
P_340310,11,0.848375
P_340318,4,0.853691
P_340439,8,0.877717
P_340442,11,0.865049
P_340446,13,0.868488
P_340449,7,0.873759
P_340452,5,0.876215
P_340468,8,0.894399
P_340486,7,0.897002
P_340575,13,0.821517
P_340576,7,0.822075
P_340578,10,0.859812
P_340579,1,0.826590
P_340583,7,0.838388
P_340598,8,0.835973
P_340602,10,0.903922
P_340606,17,0.823756
P_340622,7,0.880185
P_340683,10,0.840811
P_340689,13,0.898027
P_340690,9,0.881987
P_340695,7,0.875900
P_340729,11,0.856659
P_340731,3,0.844720
P_340736,18,0.855230
P_340798,19,0.855510
P_340805,5,0.887583
P_340835,11,0.829003
P_340844,8,0.853002
P_340845,27,0.847929
P_340855,22,0.840628
P_340858,14,0.822380
P_34086,10,0.877622
P_340958,16,0.873061
P_340988,10,0.888857
P_340989,5,0.895182
P_340993,7,0.839711
P_341041,1,0.852153
P_341147,4,0.877082
P_3414,14,0.898529
P_34140,13,0.885680
P_341403,12,0.875086
P_341448,10,0.853748
P_34150,5,0.865178
P_341774,2,0.835916
P_34203,10,0.870121
P_342046,10,0.848835
P_342100,0,0.882568
P_34211,11,0.885771
P_34212,6,0.837002
P_342197,9,0.891458
P_342383,10,0.876568
P_342385,14,0.873998
P_342414,9,0.845236
P_34243,5,0.872152
P_342499,7,0.887978
P_342673,10,0.888099
P_342696,18,0.823536
P_342711,8,0.878560
P_342779,19,0.870378
P_342830,9,0.880086
P_342834,7,0.876497
P_342835,5,0.866378
P_34295,9,0.893342
P_343,8,0.862030
P_343016,18,0.842002
P_343068,8,0.868612
P_343075,6,0.871335
P_343177,2,0.878969
P_343346,17,0.845592
P_34343,5,0.892483
P_343443,8,0.890963
P_343462,13,0.869875
P_343504,9,0.878951
P_34353,10,0.857425
P_343780,14,0.864611
P_343787,7,0.867647
P_343818,11,0.882256
P_343849,13,0.830113
P_343874,1,0.855642
P_344020,2,0.795568
P_344024,3,0.801196
P_344035,18,0.871522
P_3441,12,0.888343
P_344325,10,0.869212
P_344326,19,0.853959
P_344381,7,0.868085
P_34445,8,0.903543
P_344641,10,0.859135
P_344642,8,0.834858
P_344643,6,0.833061
P_344644,13,0.848495
P_34466,12,0.904265
P_344713,7,0.847602
P_344723,8,0.833890
P_344728,7,0.872181
P_344729,1,0.863747
P_344759,10,0.899068
P_344798,7,0.872113
P_344831,9,0.852875
P_344848,6,0.885826
P_344914,6,0.890848
P_344918,11,0.848322
P_3450,7,0.887893
P_345001,12,0.881937
P_345002,12,0.874009
P_34505,7,0.867960
P_345075,14,0.836459
P_345136,14,0.847947
P_345137,5,0.847127
P_345144,15,0.838223
P_345147,11,0.888817
P_345213,10,0.875173
P_34522,9,0.866709
P_345220,11,0.867611
P_345227,6,0.892504
P_345377,6,0.873333
P_34540,3,0.849124
P_34541,3,0.875293
P_345459,13,0.896165
P_345488,6,0.899630
P_3455,7,0.858372
P_34550,7,0.869134
P_345538,11,0.871594
P_345637,13,0.883630
P_34568,5,0.894360
P_345809,3,0.882187
P_345810,8,0.875296
P_345813,4,0.894101
P_346013,16,0.840867
P_346027,14,0.863702
P_346035,3,0.896071
P_34604,8,0.890757
P_346235,7,0.843740
P_3463,3,0.889599
P_346402,9,0.850664
P_346410,10,0.851629
P_346474,14,0.815551
P_346476,27,0.805552
P_346478,8,0.788530
P_346482,6,0.829725
P_3467,4,0.885568
P_34674,5,0.877932
P_346861,6,0.882844
P_34700,13,0.869873
P_347012,10,0.877192
P_34702,9,0.871369
P_347029,3,0.857284
P_347082,20,0.863554
P_347116,4,0.868398
P_347118,3,0.880438
P_347160,7,0.867564
P_347198,7,0.890503
P_347199,12,0.876270
P_347204,8,0.841242
P_347310,2,0.849888
P_347389,17,0.869203
P_347393,19,0.884838
P_347503,7,0.849546
P_347520,14,0.876261
P_347567,14,0.878446
P_3476,7,0.892447
P_347637,7,0.842819
P_347654,5,0.850094
P_347687,10,0.882974
P_347773,9,0.894511
P_347779,16,0.844583
P_347799,3,0.901171
P_347864,9,0.848455
P_34788,9,0.866658
P_347904,19,0.864019
P_34791,8,0.869387
P_34792,6,0.883341
P_34795,13,0.853944
P_34797,6,0.885715
P_347984,11,0.883185
P_347987,4,0.902927
P_3480,8,0.888120
P_348033,11,0.834260
P_348034,12,0.847638
P_348086,6,0.851741
P_348093,15,0.856584
P_348239,9,0.874311
P_348252,6,0.882938
P_348259,14,0.805069
P_348329,8,0.893170
P_348331,7,0.901824
P_348459,4,0.884094
P_348815,15,0.874769
P_348844,9,0.891600
P_348856,8,0.860144
P_348914,11,0.876039
P_348985,10,0.875153
P_348986,10,0.866282
P_34907,15,0.851535
P_349075,11,0.842746
P_349111,9,0.876314
P_349166,6,0.883700
P_349279,4,0.878291
P_349307,11,0.854817
P_349308,10,0.850634
P_349311,9,0.870060
P_349312,14,0.833645
P_349313,10,0.828051
P_349315,22,0.850991
P_349368,8,0.847194
P_349374,16,0.865116
P_349375,17,0.853557
P_349376,17,0.867167
P_349391,10,0.871511
P_349393,13,0.875254
P_349394,10,0.863849
P_349399,10,0.843542
P_34940,6,0.824354
P_349483,3,0.900965
P_349536,6,0.857606
P_349633,5,0.894958
P_349647,13,0.844916
P_349717,12,0.841367
P_349787,13,0.860473
P_3498,5,0.868456
P_349837,6,0.879031
P_349979,9,0.873865
P_350006,7,0.877415
P_350160,9,0.812979
P_350162,15,0.844259
P_350305,4,0.875245
P_350392,3,0.888493
P_350484,7,0.849780
P_350672,7,0.870005
P_350674,9,0.853923
P_351047,5,0.894579
P_351108,9,0.871525
P_351112,6,0.883633
P_351114,5,0.858418
P_351115,10,0.865182
P_351121,5,0.871787
P_351157,6,0.874454
P_351183,4,0.838109
P_351191,10,0.877546
P_351218,5,0.864236
P_351222,3,0.896135
P_351270,13,0.867614
P_351280,3,0.894418
P_351300,10,0.880960
P_351301,11,0.865163
P_351306,6,0.832253
P_351320,8,0.863217
P_351373,8,0.881372
P_351374,8,0.897937
P_351377,7,0.893165
P_351380,6,0.876322
P_351383,15,0.888005
P_351386,3,0.882788
P_351387,8,0.885328
P_35139,7,0.868755
P_35141,5,0.853683
P_35145,8,0.872876
P_351459,4,0.879540
P_35146,3,0.894262
P_351472,6,0.901238
P_351498,13,0.895014
P_3515,2,0.883937
P_35151,11,0.885038
P_351571,7,0.897043
P_351626,12,0.883421
P_351686,10,0.901371
P_351798,5,0.891687
P_351799,8,0.872987
P_351810,8,0.879893
P_351826,6,0.900255
P_351827,6,0.896684
P_351833,3,0.888360
P_351850,11,0.865070
P_351861,5,0.897262
P_351895,6,0.874711
P_35190,9,0.866866
P_35206,12,0.873473
P_352102,7,0.847408
P_352104,2,0.870201
P_35214,8,0.867736
P_352146,20,0.834721
P_352147,12,0.837836
P_352148,11,0.848089
P_35215,11,0.850721
P_35217,10,0.874277
P_352194,8,0.880028
P_352274,1,0.820844
P_35232,7,0.860229
P_352419,4,0.863588
P_3529,10,0.871929
P_352910,7,0.836583
P_352975,9,0.851870
P_353097,9,0.866926
P_353231,8,0.840634
P_353232,5,0.870832
P_353319,6,0.840013
P_353668,15,0.866120
P_353734,7,0.858858
P_353736,4,0.869954
P_353737,13,0.834383
P_353787,4,0.877569
P_35389,10,0.868101
P_35405,3,0.869213
P_354088,13,0.896461
P_354091,2,0.887412
P_3541,15,0.898475
P_354148,7,0.850801
P_3542,15,0.891149
P_354295,9,0.853889
P_354296,9,0.868775
P_3543,7,0.829732
P_3545,8,0.873667
P_354692,1,0.848210
P_35472,3,0.856918
P_35473,11,0.877196
P_35475,5,0.899446
P_354763,16,0.859186
P_354779,4,0.865297
P_354833,4,0.837394
P_354846,8,0.844784
P_354850,8,0.834992
P_354860,10,0.882171
P_354918,14,0.863075
P_354919,2,0.886705
P_354921,13,0.829961
P_354922,13,0.845980
P_354923,5,0.872491
P_354938,15,0.877684
P_354956,1,0.867826
P_35505,16,0.896337
P_355087,11,0.891247
P_355161,9,0.851066
P_355166,19,0.872450
P_355194,13,0.894424
P_355195,7,0.884429
P_355267,7,0.896989
P_355271,20,0.851639
P_355295,16,0.873711
P_3553,9,0.869291
P_355301,8,0.859931
P_355304,6,0.872712
P_355307,7,0.882806
P_355369,6,0.887922
P_355399,19,0.865726
P_3554,7,0.856638
P_355404,12,0.879724
P_3555,6,0.877723
P_355576,5,0.894357
P_355577,3,0.894707
P_355578,6,0.883773
P_355584,8,0.883100
P_355585,9,0.878908
P_355608,6,0.884104
P_355664,7,0.843240
P_355665,9,0.840204
P_3557,7,0.883139
P_355763,9,0.880155
P_35579,14,0.849139
P_3558,11,0.851846
P_355811,12,0.877093
P_355834,10,0.857047
P_355984,7,0.869436
P_356008,10,0.890013
P_356115,7,0.895348
P_35615,8,0.880955
P_356152,11,0.871077
P_356154,10,0.812898
P_356164,9,0.814552
P_356165,10,0.817183
P_356180,13,0.834685
P_356193,22,0.873715
P_356216,11,0.841581
P_35633,10,0.873421
P_35636,9,0.880324
P_356409,12,0.862988
P_35649,2,0.843016
P_356505,8,0.846087
P_356506,10,0.817004
P_35651,10,0.889212
P_356640,8,0.884077
P_356648,2,0.873407
P_356660,12,0.856775
P_356664,17,0.869529
P_356691,10,0.855870
P_356729,3,0.888823
P_356802,9,0.850464
P_356815,9,0.802204
P_356817,8,0.826938
P_356926,13,0.856703
P_356966,7,0.866571
P_356975,12,0.845065
P_35701,6,0.853001
P_357398,10,0.881688
P_357535,6,0.804636
P_357560,8,0.905512
P_357607,13,0.828644
P_357764,8,0.882685
P_357830,10,0.829816
P_357909,11,0.862331
P_357918,9,0.884077
P_357919,12,0.882693
P_357978,7,0.892174
P_358020,4,0.855730
P_358047,12,0.833700
P_358049,10,0.844805
P_358051,6,0.890432
P_358184,11,0.870897
P_358256,5,0.857120
P_35837,3,0.807188
P_358410,2,0.877354
P_35845,16,0.897645
P_358554,3,0.859697
P_358568,7,0.851889
P_358569,2,0.841003
P_358571,11,0.863480
P_358578,5,0.884514
P_35858,15,0.837551
P_35862,5,0.864573
P_358623,22,0.859493
P_358624,6,0.878899
P_358626,5,0.885701
P_358638,8,0.872579
P_358639,8,0.864316
P_35881,12,0.832652
P_359061,9,0.885423
P_359156,18,0.866676
P_359159,7,0.880214
P_359361,5,0.892603
P_359509,6,0.883586
P_35956,3,0.900568
P_359600,13,0.786652
P_35965,4,0.879095
P_35967,7,0.882816
P_3599,4,0.849217
P_36000,5,0.835553
P_360119,5,0.852063
P_360120,7,0.844891
P_36015,7,0.896176
P_36016,7,0.900754
P_360185,12,0.857721
P_360192,2,0.842374
P_360240,10,0.855482
P_360271,14,0.874212
P_360391,7,0.882908
P_360446,3,0.825166
P_360508,3,0.884557
P_360521,13,0.892854
P_36065,10,0.863451
P_360677,1,0.872721
P_360682,9,0.871736
P_360769,4,0.875276
P_36079,12,0.861961
P_36083,16,0.841330
P_360872,5,0.852847
P_360878,8,0.859022
P_360953,8,0.860450
P_361158,12,0.863162
P_361179,13,0.885721
P_361200,15,0.862420
P_36121,12,0.868677
P_361210,9,0.882244
P_361238,7,0.867781
P_361293,8,0.869174
P_361294,11,0.890997
P_361360,7,0.844120
P_36145,5,0.893978
P_361450,2,0.836401
P_36147,13,0.863096
P_36148,18,0.851914
P_36149,6,0.837845
P_361501,10,0.890912
P_36158,6,0.879515
P_36160,5,0.837434
P_361600,4,0.900219
P_361604,9,0.887657
P_361606,0,0.881132
P_36161,7,0.884718
P_361626,3,0.866691
P_361632,16,0.882339
P_361709,8,0.843234
P_361788,5,0.855794
P_361814,11,0.861817
P_361930,6,0.890630
P_36202,8,0.876731
P_362055,8,0.835230
P_362170,2,0.897261
P_362233,10,0.877342
P_362255,7,0.891358
P_36231,5,0.894304
P_362467,7,0.869481
P_36255,12,0.867478
P_362679,9,0.890179
P_362789,14,0.903866
P_362836,11,0.839748
P_362880,9,0.872213
P_362881,10,0.879396
P_362901,11,0.881462
P_362948,9,0.842926
P_362951,9,0.887674
P_362975,6,0.863183
P_363057,5,0.857670
P_363112,5,0.889640
P_363180,6,0.885069
P_363252,2,0.874471
P_363308,3,0.861437
P_363337,13,0.870281
P_363385,9,0.884767
P_363401,5,0.843771
P_36341,3,0.854771
P_363411,23,0.858593
P_363412,19,0.865484
P_363436,12,0.859839
P_36344,5,0.807855
P_363529,12,0.845756
P_363602,13,0.872679
P_363648,7,0.893457
P_363769,11,0.843785
P_363772,6,0.829827
P_363775,7,0.860077
P_363860,13,0.883615
P_363904,22,0.848464
P_363915,10,0.839501
P_363922,3,0.842654
P_363928,7,0.854594
P_363932,9,0.890097
P_363942,5,0.875490
P_363956,6,0.871456
P_364177,19,0.872684
P_364228,11,0.869622
P_364385,7,0.863613
P_364474,13,0.873717
P_364478,9,0.817503
P_364617,8,0.870083
P_364696,5,0.876078
P_364713,14,0.890780
P_364748,3,0.882381
P_364760,17,0.817945
P_364777,2,0.819652
P_364784,3,0.803539
P_364845,5,0.862389
P_364900,7,0.872717
P_364933,2,0.876136
P_364991,2,0.883258
P_365005,11,0.884326
P_365052,10,0.851045
P_365057,8,0.830500
P_365058,7,0.865750
P_365060,4,0.857152
P_365220,9,0.888615
P_365364,7,0.882541
P_36538,3,0.880261
P_365445,6,0.866921
P_365458,3,0.861847
P_36546,10,0.872084
P_36551,8,0.893983
P_365562,9,0.832287
P_365591,5,0.880188
P_365600,7,0.893960
P_365614,10,0.880462
P_36563,4,0.893301
P_365820,4,0.871426
P_365993,11,0.882718
P_366063,5,0.892301
P_366275,6,0.878813
P_366277,8,0.891988
P_366394,7,0.898481
P_366432,6,0.859618
P_366489,5,0.838598
P_366490,9,0.845879
P_366529,7,0.832472
P_366539,15,0.896729
P_366541,9,0.868336
P_366551,11,0.864375
P_366653,10,0.854987
P_366678,13,0.854870
P_366682,11,0.847742
P_366686,14,0.860161
P_366687,15,0.866884
P_366692,4,0.847820
P_366766,11,0.869933
P_366828,11,0.857654
P_366873,10,0.853885
P_366876,6,0.853065
P_366877,7,0.857785
P_366880,6,0.871052
P_366882,5,0.868826
P_367,11,0.863442
P_367027,5,0.899245
P_367057,7,0.904118
P_367112,3,0.882103
P_367243,3,0.886234
P_367266,9,0.878449
P_367288,11,0.892394
P_367289,9,0.881052
P_367291,9,0.880327
P_367295,11,0.887849
P_367297,11,0.851606
P_36741,7,0.897525
P_367460,2,0.876541
P_367591,4,0.904342
P_367611,11,0.882503
P_367612,9,0.903404
P_367709,15,0.900434
P_367732,8,0.864283
P_367765,14,0.850903
P_367792,6,0.897078
P_367901,4,0.868999
P_36793,9,0.869379
P_367940,4,0.877440
P_367962,8,0.876187
P_368009,6,0.866694
P_368013,9,0.861320
P_368015,4,0.864654
P_368028,13,0.887278
P_368108,9,0.893471
P_368129,3,0.900186
P_368138,15,0.886650
P_368183,4,0.893437
P_368260,7,0.881581
P_368309,12,0.858426
P_368312,4,0.877657
P_368313,8,0.904757
P_368321,3,0.889299
P_368325,10,0.870484
P_368326,7,0.831566
P_368353,1,0.877742
P_368451,4,0.892129
P_368538,8,0.890707
P_368568,4,0.861540
P_368587,15,0.858751
P_368592,22,0.856769
P_368602,12,0.886549
P_368785,11,0.903775
P_368789,8,0.852791
P_369036,11,0.883316
P_369135,8,0.881418
P_369234,6,0.866482
P_369235,10,0.849494
P_369239,7,0.872545
P_369241,9,0.879939
P_369319,8,0.885347
P_369449,4,0.898150
P_369475,7,0.833297
P_369519,10,0.865996
P_36956,13,0.866196
P_369579,11,0.833839
P_36965,11,0.890099
P_369689,5,0.892057
P_369721,15,0.873545
P_369743,7,0.873031
P_369747,4,0.860663
P_369780,10,0.858923
P_369802,11,0.821269
P_369879,3,0.879489
P_369964,9,0.873604
P_369981,16,0.869324
P_37032,8,0.860718
P_370326,7,0.878772
P_370430,2,0.895630
P_370607,11,0.890956
P_370695,3,0.886790
P_370966,14,0.851514
P_371072,6,0.890301
P_371145,12,0.866472
P_371166,5,0.853449
P_371192,9,0.873799
P_371282,6,0.880190
P_371329,5,0.899007
P_371330,4,0.856318
P_371447,4,0.848703
P_37176,9,0.874077
P_37182,8,0.880851
P_371865,5,0.901066
P_371868,6,0.881903
P_37191,11,0.902955
P_371914,5,0.883106
P_37200,14,0.859142
P_372028,10,0.874649
P_372030,3,0.886263
P_372061,7,0.887809
P_372062,6,0.892303
P_372185,6,0.890149
P_372190,8,0.897313
P_372207,17,0.844008
P_372210,16,0.876103
P_372227,6,0.886922
P_37227,6,0.884587
P_372448,7,0.875650
P_372457,12,0.890910
P_372538,11,0.866396
P_372666,4,0.860517
P_372667,6,0.861560
P_372688,5,0.810027
P_372689,7,0.882692
P_372692,7,0.873971
P_372694,8,0.874076
P_372710,14,0.838592
P_372845,7,0.892103
P_372859,15,0.805393
P_372941,14,0.859068
P_373,6,0.876857
P_373023,25,0.840726
P_373025,10,0.867571
P_373143,9,0.861839
P_37315,7,0.869178
P_373168,6,0.888662
P_373184,15,0.833103
P_373199,2,0.877838
P_373208,17,0.856768
P_373213,10,0.838814
P_373242,12,0.855958
P_373258,15,0.868115
P_373291,6,0.873350
P_373305,11,0.844745
P_373306,11,0.855580
P_373386,7,0.893331
P_373421,6,0.887646
P_373469,6,0.881628
P_37378,9,0.873568
P_373784,11,0.884461
P_37382,4,0.874652
P_37389,4,0.889655
P_373912,8,0.904877
P_374156,1,0.873607
P_374159,5,0.855655
P_3744,5,0.850696
P_374678,18,0.891262
P_374679,6,0.888535
P_374773,8,0.875538
P_37478,4,0.860586
P_374793,10,0.868071
P_374890,2,0.869922
P_374891,14,0.873355
P_374951,11,0.886125
P_375,5,0.851536
P_375068,6,0.879859
P_375105,5,0.857929
P_37513,14,0.867146
P_375131,13,0.878468
P_375198,5,0.817983
P_375336,10,0.870230
P_37559,10,0.902742
P_375734,3,0.868448
P_376143,7,0.888809
P_376320,8,0.868133
P_376366,11,0.858886
P_376367,5,0.883814
P_37649,9,0.886224
P_376558,5,0.854131
P_376869,16,0.853204
P_376871,21,0.858732
P_376875,13,0.859886
P_376884,14,0.889727
P_376892,10,0.863405
P_37701,10,0.877037
P_37702,11,0.868974
P_377134,10,0.846672
P_37715,10,0.867973
P_377269,10,0.862591
P_37733,7,0.885102
P_377343,6,0.881712
P_377351,15,0.889786
P_37736,8,0.881708
P_377385,3,0.892254
P_37743,5,0.856393
P_377441,5,0.886743
P_377519,12,0.859603
P_377523,15,0.886607
P_377531,26,0.835747
P_377599,4,0.865953
P_377601,4,0.879583
P_377605,6,0.878245
P_37776,6,0.874826
P_377879,12,0.875891
P_377881,14,0.854827
P_378028,9,0.840656
P_378077,5,0.867919
P_378138,10,0.876942
P_378139,14,0.863896
P_378161,2,0.895144
P_378176,8,0.824163
P_378180,6,0.856223
P_378233,6,0.895169
P_378255,8,0.870898
P_378292,15,0.812537
P_378294,11,0.868872
P_378304,16,0.852121
P_378347,10,0.871823
P_378418,6,0.894347
P_378421,7,0.879611
P_378448,8,0.873526
P_378485,7,0.845213
P_378486,15,0.853192
P_378489,6,0.852430
P_378512,8,0.887620
P_378562,9,0.877295
P_378573,5,0.861550
P_378684,10,0.875860
P_37872,10,0.881452
P_378721,2,0.897402
P_378732,5,0.895529
P_37877,11,0.847083
P_378816,8,0.841059
P_37882,3,0.885360
P_378854,18,0.849240
P_379088,8,0.842424
P_379249,5,0.873059
P_379254,4,0.872222
P_379266,10,0.868558
P_37937,3,0.878885
P_379423,9,0.868465
P_379424,10,0.855417
P_379433,16,0.893344
P_37947,4,0.864323
P_37948,12,0.857556
P_379504,17,0.877784
P_379507,11,0.865093
P_379527,4,0.893455
P_37956,10,0.894832
P_379591,12,0.871148
P_379599,5,0.882501
P_379622,10,0.885069
P_379641,5,0.881599
P_37975,11,0.886106
P_37978,3,0.867340
P_379846,4,0.891929
P_379848,11,0.887362
P_379968,6,0.886108
P_379984,6,0.857961
P_379986,11,0.855167
P_38007,14,0.898992
P_38008,13,0.893520
P_380099,10,0.874428
P_38010,6,0.881024
P_380121,4,0.881599
P_380275,14,0.879029
P_380307,4,0.892470
P_380313,9,0.885723
P_380333,5,0.873630
P_380392,14,0.857123
P_380400,7,0.865013
P_380403,3,0.860000
P_380407,8,0.872960
P_380431,6,0.866280
P_380439,10,0.857872
P_380452,3,0.851879
P_38051,6,0.814255
P_380530,14,0.883704
P_38054,6,0.846065
P_380566,3,0.845774
P_380587,4,0.887164
P_380590,5,0.861102
P_380663,3,0.848305
P_38079,2,0.829915
P_380822,10,0.829078
P_380824,3,0.866210
P_380828,15,0.833648
P_38090,11,0.821042
P_38094,3,0.833881
P_38096,9,0.836265
P_38097,7,0.837516
P_381027,10,0.901331
P_381040,6,0.867466
P_381089,6,0.899735
P_381144,16,0.838932
P_38120,5,0.883686
P_381226,12,0.898292
P_381336,10,0.904962
P_381351,12,0.873120
P_381385,16,0.891547
P_381580,10,0.881938
P_381581,10,0.879806
P_381582,6,0.884996
P_381614,12,0.877870
P_38171,15,0.829608
P_381745,3,0.813891
P_381792,12,0.859117
P_381929,8,0.887123
P_381967,12,0.855332
P_382100,9,0.884636
P_382132,4,0.879964
P_38219,12,0.881259
P_382220,6,0.895172
P_382334,8,0.859952
P_382363,10,0.898843
P_382378,11,0.851742
P_382380,10,0.876369
P_382511,17,0.837938
P_382512,7,0.866844
P_382721,4,0.893898
P_382799,10,0.842392
P_382827,16,0.826828
P_382930,3,0.846632
P_38295,2,0.850651
P_382996,11,0.887147
P_383018,9,0.882436
P_383019,6,0.869215
P_383035,10,0.879081
P_383143,19,0.858666
P_383148,2,0.875163
P_383231,4,0.885366
P_383397,8,0.893449
P_383498,10,0.883066
P_383694,11,0.901672
P_383730,6,0.898143
P_383734,6,0.881778
P_38384,9,0.861284
P_383897,9,0.881988
P_3839,14,0.868709
P_383913,7,0.821598
P_383952,7,0.877973
P_383953,8,0.831521
P_383960,11,0.879771
P_383966,5,0.859613
P_383991,13,0.843196
P_3840,4,0.868188
P_38416,5,0.855724
P_384242,3,0.852166
P_384275,8,0.885489
P_384276,20,0.899529
P_384279,4,0.867821
P_38432,8,0.883331
P_38434,5,0.858083
P_38439,3,0.859328
P_38440,9,0.818956
P_384637,10,0.857458
P_384682,8,0.868812
P_38472,15,0.852654
P_384737,7,0.890416
P_38474,11,0.855109
P_38475,9,0.838649
P_38476,12,0.878946
P_384766,9,0.853469
P_38489,12,0.859710
P_3849,4,0.902592
P_38497,20,0.857346
P_38506,15,0.836023
P_38509,7,0.855548
P_385095,2,0.888294
P_38510,7,0.820124
P_38511,12,0.847432
P_38519,26,0.836569
P_385196,16,0.872554
P_38523,13,0.883752
P_38524,5,0.838571
P_38534,4,0.870483
P_38536,17,0.873187
P_385365,10,0.874918
P_385393,11,0.862403
P_385399,7,0.882194
P_385451,6,0.832081
P_385505,11,0.889730
P_38557,6,0.863587
P_38564,7,0.830683
P_38566,4,0.832349
P_385723,11,0.868898
P_3858,15,0.868075
P_38582,9,0.881519
P_38583,7,0.886309
P_385903,7,0.884378
P_38593,8,0.892674
P_385933,12,0.865067
P_385969,9,0.855977
P_385992,8,0.860817
P_38600,8,0.880227
P_386077,6,0.837317
P_386123,6,0.865745
P_38639,7,0.884050
P_386413,6,0.893308
P_386447,1,0.845456
P_38647,5,0.880268
P_386476,7,0.884130
P_38649,4,0.885014
P_38653,7,0.870198
P_386533,11,0.871406
P_38655,6,0.876964
P_386557,7,0.890120
P_386559,4,0.879817
P_386592,5,0.881207
P_386618,18,0.869955
P_38662,8,0.805408
P_386625,7,0.891182
P_386653,12,0.849450
P_386738,7,0.859224
P_386751,9,0.865575
P_386765,3,0.881926
P_386865,10,0.816655
P_38690,8,0.871662
P_38691,11,0.879060
P_386910,4,0.892675
P_386912,4,0.885313
P_38692,7,0.889462
P_386944,14,0.848531
P_38696,13,0.889021
P_38708,6,0.861425
P_38710,9,0.883621
P_38711,10,0.896205
P_38715,11,0.870549
P_38716,10,0.893645
P_387185,1,0.833991
P_387228,11,0.886008
P_387229,7,0.890311
P_387315,7,0.841217
P_387356,7,0.888527
P_387373,14,0.863154
P_387377,17,0.829839
P_387378,6,0.854520
P_38738,5,0.867611
P_387380,6,0.859168
P_387381,11,0.880419
P_38739,2,0.874008
P_38741,2,0.878636
P_387417,17,0.861912
P_38744,2,0.863049
P_387461,4,0.873701
P_387472,9,0.893522
P_387513,11,0.853817
P_387644,12,0.892337
P_38771,8,0.805605
P_38772,10,0.851766
P_387723,12,0.883259
P_38775,3,0.867820
P_38782,3,0.880615
P_38783,11,0.886740
P_38784,6,0.862000
P_38785,12,0.856356
P_38787,9,0.880471
P_38788,4,0.896226
P_38789,10,0.878005
P_3879,4,0.886156
P_38790,17,0.868959
P_38791,6,0.845986
P_38792,14,0.890797
P_387924,8,0.828472
P_387925,13,0.822735
P_38802,16,0.864850
P_388036,18,0.845504
P_388037,6,0.854554
P_388039,9,0.849905
P_388109,7,0.884408
P_38813,5,0.855509
P_388131,5,0.867827
P_388280,1,0.882145
P_388306,4,0.875809
P_38832,7,0.856744
P_38833,12,0.871610
P_38835,4,0.868855
P_38837,5,0.865821
P_38838,6,0.811973
P_388396,9,0.868463
P_388397,11,0.878003
P_38841,8,0.863278
P_388411,8,0.848358
P_388414,6,0.872159
P_38842,4,0.871043
P_388420,6,0.876148
P_38843,10,0.827495
P_38845,10,0.825576
P_38848,7,0.877349
P_388542,4,0.879762
P_388546,8,0.876343
P_38855,3,0.873946
P_38856,5,0.836435
P_38857,3,0.851842
P_38858,8,0.863748
P_38859,3,0.881631
P_38860,9,0.792164
P_388605,5,0.876244
P_38861,8,0.845876
P_38862,4,0.873965
P_38863,8,0.881748
P_38865,10,0.855171
P_38866,7,0.841969
P_38867,6,0.847354
P_38871,6,0.831626
P_38872,10,0.876699
P_38873,6,0.870779
P_38875,5,0.855184
P_388753,5,0.860967
P_388803,7,0.866827
P_388813,14,0.891650
P_388880,14,0.889248
P_388997,4,0.843614
P_389008,4,0.838613
P_38903,10,0.860680
P_389044,10,0.832476
P_389115,10,0.898319
P_389178,5,0.877154
P_38938,8,0.894562
P_389553,7,0.841407
P_389555,5,0.835042
P_389568,2,0.870135
P_389583,5,0.873868
P_389653,3,0.890143
P_389754,14,0.846030
P_389755,3,0.814909
P_389857,2,0.872378
P_389903,6,0.852075
P_389913,8,0.860721
P_390061,5,0.838441
P_390080,13,0.861479
P_39009,4,0.869838
P_390150,4,0.852611
P_390327,10,0.903421
P_390363,5,0.839415
P_3904,9,0.879176
P_390426,5,0.870009
P_390462,13,0.858424
P_390464,8,0.882745
P_390524,8,0.883026
P_39055,12,0.838327
P_390595,5,0.889903
P_390610,4,0.869023
P_390624,9,0.874903
P_390628,14,0.870377
P_390685,9,0.900310
P_39079,8,0.870786
P_391074,2,0.887597
P_391148,5,0.865436
P_391224,7,0.840929
P_391237,1,0.857197
P_391556,10,0.908912
P_391628,7,0.885072
P_391737,2,0.890931
P_391758,4,0.890868
P_391776,18,0.871988
P_391862,15,0.886131
P_391863,13,0.848659
P_391865,25,0.834110
P_391867,2,0.860875
P_391868,11,0.889909
P_391869,19,0.884184
P_391993,6,0.895664
P_392,4,0.892547
P_392015,9,0.887512
P_392029,9,0.883575
P_392032,12,0.850211
P_392131,4,0.895100
P_392200,8,0.867229
P_39227,8,0.881638
P_392275,9,0.873906
P_392276,19,0.840066
P_392282,11,0.872111
P_392283,5,0.858890
P_392285,5,0.849432
P_3923,4,0.870442
P_392349,7,0.883090
P_392406,12,0.841051
P_392407,1,0.881545
P_392408,11,0.840371
P_392455,8,0.837084
P_392456,8,0.831197
P_392475,3,0.868669
P_392494,5,0.847848
P_392513,6,0.888657
P_392525,8,0.882809
P_392527,9,0.854391
P_392557,15,0.851252
P_392587,6,0.867768
P_392672,10,0.856155
P_392673,9,0.863295
P_392698,12,0.854028
P_392701,19,0.855565
P_392702,18,0.836960
P_39283,7,0.845148
P_392872,7,0.891852
P_392889,7,0.893674
P_392896,7,0.890097
P_392899,11,0.891616
P_3929,10,0.854600
P_392902,7,0.887499
P_392935,5,0.875423
P_392984,4,0.869927
P_39319,6,0.854179
P_393263,5,0.881704
P_393283,14,0.893680
P_393293,5,0.866389
P_393319,2,0.844094
P_393325,9,0.879327
P_393327,5,0.866890
P_393329,4,0.852853
P_393362,13,0.861984
P_393381,4,0.841928
P_393406,7,0.859945
P_39348,9,0.869429
P_393554,9,0.851275
P_39359,17,0.871448
P_393623,8,0.897635
P_393735,6,0.902544
P_393829,10,0.866705
P_393830,10,0.853823
P_393832,6,0.864425
P_393893,7,0.844681
P_393898,11,0.837746
P_393908,10,0.865001
P_393918,8,0.890600
P_393959,3,0.894791
P_394002,6,0.877742
P_394022,3,0.881900
P_394026,6,0.850968
P_394039,4,0.860609
P_394044,5,0.876967
P_394047,3,0.862755
P_394159,7,0.885652
P_39423,13,0.865471
P_394397,11,0.884822
P_394497,7,0.898240
P_394498,8,0.841977
P_394540,8,0.880768
P_394550,6,0.862909
P_394578,9,0.875566
P_394585,11,0.828564
P_394586,11,0.880521
P_394639,7,0.862527
P_39470,8,0.840906
P_394716,16,0.837882
P_394769,16,0.841056
P_394777,4,0.838657
P_394780,5,0.876264
P_394791,7,0.859292
P_394854,15,0.839974
P_394880,18,0.861114
P_39491,7,0.900342
P_394911,10,0.863242
P_394914,14,0.862328
P_394919,7,0.840695
P_394958,12,0.884032
P_395126,3,0.873644
P_395140,6,0.869757
P_39520,11,0.874312
P_395207,19,0.853302
P_39525,12,0.853442
P_395368,4,0.878465
P_395369,6,0.875094
P_395607,13,0.875948
P_395696,9,0.885927
P_395713,9,0.854077
P_395717,9,0.829269
P_39576,12,0.852440
P_395808,10,0.870595
P_39582,3,0.847585
P_395940,8,0.819018
P_39596,7,0.880797
P_396012,13,0.885784
P_396053,3,0.901600
P_39612,8,0.867729
P_396166,7,0.882778
P_396196,9,0.891952
P_39629,9,0.867793
P_39631,8,0.883763
P_396352,10,0.867801
P_396392,10,0.864932
P_396393,5,0.890513
P_3964,5,0.862971
P_396461,12,0.900092
P_396488,6,0.891270
P_3965,8,0.893950
P_396524,6,0.873437
P_39653,8,0.876115
P_39654,3,0.860830
P_396576,6,0.854624
P_396757,3,0.839430
P_396874,8,0.861201
P_396907,10,0.881158
P_396934,7,0.863583
P_396939,5,0.861466
P_397072,6,0.852451
P_397074,6,0.885443
P_397112,3,0.901988
P_397178,3,0.884476
P_39718,7,0.854514
P_397414,15,0.886268
P_39757,5,0.854072
P_397769,8,0.879564
P_397783,4,0.884937
P_397805,9,0.834127
P_39783,15,0.872025
P_39785,8,0.859089
P_397914,5,0.891781
P_397966,6,0.875502
P_39804,3,0.879013
P_398110,9,0.862213
P_398167,8,0.820877
P_398263,7,0.886894
P_398294,14,0.845762
P_398316,8,0.837596
P_398349,15,0.867508
P_398350,7,0.858569
P_398395,10,0.878329
P_398400,13,0.877041
P_398428,2,0.872367
P_398444,7,0.839218
P_398450,3,0.865024
P_398456,11,0.866997
P_398466,11,0.860959
P_398672,2,0.868579
P_398691,9,0.870046
P_39871,11,0.890908
P_398780,17,0.862826
P_398784,9,0.886563
P_398849,6,0.882749
P_398905,10,0.848669
P_39897,6,0.861005
P_398999,2,0.892054
P_399,6,0.871698
P_399006,6,0.886753
P_399007,3,0.884425
P_399034,8,0.895429
P_399037,5,0.903630
P_399094,15,0.883821
P_399118,6,0.893113
P_399156,2,0.889139
P_399209,5,0.880786
P_399215,12,0.856131
P_399220,10,0.886358
P_399225,5,0.892099
P_399265,3,0.868074
P_399276,8,0.870203
P_399284,11,0.859406
P_399322,4,0.891832
P_39938,8,0.880233
P_3995,11,0.867025
P_39953,2,0.883778
P_399545,3,0.886507
P_3996,13,0.872867
P_399648,4,0.889690
P_399664,9,0.886714
P_399680,10,0.872055
P_3997,16,0.872926
P_399705,6,0.832598
P_399710,13,0.891793
P_399713,7,0.821564
P_399760,14,0.845618
P_399766,9,0.874806
P_3998,10,0.872349
P_399827,7,0.869190
P_399888,9,0.892705
P_399953,1,0.867345
P_400,7,0.871048
P_4000,10,0.883513
P_400032,4,0.872070
P_400055,7,0.887090
P_400098,10,0.829660
P_400102,6,0.838168
P_400106,6,0.861728
P_400136,11,0.859220
P_400159,13,0.852516
P_400160,10,0.854229
P_400161,8,0.873576
P_400172,8,0.835572
P_400174,6,0.855515
P_400239,10,0.893359
P_400263,6,0.881909
P_400315,5,0.891207
P_400336,9,0.865420
P_40034,5,0.876546
P_400347,15,0.858869
P_400369,4,0.865054
P_400370,10,0.861628
P_400380,11,0.883128
P_400388,10,0.849666
P_400408,9,0.815141
P_400428,8,0.879690
P_400429,9,0.851267
P_400435,11,0.857006
P_400436,13,0.881343
P_400448,7,0.856749
P_400516,12,0.884869
P_400520,6,0.859922
P_400537,3,0.883390
P_400540,3,0.875633
P_400562,10,0.897030
P_400570,2,0.877037
P_40060,6,0.880327
P_400758,9,0.883799
P_400788,8,0.872819
P_400870,3,0.896377
P_400913,7,0.864259
P_400975,5,0.883746
P_401,13,0.895925
P_401007,14,0.835932
P_401011,6,0.832818
P_401080,16,0.838607
P_401107,9,0.883313
P_401110,6,0.875478
P_401140,16,0.799292
P_401147,9,0.837502
P_401148,7,0.869129
P_401164,4,0.839135
P_401176,7,0.839172
P_40119,3,0.874094
P_4012,7,0.895473
P_401238,14,0.882244
P_401239,9,0.879971
P_401287,7,0.835247
P_401288,9,0.886169
P_401384,10,0.879923
P_401669,7,0.881429
P_40174,10,0.851082
P_40178,7,0.861169
P_401780,12,0.825224
P_401786,6,0.904688
P_40181,15,0.833633
P_40184,6,0.831574
P_40186,11,0.856095
P_401870,7,0.851603
P_40188,11,0.868093
P_40189,7,0.839316
P_40190,5,0.870883
P_40192,7,0.830388
P_40199,5,0.879776
P_40200,6,0.889877
P_40207,8,0.882199
P_402087,8,0.891031
P_402093,2,0.879826
P_402103,16,0.856524
P_402104,3,0.887087
P_402114,11,0.874742
P_402157,11,0.868880
P_402194,2,0.896271
P_402257,4,0.881071
P_402287,7,0.837986
P_402428,9,0.845560
P_402464,11,0.878121
P_402476,10,0.847451
P_402493,2,0.884096
P_402507,12,0.859240
P_40251,3,0.842930
P_402519,4,0.884175
P_402567,7,0.854486
P_402601,7,0.831753
P_402608,9,0.792776
P_402641,6,0.865740
P_402715,9,0.855440
P_402829,4,0.869561
P_402848,15,0.892489
P_402877,8,0.882367
P_402924,3,0.883635
P_402926,12,0.842153
P_402927,11,0.856959
P_402958,12,0.860154
P_402990,16,0.849510
P_402993,14,0.855175
P_402994,13,0.855017
P_403017,6,0.850243
P_40312,7,0.832572
P_403294,13,0.865820
P_403300,7,0.861770
P_403559,13,0.879078
P_403565,5,0.853795
P_403606,6,0.858495
P_403629,8,0.840975
P_403662,11,0.870527
P_403663,9,0.887374
P_403673,3,0.872928
P_403679,6,0.872057
P_403707,7,0.875650
P_403772,5,0.877902
P_403801,8,0.883839
P_403811,7,0.883531
P_403845,10,0.868075
P_403863,2,0.864469
P_403868,3,0.876469
P_403885,2,0.880187
P_403900,9,0.882580
P_403963,2,0.893849
P_403991,4,0.858779
P_40400,6,0.880538
P_404002,5,0.896964
P_404046,8,0.852440
P_404058,16,0.876439
P_404137,9,0.883566
P_40419,7,0.865019
P_404206,14,0.854122
P_404245,4,0.880331
P_404284,5,0.877369
P_404331,9,0.871996
P_40434,5,0.853056
P_404341,7,0.862968
P_40435,6,0.858847
P_404355,12,0.874153
P_40436,1,0.869260
P_404381,15,0.886952
P_404397,15,0.889493
P_404402,5,0.889428
P_40443,11,0.860802
P_404442,10,0.879380
P_40446,3,0.868000
P_40449,6,0.868174
P_404578,8,0.862035
P_40458,4,0.864638
P_404602,9,0.829542
P_404643,4,0.870984
P_404645,10,0.884770
P_404662,9,0.881352
P_404692,6,0.858746
P_404695,12,0.826905
P_404699,8,0.860527
P_404713,1,0.849998
P_404725,10,0.874484
P_404746,15,0.845930
P_404786,8,0.890884
P_404801,10,0.856001
P_40482,11,0.889926
P_404935,6,0.868131
P_404953,8,0.868793
P_404967,15,0.872966
P_404999,3,0.861912
P_405001,4,0.860494
P_405020,1,0.850934
P_40508,6,0.858670
P_405115,5,0.901957
P_405172,18,0.870126
P_405192,10,0.858459
P_405388,10,0.856300
P_405398,6,0.894783
P_405404,9,0.899007
P_405575,4,0.882606
P_405596,5,0.888975
P_405621,11,0.819890
P_405638,5,0.835022
P_405690,9,0.890829
P_405773,11,0.853289
P_405785,10,0.876275
P_405879,11,0.864292
P_40599,12,0.840830
P_40602,14,0.824201
P_406049,10,0.895801
P_406063,17,0.869461
P_406073,5,0.861509
P_406179,9,0.843450
P_406191,12,0.817692
P_40623,7,0.878280
P_406274,11,0.844973
P_406311,12,0.862864
P_406333,2,0.876164
P_40641,7,0.838788
P_40642,8,0.875156
P_40646,6,0.848288
P_406468,6,0.874915
P_40650,6,0.863814
P_40652,5,0.863669
P_40654,16,0.847519
P_406553,6,0.881512
P_406559,12,0.862993
P_4066,7,0.885362
P_406632,5,0.869180
P_406634,10,0.873463
P_406659,3,0.835242
P_406664,6,0.877616
P_40668,13,0.861518
P_4067,9,0.906423
P_40671,4,0.867168
P_40673,8,0.887317
P_406732,1,0.850670
P_406768,8,0.859225
P_40677,12,0.885532
P_406818,2,0.881724
P_406824,5,0.845365
P_40685,7,0.859457
P_406877,9,0.864924
P_40688,8,0.864425
P_40691,7,0.859253
P_406921,5,0.878022
P_4070,3,0.887838
P_40702,11,0.869372
P_40711,9,0.833808
P_407122,6,0.871359
P_407133,6,0.856339
P_407139,5,0.880956
P_40722,13,0.878818
P_407221,16,0.867374
P_407222,12,0.855518
P_407225,5,0.864758
P_40727,12,0.858705
P_407272,5,0.842920
P_40728,9,0.877897
P_40729,11,0.878575
P_407344,2,0.838445
P_407459,9,0.896309
P_407468,7,0.888313
P_40751,6,0.887401
P_40755,7,0.861151
P_40756,7,0.883736
P_40758,7,0.898237
P_4076,6,0.873604
P_40760,4,0.843267
P_407629,7,0.894350
P_40766,10,0.882135
P_407694,5,0.889821
P_40770,11,0.865644
P_407864,20,0.878673
P_407998,12,0.856618
P_4080,9,0.900011
P_408006,3,0.888794
P_408009,9,0.865303
P_408028,4,0.890105
P_40804,3,0.876032
P_408049,7,0.890960
P_408086,5,0.853085
P_408101,11,0.866655
P_408165,10,0.888219
P_408178,8,0.818919
P_408186,12,0.867465
P_408209,14,0.873238
P_408211,13,0.882098
P_408218,12,0.858412
P_408243,5,0.898578
P_408298,8,0.871500
P_4083,7,0.899875
P_408334,5,0.862408
P_408336,11,0.874120
P_408338,8,0.871253
P_408343,9,0.804531
P_408353,8,0.873260
P_408366,7,0.847269
P_408399,4,0.872556
P_40844,4,0.897591
P_408468,5,0.873562
P_408491,3,0.827331
P_408551,6,0.875649
P_408631,10,0.823368
P_408699,4,0.843493
P_4087,3,0.886146
P_408729,3,0.893252
P_408747,2,0.894862
P_40876,6,0.861621
P_40877,10,0.874801
P_408782,7,0.856906
P_408796,7,0.886102
P_4088,4,0.895982
P_408892,7,0.806069
P_4089,3,0.893301
P_408973,15,0.878667
P_408975,9,0.842396
P_408990,22,0.860082
P_409007,3,0.865005
P_409114,5,0.877841
P_40913,5,0.877166
P_40914,4,0.855618
P_40916,10,0.861957
P_409162,9,0.890325
P_40923,18,0.880502
P_40925,8,0.841803
P_40926,13,0.877048
P_409260,11,0.860784
P_40927,8,0.853198
P_409289,10,0.863430
P_409321,17,0.856037
P_409349,5,0.866126
P_409487,11,0.874878
P_409494,5,0.853409
P_409514,14,0.875282
P_409517,3,0.878083
P_40955,4,0.880464
P_409570,11,0.840978
P_40964,6,0.868019
P_409852,5,0.858310
P_409883,13,0.856966
P_409990,10,0.876910
P_410043,9,0.848145
P_410126,4,0.859724
P_410163,7,0.829157
P_410192,10,0.894317
P_41020,7,0.893251
P_410495,10,0.894400
P_410520,2,0.870069
P_410543,11,0.851938
P_410545,8,0.856291
P_410575,4,0.892502
P_410635,10,0.837233
P_410680,14,0.858590
P_410715,4,0.853459
P_410716,13,0.870542
P_410834,15,0.871312
P_41092,7,0.801892
P_410941,15,0.853907
P_411007,8,0.862514
P_411029,6,0.879307
P_411037,17,0.897313
P_411038,6,0.893963
P_411079,3,0.889203
P_411130,6,0.828340
P_411341,7,0.873003
P_411343,10,0.855082
P_411410,6,0.895648
P_411509,7,0.886973
P_411510,21,0.854041
P_411512,12,0.894740
P_411527,2,0.892427
P_411555,9,0.898642
P_411567,3,0.870286
P_411662,16,0.875807
P_411838,6,0.849460
P_411840,5,0.902990
P_411847,5,0.830701
P_411853,11,0.848403
P_411856,6,0.857065
P_411862,19,0.843979
P_411867,17,0.866858
P_411873,13,0.855602
P_411998,11,0.869786
P_412005,5,0.882796
P_412096,6,0.875070
P_412176,2,0.838244
P_412234,15,0.857990
P_412257,9,0.855508
P_412288,11,0.842152
P_412291,13,0.870001
P_412303,12,0.838523
P_412307,9,0.876662
P_412323,3,0.857663
P_412324,8,0.864718
P_41246,3,0.840410
P_412476,9,0.828822
P_412486,10,0.834257
P_412578,20,0.827772
P_41261,8,0.846438
P_412660,6,0.893871
P_412681,12,0.826307
P_412684,0,0.857274
P_412766,9,0.848884
P_412784,7,0.874693
P_412793,12,0.840312
P_412808,13,0.876158
P_412911,10,0.887811
P_412982,8,0.879160
P_412988,8,0.877075
P_413027,11,0.855827
P_413086,6,0.853675
P_41309,3,0.901933
P_413160,17,0.847961
P_413176,10,0.860377
P_413179,14,0.863805
P_413180,9,0.863697
P_413195,13,0.862118
P_413198,13,0.868566
P_413236,7,0.870808
P_413244,3,0.871374
P_413249,12,0.857535
P_413324,8,0.807806
P_413462,23,0.826534
P_413463,20,0.826534
P_413465,17,0.826585
P_413476,17,0.857463
P_413479,4,0.805284
P_413555,8,0.846281
P_413619,12,0.867089
P_413727,14,0.853781
P_413729,8,0.878942
P_413730,26,0.878923
P_413873,5,0.885017
P_413915,5,0.874305
P_414011,9,0.872934
P_414177,21,0.857391
P_414215,1,0.860428
P_414233,7,0.876753
P_414436,3,0.832272
P_414466,3,0.818241
P_4145,4,0.896713
P_414553,8,0.806971
P_414555,14,0.807251
P_414556,8,0.841760
P_414559,7,0.817035
P_414588,9,0.860006
P_414591,4,0.872211
P_414646,13,0.855954
P_414675,8,0.879071
P_414678,5,0.862986
P_414679,8,0.861174
P_414687,19,0.877519
P_414695,2,0.865447
P_414727,9,0.836825
P_414735,16,0.875792
P_414741,9,0.877316
P_414808,12,0.870780
P_414830,4,0.882353
P_414944,4,0.877398
P_414960,4,0.858985
P_414972,11,0.864372
P_415020,10,0.871595
P_415063,11,0.867646
P_415148,7,0.818969
P_415176,4,0.855638
P_415195,9,0.880845
P_415294,13,0.870208
P_41530,11,0.830042
P_415314,10,0.883435
P_415321,11,0.858110
P_415329,11,0.850286
P_415416,22,0.833837
P_415420,23,0.844385
P_415448,9,0.855553
P_415505,7,0.834395
P_415506,3,0.879163
P_415529,1,0.866485
P_415535,10,0.878722
P_415570,6,0.868895
P_415598,12,0.861472
P_415601,3,0.869704
P_415688,4,0.861386
P_415697,9,0.881408
P_415733,3,0.885015
P_415737,5,0.890188
P_415773,3,0.878744
P_4158,11,0.885165
P_415909,7,0.891632
P_415922,8,0.840184
P_415954,3,0.885689
P_415961,12,0.875489
P_415975,9,0.811186
P_415976,14,0.856675
P_415978,10,0.861998
P_415993,16,0.885875
P_415999,15,0.856615
P_416000,3,0.859981
P_416001,4,0.859552
P_416002,4,0.861991
P_416004,10,0.861550
P_416041,10,0.850648
P_416050,5,0.882150
P_416065,8,0.872527
P_416067,13,0.852814
P_416068,6,0.868741
P_416071,5,0.885063
P_416073,13,0.870210
P_416076,9,0.843885
P_416080,7,0.874916
P_416092,14,0.879534
P_416093,8,0.865015
P_416109,9,0.885351
P_41612,11,0.862887
P_416131,10,0.814271
P_416136,9,0.861147
P_416140,11,0.857535
P_416166,10,0.866534
P_41617,6,0.826943
P_416183,3,0.810296
P_416186,8,0.807999
P_416226,3,0.897661
P_416230,6,0.864148
P_416252,14,0.852769
P_416286,14,0.876126
P_416290,4,0.834633
P_416294,10,0.885509
P_416317,8,0.861724
P_416327,14,0.859872
P_416347,4,0.846983
P_416353,7,0.901605
P_416356,10,0.864728
P_416360,8,0.901830
P_416411,9,0.840768
P_416414,15,0.864979
P_416416,5,0.892829
P_416422,9,0.853867
P_416426,11,0.858272
P_416434,16,0.850896
P_416436,14,0.865993
P_416456,11,0.841753
P_416457,9,0.849678
P_416458,16,0.845647
P_416459,13,0.854109
P_416460,5,0.838471
P_416461,4,0.841981
P_416462,5,0.864757
P_416465,11,0.826176
P_416466,8,0.859882
P_416478,8,0.875163
P_416534,1,0.870622
P_416537,9,0.893422
P_416559,5,0.875885
P_416614,16,0.871671
P_416615,12,0.884934
P_416641,10,0.892938
P_416643,9,0.900336
P_416647,2,0.873736
P_416693,7,0.870772
P_416830,5,0.889587
P_416960,11,0.875697
P_416969,10,0.852424
P_416982,8,0.807727
P_416985,9,0.880614
P_416988,4,0.840374
P_417034,5,0.852350
P_417052,7,0.841339
P_417055,10,0.856853
P_417120,12,0.823296
P_417124,7,0.840817
P_417511,5,0.900223
P_417553,16,0.863739
P_417559,10,0.861185
P_417560,14,0.836301
P_417562,23,0.850132
P_417563,18,0.858226
P_417564,8,0.865890
P_417565,10,0.857747
P_417570,4,0.827163
P_417678,6,0.856391
P_41771,4,0.847384
P_417735,5,0.866758
P_417818,13,0.857292
P_417837,16,0.870786
P_417851,9,0.892576
P_417967,7,0.844825
P_418002,5,0.880466
P_418157,5,0.865499
P_418198,17,0.881332
P_418217,4,0.842123
P_418386,4,0.854372
P_418462,3,0.879792
P_418463,11,0.869704
P_41848,9,0.855724
P_41851,9,0.847520
P_418562,6,0.842667
P_418672,9,0.879739
P_418739,6,0.821653
P_418778,4,0.877546
P_41878,6,0.834720
P_418845,3,0.874018
P_418847,16,0.886201
P_418914,4,0.824654
P_418918,12,0.847980
P_418951,7,0.870055
P_419043,8,0.855957
P_419045,12,0.842884
P_419052,5,0.866068
P_419059,2,0.797480
P_419072,7,0.878513
P_419085,28,0.848618
P_419087,3,0.839098
P_419093,10,0.863117
P_419220,12,0.843296
P_419226,11,0.871913
P_419253,9,0.871423
P_419255,22,0.840478
P_419256,15,0.860549
P_419260,7,0.884662
P_419265,12,0.879694
P_41937,10,0.878362
P_41946,7,0.848326
P_419461,6,0.887159
P_419490,4,0.825412
P_419611,10,0.869304
P_419621,5,0.875813
P_419624,3,0.873335
P_419626,4,0.869098
P_419643,5,0.891388
P_419644,8,0.862300
P_419647,6,0.883633
P_419648,7,0.893928
P_419649,11,0.872134
P_419651,12,0.868034
P_419681,12,0.861566
P_419683,3,0.847293
P_419684,9,0.877952
P_419710,12,0.834768
P_419723,11,0.846314
P_419735,11,0.845269
P_419736,18,0.836425
P_419741,8,0.859619
P_419742,7,0.843642
P_419746,8,0.855981
P_419804,14,0.863698
P_419810,8,0.845866
P_419819,3,0.893555
P_420045,11,0.860680
P_420047,10,0.859434
P_420049,11,0.861198
P_420050,24,0.840408
P_420051,12,0.796959
P_420054,7,0.888452
P_420057,7,0.871761
P_420069,18,0.857685
P_420073,12,0.854197
P_420083,13,0.844508
P_420111,12,0.821393
P_420233,14,0.881680
P_420284,23,0.870835
P_420362,5,0.865570
P_420363,10,0.870728
P_420365,12,0.856348
P_420370,3,0.817419
P_420388,12,0.882543
P_420394,11,0.870159
P_420436,7,0.865536
P_420464,12,0.861381
P_420468,9,0.826315
P_420477,4,0.852878
P_42048,10,0.876178
P_420485,21,0.837443
P_420498,10,0.887231
P_420514,9,0.834507
P_420519,0,0.879753
P_420520,6,0.861743
P_42054,1,0.866626
P_420575,9,0.848285
P_420609,10,0.887406
P_420616,9,0.851704
P_420678,7,0.872297
P_420743,4,0.884468
P_420797,11,0.835987
P_420798,8,0.848319
P_420812,4,0.878767
P_420882,10,0.896938
P_421006,4,0.871027
P_421027,11,0.893361
P_42103,2,0.854185
P_42104,8,0.901489
P_421115,11,0.830259
P_421121,9,0.799641
P_42117,16,0.895739
P_421245,14,0.886734
P_421333,7,0.841653
P_421343,10,0.833203
P_421507,6,0.881647
P_421544,11,0.866363
P_42158,3,0.889166
P_421628,10,0.851703
P_421629,20,0.870040
P_4217,5,0.891740
P_421739,11,0.889969
P_421740,9,0.868834
P_421787,7,0.858484
P_421829,14,0.851952
P_421831,11,0.865622
P_421895,5,0.872851
P_421903,4,0.888691
P_421929,11,0.887907
P_421947,13,0.849003
P_42203,3,0.885329
P_422062,9,0.892781
P_422095,3,0.871678
P_422118,13,0.850615
P_422121,14,0.843850
P_422134,8,0.842147
P_4223,6,0.880127
P_422307,14,0.877325
P_422317,3,0.822249
P_422447,6,0.863071
P_422483,6,0.885179
P_422536,11,0.875127
P_42257,13,0.894168
P_42260,1,0.896588
P_42261,7,0.878016
P_422793,4,0.887216
P_422794,13,0.868006
P_422796,7,0.840440
P_422800,20,0.845831
P_422817,18,0.855500
P_422876,5,0.887683
P_422929,11,0.884064
P_42305,6,0.890794
P_42309,18,0.830433
P_42311,12,0.865988
P_42312,13,0.869245
P_42317,14,0.863531
P_423194,13,0.850097
P_42322,5,0.893289
P_423334,9,0.885734
P_42338,28,0.835874
P_42342,11,0.850014
P_423639,10,0.844236
P_423665,4,0.831690
P_423749,9,0.827023
P_423784,5,0.871411
P_423785,8,0.813196
P_423840,4,0.872274
P_423882,16,0.842408
P_42396,7,0.853881
P_424051,15,0.799517
P_424052,17,0.809653
P_424053,8,0.834838
P_424059,7,0.847260
P_424081,8,0.877044
P_42411,9,0.897409
P_424148,12,0.795935
P_424191,6,0.854095
P_424298,11,0.870474
P_424302,7,0.865787
P_424382,10,0.845348
P_424394,9,0.875537
P_4244,12,0.876841
P_424408,6,0.851794
P_424425,3,0.869216
P_424457,13,0.896819
P_42463,8,0.893668
P_424714,7,0.858070
P_42473,10,0.873210
P_424740,7,0.862829
P_424772,3,0.866437
P_424773,12,0.864974
P_424775,8,0.887202
P_424779,9,0.878742
P_424781,3,0.885817
P_424789,4,0.875800
P_424792,5,0.886839
P_424802,1,0.885301
P_42481,8,0.877414
P_42482,6,0.871880
P_42483,3,0.861212
P_42484,14,0.835638
P_42485,8,0.846446
P_424850,14,0.867874
P_42486,10,0.869680
P_424861,5,0.871335
P_42487,14,0.855951
P_424879,6,0.872670
P_42489,17,0.882587
P_424900,11,0.876376
P_424963,10,0.854393
P_424970,2,0.832410
P_424998,12,0.852377
P_425000,8,0.856172
P_425191,13,0.855575
P_42522,11,0.868644
P_425250,9,0.888488
P_425326,12,0.881237
P_425576,11,0.885632
P_425578,7,0.894105
P_425590,0,0.861808
P_425795,9,0.882626
P_425900,9,0.863524
P_426118,11,0.849147
P_426120,14,0.840904
P_426130,15,0.851369
P_426133,6,0.844437
P_426143,5,0.838525
P_426150,10,0.848916
P_426165,11,0.855952
P_426166,7,0.859601
P_42620,4,0.877637
P_426241,4,0.880619
P_426272,7,0.856619
P_426277,15,0.847110
P_426304,7,0.859872
P_42631,8,0.887707
P_426332,7,0.852344
P_426548,12,0.899420
P_426550,4,0.880896
P_426555,2,0.820635
P_4267,14,0.873242
P_426715,6,0.884777
P_42672,7,0.868223
P_426746,17,0.877062
P_426749,12,0.887162
P_426753,8,0.865098
P_426772,20,0.844584
P_426805,15,0.847166
P_426832,6,0.883941
P_426835,5,0.857000
P_426851,8,0.869331
P_426877,16,0.840016
P_426956,12,0.873893
P_427016,13,0.867790
P_427041,6,0.871684
P_42705,16,0.885788
P_427219,10,0.842352
P_427239,8,0.876925
P_427243,9,0.883288
P_427301,9,0.890371
P_427306,2,0.879183
P_427310,8,0.873730
P_427340,5,0.880747
P_427687,9,0.878045
P_427757,10,0.855074
P_427883,7,0.842114
P_427963,6,0.841989
P_427965,9,0.881080
P_427967,9,0.881080
P_427989,10,0.836958
P_4280,2,0.896138
P_428038,12,0.809994
P_428156,10,0.851644
P_428183,23,0.874668
P_428184,9,0.885724
P_428216,3,0.831466
P_428249,2,0.812320
P_42842,7,0.865671
P_428429,10,0.881628
P_428481,9,0.895284
P_428575,5,0.806943
P_428602,6,0.876599
P_428637,5,0.881373
P_42886,5,0.888178
P_42893,13,0.901358
P_42909,13,0.869333
P_429104,13,0.852527
P_42911,11,0.889682
P_429171,8,0.865077
P_429172,6,0.883278
P_429194,9,0.898104
P_429321,5,0.891193
P_429341,15,0.882820
P_42935,10,0.868122
P_429496,13,0.872072
P_429515,25,0.851375
P_429521,7,0.841681
P_429525,9,0.850545
P_429549,8,0.861804
P_429551,13,0.872875
P_429597,9,0.883611
P_42964,7,0.861879
P_42965,7,0.885734
P_42966,11,0.884260
P_42967,5,0.871782
P_42968,5,0.856304
P_42971,8,0.880092
P_429789,4,0.866408
P_42994,8,0.895424
P_42997,8,0.865646
P_42998,2,0.853164
P_430,11,0.859898
P_43002,7,0.869947
P_43012,9,0.883251
P_43014,11,0.855373
P_430242,9,0.844929
P_430257,4,0.882685
P_430519,5,0.868031
P_430566,11,0.867599
P_430666,9,0.847295
P_430671,14,0.845875
P_430698,9,0.847187
P_430812,5,0.866852
P_430879,9,0.875449
P_43088,16,0.870855
P_430912,16,0.843496
P_43092,6,0.906026
P_430923,7,0.842220
P_430932,12,0.850939
P_430940,6,0.861767
P_43096,13,0.890596
P_431023,8,0.869811
P_431088,5,0.863852
P_43109,12,0.864991
P_431092,18,0.858548
P_431105,4,0.866024
P_431133,11,0.862053
P_431224,16,0.868414
P_43127,10,0.889469
P_431397,11,0.861921
P_431414,2,0.877082
P_431433,15,0.819219
P_431461,10,0.868473
P_431471,6,0.867001
P_431496,2,0.865128
P_43156,14,0.875511
P_43157,6,0.879389
P_43163,9,0.879403
P_431643,6,0.879922
P_431691,8,0.886271
P_431692,14,0.876029
P_431926,6,0.863487
P_43195,15,0.840284
P_43196,6,0.864336
P_432010,9,0.863686
P_432061,17,0.864191
P_432101,7,0.901967
P_432103,10,0.879294
P_432104,8,0.873179
P_432124,9,0.884049
P_432126,8,0.861527
P_432128,11,0.880019
P_432131,24,0.845199
P_432141,3,0.861735
P_432146,10,0.868483
P_432157,9,0.853834
P_432165,6,0.889143
P_432176,5,0.883269
P_432206,7,0.848665
P_432283,7,0.893538
P_432481,8,0.835884
P_432485,6,0.867101
P_432499,21,0.886770
P_432655,1,0.864892
P_432662,9,0.880867
P_432673,10,0.876022
P_432676,3,0.867582
P_432678,9,0.835923
P_432680,11,0.869549
P_432683,10,0.863062
P_432699,21,0.871840
P_432745,8,0.844915
P_432765,5,0.854399
P_432879,3,0.860889
P_432903,18,0.851946
P_43294,6,0.864348
P_432995,8,0.887246
P_43301,3,0.844363
P_433038,7,0.864054
P_433051,13,0.878501
P_433119,12,0.847545
P_433125,13,0.869127
P_433128,9,0.819339
P_433130,11,0.839825
P_433132,5,0.860982
P_433136,18,0.847573
P_433198,7,0.875817
P_433202,17,0.878124
P_433214,18,0.896986
P_433216,9,0.888351
P_433309,7,0.843227
P_433311,12,0.817871
P_433345,12,0.880006
P_433348,8,0.845423
P_433469,13,0.868925
P_43347,10,0.851764
P_433509,8,0.847149
P_433524,16,0.853782
P_43353,13,0.814315
P_433575,1,0.900148
P_433633,4,0.880453
P_433662,10,0.862258
P_433670,4,0.856953
P_433696,9,0.850407
P_433699,10,0.847020
P_433702,16,0.856343
P_433708,11,0.855930
P_433725,6,0.859819
P_433726,7,0.875418
P_433727,16,0.850356
P_433728,4,0.857385
P_433768,21,0.822359
P_433843,13,0.881824
P_43386,6,0.877054
P_433869,10,0.879753
P_433905,12,0.879157
P_433925,10,0.887511
P_433927,11,0.891357
P_433931,7,0.872933
P_433932,9,0.892941
P_434,18,0.890582
P_434049,10,0.868740
P_43409,9,0.896753
P_434196,15,0.866051
P_434222,11,0.824909
P_434224,7,0.864486
P_434296,15,0.876501
P_434298,12,0.851155
P_434306,6,0.869328
P_434353,18,0.865168
P_434356,8,0.882159
P_43442,10,0.872037
P_434535,3,0.877384
P_434538,10,0.853805
P_434560,6,0.876889
P_434625,3,0.846549
P_434627,5,0.887007
P_434631,4,0.859733
P_434632,14,0.892845
P_434636,8,0.882086
P_434641,10,0.851022
P_434711,11,0.855790
P_434825,6,0.812482
P_43486,9,0.893676
P_434948,7,0.862976
P_435,6,0.863909
P_435006,7,0.871809
P_435009,5,0.897571
P_43515,15,0.865764
P_435187,2,0.893058
P_435189,9,0.880448
P_435316,10,0.883415
P_435329,7,0.870621
P_43535,5,0.864432
P_4354,8,0.894504
P_435424,6,0.846657
P_435426,15,0.864094
P_435427,7,0.863750
P_435428,8,0.833546
P_435431,11,0.885300
P_43551,11,0.823944
P_435520,15,0.861459
P_435524,11,0.867906
P_435527,12,0.854727
P_435528,11,0.866832
P_435529,10,0.844384
P_43553,5,0.859187
P_435530,9,0.861099
P_435551,9,0.879577
P_435555,7,0.820740
P_435567,9,0.871869
P_435571,10,0.836702
P_435582,4,0.888702
P_435594,9,0.885521
P_435620,13,0.862011
P_435638,16,0.840725
P_435650,15,0.841925
P_435743,5,0.866833
P_435746,17,0.872362
P_435748,8,0.827699
P_43576,5,0.897385
P_435778,12,0.822305
P_435864,18,0.850462
P_435910,11,0.847853
P_435923,14,0.858932
P_435999,11,0.876070
P_436001,8,0.872360
P_436227,20,0.891356
P_436229,12,0.889413
P_436327,3,0.872149
P_436328,4,0.878229
P_436329,7,0.882522
P_436349,8,0.855329
P_436358,14,0.831882
P_436362,1,0.846230
P_436390,4,0.820928
P_436404,8,0.868529
P_436473,19,0.861308
P_436487,19,0.815117
P_436488,8,0.865711
P_436527,12,0.856927
P_436528,8,0.856660
P_436539,16,0.856430
P_436543,13,0.886777
P_436662,4,0.894018
P_436682,4,0.889361
P_436698,11,0.867446
P_436711,4,0.869108
P_436815,6,0.864818
P_436883,5,0.861053
P_436924,5,0.848691
P_436925,13,0.860492
P_437129,11,0.858120
P_437310,3,0.839649
P_437319,15,0.897115
P_437329,7,0.892433
P_437338,8,0.887799
P_437347,17,0.861358
P_437349,7,0.826775
P_437396,8,0.877129
P_437404,7,0.867589
P_437407,13,0.877509
P_437414,6,0.873185
P_437502,2,0.877379
P_437538,9,0.865235
P_437547,17,0.857602
P_437548,13,0.821269
P_437553,9,0.843031
P_437608,4,0.826994
P_437609,7,0.833491
P_437660,10,0.868302
P_437696,15,0.832485
P_437750,9,0.853385
P_437805,8,0.860900
P_437840,5,0.896611
P_43786,3,0.873453
P_437887,6,0.881565
P_437923,11,0.868696
P_438002,7,0.873263
P_4381,4,0.876307
P_438107,9,0.859300
P_43812,4,0.862654
P_438132,9,0.862949
P_438147,8,0.884022
P_438212,11,0.871071
P_438236,16,0.847198
P_438380,10,0.874332
P_438386,21,0.845666
P_438407,18,0.846964
P_438412,10,0.856956
P_438539,10,0.867799
P_438551,6,0.877546
P_438557,8,0.853724
P_438561,10,0.862974
P_438562,9,0.847599
P_438564,11,0.834668
P_438566,16,0.853691
P_438570,3,0.855186
P_438572,5,0.861032
P_438573,22,0.865644
P_438623,2,0.883408
P_438626,2,0.902390
P_438646,10,0.862433
P_438680,3,0.795906
P_438725,1,0.853296
P_438726,7,0.864663
P_438727,9,0.850643
P_438752,11,0.894003
P_438778,6,0.890200
P_438900,6,0.859705
P_43892,9,0.889907
P_438942,8,0.894317
P_43904,5,0.884460
P_439098,6,0.883445
P_43913,9,0.900814
P_439166,7,0.879748
P_439167,7,0.873323
P_439178,19,0.849791
P_439179,14,0.836608
P_439183,11,0.861913
P_439185,12,0.854422
P_439186,4,0.838571
P_439189,12,0.858438
P_439194,16,0.846140
P_439196,11,0.856490
P_439204,2,0.875635
P_439228,3,0.847324
P_439240,6,0.868919
P_439241,5,0.845154
P_439242,8,0.869480
P_439245,13,0.856228
P_439247,11,0.890853
P_439248,11,0.829225
P_439249,5,0.862046
P_439251,4,0.865414
P_439252,3,0.888852
P_439253,9,0.885724
P_439256,7,0.853387
P_439261,10,0.881378
P_439278,11,0.882580
P_439291,11,0.858166
P_439296,10,0.839086
P_439329,11,0.850096
P_439377,5,0.880579
P_439402,13,0.870423
P_439474,15,0.841321
P_439518,23,0.878092
P_439568,9,0.882038
P_439605,19,0.882665
P_439608,12,0.854584
P_439609,11,0.852433
P_439610,14,0.829443
P_439757,5,0.860824
P_43977,5,0.878463
P_43978,14,0.886392
P_439882,7,0.858141
P_439895,4,0.880208
P_440041,7,0.896217
P_440075,13,0.861995
P_440131,14,0.858241
P_440147,20,0.850076
P_440153,10,0.857358
P_440169,7,0.859953
P_440222,12,0.878997
P_44023,4,0.887307
P_44047,9,0.848403
P_440485,11,0.893472
P_44051,7,0.872610
P_440519,11,0.863562
P_44053,10,0.860057
P_440532,10,0.890271
P_440575,8,0.833054
P_440578,13,0.885794
P_44060,6,0.871344
P_440646,13,0.868297
P_440738,3,0.891264
P_440752,8,0.861707
P_441027,11,0.835202
P_441098,13,0.881713
P_44121,7,0.880305
P_441275,3,0.871189
P_441276,7,0.853094
P_441278,11,0.898054
P_441281,10,0.866221
P_44134,10,0.853861
P_441374,8,0.869274
P_441379,6,0.843005
P_441383,9,0.838328
P_441397,5,0.859396
P_441430,11,0.845641
P_441442,15,0.861405
P_441456,9,0.864759
P_441485,16,0.857224
P_441505,9,0.833580
P_441535,5,0.893768
P_441650,6,0.871450
P_441693,10,0.830012
P_441713,19,0.848732
P_441715,9,0.878255
P_44191,17,0.881668
P_441950,9,0.863232
P_441959,29,0.853805
P_442028,6,0.861676
P_442043,12,0.880909
P_442053,1,0.892221
P_442054,21,0.864062
P_442062,7,0.879377
P_442089,6,0.846497
P_442090,6,0.870854
P_442124,4,0.838304
P_44213,9,0.898070
P_442155,12,0.899824
P_442190,13,0.856117
P_442195,8,0.864491
P_442204,5,0.907486
P_442214,7,0.890382
P_442319,14,0.853289
P_442557,6,0.836412
P_442566,12,0.883988
P_44261,9,0.874857
P_442753,2,0.897038
P_44284,6,0.887194
P_442847,8,0.837078
P_442854,11,0.867404
P_442880,10,0.876211
P_442979,2,0.892008
P_443002,13,0.887263
P_44305,9,0.865473
P_44306,6,0.855895
P_44307,14,0.855464
P_443173,4,0.880832
P_443273,5,0.886837
P_443327,9,0.891267
P_443454,8,0.875308
P_443501,5,0.836650
P_443509,10,0.879440
P_443550,7,0.894710
P_443551,13,0.873800
P_443600,13,0.856162
P_443601,4,0.848025
P_443961,13,0.847758
P_444172,6,0.889970
P_444247,14,0.874322
P_44427,6,0.899493
P_444296,14,0.861764
P_444300,10,0.867342
P_44435,15,0.864852
P_444429,8,0.881099
P_444457,8,0.885646
P_444464,15,0.885097
P_444501,9,0.881143
P_444506,7,0.870488
P_444535,9,0.872360
P_444561,25,0.862476
P_444573,5,0.880629
P_444594,10,0.864581
P_444618,7,0.879357
P_44463,17,0.827355
P_444647,3,0.894617
P_44466,11,0.849465
P_444753,5,0.865573
P_444773,6,0.890611
P_44478,3,0.873670
P_444870,8,0.878170
P_44489,9,0.874083
P_444930,5,0.884088
P_445065,17,0.850999
P_445070,7,0.882566
P_44508,14,0.867040
P_445104,3,0.860072
P_44511,7,0.894862
P_44515,10,0.899547
P_44516,5,0.882146
P_445206,13,0.821700
P_44525,5,0.888214
P_445260,9,0.869697
P_445537,10,0.864174
P_44555,11,0.809935
P_44561,7,0.871494
P_44562,2,0.874664
P_445639,3,0.842488
P_445644,7,0.870490
P_445648,5,0.848419
P_44569,13,0.845544
P_445714,12,0.854291
P_44583,13,0.869963
P_44584,14,0.857661
P_44585,8,0.847631
P_445880,3,0.826758
P_445881,14,0.877117
P_44590,8,0.852470
P_445904,17,0.878012
P_446045,23,0.856087
P_44607,8,0.866416
P_446095,8,0.877644
P_446107,7,0.866321
P_446114,17,0.861603
P_446181,3,0.842165
P_446188,4,0.887554
P_446253,0,0.886555
P_446271,8,0.870717
P_446302,5,0.894106
P_446304,12,0.884909
P_446310,11,0.900015
P_446319,4,0.868748
P_446415,11,0.891147
P_446469,6,0.888395
P_446489,6,0.882211
P_446502,10,0.873892
P_446592,4,0.863319
P_446734,8,0.889597
P_446757,17,0.862186
P_4468,4,0.891068
P_446855,11,0.883926
P_446860,5,0.843601
P_446887,12,0.865724
P_446916,7,0.857407
P_446971,12,0.867265
P_446972,7,0.869306
P_447058,10,0.900244
P_44714,2,0.886364
P_447188,14,0.831364
P_447189,11,0.841095
P_447427,8,0.859495
P_447445,9,0.879044
P_447446,9,0.838153
P_447449,14,0.857351
P_447453,4,0.870343
P_447455,10,0.865912
P_447457,12,0.840490
P_447487,10,0.881006
P_447589,3,0.885565
P_447596,8,0.869843
P_44761,7,0.904149
P_447611,10,0.857418
P_447743,18,0.850504
P_447744,11,0.852050
P_447795,8,0.859407
P_447813,15,0.853002
P_447869,5,0.874441
P_447929,11,0.842189
P_447953,8,0.873736
P_448014,14,0.884360
P_448046,11,0.849622
P_448081,10,0.839918
P_448084,8,0.880014
P_448233,9,0.864539
P_448272,9,0.826736
P_448319,5,0.875228
P_44833,6,0.880754
P_448332,5,0.874463
P_448385,5,0.888241
P_448732,2,0.890998
P_448808,13,0.859849
P_448810,6,0.879332
P_448819,1,0.876544
P_448910,15,0.860822
P_448983,11,0.877766
P_448991,3,0.867525
P_449014,6,0.859620
P_449040,2,0.877183
P_449076,5,0.872489
P_449108,8,0.839200
P_449119,12,0.865286
P_449144,5,0.880708
P_449146,8,0.871877
P_449162,5,0.879328
P_449216,12,0.882484
P_449228,4,0.892236
P_449243,4,0.906784
P_449248,5,0.905219
P_449297,10,0.881057
P_449298,19,0.865793
P_449436,7,0.860356
P_449464,9,0.883656
P_449521,7,0.886955
P_449522,9,0.899798
P_449523,5,0.885164
P_449527,7,0.866808
P_449530,13,0.867057
P_44970,6,0.883846
P_449710,20,0.881833
P_44976,9,0.860170
P_44977,4,0.875214
P_449778,7,0.875289
P_449783,2,0.893887
P_449784,15,0.877877
P_449794,11,0.848055
P_449846,4,0.838271
P_449857,2,0.892555
P_449861,11,0.829319
P_449862,6,0.890059
P_449972,4,0.890447
P_450060,3,0.896451
P_450295,2,0.892926
P_450398,7,0.856488
P_45040,6,0.839849
P_45048,5,0.852763
P_45050,6,0.874174
P_450503,13,0.870995
P_450521,6,0.886871
P_45054,6,0.836559
P_45057,16,0.852201
P_450576,10,0.887951
P_45058,14,0.900171
P_450618,3,0.861830
P_450621,9,0.868215
P_450635,18,0.855585
P_45069,14,0.885212
P_45070,5,0.869419
P_450805,16,0.854224
P_450924,11,0.885635
P_450934,8,0.875458
P_450981,5,0.884864
P_450984,14,0.888557
P_451033,7,0.887621
P_451039,1,0.888899
P_451054,6,0.881101
P_45114,7,0.878808
P_45118,6,0.854320
P_45121,10,0.873906
P_451214,7,0.890056
P_451224,2,0.847150
P_45123,9,0.848107
P_45129,8,0.870124
P_45139,0,0.884004
P_451397,7,0.885455
P_45151,14,0.857853
P_451539,9,0.860871
P_451616,8,0.869133
P_451666,11,0.847260
P_45176,4,0.848407
P_451918,6,0.867405
P_451942,7,0.886171
P_452101,6,0.880171
P_452103,6,0.885726
P_452105,11,0.863067
P_452262,10,0.845274
P_452264,3,0.881383
P_452322,9,0.847830
P_452335,13,0.867855
P_452357,4,0.816939
P_452359,9,0.878681
P_452376,11,0.865059
P_452396,3,0.865751
P_452451,8,0.837965
P_452457,11,0.851281
P_452490,5,0.892304
P_452646,5,0.891256
P_452667,5,0.897417
P_45267,12,0.845188
P_4527,3,0.901488
P_452794,4,0.889077
P_452835,18,0.855619
P_452841,9,0.867907
P_452853,5,0.863955
P_452917,6,0.824928
P_452920,6,0.811211
P_452922,9,0.841404
P_452927,8,0.852406
P_452930,4,0.826298
P_452931,9,0.814156
P_452932,12,0.849774
P_452935,7,0.779230
P_452982,4,0.849997
P_452983,7,0.771862
P_453046,13,0.865947
P_453174,11,0.897125
P_45322,7,0.891197
P_453246,8,0.878776
P_453269,6,0.867707
P_453289,5,0.813189
P_453293,12,0.898077
P_453317,6,0.843085
P_453327,6,0.868330
P_453368,7,0.794934
P_453405,12,0.900095
P_453440,7,0.856767
P_453464,5,0.881570
P_453544,12,0.856050
P_45360,8,0.881218
P_453614,4,0.874351
P_453757,4,0.859745
P_453810,7,0.884518
P_454015,12,0.856341
P_454018,11,0.855743
P_4541,7,0.868897
P_454149,6,0.814495
P_454150,9,0.881329
P_4542,14,0.861247
P_454265,2,0.892210
P_454283,4,0.886055
P_454307,10,0.870321
P_454414,4,0.851722
P_454417,11,0.883747
P_454418,12,0.876065
P_454419,14,0.853395
P_454428,12,0.887708
P_454448,15,0.869512
P_454450,5,0.875366
P_454567,4,0.888714
P_454575,6,0.871109
P_454597,9,0.854597
P_454614,1,0.867505
P_454712,2,0.892510
P_454736,6,0.865845
P_454796,9,0.886784
P_4548,10,0.885719
P_45480,3,0.872506
P_454880,9,0.851939
P_45494,5,0.882781
P_45506,4,0.891571
P_455118,8,0.882856
P_455121,6,0.891004
P_45513,4,0.886938
P_455300,7,0.881088
P_455362,13,0.858344
P_455368,13,0.867509
P_455416,14,0.864092
P_455460,8,0.867113
P_455461,14,0.862548
P_455476,11,0.872228
P_455480,15,0.828618
P_455485,3,0.867634
P_455568,3,0.879638
P_455569,10,0.876891
P_45558,13,0.870044
P_45559,8,0.872036
P_455598,6,0.882317
P_455679,12,0.834151
P_455768,3,0.861044
P_455771,17,0.851823
P_455777,4,0.864090
P_45582,7,0.890777
P_455908,15,0.820561
P_455942,8,0.838440
P_456062,8,0.894753
P_456080,8,0.826665
P_456088,3,0.826233
P_456134,9,0.859733
P_45619,9,0.859968
P_45620,9,0.858576
P_456229,16,0.867612
P_456362,4,0.875475
P_456370,13,0.846027
P_456393,10,0.856701
P_456441,12,0.838054
P_456459,4,0.839063
P_456460,13,0.830716
P_456461,10,0.862638
P_456656,9,0.845433
P_456664,10,0.866411
P_456692,7,0.871849
P_456710,9,0.854061
P_45675,8,0.880277
P_45676,12,0.892204
P_456768,6,0.863895
P_45677,6,0.878250
P_45678,5,0.877033
P_456781,15,0.877299
P_45679,9,0.878721
P_456809,18,0.873567
P_456838,14,0.833335
P_456867,13,0.857054
P_456868,14,0.841571
P_45697,10,0.875102
P_456979,4,0.866926
P_457034,7,0.889376
P_45704,9,0.870351
P_457271,3,0.890713
P_457436,12,0.905367
P_457566,6,0.852141
P_457608,11,0.845121
P_45783,14,0.853491
P_457844,8,0.841649
P_45785,12,0.884092
P_457856,4,0.804386
P_45786,19,0.859734
P_45788,11,0.850931
P_458011,9,0.835540
P_458109,8,0.843007
P_45812,14,0.886812
P_458152,3,0.854263
P_45823,16,0.841062
P_458250,3,0.905060
P_458327,3,0.848541
P_458344,5,0.852942
P_458524,18,0.858761
P_458528,13,0.880365
P_458678,12,0.882065
P_458686,15,0.878400
P_458803,6,0.880408
P_458830,3,0.879982
P_458854,6,0.832001
P_458881,20,0.866535
P_458938,5,0.853257
P_459136,8,0.877966
P_459188,5,0.879504
P_459262,12,0.886113
P_459276,11,0.864460
P_459330,11,0.856347
P_459334,6,0.879900
P_459337,9,0.889888
P_459391,8,0.825471
P_459397,8,0.800998
P_459407,13,0.881233
P_459450,10,0.875189
P_45948,10,0.850250
P_45953,11,0.883910
P_459593,5,0.789805
P_459597,6,0.809838
P_45969,7,0.867715
P_45979,10,0.872330
P_45982,8,0.846575
P_45986,10,0.845517
P_459873,4,0.888327
P_460118,10,0.857259
P_460127,9,0.871323
P_460187,8,0.882046
P_460281,1,0.853591
P_460288,7,0.881140
P_46029,5,0.891232
P_460317,8,0.871270
P_460318,9,0.875975
P_460322,8,0.859357
P_460323,12,0.868577
P_460341,10,0.871781
P_460366,18,0.856840
P_460446,15,0.847280
P_460453,9,0.854733
P_460458,5,0.845635
P_460636,2,0.883834
P_46083,6,0.867805
P_460869,6,0.847946
P_460916,12,0.891777
P_460919,3,0.863491
P_461,3,0.898737
P_461061,6,0.855005
P_461096,11,0.890516
P_461099,9,0.875587
P_46112,1,0.834428
P_46121,5,0.871791
P_461339,11,0.874335
P_461390,14,0.877151
P_461419,5,0.870033
P_461447,6,0.891295
P_461449,11,0.892220
P_461453,7,0.889626
P_461485,8,0.865019
P_461486,7,0.842409
P_461510,5,0.879795
P_461511,1,0.890686
P_461513,1,0.899398
P_461516,5,0.873017
P_46153,7,0.865513
P_461598,12,0.882832
P_461607,11,0.862885
P_461619,10,0.881431
P_461692,7,0.806355
P_461693,9,0.837398
P_461700,2,0.806228
P_461746,14,0.882047
P_461754,12,0.878084
P_461762,8,0.873295
P_461875,9,0.855109
P_461897,3,0.869319
P_462,6,0.876491
P_46204,10,0.853304
P_462105,5,0.872105
P_462410,7,0.808420
P_462559,10,0.890706
P_462668,6,0.835759
P_462718,8,0.858606
P_462725,2,0.879728
P_46284,5,0.883995
P_462841,7,0.865236
P_462849,7,0.858902
P_462865,12,0.822229
P_462867,26,0.843230
P_462868,14,0.861924
P_46288,9,0.868425
P_462911,8,0.870630
P_462992,9,0.841893
P_463001,7,0.866486
P_463004,21,0.865232
P_4631,11,0.858733
P_463272,9,0.895901
P_463279,8,0.857995
P_46328,4,0.867412
P_46348,12,0.856163
P_463565,19,0.871308
P_46369,26,0.856878
P_463718,5,0.855791
P_463725,9,0.828463
P_463784,17,0.828855
P_463792,23,0.832319
P_463861,7,0.892106
P_46400,8,0.884858
P_464029,9,0.832695
P_464036,9,0.838843
P_464055,5,0.861372
P_46419,7,0.881986
P_4642,4,0.857532
P_464458,4,0.888263
P_464553,7,0.860934
P_4646,4,0.872140
P_464651,16,0.869207
P_464669,8,0.854209
P_46476,11,0.860848
P_464770,13,0.853647
P_464776,5,0.834315
P_464875,9,0.849632
P_464990,3,0.881375
P_465001,1,0.875527
P_465081,15,0.857181
P_465085,10,0.870122
P_4651,8,0.896237
P_465106,10,0.866401
P_46526,11,0.822755
P_465278,8,0.861668
P_465412,11,0.861010
P_46547,17,0.870887
P_46554,16,0.867367
P_465554,6,0.851618
P_465560,10,0.852859
P_465573,3,0.843980
P_465577,5,0.866075
P_465732,10,0.862547
P_465826,5,0.872119
P_465827,10,0.855354
P_466007,15,0.812965
P_466167,6,0.880359
P_466256,13,0.860849
P_466285,5,0.865622
P_466343,6,0.900303
P_466353,2,0.881337
P_466594,9,0.894028
P_466706,9,0.877177
P_466723,10,0.864136
P_466785,10,0.863607
P_467010,7,0.873868
P_46703,7,0.837599
P_46710,15,0.850191
P_467176,1,0.849670
P_46730,4,0.853043
P_46732,3,0.873016
P_467327,8,0.869982
P_46734,9,0.827337
P_46742,11,0.860233
P_467447,4,0.861575
P_467471,4,0.861480
P_46748,6,0.867945
P_467498,16,0.793840
P_46755,6,0.883731
P_46757,9,0.834717
P_46759,9,0.880988
P_467594,10,0.899724
P_46763,11,0.863000
P_467658,8,0.859822
P_467924,12,0.868730
P_467932,8,0.861610
P_468003,14,0.884491
P_468086,14,0.868973
P_468096,11,0.873185
P_468172,7,0.863995
P_468174,18,0.849722
P_468176,18,0.845734
P_468182,13,0.853702
P_468185,13,0.861114
P_468199,9,0.804115
P_468200,5,0.861004
P_468201,7,0.878660
P_468207,12,0.869128
P_468213,5,0.864769
P_468259,7,0.882537
P_468296,12,0.846422
P_468325,9,0.820561
P_468348,7,0.854056
P_468440,13,0.872389
P_46848,8,0.865424
P_4685,6,0.856759
P_46851,4,0.855059
P_468567,5,0.889003
P_468625,18,0.870508
P_4687,13,0.859220
P_468812,7,0.897742
P_4689,14,0.869856
P_468934,11,0.870828
P_4691,14,0.827757
P_469115,10,0.875908
P_469133,6,0.850501
P_469260,5,0.898007
P_469296,8,0.842792
P_46935,14,0.863829
P_469383,11,0.856059
P_469384,17,0.849938
P_4695,4,0.878856
P_469507,5,0.883143
P_469586,12,0.892145
P_469786,2,0.860058
P_469842,6,0.857988
P_469924,13,0.855831
P_4700,6,0.864205
P_470024,1,0.874248
P_470187,7,0.875613
P_47023,4,0.834649
P_4703,7,0.836298
P_470355,1,0.888579
P_470389,13,0.847828
P_4704,12,0.882743
P_470454,6,0.872489
P_470520,6,0.864325
P_4707,10,0.862493
P_470760,4,0.888541
P_470849,8,0.898916
P_47093,7,0.850838
P_470980,16,0.873834
P_47101,9,0.895173
P_47102,9,0.872143
P_47103,12,0.868205
P_471156,8,0.886919
P_47143,16,0.847804
P_47145,8,0.866097
P_471476,3,0.885484
P_471499,10,0.838675
P_471705,11,0.898013
P_471830,17,0.822889
P_471838,12,0.853843
P_471841,17,0.844356
P_471942,13,0.888516
P_471977,11,0.878240
P_472165,5,0.866014
P_472205,15,0.825745
P_472206,8,0.831468
P_47230,1,0.871199
P_472336,6,0.875603
P_472401,8,0.897855
P_472427,14,0.851626
P_472430,7,0.851817
P_472431,18,0.852308
P_472433,20,0.855815
P_472438,13,0.858127
P_472440,19,0.867790
P_472443,14,0.858979
P_472454,10,0.854852
P_47256,7,0.893069
P_472561,11,0.856428
P_472565,12,0.819224
P_4726,10,0.834338
P_472607,13,0.836481
P_472634,6,0.862591
P_472667,5,0.877636
P_472669,2,0.855205
P_472682,9,0.888396
P_472683,7,0.879860
P_472697,8,0.863386
P_4727,1,0.854821
P_472707,8,0.868543
P_472746,10,0.859303
P_472747,13,0.868275
P_4728,7,0.821419
P_472884,5,0.904475
P_472943,26,0.810466
P_472975,8,0.862297
P_473031,11,0.886446
P_473058,5,0.887349
P_47323,8,0.899740
P_473351,8,0.874852
P_47343,7,0.900844
P_473932,3,0.884791
P_473934,3,0.874855
P_47414,6,0.814164
P_474170,8,0.886714
P_474240,7,0.850124
P_474312,10,0.884894
P_474363,5,0.879261
P_474378,7,0.862506
P_474421,14,0.881242
P_474425,10,0.891996
P_474432,5,0.884943
P_474446,21,0.873105
P_474466,3,0.847179
P_474550,12,0.843790
P_474553,8,0.853032
P_474554,8,0.868950
P_474936,5,0.857175
P_474937,8,0.867096
P_474946,11,0.887134
P_474968,11,0.876753
P_4750,3,0.823620
P_475001,11,0.862484
P_475024,14,0.881175
P_475070,3,0.889438
P_4751,6,0.863003
P_475137,5,0.894107
P_475249,7,0.857245
P_47525,8,0.886248
P_475254,5,0.824886
P_475273,4,0.865982
P_475319,8,0.855313
P_475321,9,0.860942
P_475486,7,0.889025
P_4755,12,0.866987
P_475509,8,0.860343
P_475545,11,0.837412
P_4756,16,0.869811
P_475628,8,0.831361
P_475723,7,0.860920
P_475724,5,0.855814
P_47583,6,0.899037
P_4762,9,0.861813
P_476292,7,0.878759
P_476309,8,0.848963
P_476368,8,0.836912
P_47638,6,0.885737
P_476381,14,0.870834
P_47639,9,0.871894
P_47640,12,0.871418
P_476503,7,0.852618
P_476573,8,0.875961
P_476616,10,0.839177
P_476635,9,0.871621
P_476697,9,0.864203
P_4767,5,0.866555
P_476712,5,0.908472
P_4768,8,0.860663
P_476861,11,0.840456
P_47690,11,0.875594
P_476978,10,0.813290
P_477067,5,0.870826
P_477183,13,0.878437
P_477226,2,0.890433
P_477228,4,0.847944
P_477233,12,0.878888
P_477234,1,0.884464
P_477461,6,0.841071
P_4776,8,0.855066
P_477853,5,0.887600
P_4779,9,0.813797
P_477918,14,0.838769
P_477919,7,0.886320
P_477920,6,0.867158
P_477923,8,0.861922
P_477939,11,0.853671
P_477995,13,0.894676
P_478079,8,0.896641
P_478231,7,0.904367
P_478290,6,0.889211
P_478323,6,0.847347
P_478353,7,0.897606
P_478386,0,0.882418
P_478442,6,0.864835
P_47854,4,0.828612
P_478584,15,0.837781
P_478643,9,0.860934
P_478669,11,0.866854
P_478671,6,0.860779
P_478678,1,0.893986
P_47868,3,0.857134
P_47869,11,0.869527
P_478849,11,0.837531
P_479005,5,0.878545
P_47901,13,0.852377
P_479043,7,0.879647
P_479099,6,0.895148
P_479142,11,0.882113
P_479150,12,0.878944
P_479187,10,0.892093
P_479217,8,0.877914
P_479228,10,0.902272
P_479264,4,0.858587
P_479269,5,0.898522
P_479271,2,0.874404
P_47935,5,0.820316
P_479361,10,0.878458
P_47937,17,0.842521
P_47939,13,0.836128
P_47940,8,0.857031
P_479405,11,0.824572
P_479413,11,0.868362
P_479518,7,0.867725
P_479563,11,0.852904
P_479582,10,0.901957
P_479585,5,0.871560
P_479597,14,0.851231
P_479630,19,0.870992
P_479632,6,0.811627
P_479731,6,0.817753
P_479972,2,0.842077
P_479996,8,0.845326
P_480002,3,0.841453
P_480034,7,0.868713
P_4801,12,0.870100
P_480113,20,0.850501
P_480127,11,0.810475
P_48017,8,0.847568
P_48018,8,0.880824
P_480223,4,0.891792
P_480245,13,0.836651
P_480249,10,0.838844
P_4803,15,0.880598
P_480403,1,0.848379
P_480432,4,0.880302
P_480585,4,0.825460
P_480654,11,0.880144
P_480771,3,0.854309
P_480774,8,0.893093
P_480858,7,0.787428
P_480944,7,0.865451
P_481038,12,0.894638
P_481046,2,0.875757
P_48118,11,0.865055
P_4812,4,0.870996
P_481291,13,0.897125
P_481340,11,0.884139
P_481343,9,0.860777
P_481458,6,0.853903
P_481462,12,0.878274
P_48148,6,0.872894
P_481558,10,0.873586
P_481599,5,0.858549
P_4816,5,0.868575
P_481699,12,0.821867
P_481706,9,0.804501
P_481728,8,0.889826
P_481749,4,0.899065
P_481769,7,0.891287
P_481775,12,0.886658
P_481832,4,0.880474
P_481876,7,0.863592
P_48232,2,0.858516
P_482375,3,0.880564
P_482432,6,0.860470
P_482437,4,0.854684
P_482488,21,0.883040
P_482507,17,0.853209
P_4826,21,0.839552
P_482726,6,0.893218
P_482854,3,0.874126
P_482916,3,0.826898
P_482918,18,0.856452
P_482942,6,0.891794
P_482943,16,0.887217
P_482949,5,0.831854
P_482958,13,0.871146
P_482964,4,0.891888
P_482965,4,0.879536
P_482967,5,0.878721
P_482972,6,0.881235
P_482986,11,0.894636
P_483007,8,0.832982
P_483170,2,0.895749
P_48322,5,0.871745
P_48323,5,0.867020
P_483252,1,0.861865
P_483260,4,0.843040
P_483277,10,0.854545
P_483286,16,0.847305
P_4833,12,0.855738
P_4834,3,0.855236
P_483426,15,0.819050
P_483427,5,0.872862
P_483430,7,0.840007
P_483437,6,0.883494
P_483474,12,0.833679
P_483494,8,0.854219
P_4835,7,0.857552
P_483592,9,0.868901
P_483605,5,0.862110
P_483629,7,0.885649
P_483652,12,0.877629
P_483716,11,0.869433
P_483718,21,0.889939
P_483736,15,0.882134
P_483737,13,0.879129
P_483752,9,0.890469
P_48381,4,0.882437
P_483827,8,0.864339
P_483862,16,0.864293
P_483879,3,0.865910
P_483902,2,0.876048
P_484071,9,0.825070
P_484080,12,0.877121
P_484082,7,0.889073
P_4841,20,0.843863
P_484137,4,0.882300
P_484181,8,0.846504
P_484187,11,0.870595
P_484238,12,0.876951
P_48425,8,0.876841
P_4843,17,0.852483
P_484328,6,0.865810
P_484353,6,0.847874
P_484367,12,0.866346
P_484418,8,0.885699
P_484498,6,0.905617
P_484503,8,0.903474
P_484506,17,0.860515
P_484560,7,0.868022
P_4846,15,0.878496
P_484613,5,0.838559
P_484639,4,0.862938
P_48466,1,0.890265
P_484669,5,0.884204
P_484675,10,0.886331
P_484683,6,0.855321
P_48491,5,0.872800
P_48496,9,0.832012
P_484986,12,0.844228
P_484987,12,0.864826
P_484996,6,0.830647
P_485043,10,0.861456
P_48508,6,0.865466
P_485234,14,0.845169
P_485456,12,0.820466
P_485564,6,0.889935
P_485566,4,0.889674
P_485567,8,0.878996
P_485570,8,0.885734
P_485571,12,0.867854
P_485573,6,0.851336
P_485672,14,0.781661
P_485676,4,0.784770
P_485679,6,0.828111
P_48571,8,0.862119
P_48572,8,0.819595
P_485731,9,0.861725
P_485919,4,0.863287
P_485972,7,0.888881
P_486021,15,0.882335
P_486064,18,0.871230
P_486067,5,0.864313
P_486184,3,0.871405
P_486191,9,0.856357
P_486228,7,0.869763
P_486233,13,0.897822
P_486239,1,0.885776
P_486248,10,0.831463
P_486284,3,0.852401
P_486289,9,0.828737
P_486405,8,0.867677
P_486468,5,0.882098
P_486590,9,0.840890
P_486643,8,0.892981
P_486686,14,0.839108
P_486700,8,0.890661
P_486767,7,0.901131
P_486776,15,0.880937
P_486777,14,0.847916
P_486829,6,0.856276
P_48686,8,0.863995
P_48688,7,0.865902
P_4869,11,0.866691
P_48694,8,0.862994
P_487024,2,0.871986
P_487157,4,0.862844
P_487164,6,0.850821
P_487165,8,0.869958
P_487183,3,0.890138
P_487189,13,0.892488
P_487193,8,0.890538
P_48722,17,0.868475
P_487221,15,0.876183
P_487237,3,0.875867
P_487243,11,0.884381
P_487244,10,0.892626
P_487275,5,0.845863
P_487498,6,0.890346
P_487499,12,0.873397
P_487578,9,0.900409
P_4876,8,0.864788
P_48760,6,0.844274
P_487647,5,0.893653
P_487648,12,0.854460
P_487679,6,0.897707
P_487694,10,0.860770
P_488055,7,0.889552
P_488155,5,0.856360
P_488194,12,0.874727
P_488196,12,0.879605
P_488245,7,0.873892
P_488264,13,0.848205
P_488300,5,0.852400
P_488304,5,0.852587
P_488306,10,0.854548
P_488502,9,0.868037
P_488504,7,0.892606
P_488584,15,0.859177
P_4886,10,0.855949
P_48868,8,0.885515
P_488802,6,0.887514
P_488963,9,0.876143
P_489000,8,0.888001
P_489120,8,0.868287
P_48918,6,0.855591
P_48919,20,0.845431
P_489194,5,0.864867
P_489196,11,0.896644
P_489277,14,0.831891
P_489304,16,0.842765
P_489356,11,0.886722
P_489568,6,0.893811
P_489623,3,0.874550
P_489646,6,0.854554
P_489795,9,0.883397
P_48981,6,0.868394
P_489864,13,0.897372
P_489866,3,0.891745
P_49,7,0.889683
P_490021,2,0.870009
P_490085,14,0.888664
P_490201,4,0.778117
P_490350,3,0.866725
P_490441,15,0.832426
P_490443,10,0.825805
P_490448,7,0.863259
P_490703,9,0.870398
P_490722,3,0.833720
P_49080,9,0.869753
P_49081,3,0.905043
P_490862,0,0.865000
P_490863,10,0.853898
P_490866,7,0.878727
P_490899,8,0.883679
P_490901,4,0.876765
P_490948,6,0.858398
P_491070,5,0.871427
P_491101,5,0.870814
P_491106,11,0.875438
P_491210,5,0.821529
P_491212,6,0.881101
P_491263,7,0.866782
P_4916,10,0.869853
P_491706,18,0.874351
P_491711,11,0.866676
P_491767,11,0.808074
P_491773,6,0.796816
P_4918,9,0.864842
P_491824,8,0.860522
P_491829,8,0.843709
P_491832,1,0.868554
P_491839,4,0.887523
P_491847,11,0.900189
P_491966,17,0.835374
P_491992,12,0.876476
P_492013,4,0.883219
P_492026,6,0.894117
P_492072,16,0.861349
P_492074,6,0.862113
P_492097,13,0.863618
P_492201,9,0.857988
P_492202,6,0.885031
P_492210,7,0.884501
P_492242,3,0.884182
P_49228,5,0.886671
P_4923,7,0.815551
P_492420,8,0.870487
P_492446,8,0.890054
P_492461,9,0.826094
P_492468,3,0.800238
P_492470,13,0.791753
P_492479,12,0.837669
P_492480,7,0.843844
P_492482,6,0.804837
P_492557,2,0.854998
P_492612,4,0.884261
P_492666,16,0.855543
P_492678,16,0.848748
P_49272,10,0.889646
P_49277,13,0.883072
P_492792,6,0.903723
P_492795,6,0.841609
P_492796,5,0.897733
P_492801,7,0.840085
P_49281,10,0.897621
P_493050,4,0.882333
P_493209,11,0.854024
P_493217,6,0.867254
P_493270,4,0.893702
P_493317,3,0.880779
P_493349,6,0.897719
P_493467,3,0.889656
P_493523,2,0.880881
P_493580,10,0.824915
P_493609,9,0.898882
P_493630,9,0.891643
P_493659,5,0.889654
P_49369,9,0.876962
P_49374,3,0.854748
P_49375,19,0.867688
P_4939,16,0.850773
P_49391,10,0.855337
P_494246,10,0.871535
P_494275,6,0.875555
P_494365,4,0.858637
P_49438,8,0.890987
P_494460,8,0.886162
P_494540,7,0.869578
P_4946,8,0.874574
P_494676,7,0.890738
P_494745,6,0.840773
P_494755,6,0.895228
P_494866,8,0.905747
P_4950,5,0.872955
P_495053,11,0.843024
P_495060,8,0.853334
P_495395,6,0.866006
P_495481,9,0.857068
P_495483,6,0.861604
P_495503,8,0.843218
P_49554,5,0.877020
P_49555,6,0.870535
P_49557,14,0.865508
P_495654,7,0.889855
P_495680,11,0.877421
P_495812,6,0.860793
P_495930,7,0.876845
P_495955,3,0.850324
P_49601,6,0.871865
P_496040,10,0.868829
P_496066,9,0.876311
P_49613,5,0.885802
P_496149,10,0.872022
P_49619,18,0.866037
P_49620,7,0.868664
P_49621,8,0.875381
P_49623,4,0.833568
P_496301,9,0.807270
P_496305,10,0.861491
P_496418,12,0.855146
P_496570,5,0.882879
P_496653,8,0.889155
P_496915,13,0.837585
P_496978,14,0.885558
P_497030,10,0.803544
P_497229,7,0.842687
P_497232,5,0.868574
P_49726,11,0.848412
P_49727,6,0.858566
P_49734,6,0.844505
P_49739,4,0.858198
P_497392,5,0.896942
P_497395,5,0.869504
P_497399,6,0.875152
P_49740,9,0.843832
P_49743,7,0.853245
P_497460,17,0.851695
P_497516,3,0.847079
P_497608,5,0.880702
P_497615,15,0.858245
P_497635,6,0.856379
P_497651,9,0.872787
P_49772,17,0.824291
P_497763,22,0.873256
P_497867,2,0.890738
P_497998,11,0.845891
P_498216,9,0.839390
P_498219,5,0.846336
P_498220,19,0.849790
P_49828,10,0.826459
P_49830,11,0.837820
P_498345,10,0.899983
P_498407,6,0.862974
P_498415,13,0.853119
P_498429,4,0.881094
P_498431,5,0.853055
P_4985,11,0.867932
P_498550,7,0.867260
P_498557,5,0.822811
P_498682,11,0.858801
P_498823,13,0.857832
P_498828,7,0.869055
P_499034,23,0.841246
P_499035,9,0.845955
P_499050,9,0.849426
P_499055,11,0.868088
P_49907,11,0.864096
P_499476,7,0.870981
P_499479,8,0.868452
P_499775,13,0.876972
P_499907,10,0.884010
P_499938,8,0.876525
P_499945,10,0.825062
P_50000,10,0.848313
P_50001,12,0.850119
P_500073,6,0.872397
P_500386,4,0.852747
P_500706,10,0.878207
P_500708,6,0.844968
P_500806,4,0.864397
P_501,16,0.901601
P_501032,7,0.833213
P_501077,5,0.876451
P_501090,11,0.842396
P_501387,12,0.858321
P_501399,4,0.873248
P_501407,8,0.862242
P_501410,2,0.834861
P_50146,1,0.888973
P_501501,7,0.881018
P_501551,6,0.853799
P_501647,10,0.864534
P_50177,9,0.858117
P_501807,15,0.886957
P_501977,14,0.848236
P_502117,14,0.842728
P_50229,8,0.870302
P_502382,15,0.885527
P_502436,7,0.862019
P_502441,2,0.824580
P_502567,8,0.874279
P_502732,8,0.861793
P_502777,9,0.854603
P_50283,5,0.885349
P_502835,7,0.889292
P_50289,2,0.869299
P_502898,4,0.866916
P_502900,9,0.901079
P_502956,5,0.873827
P_502991,11,0.857004
P_503054,5,0.857085
P_50318,4,0.879187
P_503398,7,0.878525
P_503418,4,0.884038
P_50381,11,0.850056
P_503842,4,0.871953
P_504004,9,0.870857
P_504012,6,0.891375
P_504077,5,0.850313
P_504082,11,0.883322
P_504084,8,0.837314
P_504128,15,0.813625
P_504129,6,0.878587
P_504231,6,0.841232
P_504236,6,0.840274
P_504323,3,0.876312
P_504386,9,0.870242
P_50446,2,0.889776
P_50449,5,0.883755
P_50456,4,0.891745
P_504594,11,0.870522
P_504605,5,0.854051
P_504682,3,0.889181
P_504725,6,0.866906
P_504802,9,0.867538
P_504843,4,0.871582
P_504954,10,0.808043
P_504955,6,0.856132
P_505012,6,0.869600
P_505212,13,0.867892
P_50523,17,0.861349
P_505295,11,0.818295
P_505298,8,0.856353
P_505372,2,0.832798
P_505492,8,0.875655
P_505493,7,0.873113
P_505531,5,0.881883
P_505671,8,0.856095
P_505675,13,0.853205
P_505678,7,0.881806
P_505728,5,0.894444
P_505729,5,0.896708
P_505873,12,0.884693
P_505923,2,0.895825
P_505984,5,0.876321
P_506,15,0.890218
P_506140,6,0.865069
P_506141,6,0.826136
P_506151,10,0.813840
P_506256,9,0.865782
P_506348,9,0.876355
P_506495,6,0.877979
P_506553,12,0.861457
P_506744,6,0.892409
P_5071,9,0.873207
P_507182,6,0.876660
P_507191,12,0.879700
P_507194,9,0.835272
P_507201,8,0.881977
P_507289,3,0.877258
P_507290,10,0.883502
P_507302,6,0.866279
P_50742,1,0.852186
P_50743,17,0.833012
P_50744,10,0.859874
P_50773,2,0.871376
P_507732,8,0.893427
P_507734,6,0.890969
P_507805,4,0.874921
P_507843,7,0.868026
P_50785,9,0.823934
P_50786,10,0.858995
P_507871,4,0.835980
P_507892,13,0.859391
P_507964,6,0.868356
P_507992,8,0.890882
P_508007,12,0.879193
P_508067,12,0.865517
P_508070,10,0.882436
P_508073,4,0.850956
P_508085,8,0.867742
P_50809,6,0.830215
P_508176,8,0.847914
P_508186,12,0.867574
P_508235,6,0.859495
P_508389,4,0.865762
P_508428,5,0.869103
P_508611,13,0.861483
P_508633,8,0.884518
P_508728,10,0.883042
P_508761,11,0.874709
P_508817,10,0.877108
P_508819,7,0.849251
P_508822,1,0.879229
P_508827,10,0.863560
P_508891,3,0.803405
P_50915,9,0.856188
P_509199,7,0.885602
P_509213,2,0.867106
P_509283,2,0.867937
P_50940,4,0.907005
P_5095,4,0.871294
P_5096,6,0.879213
P_509603,11,0.835206
P_509666,14,0.867499
P_509687,3,0.843506
P_509694,6,0.889887
P_509695,9,0.832778
P_50982,10,0.864539
P_50983,7,0.851255
P_50990,23,0.863809
P_509921,2,0.876610
P_509949,5,0.838893
P_509959,8,0.872243
P_50997,9,0.879660
P_510144,9,0.877096
P_51019,6,0.894384
P_5102,10,0.896646
P_510206,12,0.867211
P_510230,7,0.855085
P_510242,10,0.860305
P_510244,19,0.849426
P_510246,9,0.848407
P_510460,6,0.828658
P_510555,4,0.872045
P_510572,6,0.876833
P_510574,20,0.843685
P_510609,5,0.865219
P_510614,11,0.852134
P_510626,11,0.867341
P_510644,3,0.889448
P_51068,7,0.888636
P_510715,8,0.867689
P_510748,13,0.871010
P_510774,4,0.869206
P_510781,8,0.858169
P_510787,5,0.875237
P_510835,9,0.875057
P_510836,4,0.865102
P_510838,14,0.880799
P_51089,9,0.869229
P_510937,4,0.845865
P_511038,3,0.862966
P_511097,17,0.869461
P_511127,8,0.872940
P_511144,6,0.852856
P_511202,0,0.877387
P_511223,10,0.862928
P_51124,3,0.900803
P_511336,12,0.874308
P_51141,5,0.882622
P_51142,7,0.894861
P_51144,9,0.887233
P_511465,14,0.831742
P_511509,12,0.835755
P_511519,12,0.847124
P_511520,8,0.845981
P_511521,12,0.840437
P_511523,6,0.856886
P_511617,16,0.874436
P_511619,22,0.853720
P_511622,7,0.873388
P_511623,13,0.862448
P_511625,8,0.831755
P_511626,3,0.852418
P_511681,10,0.894090
P_511704,13,0.879971
P_511714,13,0.816520
P_511781,22,0.820381
P_511782,8,0.858460
P_511792,6,0.868824
P_511793,14,0.874327
P_511794,17,0.865926
P_511795,10,0.869603
P_511796,13,0.884186
P_511899,12,0.847808
P_5119,5,0.896981
P_51197,13,0.857782
P_512013,2,0.865011
P_512049,6,0.878147
P_512061,7,0.857824
P_512076,6,0.850858
P_512125,3,0.894284
P_512223,9,0.869597
P_512225,11,0.865974
P_51236,14,0.880906
P_512360,6,0.848382
P_51237,12,0.895677
P_51238,4,0.894929
P_51240,12,0.883061
P_51241,7,0.893533
P_512525,10,0.883993
P_512606,7,0.853070
P_512653,12,0.845564
P_512657,7,0.843491
P_512706,19,0.876453
P_512737,17,0.831818
P_512767,22,0.864560
P_512806,3,0.859874
P_512811,4,0.855566
P_512815,6,0.836501
P_512900,13,0.875339
P_512910,10,0.882050
P_512992,8,0.845031
P_513031,15,0.843704
P_513173,13,0.858516
P_513178,6,0.849267
P_513219,8,0.842763
P_513232,9,0.844352
P_513318,13,0.857687
P_513337,5,0.865167
P_513358,15,0.874462
P_513366,2,0.876352
P_513404,5,0.882157
P_513704,7,0.848291
P_513865,2,0.889030
P_51392,9,0.868423
P_51393,9,0.883036
P_51395,8,0.854692
P_513954,5,0.877032
P_513985,22,0.886027
P_514074,8,0.859762
P_5141,4,0.897260
P_514117,4,0.857521
P_51415,5,0.866765
P_514257,9,0.865586
P_514274,7,0.881634
P_51434,8,0.885134
P_514506,6,0.864609
P_514507,6,0.891443
P_514509,6,0.892675
P_514511,9,0.879401
P_514512,8,0.867542
P_514513,4,0.872503
P_514514,12,0.880064
P_514518,8,0.890159
P_514526,9,0.876454
P_51455,7,0.873093
P_514556,5,0.862254
P_514574,7,0.848009
P_51460,8,0.890562
P_514725,14,0.860552
P_514982,12,0.879126
P_514983,8,0.880546
P_515165,6,0.865103
P_515197,10,0.872472
P_515332,8,0.879670
P_515355,16,0.827703
P_515356,6,0.864599
P_515358,4,0.853841
P_515359,12,0.815437
P_515398,1,0.891310
P_515412,7,0.861472
P_515422,1,0.857049
P_515428,5,0.879590
P_515430,8,0.870340
P_515453,10,0.841275
P_515476,3,0.848584
P_515478,11,0.866912
P_515479,10,0.853925
P_515480,18,0.863863
P_515495,10,0.884390
P_515530,12,0.861826
P_515541,19,0.869812
P_515547,12,0.863520
P_515553,19,0.859232
P_515613,11,0.850634
P_515619,12,0.885832
P_515620,10,0.867611
P_515624,2,0.847097
P_515625,7,0.876502
P_515728,11,0.891063
P_515953,4,0.856619
P_516096,5,0.870386
P_516099,12,0.883958
P_516105,11,0.862358
P_516183,14,0.866987
P_5162,4,0.895897
P_5163,2,0.875983
P_516310,8,0.849508
P_516420,6,0.884276
P_516454,18,0.853074
P_516462,4,0.880822
P_516627,11,0.835572
P_516721,14,0.882588
P_516735,6,0.885687
P_516752,14,0.855563
P_516959,5,0.814217
P_516960,6,0.766176
P_517114,6,0.860711
P_517127,3,0.852354
P_517141,3,0.869030
P_517160,6,0.809628
P_517168,13,0.865718
P_517187,11,0.854699
P_517216,6,0.884434
P_517233,9,0.835788
P_517242,16,0.851536
P_517247,14,0.869776
P_517249,4,0.851968
P_517255,4,0.861392
P_517308,8,0.850425
P_51737,13,0.878964
P_517425,10,0.841543
P_517551,12,0.850101
P_517558,17,0.854191
P_517587,4,0.855410
P_517595,10,0.860801
P_517700,4,0.856922
P_517705,11,0.881819
P_517795,9,0.897936
P_517802,10,0.868754
P_517832,7,0.844994
P_517839,14,0.849160
P_517840,10,0.853992
P_517843,15,0.850945
P_51795,16,0.865266
P_517999,10,0.878437
P_51800,11,0.829530
P_518017,3,0.852948
P_518019,7,0.859574
P_518021,7,0.875084
P_518029,7,0.890505
P_518072,6,0.845292
P_518221,18,0.898245
P_518388,11,0.859701
P_518403,3,0.851197
P_518404,7,0.876245
P_518408,11,0.886694
P_518452,6,0.872210
P_518485,5,0.836578
P_518486,16,0.835512
P_518490,9,0.845814
P_518510,11,0.841606
P_518547,7,0.873857
P_5186,5,0.890853
P_518722,8,0.886152
P_518999,7,0.826301
P_51905,6,0.874452
P_519068,6,0.892683
P_51907,2,0.879075
P_51909,7,0.870353
P_519102,10,0.902133
P_51913,3,0.882574
P_519134,12,0.898758
P_519178,7,0.840201
P_519179,4,0.874820
P_519282,15,0.854795
P_519284,23,0.873373
P_519292,11,0.870089
P_519293,12,0.883204
P_519320,5,0.850049
P_51935,5,0.863443
P_519417,8,0.848690
P_51952,8,0.868932
P_51954,9,0.848275
P_519551,8,0.874573
P_51957,4,0.880125
P_51958,10,0.886514
P_519613,3,0.880776
P_519686,6,0.865524
P_519705,2,0.863885
P_519713,9,0.861941
P_519717,7,0.842534
P_519804,10,0.849074
P_51983,14,0.873735
P_51984,8,0.879865
P_519914,7,0.877171
P_520102,3,0.857889
P_520115,6,0.884503
P_520309,0,0.851924
P_520343,15,0.863836
P_520348,9,0.820576
P_520573,7,0.869012
P_520606,8,0.870977
P_52062,8,0.864050
P_52063,2,0.851616
P_52065,11,0.865737
P_52066,10,0.867427
P_520698,11,0.855166
P_520805,16,0.861703
P_520806,7,0.863997
P_520807,17,0.854210
P_520813,1,0.869495
P_520816,6,0.862373
P_520819,14,0.859290
P_520821,10,0.876034
P_520823,7,0.878739
P_520984,13,0.817540
P_521098,4,0.868046
P_521104,14,0.868436
P_521107,7,0.821124
P_521109,11,0.854303
P_521110,14,0.866226
P_521322,6,0.871641
P_521337,16,0.854759
P_521342,11,0.812610
P_521403,6,0.878970
P_521404,7,0.884884
P_521410,17,0.840326
P_521411,7,0.832318
P_521432,13,0.834400
P_521442,15,0.872598
P_52150,6,0.875611
P_521539,4,0.866230
P_521548,7,0.861965
P_521550,7,0.880075
P_521553,11,0.886077
P_521652,3,0.881533
P_521717,13,0.892865
P_52176,10,0.889099
P_52177,10,0.864592
P_52178,3,0.862869
P_52179,4,0.868843
P_52180,11,0.881393
P_521897,9,0.864382
P_52194,6,0.868820
P_52195,7,0.883256
P_522073,3,0.880279
P_522115,11,0.775249
P_522119,5,0.869141
P_522134,7,0.827940
P_522135,12,0.827862
P_522177,7,0.825847
P_52219,5,0.864066
P_522192,7,0.809041
P_52220,6,0.836416
P_522256,9,0.858713
P_52227,4,0.780307
P_522297,5,0.863489
P_522379,6,0.900282
P_522413,18,0.863239
P_522430,4,0.882173
P_522499,4,0.875744
P_522505,11,0.827025
P_522640,12,0.862966
P_522649,9,0.867822
P_522650,0,0.850272
P_522710,15,0.818315
P_522713,8,0.891318
P_522714,6,0.882909
P_522716,4,0.871879
P_522717,7,0.874551
P_522729,9,0.883346
P_52277,6,0.860966
P_522819,8,0.858133
P_522881,12,0.819601
P_522887,9,0.838930
P_522939,9,0.853603
P_523017,12,0.881416
P_523045,6,0.825384
P_523048,9,0.841459
P_523057,5,0.882053
P_523061,9,0.891508
P_523071,17,0.882120
P_5231,16,0.887660
P_523164,3,0.867730
P_523212,8,0.891411
P_52324,6,0.872336
P_5233,13,0.873509
P_523333,5,0.872075
P_523380,5,0.860347
P_523545,7,0.862787
P_523746,12,0.845744
P_523779,11,0.868945
P_523785,10,0.828653
P_523933,14,0.842459
P_523979,9,0.886162
P_524004,15,0.886602
P_524005,19,0.886844
P_524007,8,0.880795
P_524008,12,0.879247
P_524009,4,0.883046
P_524124,2,0.894588
P_524125,6,0.866498
P_524288,4,0.870185
P_524338,10,0.892837
P_524339,9,0.883578
P_524341,16,0.891234
P_524365,8,0.891495
P_524380,7,0.895583
P_524453,7,0.853544
P_524455,11,0.878312
P_524608,5,0.872336
P_524684,8,0.888034
P_52469,5,0.854172
P_524692,15,0.882137
P_524700,8,0.859869
P_524707,10,0.846251
P_524711,7,0.891288
P_524806,12,0.868094
P_524883,11,0.883945
P_524945,6,0.867633
P_524982,14,0.890921
P_525015,21,0.873206
P_525037,14,0.844285
P_525039,8,0.846772
P_525040,13,0.845853
P_525041,12,0.883654
P_525044,7,0.848283
P_525195,10,0.870969
P_525200,10,0.863318
P_525239,6,0.880584
P_525243,10,0.900425
P_525282,16,0.872550
P_525310,5,0.884036
P_525438,9,0.882797
P_52547,5,0.878985
P_525500,8,0.840004
P_525513,7,0.862900
P_525514,7,0.834974
P_52557,7,0.877597
P_525577,12,0.883948
P_5257,8,0.869160
P_525806,8,0.894000
P_525906,3,0.836598
P_525970,6,0.853146
P_526038,2,0.874630
P_526222,6,0.787402
P_526235,11,0.795526
P_526244,2,0.785354
P_526271,9,0.876845
P_526491,3,0.847114
P_52650,5,0.876456
P_52660,9,0.878948
P_52663,9,0.907475
P_526668,6,0.782130
P_526770,9,0.886769
P_526850,13,0.882881
P_526858,15,0.793993
P_526874,30,0.854027
P_526875,26,0.869359
P_526876,13,0.858368
P_526878,7,0.863651
P_526894,2,0.882578
P_526896,10,0.841183
P_526980,7,0.882634
P_52701,4,0.849935
P_52703,7,0.888674
P_527063,9,0.891123
P_52713,5,0.882006
P_52714,4,0.880506
P_52718,10,0.863754
P_527191,7,0.877494
P_527193,11,0.798727
P_527203,7,0.834650
P_527204,2,0.844396
P_527210,4,0.873373
P_52740,13,0.897109
P_527585,5,0.886544
P_527597,5,0.831383
P_527629,7,0.871528
P_527741,10,0.867820
P_527802,2,0.791942
P_527897,9,0.869744
P_528047,7,0.890988
P_5283,2,0.868008
P_52838,12,0.871360
P_52839,7,0.884814
P_52843,5,0.875179
P_52851,8,0.893822
P_528563,15,0.855985
P_528599,11,0.890926
P_528644,6,0.876555
P_528646,3,0.889634
P_528659,10,0.875627
P_528661,11,0.844091
P_528776,10,0.873764
P_52896,13,0.896313
P_529002,5,0.823236
P_529105,10,0.886060
P_529194,14,0.842874
P_529238,19,0.863527
P_52929,3,0.877277
P_52933,9,0.865270
P_529362,11,0.852900
P_529481,5,0.896258
P_529485,8,0.889065
P_529495,1,0.868439
P_52963,7,0.879676
P_529744,7,0.850357
P_52978,5,0.897709
P_529780,10,0.875793
P_529784,19,0.843831
P_529791,25,0.872734
P_529794,5,0.885421
P_529806,8,0.894909
P_529829,5,0.783768
P_530004,10,0.828470
P_530008,13,0.860264
P_530021,7,0.897002
P_530053,6,0.881267
P_530057,7,0.861650
P_530080,9,0.865730
P_530087,12,0.858867
P_530257,12,0.860714
P_530261,3,0.862658
P_530292,5,0.843887
P_530306,5,0.886143
P_530390,19,0.873183
P_53040,3,0.865048
P_530402,7,0.883355
P_53042,23,0.868428
P_53049,4,0.858578
P_53050,5,0.867663
P_530514,1,0.845710
P_530544,8,0.869101
P_530565,0,0.838466
P_530760,2,0.881093
P_530818,3,0.832096
P_530880,8,0.878202
P_530946,10,0.824176
P_530950,7,0.852217
P_531026,1,0.858621
P_531060,13,0.838376
P_531074,4,0.876431
P_531080,10,0.852954
P_531222,6,0.872157
P_531223,4,0.870827
P_531252,20,0.880537
P_531253,13,0.855524
P_531258,16,0.888468
P_531280,6,0.873320
P_531285,7,0.863064
P_531289,6,0.872196
P_531290,4,0.859356
P_531292,11,0.837012
P_531352,16,0.857337
P_531376,9,0.825907
P_531377,7,0.821282
P_531426,22,0.861589
P_531439,5,0.875632
P_531446,6,0.875172
P_5316,8,0.860289
P_53166,8,0.896267
P_5319,7,0.886795
P_531945,1,0.857709
P_531974,9,0.823916
P_531997,7,0.863240
P_5320,6,0.883328
P_532066,2,0.887026
P_532131,9,0.828300
P_532170,19,0.869513
P_532176,8,0.861757
P_532177,12,0.887836
P_532190,3,0.857523
P_532253,9,0.866074
P_53240,11,0.895398
P_532415,11,0.827662
P_532485,9,0.870437
P_532537,10,0.836845
P_532548,4,0.843586
P_532578,7,0.880921
P_53262,8,0.833325
P_53263,7,0.821159
P_532673,12,0.878287
P_532720,5,0.857548
P_532867,5,0.873103
P_533026,1,0.893338
P_533033,8,0.869076
P_533113,10,0.869096
P_533132,12,0.829583
P_533202,11,0.891687
P_533334,8,0.872986
P_533352,12,0.876514
P_533374,5,0.891310
P_533426,11,0.846943
P_53351,13,0.867123
P_53352,5,0.872613
P_53354,12,0.865436
P_53356,8,0.865881
P_53357,13,0.835453
P_533579,6,0.821463
P_533605,2,0.878140
P_53369,9,0.867305
P_533717,6,0.870750
P_53378,8,0.876445
P_533796,6,0.873293
P_533840,2,0.885980
P_533841,9,0.886381
P_53385,9,0.866521
P_533851,16,0.847605
P_533864,15,0.858113
P_533874,4,0.868959
P_53389,7,0.860395
P_533910,12,0.803407
P_533932,8,0.808394
P_5342,7,0.888996
P_534214,15,0.841031
P_534241,13,0.877819
P_534242,6,0.879381
P_5343,7,0.890997
P_534335,18,0.857835
P_534339,4,0.894962
P_534356,5,0.876516
P_534410,8,0.872397
P_534522,3,0.878260
P_534565,10,0.864517
P_534627,5,0.867037
P_534748,7,0.888044
P_534761,10,0.887868
P_534768,14,0.873468
P_53481,10,0.869348
P_53482,13,0.869757
P_534932,7,0.837309
P_534961,11,0.837413
P_535145,4,0.892433
P_535314,17,0.892812
P_535333,13,0.891967
P_535366,7,0.860209
P_535388,8,0.887525
P_535492,16,0.869430
P_5355,5,0.901230
P_535555,10,0.847613
P_535558,11,0.868045
P_535692,12,0.835681
P_535732,13,0.868833
P_535740,9,0.853190
P_53591,14,0.895341
P_536146,17,0.853354
P_536217,9,0.867620
P_536219,3,0.827365
P_5363,0,0.887214
P_536314,16,0.858965
P_536364,8,0.895724
P_536375,9,0.865178
P_536388,7,0.870573
P_536442,9,0.827260
P_536470,7,0.841583
P_536488,8,0.874646
P_536624,5,0.879873
P_536744,4,0.857783
P_536812,16,0.879709
P_53687,6,0.881675
P_537066,13,0.888120
P_537137,16,0.876268
P_537524,2,0.820597
P_537529,6,0.890411
P_537601,10,0.842779
P_53765,3,0.878460
P_537723,11,0.855502
P_537784,9,0.880621
P_537786,13,0.860384
P_537788,10,0.843046
P_537802,22,0.861793
P_537831,12,0.888185
P_537845,2,0.886527
P_537868,3,0.904882
P_53787,14,0.905953
P_537947,18,0.865735
P_53805,12,0.870682
P_538100,11,0.887085
P_538354,6,0.861734
P_538502,3,0.900240
P_538614,11,0.881790
P_538616,7,0.852700
P_53862,4,0.877592
P_53863,8,0.899602
P_538680,6,0.889347
P_538728,9,0.900492
P_538758,14,0.850794
P_5388,19,0.888575
P_539199,6,0.845653
P_53921,12,0.896421
P_539233,11,0.857066
P_539380,4,0.877885
P_539422,4,0.833322
P_539468,14,0.849827
P_53959,2,0.878358
P_5396,9,0.903843
P_53960,15,0.872389
P_539642,8,0.889539
P_53965,7,0.870973
P_53966,10,0.880567
P_539740,7,0.815121
P_539744,7,0.854237
P_53985,5,0.893586
P_539895,12,0.891039
P_53997,9,0.843652
P_539984,11,0.879596
P_53999,16,0.863068
P_54000,3,0.868442
P_540372,6,0.858090
P_540474,3,0.883082
P_540564,8,0.848429
P_540608,12,0.862173
P_540632,12,0.881537
P_540638,5,0.890513
P_540799,11,0.868789
P_540811,8,0.867330
P_54089,8,0.892077
P_54092,8,0.898780
P_540949,4,0.837675
P_540951,13,0.861689
P_540981,19,0.858394
P_54100,4,0.876839
P_541004,9,0.865969
P_541006,5,0.868408
P_541007,14,0.856455
P_541115,5,0.899814
P_541126,6,0.880677
P_541212,13,0.845264
P_541280,11,0.833417
P_541281,9,0.878158
P_541290,10,0.875215
P_541314,9,0.852663
P_541347,10,0.862065
P_54136,13,0.821430
P_541431,4,0.871840
P_541439,7,0.873768
P_541481,3,0.872121
P_541484,6,0.855270
P_541637,17,0.842454
P_541837,15,0.836255
P_541845,5,0.847401
P_541909,3,0.840496
P_541925,3,0.884961
P_541979,6,0.827795
P_54204,0,0.907178
P_54210,8,0.866771
P_542201,11,0.845651
P_542204,6,0.885093
P_54230,10,0.872533
P_542368,4,0.889154
P_542428,12,0.845281
P_542468,6,0.883140
P_542487,5,0.864078
P_542512,5,0.885958
P_542535,7,0.872209
P_542553,6,0.883164
P_542575,10,0.857425
P_542638,8,0.839353
P_542673,17,0.862775
P_542702,12,0.859292
P_542776,16,0.845714
P_542854,7,0.860826
P_542855,11,0.875971
P_542857,9,0.857633
P_542870,17,0.874950
P_542894,0,0.874866
P_543087,4,0.874583
P_543164,7,0.867618
P_543244,9,0.877561
P_543251,12,0.887426
P_543267,10,0.881792
P_543290,5,0.880583
P_543390,11,0.882099
P_543541,5,0.892674
P_543574,5,0.886521
P_543672,9,0.853867
P_543729,8,0.854570
P_5438,14,0.837899
P_54402,9,0.857525
P_544237,3,0.871415
P_544266,9,0.890866
P_544319,5,0.864894
P_544484,5,0.842656
P_544549,9,0.817866
P_544551,9,0.833205
P_544586,8,0.887148
P_544588,2,0.880445
P_54461,2,0.842563
P_544642,6,0.878814
P_54466,7,0.799012
P_544675,18,0.846275
P_544693,6,0.852520
P_544701,3,0.860525
P_544729,5,0.874266
P_544810,7,0.898001
P_544875,13,0.841744
P_544877,9,0.820613
P_54488,11,0.795326
P_544889,9,0.869369
P_544890,9,0.883594
P_544891,11,0.862636
P_544893,8,0.858700
P_54490,7,0.892287
P_544903,8,0.827887
P_545038,2,0.889242
P_54506,3,0.846494
P_545073,16,0.850652
P_545087,23,0.875578
P_545095,9,0.865852
P_545154,9,0.855891
P_545155,6,0.841009
P_545164,8,0.846793
P_545167,11,0.857218
P_545172,13,0.847254
P_545174,8,0.831485
P_545314,13,0.841151
P_545544,10,0.845324
P_545550,8,0.897624
P_545572,12,0.859339
P_545610,4,0.886245
P_545615,10,0.844686
P_54566,8,0.881530
P_545660,5,0.871449
P_545763,7,0.856145
P_545764,4,0.845085
P_545824,9,0.872266
P_545908,9,0.856903
P_545941,4,0.892140
P_546,8,0.877700
P_5461,7,0.876309
P_546298,8,0.859652
P_546306,5,0.823802
P_546319,11,0.851353
P_54634,8,0.900655
P_546343,10,0.883567
P_546359,10,0.892031
P_546584,9,0.895880
P_546633,5,0.819401
P_546670,9,0.872286
P_5467,9,0.897586
P_546725,12,0.805534
P_546834,7,0.865785
P_546893,11,0.892346
P_546908,3,0.838092
P_547036,9,0.879622
P_547045,5,0.890370
P_547373,8,0.868244
P_547375,8,0.835257
P_54739,2,0.893855
P_547417,12,0.873676
P_547419,17,0.842488
P_547557,3,0.853858
P_547651,4,0.854011
P_547699,6,0.872360
P_547710,5,0.863567
P_547797,7,0.873577
P_547838,11,0.883901
P_547841,3,0.891251
P_547842,9,0.884992
P_547843,4,0.886168
P_547883,11,0.834766
P_548131,8,0.862614
P_54816,12,0.845423
P_548167,8,0.832977
P_54817,8,0.869735
P_548176,6,0.887722
P_548185,14,0.868143
P_548377,10,0.878772
P_548381,21,0.876167
P_548401,9,0.881670
P_54845,7,0.879696
P_548460,4,0.867429
P_548590,8,0.873244
P_548602,13,0.849668
P_548659,3,0.863028
P_548717,7,0.881656
P_548756,14,0.876961
P_548769,7,0.872963
P_548844,6,0.828748
P_548846,10,0.834907
P_548849,18,0.870057
P_548893,25,0.872976
P_548959,11,0.887723
P_548967,3,0.877103
P_549007,8,0.865623
P_549139,7,0.871819
P_549220,13,0.837952
P_549353,9,0.823682
P_549355,5,0.869520
P_54936,8,0.865258
P_549363,5,0.856362
P_549377,6,0.866091
P_549384,13,0.847402
P_549402,12,0.869521
P_549523,7,0.864260
P_549526,4,0.855770
P_549589,21,0.887617
P_549814,10,0.885510
P_54989,4,0.886122
P_549922,8,0.868418
P_5500,7,0.887390
P_5501,5,0.882760
P_550235,16,0.876571
P_550259,13,0.838344
P_550280,9,0.813061
P_550291,4,0.878994
P_550306,6,0.853826
P_550335,11,0.880387
P_550345,10,0.883218
P_550423,5,0.874020
P_550436,8,0.850134
P_550447,6,0.879540
P_550484,11,0.884353
P_550525,5,0.891923
P_550548,3,0.852991
P_550551,16,0.874542
P_550566,6,0.856836
P_550667,3,0.886001
P_55068,2,0.880873
P_55077,7,0.891277
P_550843,10,0.854426
P_550878,17,0.871664
P_550896,7,0.864266
P_550967,15,0.832097
P_550968,11,0.860866
P_550969,3,0.864865
P_550976,4,0.877138
P_550978,7,0.834936
P_551104,9,0.877809
P_551181,11,0.843953
P_551198,8,0.864388
P_551211,10,0.865249
P_551455,11,0.897141
P_5515,7,0.853563
P_551673,8,0.884630
P_551689,8,0.895882
P_551690,2,0.875747
P_551702,4,0.887853
P_551847,8,0.882853
P_551928,7,0.877274
P_551973,12,0.876249
P_551988,14,0.874121
P_552037,3,0.877134
P_552043,10,0.817462
P_552137,10,0.860002
P_552236,6,0.868085
P_552238,8,0.892780
P_552281,10,0.859697
P_552388,10,0.878983
P_552638,11,0.881534
P_552639,10,0.874743
P_552640,7,0.862755
P_552642,11,0.842832
P_552649,7,0.864339
P_552762,8,0.876368
P_552797,9,0.862332
P_553039,13,0.859972
P_553078,10,0.866224
P_553107,8,0.866908
P_553199,7,0.871396
P_553216,9,0.862240
P_553217,4,0.858068
P_553317,9,0.875092
P_553349,5,0.867478
P_553370,16,0.867402
P_5534,6,0.887035
P_553427,4,0.890698
P_553435,10,0.879074
P_553456,10,0.850591
P_553459,11,0.876361
P_553478,7,0.857043
P_553497,5,0.860854
P_5535,4,0.894762
P_553538,13,0.862628
P_553540,11,0.856405
P_553548,8,0.867392
P_553549,10,0.852889
P_553636,13,0.891509
P_553638,9,0.868455
P_553656,12,0.856155
P_55371,3,0.899932
P_553716,5,0.854091
P_553792,8,0.832542
P_553837,6,0.877279
P_553961,2,0.872254
P_554018,9,0.894518
P_5542,7,0.856572
P_554256,11,0.839237
P_554280,8,0.868273
P_554293,16,0.882051
P_55439,5,0.890350
P_5544,8,0.889857
P_554436,5,0.848373
P_554568,9,0.848348
P_554577,16,0.826031
P_554611,9,0.848606
P_554617,9,0.886754
P_554655,4,0.888389
P_554691,11,0.877113
P_554697,19,0.874421
P_554700,17,0.869168
P_554771,12,0.863222
P_554772,18,0.843915
P_554773,8,0.876066
P_554868,7,0.866769
P_554887,12,0.867645
P_5549,11,0.905112
P_5550,7,0.887477
P_555074,7,0.843162
P_555161,19,0.889563
P_5552,7,0.813949
P_555513,14,0.839050
P_555544,9,0.891149
P_555588,8,0.858570
P_555655,6,0.839528
P_555665,1,0.892038
P_5557,10,0.892772
P_555793,18,0.836808
P_555839,15,0.839310
P_555859,6,0.840910
P_5559,11,0.890624
P_555926,11,0.887492
P_556004,11,0.830619
P_556014,4,0.849410
P_556211,8,0.880449
P_55622,2,0.875154
P_556343,8,0.832702
P_556481,19,0.876997
P_556540,6,0.861187
P_55655,5,0.865961
P_556619,9,0.882908
P_556623,13,0.874848
P_556677,25,0.844059
P_556950,13,0.855303
P_556983,7,0.865734
P_556987,9,0.885000
P_556988,6,0.875140
P_55699,6,0.891966
P_557011,7,0.884325
P_55702,9,0.872635
P_557079,5,0.854599
P_557190,11,0.839697
P_557399,13,0.844460
P_557403,4,0.882206
P_557416,18,0.847191
P_557647,12,0.887099
P_557654,11,0.859221
P_557806,17,0.844669
P_557995,16,0.825840
P_558034,5,0.857192
P_558268,13,0.857534
P_558276,23,0.867381
P_558309,12,0.870086
P_558322,10,0.814351
P_558332,5,0.821053
P_558447,7,0.858287
P_559063,8,0.879210
P_559328,18,0.841864
P_559420,5,0.836360
P_559424,11,0.857990
P_559433,4,0.891262
P_559434,3,0.850954
P_559449,14,0.857709
P_559456,13,0.840523
P_559483,4,0.859702
P_559486,5,0.861758
P_559487,9,0.846387
P_559488,11,0.851137
P_559498,11,0.843443
P_559611,3,0.886748
P_559614,5,0.846647
P_559615,10,0.860974
P_559737,11,0.880191
P_559804,14,0.872645
P_559925,16,0.852046
P_559927,15,0.880004
P_559948,6,0.857678
P_560225,11,0.837784
P_560269,2,0.854521
P_560462,8,0.887830
P_560470,8,0.847309
P_5605,11,0.884158
P_56050,13,0.897112
P_560662,13,0.861817
P_56072,12,0.901938
P_56074,10,0.899484
P_560770,8,0.882375
P_560866,4,0.883372
P_560899,5,0.840660
P_560913,15,0.856647
P_56096,5,0.891973
P_56099,6,0.856580
P_561150,13,0.851962
P_561329,11,0.843129
P_56144,7,0.855609
P_561478,5,0.820611
P_561494,9,0.860793
P_561495,19,0.851645
P_561504,7,0.837831
P_561533,8,0.889191
P_5616,10,0.889479
P_561625,10,0.877107
P_56165,5,0.872361
P_561703,7,0.872299
P_56175,7,0.881127
P_56179,7,0.890897
P_561910,16,0.852158
P_561978,10,0.898842
P_562117,9,0.890795
P_562143,2,0.873924
P_562197,10,0.873278
P_562222,12,0.881637
P_562284,1,0.836324
P_562366,5,0.901749
P_56239,8,0.860512
P_56240,5,0.861781
P_562401,6,0.867718
P_562410,13,0.871891
P_562431,12,0.864360
P_56251,7,0.836027
P_56253,4,0.860819
P_56254,9,0.856742
P_562540,14,0.859035
P_562545,7,0.868389
P_56256,8,0.878903
P_56257,6,0.893225
P_562575,10,0.846633
P_562577,5,0.855601
P_562598,2,0.902206
P_56261,9,0.894641
P_562615,3,0.890858
P_562819,11,0.888097
P_562820,8,0.898816
P_562864,5,0.890897
P_562890,7,0.866740
P_562896,10,0.865775
P_562938,9,0.873883
P_562940,6,0.888881
P_562941,8,0.868153
P_56309,12,0.890552
P_56331,5,0.871888
P_56334,11,0.835626
P_56336,6,0.873517
P_56337,6,0.865147
P_56339,5,0.861650
P_563416,11,0.838482
P_563430,5,0.853120
P_56346,4,0.884481
P_56354,9,0.895206
P_563612,6,0.892640
P_563619,6,0.895057
P_563625,10,0.858311
P_563671,8,0.855711
P_563706,9,0.870789
P_563708,5,0.890528
P_563712,1,0.852546
P_563714,6,0.862547
P_563733,10,0.830045
P_563802,3,0.855290
P_563806,7,0.884212
P_563833,9,0.869117
P_563875,6,0.891999
P_563893,13,0.876753
P_563897,4,0.865522
P_563898,7,0.849222
P_563920,10,0.842059
P_563923,11,0.873073
P_563960,4,0.853829
P_563963,10,0.853287
P_563964,11,0.876407
P_563965,7,0.880436
P_563967,7,0.866942
P_563987,9,0.868879
P_563991,11,0.857124
P_564187,3,0.886614
P_564520,13,0.833551
P_56454,5,0.870735
P_564609,7,0.880320
P_564617,11,0.834452
P_564727,5,0.889945
P_564801,11,0.803611
P_564818,6,0.836841
P_564850,6,0.837818
P_564866,5,0.837290
P_564878,9,0.872200
P_564931,10,0.814447
P_565,7,0.888278
P_565061,8,0.852252
P_56509,14,0.847697
P_565194,13,0.888613
P_565203,17,0.857178
P_565407,10,0.872849
P_5655,11,0.868122
P_565840,6,0.849767
P_566008,9,0.891639
P_566037,7,0.865584
P_566046,17,0.841361
P_566053,9,0.860825
P_566083,8,0.884045
P_566107,1,0.889526
P_566114,7,0.847225
P_566131,15,0.837833
P_56622,8,0.867012
P_56626,12,0.881374
P_56633,9,0.893260
P_566345,4,0.871910
P_566425,11,0.835555
P_566805,14,0.875303
P_566904,12,0.861598
P_566929,11,0.886027
P_56693,13,0.871880
P_567064,21,0.844479
P_567088,2,0.900229
P_567089,11,0.894640
P_567095,5,0.879111
P_567099,5,0.894530
P_56710,3,0.884516
P_567150,9,0.879313
P_567446,12,0.855023
P_567629,9,0.857861
P_567631,7,0.843636
P_567634,7,0.868687
P_56775,13,0.874951
P_567864,9,0.884657
P_567866,10,0.884416
P_567869,8,0.876305
P_567899,7,0.851735
P_568015,0,0.888454
P_568035,11,0.888647
P_568060,11,0.862471
P_568066,2,0.892155
P_568078,5,0.872943
P_568094,9,0.888733
P_568101,16,0.860615
P_568102,13,0.886936
P_568106,8,0.877170
P_568110,9,0.876550
P_56820,6,0.845198
P_56827,9,0.825126
P_56828,11,0.873424
P_56829,6,0.853071
P_568314,13,0.835837
P_568648,10,0.870203
P_568766,8,0.879512
P_56879,1,0.891487
P_568989,14,0.848869
P_568993,7,0.881977
P_569004,6,0.854980
P_569008,11,0.836661
P_569197,4,0.842032
P_569262,14,0.849959
P_569265,8,0.858652
P_569282,11,0.870458
P_569284,9,0.850897
P_569373,6,0.880886
P_569401,7,0.880373
P_569520,3,0.864491
P_569597,12,0.863369
P_569599,2,0.859891
P_5697,5,0.825883
P_5698,11,0.834549
P_5700,10,0.863409
P_570035,10,0.873211
P_570169,5,0.864004
P_570267,11,0.864315
P_570372,7,0.879030
P_570586,5,0.881809
P_571011,6,0.879118
P_571029,8,0.886441
P_571041,3,0.844054
P_57137,7,0.893278
P_571378,8,0.864375
P_57141,10,0.861080
P_57144,12,0.896163
P_57149,18,0.880581
P_571601,6,0.862805
P_57162,9,0.882159
P_571692,2,0.865157
P_571794,8,0.872490
P_57181,11,0.859294
P_57182,9,0.864214
P_571935,10,0.897380
P_572064,7,0.878596
P_572116,7,0.892226
P_572157,14,0.884107
P_572172,6,0.871572
P_572225,15,0.859877
P_572295,8,0.884061
P_57234,9,0.867984
P_57236,6,0.889703
P_5724,7,0.853450
P_572467,13,0.849775
P_5725,4,0.866086
P_572557,3,0.906019
P_57270,16,0.876016
P_572735,13,0.885049
P_572787,8,0.849296
P_572795,13,0.865949
P_572871,7,0.899481
P_572876,11,0.869504
P_572928,11,0.830450
P_572960,6,0.870255
P_572974,10,0.888612
P_572994,10,0.868459
P_573036,6,0.865439
P_573052,6,0.884217
P_573058,7,0.879358
P_573060,13,0.876134
P_573068,7,0.882266
P_573124,6,0.885631
P_573186,9,0.825471
P_57349,9,0.892255
P_573502,9,0.848971
P_573527,10,0.833472
P_573629,14,0.852580
P_573641,10,0.866271
P_573645,7,0.890402
P_573646,7,0.858029
P_573657,8,0.872093
P_57378,6,0.834508
P_573812,12,0.856108
P_573842,8,0.874180
P_573887,3,0.862317
P_573889,12,0.853229
P_573892,5,0.852221
P_573961,4,0.866611
P_573966,4,0.884172
P_574011,4,0.866893
P_574095,11,0.880292
P_574173,7,0.853589
P_574187,5,0.878743
P_574265,7,0.877620
P_574540,18,0.871802
P_574541,8,0.862217
P_574615,8,0.819941
P_574623,6,0.836036
P_574627,4,0.846667
P_574632,11,0.829077
P_574635,17,0.801860
P_57482,6,0.903426
P_574911,12,0.885149
P_574976,11,0.888996
P_575,7,0.901823
P_575015,9,0.848034
P_575035,9,0.882989
P_575188,6,0.865834
P_575212,6,0.885783
P_575216,1,0.879183
P_575318,4,0.870121
P_575477,8,0.896754
P_575495,10,0.839898
P_575499,5,0.872366
P_575614,11,0.842967
P_575626,5,0.894883
P_575751,6,0.867244
P_57583,2,0.894490
P_575861,6,0.828077
P_575877,8,0.845788
P_576,6,0.897552
P_576088,6,0.837088
P_576292,10,0.873309
P_576295,9,0.871941
P_576398,13,0.858898
P_576412,16,0.867237
P_576559,10,0.859786
P_57669,0,0.866247
P_577310,17,0.850635
P_577322,6,0.861462
P_577346,12,0.863716
P_577422,7,0.847018
P_577492,4,0.855595
P_577630,8,0.823636
P_577632,7,0.835339
P_577633,17,0.838873
P_577635,6,0.830223
P_577637,2,0.826716
P_577639,6,0.849056
P_577644,5,0.893297
P_577722,5,0.852828
P_577724,15,0.850944
P_577725,6,0.868189
P_577733,8,0.839731
P_577734,19,0.804169
P_577736,10,0.818830
P_57777,5,0.824193
P_57786,11,0.866219
P_578090,10,0.861093
P_57811,4,0.893207
P_578110,6,0.869181
P_578255,7,0.846201
P_57844,7,0.901016
P_578512,8,0.875305
P_578630,7,0.873606
P_578632,12,0.864206
P_578633,4,0.866515
P_578637,3,0.871574
P_578642,4,0.880130
P_578647,4,0.901020
P_578865,3,0.873090
P_57889,3,0.893857
P_578966,9,0.869570
P_578974,11,0.868829
P_579004,13,0.814483
P_579043,4,0.835524
P_579075,6,0.883785
P_579403,12,0.883506
P_579404,9,0.869305
P_57946,3,0.877342
P_579589,3,0.878683
P_57967,8,0.880032
P_579834,15,0.864729
P_579858,7,0.877250
P_57991,11,0.860531
P_579923,4,0.870446
P_579930,12,0.827827
P_579931,6,0.839171
P_579932,22,0.857071
P_579933,8,0.809734
P_579937,20,0.834786
P_579998,12,0.873186
P_580,7,0.896081
P_580106,3,0.879306
P_580109,17,0.861926
P_580114,10,0.863390
P_58015,2,0.882509
P_580319,4,0.866805
P_580351,6,0.856591
P_580363,9,0.886246
P_580402,9,0.885754
P_580404,2,0.847384
P_580408,5,0.853685
P_580411,8,0.877592
P_58076,16,0.854037
P_580984,10,0.880246
P_580987,25,0.872990
P_581061,12,0.864901
P_58117,4,0.856271
P_58118,4,0.827853
P_58119,3,0.819504
P_58120,6,0.855688
P_58121,5,0.872875
P_581238,13,0.876396
P_58126,10,0.868617
P_581288,5,0.863929
P_581415,14,0.872759
P_581416,12,0.816480
P_581428,10,0.795868
P_581480,15,0.846236
P_581486,3,0.888901
P_581576,8,0.893753
P_58175,8,0.868213
P_58179,10,0.867931
P_581870,12,0.873400
P_582019,6,0.868380
P_582337,4,0.857382
P_58260,2,0.838729
P_582600,6,0.842430
P_582692,18,0.845899
P_582773,7,0.849248
P_582894,8,0.898237
P_582991,12,0.856823
P_583061,8,0.866062
P_583111,10,0.877214
P_583116,7,0.873602
P_583145,13,0.864836
P_583156,5,0.839549
P_583615,4,0.883378
P_583700,17,0.888304
P_583810,8,0.888148
P_583847,11,0.838964
P_583959,14,0.886372
P_584013,12,0.846532
P_584073,9,0.870373
P_584309,9,0.856777
P_584379,10,0.861451
P_584390,10,0.840748
P_58442,7,0.854540
P_584655,20,0.858206
P_584657,6,0.874176
P_584719,6,0.833995
P_584830,9,0.882687
P_584901,6,0.874992
P_58494,12,0.839902
P_585050,9,0.865731
P_585111,8,0.848660
P_585169,5,0.872745
P_585266,10,0.892739
P_585340,4,0.872284
P_585359,8,0.868023
P_585381,5,0.857672
P_585388,5,0.880483
P_585411,19,0.850259
P_585412,2,0.838833
P_585453,7,0.862391
P_585661,11,0.857759
P_585901,10,0.876802
P_585903,10,0.853875
P_585904,8,0.866077
P_585906,15,0.875073
P_585940,10,0.845248
P_585955,16,0.866497
P_586077,10,0.828277
P_586260,8,0.844553
P_586262,10,0.827383
P_586271,1,0.874790
P_586274,0,0.869154
P_586320,15,0.835257
P_586351,7,0.858783
P_586399,5,0.872665
P_586405,2,0.875292
P_586429,11,0.861406
P_586430,8,0.859816
P_586442,12,0.859743
P_586476,6,0.876593
P_586480,6,0.887273
P_586498,11,0.836117
P_586532,10,0.856644
P_586567,14,0.885731
P_586568,10,0.861071
P_586570,8,0.878255
P_586704,7,0.856344
P_586738,13,0.865199
P_586782,8,0.863604
P_586802,5,0.855896
P_586855,12,0.860980
P_586856,13,0.887515
P_586917,13,0.869727
P_586962,5,0.866266
P_587006,1,0.896635
P_587052,7,0.902880
P_587099,16,0.862257
P_587305,14,0.833506
P_587352,15,0.856401
P_587585,20,0.860149
P_587747,3,0.868183
P_587780,4,0.851588
P_587796,6,0.864962
P_58781,7,0.870197
P_58783,9,0.879474
P_587970,8,0.873113
P_587973,9,0.898177
P_588061,6,0.886482
P_588077,8,0.866588
P_588151,4,0.881145
P_588153,5,0.883635
P_588154,9,0.817888
P_588199,14,0.866858
P_588213,5,0.896100
P_5884,4,0.887101
P_588422,6,0.901231
P_588447,5,0.857297
P_588455,10,0.881187
P_5886,16,0.895451
P_588614,15,0.843404
P_588667,18,0.850203
P_588670,7,0.855562
P_588849,7,0.864161
P_58894,3,0.884008
P_588999,11,0.852398
P_58900,14,0.887946
P_589133,7,0.871609
P_589135,16,0.866662
P_589137,5,0.833314
P_589179,5,0.882054
P_58920,12,0.906127
P_589341,6,0.870898
P_58937,13,0.892479
P_589525,3,0.878292
P_589669,11,0.881892
P_589687,5,0.863761
P_589691,9,0.836119
P_589725,6,0.889810
P_589838,9,0.872613
P_589939,10,0.872471
P_590059,13,0.892532
P_590082,13,0.839086
P_590114,14,0.838614
P_590300,10,0.870152
P_590311,23,0.872424
P_590319,5,0.858257
P_590320,8,0.889698
P_590322,7,0.870684
P_590323,13,0.833107
P_590349,8,0.854502
P_590385,21,0.847361
P_590388,13,0.859399
P_590403,9,0.859243
P_590424,9,0.875916
P_590426,9,0.860736
P_590429,14,0.846897
P_590541,11,0.864430
P_590605,7,0.864787
P_590608,4,0.872337
P_590617,14,0.870248
P_590640,12,0.877137
P_590773,13,0.837834
P_590799,6,0.879165
P_590800,14,0.885614
P_59082,3,0.874702
P_59099,7,0.853175
P_59102,12,0.838672
P_59103,8,0.864434
P_59113,1,0.899141
P_591160,12,0.883932
P_591181,9,0.890034
P_591183,13,0.865852
P_591184,7,0.887001
P_5912,11,0.872541
P_591343,12,0.872749
P_591373,6,0.871101
P_591381,11,0.856519
P_591385,8,0.853853
P_591387,16,0.832161
P_591388,9,0.894317
P_59149,4,0.829401
P_59152,3,0.839576
P_591547,3,0.874303
P_591673,0,0.883942
P_59169,5,0.886943
P_5917,2,0.875766
P_5918,16,0.872577
P_591958,5,0.865901
P_592007,7,0.838900
P_592017,4,0.892752
P_59203,18,0.827737
P_59204,8,0.826189
P_592111,5,0.806049
P_592261,13,0.846839
P_592262,10,0.833999
P_592305,9,0.823255
P_592511,3,0.863979
P_592539,6,0.813397
P_592543,9,0.810378
P_592547,11,0.854259
P_592553,8,0.827480
P_592560,11,0.824259
P_592561,9,0.824898
P_592566,5,0.835727
P_592587,8,0.820545
P_592653,12,0.864045
P_592661,10,0.879449
P_592663,15,0.847186
P_592664,7,0.850668
P_592808,5,0.894680
P_592818,6,0.844241
P_592823,5,0.883966
P_592898,7,0.863407
P_592961,7,0.849995
P_592963,9,0.853090
P_592970,6,0.858708
P_592982,11,0.848401
P_592989,3,0.857304
P_5930,4,0.876888
P_593005,2,0.842274
P_593008,15,0.860636
P_593063,4,0.847706
P_593068,10,0.863719
P_593081,14,0.837562
P_593119,10,0.866763
P_593148,16,0.820408
P_593151,11,0.825686
P_593155,17,0.858501
P_593181,5,0.870655
P_593182,7,0.875786
P_593183,3,0.857565
P_59319,2,0.887577
P_593200,5,0.870444
P_593296,11,0.842936
P_593304,6,0.879010
P_593428,11,0.875972
P_593495,2,0.844879
P_593529,10,0.841299
P_593532,6,0.852565
P_593575,8,0.853430
P_59362,11,0.903573
P_593629,12,0.868907
P_593638,24,0.831818
P_593685,13,0.881190
P_593711,3,0.852245
P_593771,3,0.815476
P_5938,14,0.879548
P_593821,6,0.856319
P_593863,13,0.811214
P_593874,5,0.866285
P_593930,13,0.872039
P_593981,12,0.881429
P_594,11,0.877027
P_594103,10,0.843007
P_594119,11,0.848123
P_594137,7,0.873089
P_594168,4,0.857640
P_594174,3,0.852234
P_594202,9,0.834662
P_594204,13,0.888337
P_594205,9,0.849013
P_594215,7,0.864092
P_594234,11,0.867141
P_594237,5,0.850507
P_594335,8,0.851020
P_594347,5,0.884269
P_594348,10,0.888463
P_594414,14,0.882670
P_59457,12,0.857987
P_59461,8,0.876940
P_594632,5,0.842847
P_594655,8,0.829338
P_594694,11,0.852910
P_594745,15,0.850119
P_59480,11,0.901388
P_594961,9,0.872897
P_595,15,0.870726
P_595067,7,0.881248
P_595070,5,0.896734
P_595165,6,0.854994
P_595198,4,0.866454
P_5952,1,0.884034
P_59530,5,0.858596
P_595346,5,0.819833
P_595412,3,0.875900
P_595434,6,0.854101
P_595441,11,0.856362
P_595445,14,0.856464
P_595448,14,0.868979
P_595450,12,0.814335
P_595451,19,0.818558
P_595499,13,0.893461
P_595513,8,0.848459
P_59552,4,0.886332
P_595535,6,0.849304
P_595707,4,0.870470
P_595786,10,0.890540
P_595849,14,0.828797
P_5959,7,0.877794
P_595924,6,0.890994
P_595925,4,0.887483
P_595945,4,0.863321
P_596039,5,0.817996
P_596242,10,0.865068
P_596326,9,0.869493
P_596355,5,0.875172
P_596477,9,0.894978
P_5965,8,0.902246
P_596572,13,0.881333
P_5966,7,0.893828
P_59672,4,0.879287
P_596728,26,0.877383
P_596747,4,0.875463
P_596762,12,0.874647
P_59683,6,0.895903
P_596870,17,0.871996
P_596919,12,0.885650
P_59778,10,0.868415
P_597838,17,0.857034
P_597883,6,0.893900
P_597986,4,0.865862
P_597992,11,0.848370
P_598056,6,0.887044
P_598499,8,0.885573
P_59851,10,0.870303
P_598587,2,0.873427
P_59869,6,0.872069
P_598864,8,0.883254
P_598939,10,0.885913
P_59894,13,0.883535
P_599152,4,0.844794
P_599287,8,0.878716
P_599291,2,0.875086
P_59937,3,0.878084
P_599382,6,0.885915
P_599401,8,0.885846
P_599444,17,0.885575
P_599729,15,0.860524
P_600432,7,0.840316
P_600433,4,0.841665
P_600503,11,0.883939
P_600532,9,0.874680
P_600535,8,0.881275
P_600568,6,0.887107
P_600738,8,0.893650
P_600748,2,0.899976
P_600841,11,0.875862
P_600924,4,0.877776
P_60106,5,0.885348
P_601086,4,0.865768
P_601096,3,0.906756
P_601173,4,0.862146
P_60166,3,0.891702
P_601692,12,0.806058
P_601702,12,0.866360
P_601705,15,0.883260
P_601718,10,0.874467
P_601760,8,0.890037
P_601794,8,0.897089
P_602001,17,0.838424
P_602051,6,0.873797
P_602054,9,0.861402
P_60208,3,0.868549
P_60216,7,0.888713
P_60217,8,0.881591
P_602211,4,0.852191
P_602355,11,0.893983
P_602469,7,0.856080
P_602728,2,0.898882
P_602882,4,0.886796
P_60290,10,0.885943
P_60324,13,0.866775
P_60325,1,0.830216
P_603252,4,0.880085
P_603269,6,0.874928
P_603294,4,0.866717
P_603357,4,0.860689
P_603627,12,0.780945
P_603653,4,0.874382
P_60386,3,0.896178
P_603876,8,0.872900
P_60398,2,0.840199
P_604015,11,0.822833
P_604504,2,0.794636
P_604547,14,0.854575
P_604562,7,0.890149
P_604582,9,0.796416
P_60463,15,0.863674
P_604838,6,0.868498
P_604921,1,0.884471
P_604926,6,0.904086
P_604962,9,0.895041
P_60498,1,0.892198
P_605011,10,0.831876
P_605065,21,0.837590
P_605069,11,0.871271
P_605086,2,0.879533
P_605318,12,0.844374
P_605327,0,0.887536
P_605371,12,0.857622
P_605642,0,0.882978
P_605775,8,0.889133
P_605802,13,0.890915
P_605970,6,0.894462
P_606043,5,0.801486
P_606047,9,0.826380
P_60605,6,0.886282
P_606060,10,0.892528
P_60612,4,0.891202
P_60623,4,0.893368
P_606285,9,0.880269
P_606830,11,0.859094
P_606887,3,0.890508
P_606911,2,0.819919
P_606994,11,0.892812
P_607048,3,0.864176
P_60714,12,0.859459
P_607353,15,0.849066
P_607441,1,0.871770
P_60753,13,0.870751
P_60764,7,0.885656
P_607658,14,0.843732
P_607667,9,0.827141
P_607843,11,0.841015
P_608068,6,0.898580
P_608104,7,0.897867
P_608287,5,0.883183
P_608292,3,0.881361
P_608405,2,0.863748
P_608422,20,0.853497
P_608546,7,0.865379
P_608557,7,0.889913
P_608628,9,0.878752
P_60871,6,0.841678
P_60875,8,0.879190
P_608786,13,0.852964
P_608852,6,0.851074
P_608886,5,0.882866
P_60891,9,0.849571
P_609019,17,0.856056
P_609023,10,0.808975
P_609024,13,0.862290
P_609090,9,0.871396
P_60910,7,0.849559
P_60914,7,0.883579
P_609289,15,0.791691
P_609362,1,0.847807
P_609600,8,0.820686
P_609804,3,0.849764
P_609858,11,0.826387
P_609991,7,0.895290
P_610110,5,0.897923
P_610231,4,0.897989
P_610361,8,0.888855
P_610419,13,0.880377
P_610426,8,0.867502
P_610469,14,0.881750
P_610482,11,0.876350
P_610655,8,0.874396
P_610672,15,0.857712
P_610718,8,0.895437
P_610800,7,0.856478
P_611088,8,0.873176
P_611093,8,0.855260
P_611159,10,0.846979
P_611163,11,0.867820
P_611192,12,0.882164
P_611230,16,0.877626
P_611236,12,0.869957
P_611237,18,0.850853
P_611241,14,0.865465
P_611259,14,0.866107
P_611400,11,0.843655
P_611403,14,0.891479
P_611431,8,0.871252
P_611432,4,0.878790
P_61153,11,0.888305
P_611626,5,0.879660
P_611661,9,0.882398
P_611683,8,0.883448
P_61169,7,0.893257
P_611808,1,0.874034
P_61185,6,0.848121
P_61190,13,0.841097
P_611966,16,0.864373
P_61199,4,0.855692
P_61209,12,0.871295
P_61214,16,0.819363
P_61217,12,0.853889
P_61219,5,0.835426
P_61220,12,0.888708
P_612236,4,0.861385
P_612266,3,0.881935
P_612433,7,0.883893
P_61273,4,0.879700
P_61274,7,0.838873
P_61293,3,0.865434
P_61294,7,0.861685
P_613002,10,0.874158
P_613006,3,0.867746
P_61302,7,0.831260
P_613023,13,0.884142
P_613025,5,0.891106
P_61307,11,0.835723
P_61308,3,0.884753
P_613137,8,0.858975
P_613317,8,0.890701
P_613429,2,0.898362
P_613431,6,0.894451
P_61348,6,0.868477
P_613488,10,0.860344
P_61352,8,0.858541
P_61353,12,0.886318
P_613548,5,0.867800
P_61356,4,0.865260
P_61358,9,0.866767
P_61359,18,0.845433
P_61362,9,0.850851
P_613629,9,0.876567
P_613638,8,0.878270
P_613777,9,0.854733
P_614099,13,0.861728
P_614159,6,0.864459
P_614305,0,0.876912
P_614322,10,0.805886
P_614372,4,0.888775
P_61448,14,0.898132
P_61456,14,0.881117
P_614929,4,0.887678
P_614954,1,0.876265
P_615033,9,0.822342
P_61539,15,0.861174
P_615422,2,0.887500
P_61574,10,0.862103
P_6158,13,0.872552
P_615821,8,0.857918
P_616093,4,0.894374
P_616109,7,0.876712
P_6163,13,0.857797
P_61634,11,0.898717
P_616776,13,0.835617
P_616814,11,0.868363
P_616827,3,0.879463
P_616909,13,0.884876
P_617114,14,0.850799
P_617118,14,0.847536
P_617129,5,0.820941
P_61714,2,0.881177
P_617170,11,0.858336
P_617270,12,0.838897
P_617761,10,0.885562
P_617779,8,0.876669
P_617970,4,0.858607
P_618342,2,0.876928
P_618370,7,0.859748
P_618567,10,0.895459
P_618654,9,0.875725
P_618688,5,0.877137
P_618893,15,0.863999
P_619014,8,0.807204
P_619019,11,0.835363
P_61923,5,0.891071
P_619233,1,0.879348
P_61924,8,0.870623
P_61927,8,0.884364
P_61929,7,0.886228
P_619320,3,0.845859
P_61933,14,0.864949
P_61934,15,0.842500
P_619342,9,0.795810
P_61935,16,0.845164
P_61936,10,0.851518
P_61939,3,0.876937
P_619468,7,0.875415
P_619514,9,0.853382
P_619653,2,0.876770
P_619665,12,0.830662
P_619669,11,0.749842
P_619675,8,0.838176
P_619692,8,0.864666
P_619709,7,0.860149
P_619732,3,0.887620
P_619766,7,0.897820
P_619771,4,0.887942
P_620012,8,0.889482
P_62003,15,0.867036
P_62005,6,0.866697
P_620062,5,0.893725
P_620189,9,0.874583
P_620307,5,0.853769
P_620342,6,0.866489
P_620345,2,0.868125
P_620394,5,0.855769
P_620490,3,0.880380
P_620576,5,0.893064
P_620591,9,0.860276
P_620599,8,0.839815
P_620600,7,0.884223
P_620690,3,0.898045
P_62084,8,0.895476
P_620918,10,0.872829
P_620953,5,0.885393
P_620990,16,0.884022
P_621109,9,0.863409
P_621125,3,0.876369
P_621165,5,0.889328
P_621326,6,0.888057
P_62137,8,0.874458
P_621502,13,0.871596
P_6216,6,0.881610
P_6217,11,0.835155
P_62179,14,0.880420
P_621916,4,0.880127
P_62192,1,0.888883
P_621983,3,0.870091
P_621985,2,0.864691
P_622106,4,0.872083
P_622129,11,0.855413
P_622150,4,0.891204
P_622157,4,0.850152
P_622223,7,0.827622
P_622282,3,0.884841
P_62250,5,0.872066
P_62254,11,0.881228
P_622828,16,0.882985
P_623,8,0.869522
P_62300,7,0.902616
P_623097,14,0.871276
P_623120,17,0.858689
P_62322,3,0.877428
P_623290,7,0.899021
P_623511,12,0.862758
P_623542,0,0.878029
P_623580,10,0.886716
P_62369,10,0.899200
P_623744,7,0.868823
P_62390,3,0.900614
P_62391,2,0.883558
P_624,7,0.869399
P_624138,11,0.861020
P_624158,8,0.866298
P_62429,4,0.875496
P_62435,18,0.886612
P_624351,6,0.864958
P_62439,13,0.872492
P_624392,9,0.845769
P_62440,6,0.842029
P_62443,10,0.854924
P_624451,9,0.885650
P_624463,5,0.880356
P_624481,5,0.871331
P_624586,2,0.872149
P_624675,7,0.864539
P_624693,5,0.868507
P_62475,6,0.891571
P_62476,2,0.838284
P_624778,8,0.887172
P_624804,8,0.883954
P_624864,12,0.892879
P_624865,8,0.877747
P_6249,9,0.889267
P_624905,8,0.882102
P_624910,11,0.876752
P_624920,8,0.872365
P_625,5,0.858455
P_625034,7,0.890627
P_6252,14,0.889421
P_625224,12,0.863728
P_625275,2,0.892254
P_625745,12,0.901215
P_62587,15,0.872372
P_625876,5,0.846624
P_626,9,0.880877
P_6260,11,0.893941
P_626161,10,0.873755
P_626254,7,0.861835
P_626351,7,0.835356
P_626488,10,0.857022
P_626552,2,0.879854
P_626563,6,0.834846
P_626567,8,0.816603
P_626568,5,0.871142
P_626581,9,0.871592
P_626594,11,0.830782
P_626595,7,0.873788
P_62680,3,0.893055
P_626885,5,0.867586
P_62697,11,0.850264
P_627,5,0.871026
P_627286,11,0.853398
P_627433,6,0.864704
P_62782,12,0.841931
P_627849,8,0.855397
P_627850,5,0.847298
P_62787,10,0.875726
P_62788,1,0.839909
P_627890,4,0.860424
P_62790,14,0.826677
P_62792,5,0.867938
P_627922,10,0.878213
P_628,7,0.863402
P_628318,3,0.851070
P_628335,1,0.839772
P_628472,10,0.887228
P_628593,3,0.850680
P_628705,8,0.878638
P_628715,9,0.871266
P_628872,12,0.852427
P_629007,5,0.866348
P_629142,15,0.808915
P_6292,5,0.886799
P_629323,11,0.899607
P_629334,8,0.891713
P_6294,7,0.882851
P_629583,5,0.821767
P_62987,11,0.891761
P_62994,11,0.905368
P_630314,21,0.839537
P_630321,12,0.828303
P_630461,21,0.874234
P_630534,6,0.860881
P_630603,13,0.828899
P_630778,12,0.865789
P_630779,5,0.877493
P_630934,6,0.869336
P_63096,4,0.891419
P_63103,21,0.867070
P_63104,9,0.873427
P_63105,5,0.878507
P_63108,3,0.896663
P_631442,5,0.864643
P_631476,10,0.849775
P_631477,18,0.860214
P_631506,4,0.888851
P_631781,7,0.887089
P_631815,6,0.876694
P_631817,7,0.862119
P_631891,3,0.885076
P_631988,10,0.860549
P_632161,8,0.848214
P_632372,7,0.851801
P_632598,3,0.876186
P_63295,8,0.897138
P_63299,8,0.884533
P_632993,4,0.889027
P_633216,11,0.876392
P_63336,14,0.873298
P_633412,10,0.865728
P_633600,16,0.851653
P_633635,6,0.871207
P_633883,1,0.890811
P_633909,4,0.858848
P_634041,9,0.825676
P_634242,3,0.878739
P_634267,2,0.883577
P_634423,5,0.882092
P_63445,6,0.883014
P_634788,7,0.852452
P_634835,10,0.859944
P_634938,7,0.858703
P_634945,13,0.828148
P_635255,7,0.830183
P_63538,18,0.848520
P_63543,9,0.866628
P_635449,2,0.888626
P_635626,17,0.874191
P_635823,5,0.877536
P_6359,13,0.897598
P_635926,11,0.843226
P_63598,7,0.902376
P_63599,10,0.855280
P_63600,9,0.876085
P_63601,11,0.881383
P_63605,6,0.887700
P_63611,10,0.877937
P_63613,4,0.883771
P_636287,8,0.882477
P_6363,11,0.874880
P_636442,8,0.889539
P_636555,5,0.897213
P_636568,6,0.824684
P_636735,2,0.854607
P_636764,5,0.873664
P_63684,4,0.849399
P_636934,11,0.890570
P_637074,9,0.842977
P_637222,9,0.855333
P_637338,0,0.891410
P_637396,10,0.866418
P_637444,4,0.871644
P_6375,9,0.897164
P_637524,8,0.897252
P_637615,4,0.870820
P_637734,14,0.892425
P_637863,10,0.858525
P_63796,9,0.844970
P_638420,13,0.847258
P_638422,1,0.882856
P_638423,6,0.888074
P_638424,9,0.891049
P_638425,16,0.852396
P_638426,7,0.859525
P_638427,10,0.865972
P_638428,5,0.870540
P_638442,6,0.843807
P_63854,4,0.851750
P_638547,7,0.840685
P_63855,5,0.821288
P_638569,12,0.845658
P_638592,5,0.851613
P_638618,9,0.863289
P_638634,9,0.877288
P_6387,13,0.854062
P_63878,8,0.888169
P_63885,7,0.866067
P_63888,8,0.865720
P_63890,1,0.889236
P_639257,10,0.861918
P_639347,8,0.876149
P_639416,14,0.883581
P_639519,7,0.867967
P_63992,7,0.871651
P_63993,6,0.863464
P_640011,3,0.868574
P_640145,7,0.888082
P_6403,12,0.898355
P_640337,1,0.875960
P_640346,4,0.855515
P_640347,11,0.783514
P_640396,10,0.845928
P_6404,9,0.893012
P_640414,13,0.858864
P_640415,4,0.875685
P_640461,8,0.773444
P_640471,5,0.838129
P_640486,17,0.809104
P_640491,8,0.813378
P_640495,19,0.804434
P_640498,10,0.805612
P_640544,10,0.873237
P_640612,7,0.783627
P_640728,11,0.888044
P_640788,6,0.900528
P_640896,3,0.852940
P_640897,3,0.813898
P_640898,9,0.816087
P_640972,6,0.879359
P_641150,15,0.841797
P_641155,16,0.872716
P_641156,14,0.841797
P_641309,14,0.865596
P_641316,6,0.879517
P_641390,13,0.878049
P_641400,5,0.877581
P_641449,7,0.890646
P_641579,10,0.864773
P_641597,6,0.843931
P_641603,17,0.836055
P_641614,12,0.885810
P_641646,9,0.887673
P_6417,16,0.890599
P_641716,9,0.850175
P_641817,10,0.866637
P_641827,8,0.864293
P_641949,7,0.875086
P_642,7,0.899033
P_642219,8,0.865388
P_642246,14,0.858927
P_642417,12,0.839811
P_642493,7,0.859838
P_642551,9,0.863030
P_642667,16,0.842183
P_642713,4,0.880336
P_642777,19,0.858785
P_64284,16,0.900690
P_642871,6,0.875407
P_64295,4,0.851958
P_643097,5,0.849767
P_643259,10,0.864101
P_643294,12,0.868628
P_64337,9,0.877297
P_64338,7,0.868596
P_6435,2,0.881367
P_643679,19,0.881381
P_6437,6,0.886184
P_64371,9,0.884588
P_64375,11,0.870932
P_64376,13,0.890077
P_64377,7,0.861428
P_64378,20,0.857245
P_64379,11,0.871168
P_6439,2,0.877880
P_64390,13,0.881647
P_64394,17,0.871096
P_64395,15,0.850401
P_643954,9,0.896643
P_64398,4,0.883208
P_64402,10,0.874968
P_644146,8,0.836797
P_644348,1,0.887066
P_644428,12,0.841780
P_64445,12,0.851809
P_644518,7,0.895645
P_644558,6,0.866662
P_64458,13,0.838392
P_64462,6,0.898012
P_64463,5,0.858458
P_64467,11,0.886547
P_644717,7,0.883084
P_644799,7,0.874590
P_64487,14,0.858570
P_644878,6,0.835464
P_645025,7,0.869309
P_645050,5,0.884211
P_64516,8,0.857899
P_64517,22,0.825187
P_64520,9,0.888085
P_645251,22,0.836572
P_645426,20,0.854723
P_645430,4,0.821233
P_645437,5,0.852833
P_645442,9,0.880947
P_645642,4,0.889998
P_645660,13,0.882748
P_645662,6,0.835242
P_645663,4,0.847705
P_645664,9,0.869851
P_645668,7,0.807951
P_645669,4,0.855572
P_645744,4,0.850121
P_64577,13,0.848820
P_64594,24,0.865942
P_645956,8,0.881513
P_64596,4,0.837818
P_64597,12,0.868482
P_645987,7,0.880466
P_64600,22,0.839628
P_646060,1,0.886712
P_646112,2,0.874153
P_64627,6,0.833873
P_64630,10,0.856445
P_64631,13,0.865938
P_64634,8,0.852014
P_646354,12,0.865929
P_646407,11,0.856137
P_646409,8,0.817274
P_646499,11,0.862410
P_6465,10,0.894524
P_64650,0,0.879195
P_64653,7,0.861112
P_64656,11,0.847043
P_64658,10,0.868323
P_64660,12,0.857171
P_64661,1,0.858301
P_64663,25,0.824485
P_646647,12,0.859668
P_646724,8,0.882287
P_646773,11,0.843002
P_646792,4,0.855393
P_646804,13,0.830887
P_64681,8,0.877013
P_646849,14,0.858958
P_646957,12,0.857399
P_646988,12,0.868389
P_647000,6,0.863905
P_647035,19,0.828769
P_647114,16,0.842262
P_647459,13,0.881716
P_647480,3,0.837370
P_647487,2,0.875381
P_647534,8,0.889931
P_647628,4,0.889486
P_64766,4,0.863656
P_64767,11,0.888300
P_64768,12,0.856639
P_647689,6,0.868924
P_647691,11,0.860218
P_647797,17,0.865675
P_648076,7,0.854842
P_648079,4,0.867491
P_648080,8,0.841251
P_648082,8,0.877867
P_648084,11,0.825171
P_648085,16,0.871542
P_648086,12,0.869997
P_648087,10,0.843793
P_648131,6,0.888341
P_648153,9,0.869010
P_648441,8,0.858006
P_648470,8,0.860464
P_648558,11,0.826407
P_648579,5,0.887012
P_648673,19,0.846307
P_648704,4,0.827360
P_648722,11,0.865256
P_6488,5,0.880943
P_648940,11,0.864268
P_648987,13,0.887108
P_648989,16,0.893787
P_649012,3,0.849655
P_649202,6,0.887440
P_649255,5,0.883837
P_649272,6,0.887217
P_64929,5,0.881236
P_649499,11,0.860559
P_649593,16,0.848634
P_649711,6,0.807858
P_649782,11,0.875022
P_649791,12,0.884946
P_649809,6,0.884708
P_649820,7,0.878125
P_649827,20,0.876991
P_649852,17,0.886903
P_649899,3,0.825604
P_649951,8,0.845367
P_650057,2,0.875137
P_650241,7,0.807249
P_650317,8,0.876013
P_650342,5,0.892578
P_650384,3,0.861595
P_650395,5,0.879829
P_65052,6,0.840059
P_650689,12,0.833385
P_650696,8,0.834647
P_651184,7,0.896563
P_651457,14,0.852020
P_651504,11,0.868974
P_651507,19,0.871740
P_651539,10,0.834529
P_65159,9,0.882809
P_651710,4,0.881075
P_651807,13,0.882592
P_651866,15,0.887658
P_651868,11,0.895659
P_651893,3,0.898147
P_651911,4,0.877568
P_651964,5,0.871331
P_651993,2,0.901706
P_652486,13,0.863488
P_652552,17,0.868739
P_652556,11,0.859201
P_652601,16,0.854831
P_65261,7,0.882279
P_652763,2,0.862428
P_652800,16,0.853548
P_652806,6,0.876840
P_652810,9,0.846938
P_652816,3,0.858285
P_652820,8,0.851242
P_652858,14,0.884086
P_652886,19,0.857280
P_652892,15,0.869993
P_652901,7,0.873158
P_652909,8,0.897214
P_652915,7,0.867742
P_652947,10,0.878755
P_65304,7,0.877224
P_653040,7,0.839151
P_653046,6,0.881106
P_653068,14,0.845707
P_653152,5,0.844811
P_65327,10,0.824126
P_65330,13,0.834814
P_653321,2,0.860505
P_6536,10,0.870436
P_653679,16,0.898960
P_6537,7,0.866255
P_653757,6,0.853057
P_65382,8,0.856916
P_653838,8,0.872116
P_65384,15,0.869227
P_65387,14,0.874401
P_65392,3,0.877541
P_653924,3,0.888639
P_65393,13,0.857242
P_6540,7,0.832728
P_654038,6,0.806434
P_654040,10,0.879917
P_654059,6,0.900429
P_654163,18,0.854954
P_6543,8,0.877565
P_654503,7,0.890545
P_654649,14,0.853737
P_654778,5,0.827053
P_654791,15,0.849202
P_654877,10,0.884814
P_6550,4,0.883272
P_655057,8,0.867999
P_655060,16,0.875140
P_6551,9,0.870598
P_655188,6,0.865983
P_6552,6,0.867593
P_655290,12,0.815068
P_6553,7,0.887240
P_655300,13,0.819637
P_655473,15,0.820805
P_655537,8,0.842320
P_655966,8,0.868746
P_655992,1,0.846102
P_656,5,0.895882
P_65604,3,0.884113
P_656047,10,0.885814
P_656051,6,0.890925
P_65608,9,0.852097
P_65611,7,0.839403
P_65613,13,0.815704
P_656131,6,0.875181
P_656132,3,0.880184
P_656158,2,0.877353
P_65616,12,0.870590
P_656865,10,0.865274
P_65693,12,0.888542
P_657157,9,0.886005
P_657197,9,0.879484
P_657201,1,0.886043
P_657291,6,0.852671
P_657407,13,0.839817
P_657433,12,0.838396
P_657489,14,0.876326
P_657511,9,0.898599
P_657520,11,0.866026
P_657911,4,0.869677
P_658021,11,0.864397
P_658027,13,0.864510
P_658031,11,0.868568
P_658034,16,0.855124
P_658069,10,0.841864
P_658080,7,0.811879
P_65818,3,0.901934
P_658217,10,0.823944
P_658219,11,0.874501
P_658281,10,0.882771
P_658304,5,0.837088
P_658498,8,0.872775
P_658654,4,0.876861
P_658956,6,0.873876
P_659183,7,0.870762
P_659227,18,0.851579
P_659231,12,0.844608
P_659282,18,0.885876
P_659507,19,0.879439
P_659565,4,0.874357
P_659674,15,0.856156
P_659713,11,0.889840
P_65987,5,0.885511
P_660111,9,0.857963
P_660128,2,0.875325
P_660143,17,0.852910
P_660151,12,0.857519
P_660155,2,0.862246
P_660166,9,0.858236
P_660176,7,0.868641
P_6602,11,0.884307
P_6603,19,0.889554
P_66038,3,0.910011
P_66054,5,0.884806
P_660544,9,0.860636
P_660577,7,0.821222
P_660644,14,0.870369
P_66067,7,0.890217
P_66071,7,0.876115
P_660815,8,0.875663
P_660898,18,0.847123
P_661403,16,0.861395
P_661427,13,0.872578
P_661496,8,0.850563
P_661530,7,0.885626
P_661531,6,0.854761
P_6616,5,0.898625
P_661657,4,0.833932
P_661664,7,0.848699
P_661666,4,0.859273
P_661667,5,0.866923
P_661764,11,0.861852
P_6619,12,0.900089
P_662126,7,0.865676
P_662139,8,0.849318
P_662151,12,0.843114
P_662157,6,0.843017
P_6622,9,0.871292
P_662202,5,0.865907
P_662217,11,0.875328
P_6623,3,0.895772
P_662318,11,0.883432
P_662321,23,0.865801
P_662322,11,0.867653
P_662329,7,0.855407
P_6624,4,0.892007
P_662680,10,0.871609
P_662700,5,0.852079
P_662790,22,0.861196
P_662895,6,0.874747
P_662960,2,0.872900
P_663019,12,0.886605
P_663102,12,0.857229
P_663119,10,0.887934
P_663180,16,0.879312
P_6632,8,0.901256
P_663307,8,0.873025
P_663309,9,0.888609
P_663577,17,0.805140
P_663582,8,0.780587
P_663586,13,0.821856
P_66359,8,0.853389
P_66361,13,0.860504
P_663698,7,0.869217
P_663735,13,0.866129
P_663739,13,0.866427
P_663791,8,0.884556
P_663796,10,0.859631
P_663831,10,0.898421
P_663838,5,0.873090
P_663852,9,0.890454
P_663909,17,0.835119
P_663916,16,0.874059
P_663917,10,0.858900
P_663918,11,0.880381
P_663920,5,0.850211
P_663921,14,0.881407
P_663923,4,0.855973
P_663925,18,0.875528
P_663938,26,0.839087
P_663939,7,0.870151
P_663975,13,0.868138
P_6640,3,0.887161
P_664053,8,0.849752
P_664058,7,0.849257
P_664066,9,0.846860
P_664070,14,0.860966
P_6641,4,0.872668
P_664164,4,0.892728
P_664243,9,0.851317
P_664253,5,0.820142
P_664390,7,0.843160
P_664478,11,0.856055
P_664592,6,0.866132
P_664680,12,0.876189
P_664717,3,0.876883
P_664720,10,0.881526
P_664726,22,0.862603
P_664851,15,0.850810
P_664855,11,0.865784
P_664856,12,0.844224
P_66486,5,0.853571
P_664882,8,0.854656
P_665167,6,0.869086
P_665170,6,0.889134
P_665177,13,0.872336
P_665179,14,0.874093
P_665208,9,0.833171
P_665237,11,0.860158
P_665249,9,0.869218
P_665384,10,0.900779
P_665502,10,0.874875
P_665506,15,0.848898
P_665567,21,0.778344
P_665573,6,0.795936
P_665599,4,0.864356
P_665706,11,0.888673
P_665830,6,0.866199
P_665852,10,0.880716
P_665900,9,0.890812
P_666022,9,0.887433
P_666040,2,0.862060
P_666073,10,0.824559
P_666155,4,0.868454
P_666367,5,0.839646
P_666504,4,0.864976
P_666555,6,0.866068
P_666557,13,0.869976
P_666591,8,0.860655
P_666740,7,0.861804
P_666843,6,0.838116
P_666935,4,0.888257
P_667087,6,0.887157
P_66724,9,0.896274
P_667472,18,0.892372
P_6676,5,0.889951
P_667687,19,0.873093
P_6677,8,0.884349
P_66780,3,0.896791
P_668022,10,0.857700
P_668023,12,0.836488
P_668024,6,0.867850
P_668042,16,0.823108
P_668059,12,0.802523
P_668086,8,0.862141
P_668130,4,0.877173
P_668131,7,0.858918
P_668134,6,0.890792
P_668135,8,0.853977
P_668138,8,0.854949
P_668161,3,0.836990
P_668168,5,0.842361
P_668218,9,0.826964
P_668225,12,0.859909
P_668233,7,0.851863
P_668470,9,0.838437
P_668484,7,0.850464
P_668488,18,0.854359
P_668490,7,0.875559
P_668749,13,0.866653
P_66880,5,0.901326
P_668895,9,0.889125
P_668903,12,0.877780
P_668996,10,0.850449
P_668997,21,0.857619
P_668998,4,0.833132
P_669266,8,0.873812
P_6693,8,0.883534
P_669327,13,0.853988
P_669328,10,0.854335
P_669341,8,0.887068
P_6694,15,0.873924
P_669557,3,0.890177
P_669572,7,0.879870
P_669651,4,0.868549
P_669717,6,0.839434
P_669719,7,0.858601
P_669940,9,0.871460
P_669972,7,0.884580
P_670015,7,0.861079
P_670017,8,0.883094
P_670166,6,0.850961
P_670319,5,0.890667
P_670552,2,0.880902
P_670833,5,0.875368
P_670843,6,0.843266
P_670844,19,0.854592
P_671102,6,0.865946
P_67111,2,0.896110
P_67115,13,0.867663
P_671189,4,0.863246
P_671252,4,0.862936
P_671302,8,0.872016
P_671390,8,0.880542
P_671418,15,0.854823
P_671507,5,0.892187
P_671537,8,0.873439
P_671543,1,0.875111
P_671555,8,0.863719
P_671762,4,0.865161
P_671777,4,0.898128
P_671865,9,0.873229
P_671936,5,0.805015
P_672051,6,0.882395
P_672347,5,0.886731
P_672420,16,0.844857
P_672457,7,0.862542
P_672544,7,0.852308
P_672557,3,0.846567
P_672744,4,0.869114
P_67288,5,0.870040
P_673224,16,0.861677
P_673225,9,0.882450
P_673249,13,0.840061
P_673291,4,0.876584
P_673334,17,0.859765
P_673433,12,0.821546
P_673441,23,0.807461
P_673444,6,0.831409
P_673479,12,0.890694
P_67353,0,0.893669
P_67354,9,0.839706
P_673554,12,0.812402
P_67358,7,0.892869
P_673586,15,0.863093
P_673590,7,0.879414
P_67360,7,0.899058
P_673615,7,0.847156
P_673721,2,0.866825
P_673758,12,0.887157
P_673803,10,0.887002
P_673881,10,0.869499
P_673882,9,0.875924
P_673912,18,0.876471
P_674033,7,0.855555
P_674159,6,0.902539
P_6742,7,0.856833
P_674216,9,0.893432
P_674442,5,0.799667
P_674669,5,0.898089
P_674690,29,0.860408
P_674715,4,0.881159
P_674734,10,0.861993
P_67477,12,0.900819
P_674815,7,0.834183
P_674823,9,0.842859
P_674860,5,0.885947
P_67496,4,0.894181
P_67497,5,0.890247
P_675110,4,0.785046
P_675198,2,0.891274
P_675203,2,0.883234
P_67521,8,0.885085
P_675216,12,0.858966
P_67522,18,0.849133
P_6753,7,0.887468
P_67530,16,0.901812
P_67538,4,0.824501
P_675449,9,0.817785
P_675469,6,0.828647
P_675488,8,0.827883
P_67549,6,0.876407
P_675574,14,0.825315
P_675575,6,0.819381
P_675613,7,0.841811
P_675617,10,0.853960
P_67570,4,0.870871
P_675705,5,0.853025
P_675717,10,0.849057
P_67574,0,0.887552
P_675757,8,0.803832
P_675761,7,0.798653
P_67577,4,0.874433
P_675770,8,0.855181
P_675840,8,0.834188
P_675879,10,0.798436
P_675881,8,0.820534
P_675883,6,0.804344
P_6759,9,0.891508
P_675958,10,0.873039
P_675959,9,0.855482
P_675997,11,0.861589
P_676009,14,0.861115
P_676021,6,0.875647
P_676023,8,0.860810
P_676087,9,0.882538
P_67609,15,0.833777
P_67611,10,0.867572
P_67613,2,0.887146
P_67614,8,0.871416
P_676145,4,0.813468
P_67615,3,0.873555
P_67616,11,0.869148
P_676166,0,0.890091
P_67625,17,0.862462
P_676386,9,0.894425
P_676500,6,0.886072
P_676533,6,0.845212
P_676564,7,0.854157
P_676569,15,0.833093
P_676595,8,0.856614
P_676641,3,0.854898
P_676652,7,0.886495
P_676714,6,0.893435
P_676775,10,0.855815
P_676780,8,0.843589
P_676877,4,0.889382
P_676896,6,0.822574
P_677129,5,0.867440
P_677214,19,0.872436
P_677282,6,0.865582
P_677316,16,0.854939
P_677318,23,0.859971
P_677595,5,0.880547
P_677860,15,0.884436
P_677984,7,0.842320
P_678,7,0.903558
P_678180,8,0.878549
P_678211,10,0.834092
P_678238,12,0.863901
P_6784,11,0.881302
P_678430,8,0.850143
P_67851,9,0.856280
P_678592,7,0.862872
P_678631,5,0.822086
P_678747,9,0.852935
P_678846,14,0.861512
P_678939,6,0.864155
P_678969,13,0.858000
P_679,8,0.865637
P_67902,8,0.856988
P_67909,4,0.838411
P_67913,11,0.862606
P_679155,6,0.863232
P_679161,13,0.819980
P_679163,11,0.894235
P_679165,4,0.867312
P_679171,12,0.803983
P_679179,12,0.860858
P_67922,22,0.848766
P_679309,14,0.904109
P_679424,5,0.857356
P_679442,8,0.870988
P_679584,10,0.855365
P_679631,18,0.883937
P_679648,10,0.820552
P_679728,6,0.892995
P_679780,6,0.867321
P_679830,9,0.862793
P_679875,6,0.846145
P_679878,3,0.854296
P_67995,10,0.885472
P_67999,7,0.892311
P_680,9,0.870437
P_680017,13,0.877293
P_680104,3,0.863581
P_680294,6,0.850557
P_68030,6,0.899675
P_6804,7,0.847981
P_68040,3,0.891211
P_6805,6,0.889138
P_680574,4,0.895167
P_68063,22,0.844590
P_6807,11,0.865350
P_680717,10,0.828583
P_680829,15,0.875086
P_680832,8,0.872287
P_680871,16,0.840600
P_680965,5,0.863591
P_681032,14,0.864916
P_681055,5,0.843030
P_681088,10,0.851278
P_681092,7,0.824705
P_681098,7,0.825350
P_681106,8,0.822746
P_681117,14,0.827864
P_681118,9,0.798457
P_681124,13,0.819844
P_681136,12,0.833363
P_681137,12,0.829327
P_681141,13,0.855176
P_681146,2,0.847644
P_681155,5,0.851463
P_681163,18,0.825598
P_681166,11,0.752226
P_681167,8,0.837565
P_681188,9,0.852061
P_681189,18,0.858616
P_681193,7,0.849617
P_681267,7,0.838612
P_681296,5,0.873902
P_681313,9,0.883184
P_681321,20,0.846385
P_681333,12,0.859331
P_681353,2,0.876105
P_681421,12,0.894474
P_681561,11,0.838210
P_681604,8,0.877225
P_681652,5,0.875104
P_6817,12,0.846869
P_681781,23,0.829185
P_681886,6,0.837947
P_68192,8,0.866522
P_681974,8,0.881693
P_681975,11,0.865954
P_681978,9,0.881544
P_681981,7,0.868241
P_681985,9,0.870026
P_681987,8,0.875827
P_682041,9,0.871254
P_682108,13,0.882608
P_682117,6,0.824349
P_682295,16,0.876512
P_68235,10,0.867369
P_682360,2,0.863409
P_682536,11,0.881769
P_682553,8,0.874319
P_682645,7,0.877722
P_682680,13,0.867783
P_68292,4,0.838776
P_682938,9,0.886775
P_682968,12,0.848661
P_683158,9,0.847711
P_683173,12,0.852441
P_683417,12,0.844617
P_68380,15,0.851620
P_683813,15,0.849381
P_683821,11,0.868589
P_683954,17,0.860511
P_683985,8,0.875094
P_684109,11,0.868114
P_684149,17,0.877413
P_684160,13,0.818026
P_684166,12,0.828948
P_684168,13,0.808496
P_684443,8,0.892219
P_684564,3,0.829860
P_684583,9,0.892285
P_68459,9,0.845707
P_684848,7,0.868669
P_684978,6,0.896290
P_685012,5,0.844179
P_685227,6,0.871060
P_685264,3,0.856805
P_685307,11,0.824134
P_685414,13,0.868818
P_685456,4,0.890539
P_685485,10,0.850090
P_685493,5,0.821948
P_685575,9,0.890836
P_685636,12,0.848733
P_685637,9,0.865671
P_685650,16,0.891701
P_685651,3,0.866509
P_685655,9,0.857875
P_685659,12,0.880255
P_685663,3,0.893629
P_685665,22,0.867518
P_685696,8,0.884162
P_6857,10,0.855316
P_68578,10,0.824492
P_68581,6,0.891534
P_685869,2,0.876098
P_685877,5,0.883138
P_685886,12,0.880463
P_68599,8,0.871333
P_686,11,0.870792
P_686062,8,0.892631
P_686105,10,0.795115
P_686148,8,0.887971
P_686159,6,0.888862
P_686380,8,0.865677
P_686396,11,0.846332
P_686425,4,0.844579
P_686444,18,0.860942
P_686494,6,0.854369
P_686501,2,0.854972
P_686502,7,0.846068
P_686777,6,0.807253
P_686795,9,0.873281
P_686835,21,0.869826
P_686838,18,0.872339
P_686879,10,0.865126
P_6869,9,0.846219
P_686981,9,0.872080
P_686982,5,0.866855
P_686983,16,0.861936
P_686984,7,0.802548
P_686985,18,0.890939
P_686996,11,0.873239
P_686998,13,0.894822
P_687,7,0.865181
P_6870,8,0.878482
P_687021,7,0.880950
P_687036,7,0.836436
P_687040,4,0.831632
P_687133,11,0.879297
P_687138,8,0.879340
P_687139,16,0.893130
P_68714,2,0.890081
P_687208,18,0.880862
P_68722,6,0.892291
P_687466,11,0.886357
P_687473,6,0.876786
P_687491,12,0.841512
P_687584,2,0.891205
P_687681,5,0.885702
P_687779,7,0.845385
P_687994,0,0.792158
P_688,6,0.884094
P_6880,6,0.890849
P_688071,9,0.895321
P_688178,6,0.866901
P_688360,13,0.842279
P_688618,16,0.878770
P_688625,9,0.874090
P_688722,5,0.864202
P_688882,7,0.880558
P_688891,4,0.874588
P_68897,6,0.892933
P_68898,5,0.883647
P_688980,5,0.815956
P_689205,11,0.875027
P_689209,20,0.857842
P_689223,11,0.877030
P_689254,8,0.884568
P_689269,14,0.855693
P_689313,14,0.864591
P_689477,5,0.796303
P_689706,5,0.828945
P_689801,11,0.832879
P_690001,13,0.860190
P_690192,8,0.799646
P_690195,11,0.891918
P_690200,6,0.874873
P_690205,6,0.874162
P_690225,13,0.890885
P_690346,7,0.877631
P_690348,7,0.869126
P_690397,4,0.841364
P_690449,3,0.831332
P_690454,6,0.836191
P_690459,4,0.903124
P_690533,10,0.838247
P_690537,13,0.856026
P_69073,6,0.853364
P_69074,6,0.865860
P_690758,6,0.894127
P_690767,1,0.817936
P_69077,5,0.875356
P_69078,12,0.852633
P_69080,21,0.858302
P_690826,7,0.880028
P_690984,4,0.862846
P_691070,6,0.887129
P_691118,7,0.878558
P_691131,6,0.891338
P_691142,7,0.870750
P_691458,11,0.878296
P_691459,10,0.834736
P_691668,11,0.852454
P_691727,2,0.899063
P_691890,13,0.901725
P_691921,22,0.834565
P_692038,7,0.901901
P_692142,5,0.837279
P_69225,5,0.900389
P_692357,9,0.884979
P_692360,4,0.875462
P_692364,6,0.883277
P_692693,6,0.854789
P_692712,5,0.879272
P_692841,6,0.863430
P_69288,10,0.859379
P_69289,11,0.893462
P_693094,10,0.822545
P_69312,12,0.855939
P_693292,9,0.891291
P_69356,11,0.852785
P_693624,16,0.877201
P_6939,13,0.890666
P_693960,4,0.892823
P_694000,4,0.883173
P_694077,7,0.882951
P_694136,10,0.861772
P_694169,4,0.876891
P_694333,3,0.832850
P_694504,3,0.878226
P_694615,8,0.866354
P_694622,5,0.885970
P_694674,5,0.876147
P_694776,7,0.844370
P_694785,5,0.850245
P_695033,0,0.875488
P_695103,7,0.890428
P_695192,1,0.872944
P_695195,9,0.894894
P_695403,9,0.854528
P_695415,8,0.837973
P_695446,5,0.881908
P_69550,9,0.868330
P_695635,8,0.869866
P_695733,7,0.894309
P_696047,8,0.827254
P_69619,4,0.835998
P_696277,2,0.882843
P_696313,6,0.900834
P_69656,3,0.866048
P_696742,9,0.841551
P_696760,12,0.878940
P_697070,4,0.851539
P_697100,9,0.879899
P_697212,16,0.868761
P_697519,11,0.884647
P_697785,10,0.893590
P_69779,7,0.900237
P_697814,11,0.868731
P_697878,10,0.859266
P_698155,15,0.881307
P_69820,6,0.890998
P_69826,8,0.863750
P_698286,8,0.857819
P_698349,1,0.851546
P_698375,4,0.898778
P_698509,14,0.871863
P_698510,15,0.885750
P_698554,14,0.885016
P_698633,7,0.847334
P_6987,13,0.856834
P_698843,5,0.807270
P_698853,10,0.802258
P_698871,7,0.842545
P_698895,10,0.852174
P_698923,6,0.807828
P_698990,9,0.872009
P_699033,3,0.861903
P_69914,10,0.856716
P_699328,4,0.831781
P_69943,13,0.831217
P_69945,7,0.832016
P_69946,3,0.875776
P_69947,10,0.866435
P_69948,8,0.860524
P_699500,5,0.870210
P_69959,12,0.857475
P_699625,2,0.833955
P_699684,4,0.823553
P_69970,8,0.855371
P_699712,2,0.816736
P_69974,14,0.876996
P_699745,6,0.859706
P_699746,2,0.871646
P_699789,6,0.843770
P_699955,8,0.866927
P_700084,10,0.896507
P_700134,10,0.864924
P_700187,12,0.854214
P_700219,10,0.884295
P_700712,7,0.888638
P_700725,10,0.888073
P_700755,12,0.896047
P_701043,8,0.841833
P_701072,2,0.881258
P_701174,7,0.837346
P_701274,1,0.889937
P_701283,2,0.864167
P_701301,13,0.872439
P_701307,7,0.822735
P_701392,1,0.880934
P_70143,5,0.887035
P_70150,7,0.855907
P_701521,4,0.824877
P_701662,12,0.886120
P_70167,8,0.874462
P_70168,8,0.880965
P_701775,12,0.849922
P_70182,12,0.876274
P_701847,4,0.882358
P_70190,11,0.820461
P_70196,7,0.881121
P_702005,14,0.885387
P_702230,5,0.878450
P_70227,10,0.868154
P_702429,8,0.853346
P_702435,5,0.859469
P_70266,6,0.859536
P_7027,5,0.901080
P_7028,7,0.868363
P_702860,5,0.851535
P_702900,2,0.892105
P_702943,11,0.859944
P_702954,8,0.882159
P_703051,2,0.857963
P_703155,10,0.891656
P_7032,12,0.871257
P_703225,9,0.862283
P_703297,20,0.881149
P_703342,9,0.879210
P_703391,5,0.876430
P_703413,13,0.875702
P_703415,11,0.884294
P_703643,8,0.889957
P_703739,12,0.823016
P_703750,2,0.900855
P_703850,10,0.860077
P_703983,7,0.868142
P_70401,7,0.855192
P_704104,17,0.854175
P_704173,13,0.852678
P_70437,13,0.882767
P_704667,11,0.844517
P_704779,5,0.891390
P_704845,13,0.881669
P_704961,9,0.873065
P_705162,7,0.874027
P_705163,9,0.860678
P_70528,11,0.869780
P_70550,5,0.854712
P_705513,3,0.871443
P_70567,2,0.865570
P_705674,5,0.883120
P_70569,18,0.828731
P_705845,7,0.805330
P_706,7,0.849604
P_706011,4,0.884252
P_70608,6,0.904612
P_706207,5,0.893907
P_706398,12,0.877243
P_706618,10,0.862534
P_706824,8,0.836005
P_706845,3,0.814196
P_706969,15,0.878243
P_706972,7,0.869238
P_706973,3,0.866596
P_706977,15,0.863220
P_707076,11,0.870495
P_707096,9,0.878040
P_707126,13,0.896774
P_707151,9,0.864109
P_707164,9,0.870661
P_707242,13,0.860958
P_707246,20,0.839595
P_707247,8,0.839616
P_707248,2,0.852115
P_707306,4,0.900114
P_707346,11,0.847959
P_707347,8,0.870606
P_707390,9,0.892643
P_707412,1,0.879120
P_70746,8,0.849395
P_707521,8,0.875756
P_707618,17,0.898048
P_707688,5,0.852206
P_707740,9,0.869612
P_70785,15,0.881272
P_70788,10,0.868439
P_708038,3,0.896940
P_708041,13,0.889533
P_708214,3,0.801439
P_70824,7,0.887209
P_70825,6,0.876561
P_7084,4,0.869174
P_708516,5,0.877968
P_70862,4,0.899637
P_708875,7,0.861084
P_70888,9,0.854055
P_708888,5,0.881533
P_709167,9,0.887147
P_709293,2,0.876142
P_709327,2,0.851139
P_709482,11,0.846060
P_70959,13,0.867603
P_709631,7,0.879161
P_709760,7,0.877252
P_710064,8,0.881814
P_71011,4,0.899890
P_710366,16,0.849073
P_710379,6,0.854992
P_710383,2,0.855241
P_710388,10,0.885535
P_710508,3,0.869845
P_71059,8,0.893538
P_710606,6,0.885405
P_710614,8,0.889001
P_71062,14,0.898008
P_710625,13,0.859282
P_710681,9,0.859138
P_710771,6,0.858158
P_710830,12,0.858295
P_710929,6,0.830500
P_711018,5,0.862300
P_711084,6,0.860427
P_711088,15,0.871884
P_711092,17,0.834803
P_711096,10,0.866067
P_711103,16,0.873808
P_711108,7,0.857124
P_711143,6,0.805794
P_711185,5,0.859574
P_7112,10,0.842368
P_711262,5,0.874183
P_711286,18,0.869680
P_711288,13,0.831118
P_711338,12,0.830520
P_711364,14,0.863519
P_711591,9,0.851301
P_7116,7,0.863251
P_7117,8,0.864057
P_711796,0,0.902529
P_711816,7,0.890553
P_71194,7,0.888361
P_712087,6,0.887732
P_712200,8,0.894598
P_712248,4,0.882061
P_712365,13,0.886902
P_712400,8,0.860780
P_712415,11,0.880836
P_71250,8,0.873503
P_712604,2,0.895320
P_712670,11,0.883965
P_712674,17,0.861506
P_712680,11,0.865821
P_712796,17,0.826685
P_712798,8,0.844448
P_712841,4,0.891990
P_71288,9,0.837439
P_712991,7,0.872879
P_712992,6,0.828665
P_712996,5,0.878867
P_712999,3,0.895198
P_713012,8,0.903968
P_713018,7,0.855694
P_713041,7,0.808683
P_713189,3,0.900673
P_713334,19,0.847980
P_713364,6,0.900763
P_713386,10,0.825932
P_713467,13,0.877864
P_71367,7,0.889241
P_713697,1,0.869055
P_713803,4,0.840771
P_713808,9,0.870422
P_713812,4,0.835931
P_713818,5,0.888364
P_713890,6,0.888791
P_713907,14,0.856259
P_714063,4,0.888339
P_714128,5,0.855568
P_714190,13,0.865858
P_714361,10,0.827589
P_714480,2,0.837741
P_714535,11,0.832808
P_714540,13,0.780625
P_714552,7,0.861425
P_714623,1,0.880556
P_714634,3,0.886510
P_714660,6,0.863658
P_714663,4,0.891008
P_71473,9,0.858358
P_71474,19,0.843969
P_71479,8,0.864527
P_71482,6,0.849732
P_714827,8,0.822157
P_714868,12,0.890139
P_714873,8,0.867246
P_714977,10,0.805133
P_714993,12,0.876566
P_715054,7,0.837531
P_715068,4,0.838373
P_71514,6,0.870765
P_71519,11,0.850527
P_715198,7,0.881971
P_715251,11,0.878344
P_715252,13,0.882152
P_715280,6,0.822672
P_715347,11,0.894009
P_715414,13,0.866663
P_715418,10,0.873886
P_715438,8,0.866413
P_715813,9,0.815675
P_715852,7,0.879998
P_715854,10,0.850172
P_715856,6,0.824216
P_715861,8,0.804528
P_715863,5,0.830500
P_715865,3,0.814462
P_715878,3,0.803095
P_715881,5,0.817902
P_715884,11,0.783386
P_715893,10,0.762226
P_715894,11,0.756673
P_715902,9,0.801828
P_716066,5,0.868308
P_716070,4,0.867591
P_716072,3,0.867827
P_716073,6,0.844339
P_716074,6,0.852044
P_716077,10,0.821665
P_716107,7,0.897740
P_716123,6,0.880165
P_71613,2,0.894239
P_716131,9,0.867722
P_716133,5,0.887488
P_716158,6,0.862145
P_716178,6,0.851466
P_716181,6,0.844807
P_716184,4,0.830618
P_71622,7,0.808854
P_716234,8,0.845413
P_716248,8,0.817622
P_71626,14,0.854774
P_716273,8,0.819609
P_716292,11,0.882464
P_716293,8,0.871647
P_716295,6,0.885752
P_716359,7,0.889486
P_716364,3,0.892928
P_716368,4,0.854122
P_716373,6,0.875303
P_716413,3,0.891906
P_716433,10,0.854170
P_716542,8,0.788406
P_716556,5,0.830907
P_716561,6,0.845731
P_716588,4,0.805432
P_716597,6,0.843807
P_71672,7,0.893787
P_716864,6,0.830066
P_717010,16,0.851785
P_717013,7,0.847661
P_717018,7,0.864029
P_717064,19,0.852861
P_717204,9,0.885010
P_717213,11,0.850353
P_717218,7,0.864121
P_717245,7,0.892889
P_717275,7,0.830398
P_71731,7,0.869756
P_717311,7,0.823095
P_717343,11,0.835171
P_717344,7,0.839669
P_717373,11,0.839850
P_717419,7,0.826343
P_717506,0,0.890780
P_717675,14,0.838892
P_717792,4,0.850221
P_717815,6,0.861629
P_717836,10,0.822638
P_718011,10,0.863680
P_718230,4,0.831916
P_718232,5,0.865330
P_718240,8,0.885898
P_718443,10,0.867216
P_718469,4,0.891270
P_718473,1,0.869358
P_718794,11,0.852458
P_718879,7,0.863443
P_718895,9,0.851853
P_719066,4,0.893205
P_719149,2,0.863272
P_719384,2,0.836936
P_719426,6,0.885825
P_71961,7,0.857235
P_719794,11,0.871873
P_7198,3,0.883730
P_719820,2,0.862932
P_720120,4,0.879706
P_720125,8,0.858474
P_720138,5,0.844584
P_720159,7,0.872407
P_7202,8,0.834294
P_720222,7,0.877717
P_720342,4,0.896331
P_720354,6,0.840094
P_720362,1,0.878463
P_72038,13,0.821433
P_720389,10,0.892392
P_72039,11,0.874134
P_720440,5,0.824715
P_720494,16,0.837764
P_720697,8,0.887383
P_720704,5,0.861716
P_720786,4,0.892555
P_720854,9,0.872107
P_720871,8,0.858270
P_720892,3,0.894355
P_720895,6,0.853822
P_721059,9,0.863633
P_721081,4,0.846715
P_721101,2,0.881438
P_721188,9,0.858877
P_721247,3,0.822039
P_721282,7,0.890632
P_721295,7,0.884046
P_721321,10,0.864937
P_721589,8,0.894485
P_72161,11,0.894020
P_721614,3,0.823475
P_72162,7,0.869428
P_721624,14,0.867583
P_721654,13,0.845997
P_721700,3,0.904535
P_721765,7,0.885127
P_721866,0,0.846395
P_721893,11,0.853729
P_722239,7,0.877888
P_722334,5,0.869311
P_722336,22,0.870419
P_722411,8,0.865061
P_722599,6,0.860488
P_722720,8,0.897792
P_722766,1,0.879395
P_722779,7,0.897087
P_722782,3,0.883015
P_722801,3,0.841630
P_722901,9,0.871322
P_722911,2,0.879060
P_722912,5,0.845106
P_722917,8,0.870189
P_722923,9,0.787319
P_722958,1,0.831384
P_722969,4,0.862580
P_723141,4,0.874941
P_723261,3,0.868575
P_7233,5,0.827924
P_723314,5,0.884014
P_723373,10,0.839692
P_723435,1,0.879267
P_723466,9,0.867731
P_723467,8,0.876156
P_723468,9,0.849294
P_723476,18,0.870210
P_723482,12,0.857414
P_723522,6,0.870876
P_723536,5,0.876038
P_723547,8,0.862333
P_723549,5,0.851989
P_723552,6,0.843664
P_723770,7,0.864554
P_723798,9,0.858823
P_723805,9,0.886477
P_72389,6,0.858569
P_724016,7,0.833861
P_724166,7,0.852438
P_724212,6,0.837978
P_724256,6,0.853704
P_724328,5,0.829152
P_72436,15,0.869919
P_72437,14,0.882925
P_72438,9,0.861807
P_7245,2,0.822894
P_724587,4,0.866120
P_724617,4,0.832198
P_724638,7,0.875446
P_7247,8,0.873574
P_724779,4,0.869417
P_724829,4,0.866177
P_7249,7,0.865750
P_724906,8,0.856407
P_724917,2,0.877314
P_725389,9,0.891316
P_72541,9,0.878137
P_725417,7,0.891441
P_72542,12,0.872899
P_725435,3,0.866226
P_725535,3,0.897732
P_72560,8,0.857654
P_7257,19,0.864121
P_725734,2,0.895911
P_725742,10,0.809628
P_725821,14,0.869007
P_725911,10,0.833145
P_725936,6,0.873171
P_72594,5,0.831106
P_72595,13,0.864674
P_7261,14,0.859631
P_72620,11,0.860446
P_726253,13,0.825580
P_726303,8,0.858699
P_72632,7,0.886169
P_726346,7,0.875380
P_726374,12,0.838193
P_726480,9,0.882210
P_7265,6,0.823068
P_72659,6,0.886687
P_726596,8,0.845348
P_7266,3,0.830196
P_72660,4,0.879244
P_726644,7,0.842337
P_726767,6,0.875780
P_72689,10,0.884814
P_726933,9,0.877354
P_727130,10,0.868149
P_727134,8,0.873481
P_727135,8,0.847913
P_72736,12,0.886694
P_727515,7,0.846498
P_727655,12,0.870636
P_727779,14,0.849892
P_727792,5,0.892040
P_727853,5,0.782407
P_7279,4,0.888597
P_7280,2,0.874960
P_72803,6,0.865933
P_7281,9,0.872761
P_728173,6,0.850765
P_728207,6,0.859848
P_728211,4,0.875113
P_728221,10,0.857019
P_728231,13,0.847356
P_728249,8,0.819521
P_728250,7,0.833851
P_728254,9,0.885855
P_72832,11,0.852065
P_728357,12,0.821281
P_728365,6,0.818654
P_728388,4,0.847271
P_72840,4,0.877471
P_72841,15,0.879775
P_728415,1,0.885907
P_728419,12,0.776577
P_728606,8,0.865874
P_728620,17,0.856579
P_72868,8,0.893195
P_728733,14,0.852438
P_728824,8,0.892037
P_728894,7,0.835438
P_729103,4,0.843852
P_729127,5,0.884194
P_72914,5,0.874377
P_72917,4,0.875639
P_729302,8,0.882884
P_729511,22,0.856965
P_72958,2,0.879396
P_72963,4,0.878047
P_729674,8,0.876071
P_729708,5,0.871122
P_729799,6,0.905232
P_730016,6,0.870534
P_730109,15,0.877191
P_730381,3,0.894174
P_730396,5,0.831651
P_730603,8,0.891839
P_730656,6,0.896929
P_730659,7,0.881119
P_730662,0,0.901740
P_730786,5,0.896779
P_73079,1,0.854192
P_731,11,0.872596
P_7312,6,0.846442
P_731347,6,0.866800
P_731365,11,0.848570
P_731403,10,0.841982
P_731407,13,0.840432
P_731680,9,0.888541
P_731705,2,0.884887
P_731757,15,0.897158
P_731777,6,0.897291
P_731892,5,0.863618
P_731895,9,0.870377
P_732003,12,0.831502
P_732060,3,0.895888
P_732083,4,0.899211
P_73213,14,0.887638
P_732144,8,0.865618
P_732200,7,0.855457
P_732272,18,0.894540
P_732337,3,0.877590
P_732371,13,0.875520
P_73241,9,0.870198
P_73248,9,0.886409
P_732533,10,0.875407
P_732718,12,0.802646
P_732719,12,0.885624
P_732720,12,0.853696
P_732730,15,0.879279
P_73279,9,0.859886
P_732811,8,0.892878
P_732854,5,0.879371
P_732898,1,0.899536
P_732920,10,0.841153
P_732989,3,0.891265
P_73301,3,0.836402
P_73308,8,0.877210
P_733147,21,0.837841
P_733281,5,0.854233
P_733365,4,0.885250
P_733556,1,0.889020
P_733582,8,0.853570
P_733751,3,0.853540
P_733812,9,0.848375
P_733815,14,0.848180
P_733911,6,0.852059
P_733913,12,0.874475
P_73403,4,0.858011
P_734042,6,0.882894
P_734073,11,0.858417
P_734105,9,0.837196
P_73416,12,0.870576
P_734179,5,0.876938
P_734393,14,0.867177
P_734558,4,0.861602
P_734565,6,0.856062
P_73463,10,0.883046
P_734630,12,0.844065
P_734632,5,0.870112
P_734681,8,0.865612
P_734683,8,0.866808
P_734686,12,0.864511
P_734689,7,0.872772
P_734712,11,0.879899
P_734831,15,0.861639
P_734943,7,0.901343
P_735,12,0.844274
P_735049,11,0.845239
P_73505,4,0.857085
P_735132,8,0.877679
P_735143,10,0.890072
P_735247,7,0.872574
P_735319,6,0.859969
P_735369,1,0.813835
P_735408,3,0.850157
P_735467,5,0.871357
P_735470,8,0.851321
P_735524,10,0.848378
P_735583,7,0.805789
P_73561,9,0.829339
P_73562,8,0.882156
P_73564,12,0.846760
P_73565,19,0.850755
P_735695,2,0.896813
P_735754,0,0.870955
P_73580,9,0.869898
P_735812,9,0.902505
P_735985,9,0.845174
P_736143,3,0.901539
P_736256,3,0.902467
P_736260,3,0.906148
P_73628,7,0.898036
P_736367,5,0.900335
P_736432,5,0.882211
P_736433,2,0.882424
P_736444,8,0.877104
P_73656,8,0.838339
P_736571,25,0.854440
P_736595,14,0.880769
P_736676,5,0.897308
P_736899,3,0.855727
P_736901,9,0.834212
P_736954,12,0.861170
P_736966,2,0.850149
P_737040,10,0.842820
P_737088,5,0.814342
P_7371,9,0.882913
P_737228,6,0.876486
P_737403,6,0.847469
P_737481,5,0.875895
P_737538,2,0.886755
P_737610,11,0.889864
P_737672,12,0.872545
P_737690,21,0.869171
P_737693,10,0.867382
P_737917,4,0.893091
P_738143,9,0.859671
P_738144,11,0.843732
P_738146,2,0.865200
P_73820,10,0.856306
P_738259,7,0.887741
P_738350,6,0.882299
P_738362,10,0.867984
P_738396,7,0.894949
P_738400,8,0.866815
P_738409,1,0.861613
P_738436,6,0.863642
P_738679,14,0.862349
P_738730,9,0.868549
P_738749,14,0.835626
P_738820,8,0.882076
P_738831,8,0.860135
P_73885,5,0.891695
P_73888,5,0.886697
P_738896,2,0.892754
P_738991,13,0.852203
P_738997,12,0.848587
P_739079,21,0.841154
P_739094,1,0.880142
P_739142,8,0.895008
P_739208,4,0.879143
P_739330,4,0.877934
P_73934,11,0.830034
P_739755,8,0.814089
P_739925,5,0.844845
P_740044,11,0.861707
P_74009,6,0.897058
P_740131,24,0.875386
P_740166,6,0.891298
P_740230,10,0.909102
P_740420,9,0.885304
P_740488,11,0.842300
P_740500,8,0.814552
P_740501,9,0.821771
P_740549,3,0.904897
P_740644,9,0.872704
P_741008,8,0.817760
P_741052,10,0.866445
P_74108,10,0.856359
P_741145,9,0.884548
P_74117,11,0.855371
P_741306,6,0.869298
P_741373,4,0.833293
P_74165,2,0.879273
P_741703,5,0.884499
P_741870,19,0.832793
P_74189,6,0.896475
P_741942,21,0.838073
P_741951,6,0.874285
P_74211,6,0.866203
P_742157,6,0.849843
P_742176,11,0.834921
P_742220,5,0.875459
P_74244,9,0.861939
P_74246,7,0.872138
P_74261,15,0.860289
P_74262,14,0.851747
P_74263,9,0.847002
P_74273,16,0.848366
P_742735,10,0.851342
P_742771,13,0.839774
P_74278,10,0.876742
P_74280,10,0.858806
P_742826,2,0.810549
P_742855,11,0.889097
P_74286,10,0.844085
P_74287,20,0.853986
P_74288,9,0.860059
P_742950,8,0.857024
P_743012,2,0.886752
P_743409,5,0.885265
P_743481,3,0.874128
P_743583,14,0.859299
P_74363,5,0.876453
P_744036,10,0.887415
P_744066,2,0.865923
P_744073,6,0.864803
P_744074,16,0.873444
P_744082,14,0.866845
P_744090,7,0.870227
P_744091,14,0.874779
P_744092,14,0.858987
P_744161,8,0.844706
P_744165,3,0.874538
P_744254,8,0.876498
P_744264,6,0.801724
P_744326,12,0.778730
P_744353,5,0.809800
P_744372,1,0.859174
P_744565,6,0.886035
P_7446,9,0.880822
P_744606,10,0.823269
P_7447,11,0.851552
P_74480,16,0.839827
P_744923,13,0.875846
P_744925,10,0.864735
P_744952,7,0.864515
P_745041,13,0.877727
P_745043,12,0.797862
P_745052,13,0.806347
P_745177,9,0.812973
P_745241,10,0.778963
P_745306,4,0.892813
P_745390,9,0.888515
P_745423,5,0.878616
P_745469,13,0.879514
P_74566,10,0.899044
P_74575,1,0.869617
P_745794,9,0.872283
P_74584,2,0.870912
P_74592,7,0.871434
P_745932,1,0.831172
P_745970,19,0.889129
P_746,6,0.850137
P_746036,4,0.900732
P_746127,6,0.871481
P_746149,17,0.854408
P_74624,18,0.852597
P_746245,8,0.884780
P_746341,7,0.827125
P_746346,6,0.848330
P_746347,6,0.853909
P_746375,12,0.871865
P_746378,6,0.867433
P_746381,12,0.881321
P_746422,4,0.891985
P_746435,9,0.872317
P_746532,8,0.896219
P_746537,11,0.868818
P_746544,8,0.854624
P_746548,11,0.894188
P_746552,3,0.875046
P_746783,8,0.893048
P_746802,8,0.882394
P_74695,1,0.898967
P_747,5,0.860560
P_747047,0,0.891834
P_747049,15,0.880405
P_747077,10,0.875865
P_747084,5,0.870488
P_747085,6,0.873429
P_747090,6,0.858145
P_747331,5,0.857276
P_747349,13,0.887704
P_747411,7,0.878405
P_747569,3,0.848505
P_747674,7,0.900644
P_747727,0,0.863837
P_747826,15,0.858291
P_747989,8,0.897547
P_747998,11,0.863735
P_74815,5,0.857325
P_748227,12,0.883726
P_74827,9,0.849164
P_748374,11,0.890632
P_74839,11,0.884087
P_748429,1,0.865928
P_74843,7,0.891330
P_748447,18,0.828798
P_748454,11,0.851907
P_748628,6,0.886109
P_7489,4,0.880523
P_749023,12,0.867155
P_74913,9,0.874999
P_749207,10,0.836483
P_749233,7,0.871996
P_749379,12,0.868467
P_7495,9,0.885336
P_749529,2,0.874128
P_749542,10,0.890157
P_7496,6,0.889695
P_749762,16,0.877058
P_749767,3,0.864181
P_749804,17,0.881201
P_749882,16,0.849568
P_74989,10,0.893391
P_749913,8,0.883251
P_749948,6,0.845442
P_749991,5,0.848813
P_750029,3,0.888070
P_750039,15,0.839090
P_750127,12,0.858383
P_750158,20,0.848537
P_750169,4,0.851389
P_750171,9,0.853463
P_750181,9,0.875322
P_750191,12,0.851438
P_750193,12,0.841206
P_750280,8,0.848677
P_750303,8,0.840907
P_750369,11,0.845092
P_750464,4,0.865305
P_750530,15,0.857195
P_750555,7,0.885731
P_750703,8,0.881673
P_750718,8,0.858121
P_750823,7,0.864318
P_750867,7,0.887671
P_750868,17,0.867573
P_750925,13,0.849188
P_750930,7,0.880264
P_750932,9,0.881080
P_751036,12,0.842342
P_751048,5,0.852018
P_751199,6,0.862986
P_751200,3,0.853121
P_751204,7,0.871777
P_751270,10,0.841679
P_751366,17,0.866061
P_751510,6,0.874509
P_751572,6,0.864449
P_751584,4,0.881865
P_75169,0,0.899464
P_751771,9,0.867885
P_751897,3,0.829868
P_751900,5,0.863994
P_751906,5,0.878620
P_751963,1,0.881198
P_752109,5,0.891639
P_75221,6,0.892518
P_752235,11,0.878485
P_752243,11,0.839893
P_752245,11,0.873075
P_752251,12,0.848538
P_752269,4,0.867772
P_752334,6,0.885900
P_752336,3,0.880993
P_752337,5,0.858450
P_752344,11,0.856359
P_752345,4,0.878470
P_752462,11,0.826553
P_752466,5,0.857132
P_752502,9,0.874136
P_752537,9,0.837058
P_752540,28,0.864132
P_752603,15,0.894063
P_752633,7,0.869588
P_75264,5,0.890098
P_752747,11,0.864530
P_752801,12,0.800071
P_752802,15,0.871526
P_752803,9,0.824108
P_752813,8,0.876987
P_752816,6,0.880384
P_752917,9,0.857430
P_752921,6,0.863129
P_753202,12,0.830983
P_753203,10,0.818282
P_753204,4,0.858925
P_753206,6,0.858407
P_753207,9,0.887659
P_753210,5,0.846462
P_753222,6,0.831781
P_75350,15,0.885899
P_753505,5,0.856658
P_753510,18,0.843104
P_753526,4,0.856123
P_753536,5,0.878706
P_753543,0,0.877002
P_753652,13,0.895852
P_753768,13,0.874996
P_753847,7,0.840369
P_753876,6,0.865832
P_753881,7,0.875535
P_753882,9,0.859977
P_753930,8,0.861472
P_75397,9,0.873462
P_754125,11,0.874826
P_754178,9,0.837844
P_754181,7,0.842638
P_754466,5,0.885306
P_75454,7,0.905739
P_754591,7,0.798839
P_754592,9,0.790590
P_754615,13,0.865287
P_754625,9,0.828047
P_754629,11,0.848938
P_754639,1,0.858037
P_754646,16,0.875518
P_754777,2,0.829676
P_754780,6,0.828512
P_754889,13,0.891232
P_7550,9,0.843344
P_755074,6,0.871958
P_755164,2,0.878499
P_7552,13,0.876608
P_755205,10,0.851448
P_755217,3,0.819172
P_755220,14,0.886666
P_75526,12,0.889862
P_755285,7,0.901840
P_755315,6,0.833514
P_755328,10,0.881448
P_755329,6,0.861290
P_755334,7,0.874792
P_755376,7,0.825760
P_755408,22,0.825172
P_755413,10,0.848447
P_755420,4,0.843566
P_755428,16,0.819567
P_75543,7,0.841765
P_75545,17,0.856040
P_75546,3,0.874493
P_755509,9,0.893309
P_755510,6,0.895856
P_75558,12,0.888355
P_755755,4,0.889449
P_755774,7,0.810785
P_755784,3,0.832224
P_756003,5,0.883072
P_756007,6,0.858626
P_756044,15,0.834086
P_756064,9,0.865154
P_756101,4,0.866356
P_756102,11,0.870990
P_756117,8,0.831741
P_756119,14,0.835981
P_756123,15,0.873369
P_756142,10,0.841146
P_756151,18,0.847995
P_756469,7,0.866633
P_756483,8,0.846691
P_756521,6,0.880848
P_756608,9,0.859523
P_756638,6,0.877404
P_756957,4,0.864872
P_756963,9,0.833888
P_756966,11,0.865057
P_757074,10,0.857911
P_757123,9,0.864542
P_757126,5,0.855403
P_757129,10,0.868841
P_757131,4,0.826223
P_757151,4,0.842384
P_757180,12,0.829796
P_757185,5,0.808471
P_757215,9,0.889979
P_757282,15,0.878072
P_757391,11,0.819767
P_757451,7,0.852503
P_757551,5,0.873096
P_757597,7,0.838338
P_757739,10,0.859568
P_757748,8,0.865467
P_757777,13,0.875884
P_7578,8,0.867776
P_757840,11,0.886861
P_757841,6,0.902252
P_757843,10,0.875288
P_75786,8,0.889800
P_757863,10,0.887533
P_757871,3,0.892883
P_757889,11,0.846238
P_757914,6,0.830425
P_757972,5,0.818090
P_757975,17,0.856815
P_757978,8,0.893446
P_757981,10,0.864820
P_757994,9,0.886564
P_7580,9,0.859338
P_758049,6,0.873302
P_758069,4,0.832409
P_7581,24,0.845015
P_758114,8,0.872400
P_758116,5,0.877132
P_758289,11,0.890416
P_7583,3,0.871402
P_758321,5,0.872742
P_758323,7,0.883357
P_758459,2,0.873320
P_75847,1,0.890848
P_7585,9,0.877757
P_758514,15,0.872260
P_758516,13,0.869201
P_75853,15,0.840096
P_758530,4,0.881677
P_758606,16,0.816648
P_758607,15,0.843684
P_7587,6,0.881890
P_758751,10,0.872030
P_75876,11,0.873234
P_75877,11,0.873234
P_7588,12,0.862846
P_758910,4,0.874767
P_758912,14,0.850588
P_75903,11,0.888909
P_759346,14,0.857620
P_759667,9,0.863014
P_759730,9,0.899398
P_759753,13,0.863267
P_759776,7,0.848167
P_759778,4,0.870753
P_759829,4,0.819011
P_759846,9,0.814002
P_759888,10,0.880032
P_759890,4,0.873991
P_759900,17,0.874343
P_759957,7,0.861423
P_760115,14,0.875017
P_760199,2,0.893416
P_760208,4,0.888691
P_760251,2,0.884662
P_760468,18,0.880021
P_760480,11,0.847383
P_760500,2,0.851517
P_760512,24,0.871062
P_760660,12,0.860137
P_760675,14,0.797997
P_760708,3,0.867832
P_760807,11,0.889863
P_761061,2,0.883913
P_761105,6,0.880472
P_761200,3,0.821325
P_761201,10,0.840266
P_761202,15,0.833893
P_761225,7,0.900383
P_761226,16,0.832468
P_761227,15,0.875595
P_761238,9,0.888996
P_761472,10,0.864244
P_761474,6,0.873709
P_761475,7,0.874081
P_761552,5,0.823477
P_761583,18,0.829258
P_761600,3,0.819934
P_76168,11,0.871593
P_761703,5,0.872562
P_76174,4,0.815918
P_76186,6,0.838888
P_761872,9,0.873327
P_761876,11,0.826122
P_761920,8,0.896753
P_761939,7,0.884855
P_761968,15,0.862389
P_761973,14,0.878185
P_762019,5,0.863470
P_762026,13,0.856450
P_762072,11,0.888356
P_762091,4,0.891139
P_762130,8,0.893094
P_762135,13,0.856725
P_762153,13,0.895612
P_762197,6,0.905454
P_762203,11,0.879906
P_762260,11,0.847146
P_76235,10,0.870534
P_762505,5,0.876395
P_762569,8,0.858670
P_762690,16,0.897450
P_762729,9,0.859203
P_762778,6,0.852911
P_762832,6,0.883227
P_762980,8,0.866037
P_762984,12,0.866469
P_762991,11,0.865452
P_763124,8,0.844950
P_763286,12,0.850345
P_763414,7,0.859493
P_763527,5,0.847993
P_763560,5,0.849178
P_76358,9,0.864192
P_763582,4,0.856030
P_763590,6,0.902440
P_763610,7,0.860019
P_763695,13,0.828583
P_763701,9,0.817245
P_763755,0,0.855271
P_763882,11,0.861483
P_763885,8,0.853330
P_763886,11,0.816345
P_763889,10,0.852378
P_763890,18,0.847419
P_763891,16,0.848946
P_763893,7,0.831617
P_763900,7,0.833439
P_763903,8,0.843231
P_763912,7,0.865322
P_763939,7,0.841641
P_763953,7,0.867848
P_763956,5,0.862695
P_763963,12,0.839988
P_764014,6,0.843674
P_764025,5,0.847882
P_764027,10,0.877354
P_764032,10,0.885120
P_764063,6,0.846610
P_764128,6,0.868553
P_764132,6,0.851866
P_764136,14,0.848377
P_764139,11,0.883623
P_76416,6,0.885937
P_764210,15,0.893474
P_764240,11,0.881272
P_764268,16,0.851466
P_764269,10,0.844062
P_764280,12,0.861761
P_764310,8,0.881043
P_764328,10,0.880081
P_764350,4,0.876850
P_764364,10,0.842603
P_764367,11,0.838157
P_764369,10,0.821556
P_764372,22,0.839375
P_764383,10,0.848088
P_764384,13,0.866423
P_764385,1,0.821970
P_764386,8,0.859322
P_764573,5,0.860883
P_764766,5,0.881063
P_764823,13,0.850541
P_764836,2,0.870855
P_76500,13,0.812495
P_76504,20,0.849197
P_765054,7,0.878541
P_76506,13,0.840253
P_765106,11,0.841994
P_765115,10,0.829463
P_765116,17,0.833989
P_765117,12,0.882283
P_765140,8,0.814588
P_765142,9,0.824029
P_765144,4,0.836577
P_765145,7,0.810736
P_765150,4,0.811340
P_765233,9,0.854498
P_765237,6,0.815009
P_765278,15,0.860033
P_765279,10,0.852764
P_765287,7,0.855521
P_765307,9,0.881046
P_765364,11,0.865166
P_765408,5,0.876528
P_765410,1,0.859667
P_765411,6,0.891019
P_765472,6,0.833072
P_765474,3,0.825624
P_765495,7,0.895851
P_765595,6,0.772531
P_765675,12,0.869261
P_76574,8,0.851824
P_766140,5,0.879095
P_766231,3,0.862538
P_766336,10,0.892345
P_766397,23,0.813302
P_766418,7,0.878919
P_766446,12,0.852324
P_766449,5,0.870361
P_766514,3,0.833541
P_76653,14,0.847481
P_766627,7,0.893990
P_7667,9,0.865518
P_766712,10,0.831504
P_766713,6,0.848894
P_766724,10,0.869079
P_766750,8,0.876620
P_766755,7,0.863646
P_766803,4,0.880610
P_766804,11,0.885211
P_766806,13,0.879501
P_766812,20,0.867973
P_766813,11,0.859285
P_766814,9,0.869811
P_766815,15,0.860451
P_766829,5,0.881679
P_766924,6,0.856327
P_766932,3,0.789901
P_76695,13,0.849691
P_766954,12,0.849894
P_766956,9,0.794375
P_766958,15,0.833144
P_766960,26,0.832280
P_766961,15,0.844094
P_7670,5,0.896728
P_767032,4,0.882654
P_767167,8,0.859441
P_76717,2,0.899243
P_767171,10,0.799427
P_767263,18,0.833535
P_767350,10,0.889211
P_767498,8,0.834843
P_767500,6,0.885931
P_767590,7,0.842089
P_76761,5,0.859363
P_767662,11,0.843739
P_767665,5,0.776902
P_767681,13,0.891750
P_767788,12,0.833582
P_767837,10,0.858220
P_767843,5,0.861781
P_767863,12,0.845900
P_767886,7,0.872616
P_767911,14,0.821876
P_768027,5,0.883384
P_768079,7,0.897235
P_768192,6,0.839063
P_768309,7,0.837329
P_768311,12,0.863417
P_768496,11,0.879945
P_768556,8,0.833935
P_768846,9,0.813497
P_768849,3,0.855674
P_769216,4,0.888355
P_769239,5,0.866964
P_769284,13,0.887451
P_769404,9,0.873736
P_769479,11,0.863713
P_769480,10,0.862018
P_769576,7,0.831306
P_769625,3,0.869199
P_769656,17,0.863978
P_769744,9,0.846637
P_769749,2,0.838956
P_769798,6,0.860933
P_769802,6,0.885854
P_769815,12,0.873757
P_769884,10,0.870148
P_769891,12,0.892331
P_769934,8,0.873248
P_769936,16,0.834236
P_770058,16,0.881804
P_770062,4,0.878252
P_770102,16,0.872705
P_770111,10,0.854284
P_770269,20,0.849559
P_770291,10,0.860956
P_770310,8,0.861533
P_770314,2,0.864108
P_770328,2,0.860410
P_770330,7,0.866827
P_77051,17,0.859838
P_770524,10,0.826921
P_770570,10,0.875437
P_770636,0,0.863455
P_770669,12,0.874026
P_770677,15,0.853489
P_770718,6,0.860835
P_770749,7,0.850951
P_770758,6,0.859312
P_770818,7,0.866761
P_770826,12,0.882019
P_770834,9,0.876089
P_770840,4,0.878726
P_770874,5,0.884290
P_770912,3,0.875105
P_770913,11,0.859101
P_770918,18,0.872068
P_770941,10,0.899355
P_770946,8,0.843768
P_770976,8,0.867138
P_770990,2,0.898925
P_771037,14,0.891749
P_771104,6,0.819203
P_77111,10,0.872194
P_771112,10,0.859154
P_771130,10,0.853636
P_771254,7,0.885674
P_771289,7,0.861726
P_771389,11,0.849559
P_771410,6,0.829003
P_771428,11,0.829091
P_771467,12,0.865829
P_771499,8,0.839741
P_7715,7,0.831835
P_77151,2,0.858445
P_77153,8,0.905537
P_77154,10,0.897088
P_771552,13,0.834134
P_77156,13,0.897704
P_771645,11,0.827209
P_771754,8,0.875026
P_771821,2,0.864333
P_771840,7,0.877271
P_77186,3,0.888967
P_772160,11,0.844150
P_772226,5,0.833802
P_772330,12,0.882045
P_772336,6,0.876347
P_772369,4,0.879258
P_77240,3,0.864279
P_772419,8,0.891439
P_772457,14,0.852870
P_772487,22,0.884438
P_772504,5,0.834197
P_772600,8,0.890877
P_772629,1,0.887651
P_772666,12,0.889884
P_772673,8,0.880485
P_772691,4,0.812266
P_772743,4,0.871423
P_7728,8,0.832967
P_772864,11,0.818323
P_772867,12,0.820146
P_772868,7,0.824437
P_772983,14,0.882233
P_773087,7,0.889675
P_773184,3,0.894452
P_7733,11,0.883767
P_77332,12,0.863148
P_77336,11,0.881587
P_773471,7,0.864966
P_77349,10,0.900931
P_773513,7,0.874578
P_773524,8,0.878929
P_773525,6,0.872656
P_773647,5,0.796235
P_773693,7,0.903952
P_77370,5,0.883064
P_773843,16,0.844418
P_773984,5,0.847685
P_774218,12,0.883063
P_774238,10,0.857043
P_774304,18,0.861875
P_774350,7,0.860806
P_774365,7,0.879168
P_774414,5,0.881191
P_77470,4,0.883618
P_774812,7,0.824659
P_774855,8,0.846634
P_775,7,0.892827
P_775006,29,0.863500
P_775013,23,0.873081
P_775027,13,0.881143
P_775037,12,0.842465
P_77508,11,0.861828
P_77511,9,0.848634
P_775146,3,0.886749
P_77517,5,0.860616
P_775490,7,0.854454
P_77550,8,0.887962
P_775626,9,0.854769
P_775629,9,0.881160
P_775824,7,0.867824
P_775850,2,0.872301
P_775860,7,0.865468
P_775867,8,0.882372
P_77589,8,0.895310
P_775903,11,0.882466
P_776045,13,0.856101
P_776095,13,0.891731
P_776172,4,0.855882
P_7762,9,0.858440
P_776235,8,0.892546
P_77638,10,0.876336
P_776499,5,0.884672
P_776574,10,0.867635
P_776605,6,0.842946
P_776652,11,0.882517
P_776726,6,0.875477
P_776744,10,0.850777
P_776768,16,0.859209
P_776963,12,0.847172
P_777002,4,0.873640
P_777098,2,0.876161
P_777100,6,0.863617
P_77714,12,0.851206
P_777178,6,0.865739
P_77727,2,0.868963
P_777277,14,0.885614
P_777280,9,0.867740
P_777314,7,0.885912
P_777321,9,0.841539
P_77745,14,0.859831
P_777547,9,0.828566
P_777598,9,0.875765
P_77760,11,0.864190
P_777601,8,0.773744
P_777805,9,0.875067
P_777819,11,0.872241
P_777914,1,0.883409
P_77792,14,0.835347
P_778040,2,0.876547
P_778057,9,0.841297
P_778064,6,0.838303
P_778098,5,0.887294
P_778126,20,0.855707
P_778127,9,0.870062
P_77841,9,0.846150
P_77842,2,0.844734
P_77844,4,0.841617
P_77845,5,0.873925
P_77846,4,0.879757
P_778521,5,0.881088
P_778522,12,0.900094
P_7786,7,0.890853
P_778616,4,0.854502
P_778739,8,0.885824
P_778969,6,0.840349
P_77911,5,0.885618
P_77932,8,0.860946
P_779367,11,0.875262
P_779375,11,0.837389
P_779527,2,0.837141
P_779529,11,0.854777
P_779530,2,0.810955
P_779539,10,0.889444
P_779546,7,0.845579
P_77962,10,0.867906
P_77971,7,0.872193
P_779812,16,0.883254
P_779851,7,0.842782
P_779935,13,0.820282
P_779985,12,0.881385
P_780317,6,0.879503
P_780413,5,0.882549
P_780590,12,0.852877
P_780636,10,0.856663
P_780721,11,0.866817
P_780762,6,0.892313
P_78082,11,0.884073
P_780879,19,0.839972
P_780996,9,0.868389
P_781224,10,0.875939
P_781236,6,0.854240
P_781300,9,0.865022
P_781343,8,0.888901
P_781434,10,0.852142
P_781435,14,0.833157
P_781436,7,0.854861
P_781440,13,0.851609
P_78155,9,0.865587
P_781571,9,0.827937
P_7816,15,0.887073
P_781825,8,0.889569
P_781868,1,0.898870
P_781921,3,0.873345
P_781972,5,0.882502
P_781984,9,0.849620
P_782044,1,0.883329
P_782060,7,0.864926
P_782084,3,0.888586
P_782134,10,0.833106
P_782177,9,0.883245
P_782236,4,0.893758
P_782253,6,0.852524
P_782444,8,0.887192
P_782523,6,0.853378
P_782535,23,0.846095
P_782554,4,0.883208
P_782583,13,0.840178
P_782586,10,0.850471
P_782591,5,0.831506
P_782623,18,0.825306
P_782637,12,0.882398
P_782719,3,0.888361
P_782780,14,0.868792
P_782784,15,0.839491
P_782796,8,0.874338
P_782797,9,0.828589
P_782804,10,0.858193
P_782805,8,0.802043
P_782833,7,0.872642
P_782861,20,0.859791
P_782862,9,0.881020
P_782863,7,0.834648
P_782864,7,0.815872
P_782865,8,0.881795
P_782866,11,0.818437
P_782868,7,0.846899
P_782869,16,0.869575
P_782870,11,0.881052
P_782916,6,0.893814
P_782930,13,0.873534
P_782950,13,0.896490
P_783039,9,0.904029
P_783056,14,0.863783
P_783199,9,0.816365
P_783315,8,0.886633
P_783330,9,0.867076
P_783533,8,0.886370
P_783547,7,0.839665
P_783552,6,0.890040
P_783585,4,0.890730
P_783651,2,0.889505
P_783689,9,0.866469
P_783744,16,0.880277
P_783788,6,0.860544
P_783794,1,0.853283
P_783826,13,0.849485
P_783827,2,0.862407
P_783849,10,0.896407
P_783866,8,0.894807
P_783913,0,0.900284
P_78395,3,0.889463
P_784035,12,0.884489
P_784048,27,0.821741
P_784049,15,0.847278
P_784050,9,0.831431
P_784064,4,0.861786
P_784076,4,0.882315
P_784085,13,0.860168
P_784132,7,0.835407
P_784133,3,0.876534
P_784424,0,0.894895
P_784473,15,0.829842
P_7845,9,0.883326
P_78451,5,0.874058
P_78456,4,0.874939
P_784681,5,0.842907
P_784690,6,0.832655
P_784837,9,0.846612
P_784855,11,0.839302
P_784861,10,0.865557
P_784915,6,0.884977
P_78507,13,0.869893
P_785116,12,0.895106
P_785134,6,0.874042
P_785142,9,0.850475
P_785174,5,0.886734
P_785193,4,0.896608
P_785194,5,0.887614
P_785196,2,0.891581
P_785222,16,0.875008
P_785449,6,0.811945
P_785519,10,0.883186
P_785547,7,0.839672
P_785564,15,0.892978
P_785638,8,0.885431
P_785708,5,0.821178
P_785711,9,0.826682
P_785731,4,0.812231
P_785736,9,0.850056
P_785786,13,0.831172
P_785816,18,0.839861
P_78583,4,0.903267
P_785854,5,0.882419
P_785978,3,0.875643
P_786015,14,0.864590
P_786253,16,0.874453
P_786256,10,0.880748
P_786305,11,0.859493
P_786310,7,0.880288
P_786319,6,0.834905
P_786332,4,0.839017
P_786338,7,0.845431
P_786342,9,0.879196
P_786344,8,0.846626
P_786345,0,0.851762
P_786348,6,0.833649
P_786373,6,0.822947
P_786379,9,0.822346
P_78638,14,0.890927
P_786392,8,0.820009
P_786600,11,0.898527
P_786605,11,0.838783
P_786610,17,0.829544
P_786620,9,0.843292
P_786712,6,0.832475
P_786713,10,0.842329
P_786715,14,0.835184
P_786740,6,0.860197
P_786793,6,0.875322
P_786880,17,0.858882
P_786912,0,0.808641
P_786932,5,0.860805
P_786933,5,0.877103
P_786955,13,0.844292
P_787045,14,0.886910
P_787094,4,0.880597
P_787192,11,0.896711
P_787436,11,0.880311
P_787448,7,0.854951
P_787461,8,0.882206
P_7877,12,0.855264
P_787785,7,0.870990
P_788012,5,0.861729
P_78808,8,0.892809
P_788122,14,0.892753
P_788149,7,0.877144
P_78819,6,0.848787
P_788259,5,0.889543
P_788289,20,0.812902
P_78838,14,0.841466
P_788438,5,0.883442
P_788446,5,0.881828
P_788548,11,0.888022
P_788552,6,0.890957
P_788562,9,0.875135
P_788591,4,0.867987
P_788633,18,0.834216
P_788651,7,0.844127
P_788652,8,0.829365
P_788706,14,0.854548
P_78886,7,0.873146
P_788951,6,0.876492
P_788974,3,0.878466
P_788981,5,0.878004
P_789027,11,0.879866
P_789036,10,0.827824
P_789134,2,0.884397
P_789279,10,0.866197
P_78937,10,0.863142
P_789398,3,0.866404
P_78942,10,0.853468
P_789479,9,0.840008
P_78949,8,0.858025
P_789564,13,0.814682
P_789570,2,0.841908
P_789576,3,0.885967
P_7898,9,0.871972
P_78985,10,0.844131
P_789987,4,0.903144
P_790160,15,0.891663
P_79018,4,0.895664
P_790226,10,0.872752
P_790240,10,0.861252
P_790263,9,0.838636
P_790304,7,0.878207
P_790352,6,0.837314
P_790392,6,0.875743
P_790496,20,0.865238
P_790497,4,0.843175
P_790547,2,0.853170
P_790660,2,0.890269
P_790712,16,0.877905
P_790736,4,0.869454
P_790780,12,0.868998
P_790784,8,0.857173
P_790823,10,0.876230
P_791011,4,0.895575
P_791046,10,0.892727
P_791048,8,0.888375
P_79107,4,0.893817
P_791109,13,0.816234
P_791220,5,0.865791
P_791332,11,0.875330
P_791338,17,0.862415
P_791341,9,0.836208
P_791391,9,0.853094
P_791409,7,0.880873
P_791438,5,0.864271
P_791464,6,0.840606
P_791484,14,0.881719
P_791527,6,0.854096
P_791543,9,0.838407
P_791554,8,0.883788
P_7916,5,0.891369
P_791706,9,0.875766
P_791807,10,0.870867
P_791808,9,0.868758
P_791827,4,0.903081
P_791911,2,0.898184
P_791917,2,0.853939
P_791924,11,0.875181
P_791930,24,0.867981
P_792013,8,0.830398
P_792115,14,0.853781
P_792220,3,0.880729
P_792241,10,0.894176
P_792303,11,0.859970
P_792335,9,0.874764
P_792417,11,0.884698
P_792504,7,0.833902
P_79254,3,0.864658
P_792549,11,0.844182
P_792550,8,0.845158
P_792574,8,0.905705
P_79259,5,0.890951
P_792643,8,0.860477
P_792689,17,0.886612
P_79270,13,0.863435
P_79280,13,0.858526
P_79281,7,0.830583
P_79282,7,0.874609
P_792833,4,0.855170
P_792854,12,0.873752
P_792860,4,0.853163
P_792867,8,0.841114
P_792878,5,0.898889
P_79290,15,0.817718
P_79294,10,0.857367
P_79295,10,0.861424
P_79296,17,0.846664
P_793041,5,0.882736
P_793113,6,0.885209
P_793136,10,0.857710
P_793188,2,0.883279
P_793220,10,0.883234
P_79329,4,0.819808
P_793437,12,0.846693
P_793516,12,0.862623
P_793596,3,0.871856
P_793683,8,0.874282
P_793689,8,0.893056
P_793716,10,0.866819
P_793761,3,0.886431
P_79381,8,0.865038
P_79386,17,0.874543
P_79388,3,0.884202
P_793899,7,0.815033
P_793944,12,0.881925
P_794050,11,0.884418
P_794122,4,0.852125
P_794176,6,0.875096
P_794282,11,0.852409
P_794429,8,0.808658
P_794509,13,0.848710
P_79458,2,0.867726
P_794647,3,0.899989
P_794739,13,0.826414
P_794744,18,0.900548
P_79485,2,0.879080
P_794971,9,0.873964
P_794980,17,0.819295
P_795004,8,0.811781
P_795007,2,0.850853
P_795008,6,0.825342
P_795032,3,0.827944
P_795091,5,0.890774
P_795095,6,0.883831
P_795306,9,0.890536
P_795446,10,0.871613
P_795447,5,0.879121
P_795450,8,0.843761
P_795477,14,0.837000
P_795613,10,0.866573
P_795617,9,0.860395
P_796012,6,0.887174
P_79609,3,0.845193
P_796092,5,0.863331
P_7961,3,0.830151
P_796132,8,0.866459
P_796165,11,0.878355
P_796181,4,0.844777
P_796216,3,0.870975
P_796234,4,0.877300
P_796243,11,0.867752
P_796256,6,0.854827
P_796373,5,0.872373
P_796390,6,0.843335
P_796427,6,0.882220
P_796497,16,0.865445
P_796550,13,0.853695
P_79660,9,0.853176
P_79661,17,0.854857
P_79665,3,0.893266
P_796737,12,0.824383
P_797095,7,0.876951
P_797111,9,0.843711
P_797242,12,0.860048
P_797307,8,0.880880
P_797419,10,0.876036
P_797529,5,0.882570
P_797588,3,0.887997
P_79762,10,0.895187
P_797623,5,0.882053
P_797776,11,0.883597
P_797859,14,0.819744
P_797966,7,0.906371
P_798115,13,0.891304
P_798172,5,0.868576
P_798211,10,0.892680
P_798214,5,0.865011
P_798279,16,0.839066
P_798285,8,0.847742
P_798288,6,0.852495
P_798289,1,0.880910
P_79841,9,0.894823
P_79842,10,0.888690
P_798457,10,0.840431
P_798476,11,0.858935
P_79852,14,0.891831
P_79854,10,0.892216
P_798612,2,0.897942
P_798638,5,0.872328
P_798645,14,0.876075
P_798646,3,0.873472
P_798647,6,0.835801
P_798652,23,0.856605
P_798657,4,0.874942
P_798685,6,0.897025
P_798815,5,0.836585
P_798953,3,0.883663
P_798963,16,0.866314
P_798975,5,0.871041
P_798977,15,0.856618
P_799002,14,0.851800
P_799008,10,0.891250
P_799033,1,0.843829
P_799035,15,0.871210
P_79915,22,0.838677
P_79917,7,0.866899
P_79918,14,0.866488
P_79921,8,0.888698
P_799235,9,0.865584
P_799413,6,0.858282
P_799437,4,0.901590
P_799537,4,0.882309
P_799548,9,0.833133
P_799553,11,0.832327
P_80071,1,0.903262
P_80077,3,0.885219
P_80078,8,0.873442
P_80267,3,0.898825
P_80275,10,0.847795
P_80337,9,0.830682
P_80338,7,0.845324
P_80391,2,0.844534
P_8044,5,0.889164
P_80464,6,0.878152
P_80524,6,0.883249
P_80590,15,0.826079
P_80605,8,0.867995
P_80630,13,0.871910
P_80635,14,0.846291
P_8067,4,0.873560
P_80758,12,0.851788
P_80763,6,0.873908
P_80779,9,0.867450
P_80810,7,0.890477
P_80814,3,0.845784
P_80927,5,0.874328
P_8096,11,0.897695
P_8098,7,0.902142
P_81016,7,0.876810
P_81052,10,0.862383
P_81053,5,0.852550
P_81056,8,0.844960
P_81057,14,0.851801
P_81071,9,0.870981
P_8108,9,0.882447
P_8109,10,0.893892
P_81116,6,0.879281
P_81118,6,0.850122
P_81119,20,0.865865
P_81120,10,0.879393
P_81125,10,0.857440
P_8113,5,0.895139
P_81148,2,0.845575
P_8117,9,0.888532
P_8120,10,0.900452
P_81241,7,0.849886
P_81243,8,0.859133
P_81246,10,0.836413
P_81267,10,0.872255
P_81268,13,0.855450
P_81274,7,0.846864
P_81275,8,0.813922
P_81277,5,0.878052
P_81305,12,0.839384
P_81306,11,0.834527
P_81407,8,0.879167
P_81612,7,0.857702
P_81614,14,0.872525
P_81618,4,0.864475
P_817,8,0.870676
P_81704,19,0.887231
P_81722,9,0.865319
P_81723,16,0.832995
P_81728,7,0.879424
P_81763,11,0.872980
P_81801,12,0.845892
P_81804,6,0.882853
P_81814,6,0.878182
P_81815,12,0.894376
P_81816,0,0.889523
P_81823,4,0.870854
P_81824,6,0.839543
P_81924,14,0.877476
P_8202,10,0.871126
P_8204,6,0.866392
P_8205,6,0.852707
P_82078,6,0.889557
P_82094,21,0.848779
P_82103,13,0.870154
P_82109,7,0.887475
P_82110,13,0.868101
P_8212,4,0.874336
P_82121,9,0.872395
P_82122,8,0.858306
P_82147,6,0.855239
P_8215,8,0.873918
P_82151,10,0.880920
P_82155,6,0.893979
P_8217,14,0.860590
P_8218,5,0.881005
P_82200,13,0.879727
P_82201,9,0.889512
P_82202,13,0.879685
P_82225,4,0.878136
P_82286,17,0.891314
P_82289,23,0.874725
P_82291,8,0.893500
P_82328,8,0.850551
P_82342,10,0.880594
P_82343,13,0.871961
P_82446,5,0.888975
P_8246,4,0.899139
P_82505,11,0.862116
P_82518,10,0.880035
P_82579,8,0.869129
P_82704,7,0.851075
P_82708,5,0.880142
P_82709,5,0.886945
P_82716,9,0.871114
P_82722,5,0.879331
P_82723,13,0.878871
P_82724,15,0.863277
P_82747,9,0.879092
P_82754,7,0.884424
P_82756,10,0.844519
P_82760,17,0.855026
P_82761,15,0.836301
P_82763,18,0.858572
P_82841,10,0.850463
P_82842,4,0.879765
P_82843,5,0.869015
P_82846,12,0.872737
P_82874,14,0.866714
P_82876,4,0.856984
P_82877,8,0.857988
P_82880,6,0.859104
P_82900,7,0.897580
P_8292,4,0.888644
P_82922,11,0.840276
P_82956,6,0.836637
P_82958,15,0.827819
P_82961,14,0.870538
P_82962,17,0.856663
P_82963,16,0.858248
P_82965,11,0.833712
P_82967,7,0.841968
P_82968,17,0.845471
P_82969,13,0.844608
P_82972,18,0.863874
P_82974,12,0.846157
P_82975,5,0.815452
P_82977,15,0.868721
P_83034,14,0.858678
P_83038,6,0.901915
P_83070,4,0.852149
P_8316,5,0.877215
P_83176,11,0.899026
P_83282,12,0.889392
P_83296,6,0.874916
P_83300,12,0.863060
P_83301,4,0.873448
P_83302,7,0.874569
P_8334,8,0.899763
P_8339,9,0.887003
P_8340,9,0.895086
P_83423,6,0.896238
P_83532,7,0.877287
P_83544,19,0.846185
P_83545,13,0.839137
P_83588,8,0.901485
P_8371,10,0.889723
P_83727,9,0.895494
P_8381,11,0.861882
P_8386,14,0.873193
P_83871,15,0.859858
P_83873,5,0.850719
P_8389,6,0.879871
P_83895,9,0.869201
P_83908,6,0.878610
P_8391,5,0.883268
P_83911,3,0.860706
P_83917,12,0.859102
P_83920,5,0.870228
P_83925,10,0.877445
P_83926,8,0.852697
P_83959,10,0.884723
P_83979,11,0.826867
P_83986,9,0.879066
P_83987,8,0.849083
P_84025,6,0.867993
P_8404,9,0.883243
P_841,9,0.870694
P_84140,9,0.872669
P_84242,7,0.884730
P_84247,10,0.851657
P_84249,6,0.866548
P_84250,5,0.798079
P_84252,4,0.835660
P_84260,5,0.858735
P_84377,13,0.889330
P_84379,7,0.885417
P_84380,4,0.871988
P_84381,6,0.882222
P_84382,8,0.835471
P_84384,24,0.862322
P_84386,3,0.836620
P_84458,9,0.867503
P_84554,7,0.868808
P_84578,12,0.877845
P_84599,1,0.889499
P_84642,15,0.853607
P_84739,10,0.845340
P_84759,14,0.859194
P_84812,4,0.881487
P_84873,8,0.886144
P_84929,10,0.893375
P_84983,2,0.867257
P_85008,9,0.863233
P_85086,7,0.886076
P_85133,7,0.876628
P_85203,9,0.867971
P_8521,2,0.877743
P_8522,5,0.875772
P_8526,2,0.867313
P_8527,6,0.870147
P_85280,11,0.867371
P_8529,13,0.885656
P_8533,4,0.887139
P_85332,10,0.883963
P_85335,9,0.864339
P_8535,16,0.892909
P_85366,8,0.852827
P_85367,15,0.850169
P_85392,11,0.875232
P_85417,4,0.886677
P_8544,14,0.858301
P_85447,18,0.892249
P_85459,12,0.892251
P_85479,16,0.868015
P_85481,5,0.885290
P_85491,3,0.871273
P_8555,9,0.870116
P_85555,8,0.856633
P_856,10,0.894795
P_85652,8,0.872975
P_857,11,0.897313
P_85747,19,0.862929
P_85752,15,0.857836
P_85753,11,0.840066
P_85754,2,0.845652
P_85803,7,0.891783
P_85810,9,0.894081
P_85812,12,0.878561
P_85951,16,0.843320
P_85952,8,0.865035
P_85958,6,0.846454
P_85959,14,0.844298
P_85960,5,0.873085
P_85962,4,0.876561
P_85967,19,0.859739
P_8599,9,0.857215
P_86054,6,0.841873
P_86072,8,0.884574
P_86189,8,0.870339
P_86198,12,0.884263
P_86202,2,0.901372
P_86221,1,0.886686
P_86311,3,0.880012
P_86431,11,0.871146
P_86463,6,0.855125
P_86482,6,0.861106
P_86517,13,0.866036
P_86519,13,0.831848
P_86557,6,0.903295
P_86616,6,0.837521
P_86618,10,0.867459
P_86622,17,0.844495
P_86636,9,0.871105
P_86638,8,0.878800
P_86639,7,0.858426
P_86640,16,0.876370
P_86642,23,0.837166
P_86643,13,0.834155
P_867,6,0.888951
P_86726,9,0.862130
P_86764,13,0.890272
P_8679,11,0.888780
P_86797,6,0.850976
P_86798,6,0.834725
P_8681,11,0.875685
P_869,8,0.885532
P_86902,14,0.897343
P_86939,11,0.868012
P_86940,14,0.859823
P_86941,5,0.843978
P_86946,9,0.854962
P_8696,5,0.880699
P_86972,17,0.855288
P_8699,16,0.855347
P_87015,9,0.814561
P_87030,4,0.850669
P_8705,19,0.864638
P_87177,5,0.844337
P_87213,9,0.837770
P_87214,10,0.876287
P_87392,5,0.864733
P_87400,10,0.863860
P_87404,11,0.811485
P_87410,13,0.843402
P_8749,5,0.878630
P_87492,5,0.858160
P_87494,17,0.861524
P_87669,9,0.837737
P_87847,3,0.894329
P_87942,4,0.872274
P_87979,9,0.899279
P_87980,7,0.852680
P_87989,14,0.867415
P_87991,17,0.812570
P_8807,15,0.895624
P_88127,11,0.864222
P_88128,8,0.862688
P_882,4,0.865619
P_88203,5,0.895243
P_88239,6,0.852601
P_8824,17,0.876717
P_88246,8,0.856947
P_88295,2,0.866277
P_88370,8,0.889106
P_8850,1,0.881196
P_88509,5,0.858165
P_88510,12,0.856259
P_88511,18,0.887594
P_88512,6,0.877991
P_88513,6,0.870736
P_8853,12,0.864628
P_88556,7,0.863386
P_88611,10,0.854513
P_88700,4,0.900436
P_8872,7,0.872007
P_88775,13,0.872505
P_88777,6,0.887276
P_88779,9,0.850149
P_88793,14,0.863600
P_88797,21,0.861732
P_88847,7,0.876902
P_8887,10,0.867999
P_88876,10,0.867877
P_88877,21,0.846997
P_88879,18,0.864081
P_88886,12,0.842712
P_8891,5,0.880482
P_88919,16,0.855836
P_88933,17,0.865119
P_8895,9,0.893481
P_8897,9,0.900990
P_88972,6,0.861215
P_89051,10,0.838730
P_89052,11,0.858932
P_89060,18,0.852071
P_89064,14,0.852264
P_89066,17,0.868456
P_89067,12,0.874218
P_89076,3,0.887102
P_89098,9,0.898669
P_89123,7,0.894118
P_89152,14,0.868281
P_89286,4,0.878534
P_89468,13,0.879964
P_89485,1,0.875365
P_89526,10,0.884998
P_89534,9,0.877642
P_89645,11,0.900912
P_89662,9,0.823438
P_89777,7,0.854789
P_89895,10,0.867694
P_89944,0,0.895890
P_9001,10,0.885000
P_9004,12,0.881037
P_9006,2,0.869496
P_90418,10,0.861635
P_90446,7,0.888111
P_90620,4,0.867655
P_9077,7,0.888417
P_90940,5,0.887771
P_91000,12,0.866561
P_9112,4,0.894261
P_91140,6,0.893216
P_9128,9,0.846489
P_91280,16,0.890821
P_9129,6,0.833829
P_91301,9,0.864884
P_91305,7,0.871957
P_9131,6,0.863783
P_9133,14,0.855814
P_91376,6,0.856108
P_91377,7,0.901648
P_9146,10,0.882090
P_91503,6,0.852472
P_91508,6,0.862954
P_91541,7,0.854351
P_91546,4,0.888827
P_9158,4,0.889017
P_91667,9,0.894633
P_9170,12,0.833181
P_91705,10,0.891980
P_9171,11,0.846512
P_91727,6,0.849209
P_9175,13,0.873450
P_91752,18,0.831413
P_91755,6,0.867679
P_91786,5,0.853357
P_91788,7,0.859362
P_91792,21,0.831631
P_91806,9,0.894798
P_91818,7,0.861702
P_91821,11,0.872528
P_91822,8,0.866292
P_9183,17,0.860915
P_91888,5,0.873872
P_9190,14,0.862018
P_9199,10,0.847807
P_9200,10,0.865499
P_92137,10,0.867269
P_92170,6,0.866508
P_92195,11,0.901039
P_92277,7,0.896988
P_92318,8,0.873484
P_92338,6,0.873732
P_92417,4,0.874749
P_92616,7,0.883777
P_92618,5,0.876565
P_92619,16,0.866602
P_92620,3,0.890126
P_92627,11,0.884949
P_92633,4,0.854287
P_92643,4,0.846050
P_92645,7,0.809823
P_9266,12,0.839010
P_92665,13,0.877593
P_92666,6,0.880140
P_92668,9,0.839884
P_92670,9,0.863384
P_9271,10,0.868017
P_9277,7,0.878285
P_92778,12,0.865179
P_9285,9,0.897419
P_9286,21,0.862581
P_92863,8,0.820344
P_92864,6,0.862206
P_92888,6,0.879747
P_92908,4,0.828609
P_92909,3,0.863824
P_92914,15,0.862155
P_92915,15,0.838291
P_9292,9,0.889292
P_92928,8,0.890060
P_9293,10,0.856180
P_93053,6,0.863219
P_93126,6,0.887781
P_93139,10,0.838878
P_93199,7,0.885409
P_932,5,0.842984
P_93203,8,0.880972
P_93221,6,0.849848
P_9328,7,0.895914
P_93494,8,0.852006
P_9358,4,0.884867
P_9362,12,0.850588
P_9364,3,0.834575
P_93644,10,0.841964
P_93653,7,0.887168
P_93655,6,0.870873
P_93656,6,0.854422
P_93660,13,0.866029
P_93716,11,0.887475
P_9372,8,0.857122
P_9376,9,0.838921
P_93886,11,0.863263
P_93897,11,0.878923
P_9394,7,0.861010
P_93943,9,0.890183
P_93944,13,0.887300
P_93984,7,0.855718
P_94,9,0.868178
P_94007,8,0.860871
P_94014,10,0.874728
P_94080,8,0.858923
P_94081,24,0.854087
P_94084,7,0.853267
P_94187,7,0.854586
P_94272,7,0.883792
P_94346,8,0.902603
P_94377,8,0.884676
P_94448,9,0.872919
P_94516,17,0.858544
P_94593,4,0.870440
P_94594,7,0.875629
P_94595,12,0.878045
P_94611,7,0.883853
P_94967,8,0.899713
P_94968,7,0.893230
P_95035,8,0.881489
P_9508,15,0.897244
P_9512,6,0.894362
P_9513,8,0.898979
P_95361,8,0.863492
P_95403,4,0.884078
P_95427,4,0.865487
P_95441,8,0.845312
P_95444,22,0.858971
P_95451,15,0.883789
P_95453,11,0.858542
P_95472,7,0.884649
P_95566,6,0.857302
P_95597,4,0.879880
P_9562,7,0.893980
P_9563,6,0.893563
P_95698,10,0.882110
P_95700,10,0.874875
P_95701,20,0.851918
P_9571,7,0.867807
P_95710,5,0.861220
P_95714,4,0.849549
P_9572,19,0.868157
P_9576,6,0.883565
P_95834,17,0.857657
P_95837,9,0.862424
P_9599,5,0.903374
P_9600,8,0.872657
P_96011,2,0.885060
P_96059,14,0.864779
P_9608,12,0.861940
P_96093,6,0.860008
P_9619,10,0.883833
P_96302,10,0.852988
P_96306,8,0.857513
P_9633,5,0.840608
P_96418,9,0.897732
P_9643,10,0.886156
P_9644,6,0.876835
P_96480,9,0.861001
P_96492,12,0.876564
P_96499,9,0.880434
P_9654,12,0.874510
P_96638,9,0.875871
P_9665,4,0.862752
P_96671,12,0.868119
P_96672,5,0.881654
P_96680,10,0.840782
P_96681,6,0.895408
P_96682,12,0.855445
P_96690,12,0.860017
P_9671,10,0.854058
P_96711,15,0.883446
P_96715,15,0.835342
P_96717,8,0.821748
P_96719,10,0.832883
P_96720,10,0.842017
P_96787,10,0.839145
P_96795,4,0.856908
P_96796,2,0.891904
P_9688,14,0.836100
P_96884,10,0.850680
P_9690,13,0.835910
P_9691,6,0.840452
P_96985,9,0.865579
P_9703,9,0.817034
P_97058,8,0.841936
P_9719,12,0.885956
P_97225,9,0.895146
P_97309,10,0.888656
P_97311,2,0.896290
P_97312,6,0.882122
P_97359,6,0.888839
P_97453,12,0.862965
P_97458,7,0.870113
P_97461,11,0.858220
P_97506,3,0.858762
P_97516,9,0.868965
P_97613,8,0.889655
P_97614,10,0.875274
P_97632,8,0.857382
P_97634,2,0.868752
P_9768,4,0.886710
P_97696,8,0.862816
P_97698,9,0.867521
P_97755,3,0.797742
P_97765,14,0.885793
P_97772,6,0.848430
P_97773,9,0.859058
P_97849,4,0.839411
P_97894,3,0.856123
P_97910,10,0.880700
P_97911,3,0.876066
P_97912,13,0.883648
P_97915,16,0.846428
P_97916,3,0.880515
P_97918,8,0.868829
P_97923,8,0.863898
P_9801,7,0.901482
P_98011,9,0.875336
P_9812,8,0.885896
P_9819,7,0.895096
P_98212,7,0.879809
P_9828,5,0.885040
P_98336,8,0.876741
P_98351,7,0.886055
P_9837,3,0.874286
P_98387,13,0.863158
P_98426,11,0.854884
P_98427,12,0.873552
P_98429,6,0.884142
P_9843,8,0.891080
P_98449,6,0.866458
P_98453,4,0.880020
P_98460,4,0.856796
P_98465,5,0.845828
P_98480,7,0.868872
P_98752,16,0.821907
P_98770,12,0.870812
P_98771,12,0.853942
P_98802,2,0.853837
P_98809,11,0.892017
P_98819,6,0.881090
P_98822,10,0.885524
P_98897,2,0.816012
P_98925,9,0.851848
P_98973,7,0.855021
P_9902,4,0.867542
P_9903,8,0.886136
P_9905,9,0.895377
P_99074,8,0.851668
P_9919,7,0.896320
P_99285,2,0.883303
P_99375,13,0.831149
P_994,7,0.895279
P_995,4,0.900845
P_99593,12,0.850538
P_99596,7,0.864713
P_99612,5,0.857153
P_99630,18,0.850550
P_99631,12,0.874471
P_99634,15,0.870899
P_99643,12,0.888033
P_99702,13,0.848690
P_99707,12,0.857032
P_99743,10,0.866919
P_99751,8,0.880124
P_99866,4,0.847673
