query_wid,s1_first,hyb_first,class
W_100,20,1,R
W_1002,26,2,B_not_promoted
W_5549,23,2,B_not_promoted
W_48,5565,5565,A
W_101001,892,892,A
W_5071,2,2,B_not_promoted
W_10129,1,1,R
W_55442,45,45,A
W_103,30,11,B_not_promoted
W_10212,2,1,R
W_10144,1,1,R
W_63854,30,24,B_not_promoted
W_2393,3,1,R
W_3162,3,1,R
W_10788,13,1,R
W_15519,16,1,R
W_3177,906,906,A
W_22451,23,1,R
W_1017,1,1,R
W_28493,1167,1167,A
W_2673,2,1,R
W_6676,87,87,A
W_10212,1,1,R
W_10216,228,228,A
W_2976,41,41,A
W_2974,30,17,B_not_promoted
W_100,9,1,R
W_7495,1,1,R
W_167,28,1,R
W_40034,1,14,B_demoted
W_10237,1,1,R
W_31003,222,222,A
W_10237,2,1,R
W_9626,35,35,A
W_11817,33,33,A
W_10717,7,5,B_not_promoted
W_841,9,2,B_not_promoted
W_12992,9,1,R
W_10253,2,1,R
W_27906,75,75,A
W_100,333,333,A
W_102577,565,565,A
W_2768,2,2,B_not_promoted
W_51980,10,1,R
W_10253,211,211,A
W_11794,441,441,A
W_75372,57,57,A
W_3097,1,1,R
W_33804,2,1,R
W_10144,6,1,R
W_1033,154,154,A
W_20610,3,1,R
W_5231,103,103,A
W_3092,1,1,R
W_4865,2,1,R
W_175,719,719,A
W_103,1,1,R
W_103129,125,125,A
W_13523,27,9,B_not_promoted
W_53687,29,28,B_not_promoted
W_10717,4,4,B_not_promoted
W_272,1,1,R
W_11471,16,2,B_not_promoted
W_39438,151,151,A
W_1033,3,1,R
W_5363,31,31,A
W_2966,3,6,B_demoted
W_10338,1,1,R
W_1282,11,1,R
W_35206,598,598,A
W_4884,1164,1164,A
W_10906,64,64,A
W_4884,6,15,B_demoted
W_86939,32,32,A
W_7257,343,343,A
W_25000,1,1,R
W_21695,1,1,R
W_43997,1026,1026,A
W_4833,8,1,R
W_20049,13,20,B_demoted
W_4835,8,14,B_demoted
W_42453,21,5,B_not_promoted
W_625,272,272,A
W_21695,16,1,R
W_103771,21,1,R
W_103771,24,1,R
W_28784,111,111,A
W_4655,12,1,R
W_5549,5,1,R
W_103,5,6,B_demoted
W_4687,75,75,A
W_80336,27,6,B_not_promoted
W_31003,270,270,A
W_5440,57,57,A
W_8202,19,1,R
W_2110,1,2,B_demoted
W_7776,1751,1751,A
W_10428,1,1,R
W_98770,2,1,R
W_4779,2,1,R
W_4646,22,30,B_demoted
W_20122,8,5,B_not_promoted
W_3221,609,609,A
W_6102,22,17,B_not_promoted
W_26939,12,1,R
W_2768,12,14,B_demoted
W_1055,122,122,A
W_2110,10,2,B_not_promoted
W_4945,1,1,R
W_9560,1051,1051,A
W_76174,3313,3313,A
W_2558,44,44,A
W_2976,2,1,R
W_11014,532,532,A
W_2673,59,59,A
W_19789,10,1,R
W_22556,48,48,A
W_27790,3,1,R
W_10237,13,4,B_not_promoted
W_3270,3434,3434,A
W_3964,12,1,R
W_5388,1,1,R
W_9560,34,34,A
W_7577,133,133,A
W_10472,1,1,R
W_22581,2,1,R
W_1983,259,259,A
W_462,6,2,B_not_promoted
W_6616,1,1,R
W_6602,10,1,R
W_6676,1,1,R
W_24222,6,2,B_not_promoted
W_886,9,1,R
W_13440,15,20,B_demoted
W_34791,3,1,R
W_430,2,3,B_demoted
W_3063,12,4,B_not_promoted
W_8202,110,110,A
W_19955,119,119,A
W_2558,51,51,A
W_1454,5,1,R
W_97414,5,1,R
W_24473,1,1,R
W_148,34,34,A
W_97414,15,2,B_not_promoted
W_1130,1949,1949,A
W_3162,25,16,B_not_promoted
W_1282,73,73,A
W_15519,5,8,B_demoted
W_6437,129,129,A
W_2083,22,8,B_not_promoted
W_9133,155,155,A
W_20122,1751,1751,A
W_28687,17,4,B_not_promoted
W_625,2343,2343,A
W_1055,2,1,R
W_10581,2758,2758,A
W_47101,5,1,R
W_882,13,11,B_not_promoted
W_2768,3816,3816,A
W_8850,9,1,R
W_1812,1,1,R
W_10577,1,1,R
W_29380,24,12,B_not_promoted
W_87469,3,1,R
W_42934,10,5,B_not_promoted
W_5319,1,1,R
W_6549,7,1,R
W_5141,1,22,B_demoted
W_10603,9,1,R
W_10237,2,1,R
W_30552,1,5,B_demoted
W_27641,22,17,B_not_promoted
W_10641,3,1,R
W_82877,100,100,A
W_10526,2,1,R
W_932,1,1,R
W_1456,35,35,A
W_2696,1,4,B_demoted
W_10685,16,1,R
W_106883,48,48,A
W_52963,9,1,R
W_13208,1,1,R
W_6807,1,1,R
W_92417,161,161,A
W_10717,2,1,R
W_61207,7,22,B_demoted
W_40034,39,39,A
W_10577,18,2,B_not_promoted
W_10577,80,80,A
W_30668,3,6,B_demoted
W_19945,79,79,A
W_81722,82,82,A
W_7213,71,71,A
W_5231,71,71,A
W_2474,41,41,A
W_3928,1,1,R
W_4642,664,664,A
W_1305,4,17,B_demoted
W_4642,35,35,A
W_4642,35,35,A
W_9626,1,1,R
W_373,84,84,A
W_10528,163,163,A
W_46851,20,11,B_not_promoted
W_10781,1,11,B_demoted
W_10781,36,36,A
W_7550,3,4,B_demoted
W_10788,20,1,R
W_3552,64,64,A
W_35472,1,1,R
W_10154,2,1,R
W_47639,16,2,B_not_promoted
W_8202,1,1,R
W_10907,7,1,R
W_32595,2,1,R
W_53997,96,96,A
W_68472,711,711,A
W_29078,2,1,R
W_1378,10,24,B_demoted
W_5461,477,477,A
W_47639,4,4,B_not_promoted
W_10154,1,1,R
W_1278,1,1,R
W_10838,109,109,A
W_4916,3,15,B_demoted
W_5216,13,2,B_not_promoted
W_19748,3,5,B_demoted
W_10846,70,70,A
W_31003,187,187,A
W_101220,171,171,A
W_101220,9,26,B_demoted
W_10848,19,7,B_not_promoted
W_10849,2,19,B_demoted
W_14501,7,1,R
W_30209,52,52,A
W_39055,41,41,A
W_375,208,208,A
W_4244,869,869,A
W_20539,21,2,B_not_promoted
W_7580,670,670,A
W_98770,171,171,A
W_108692,7,4,B_not_promoted
W_25489,2390,2390,A
W_108692,1,1,R
W_4939,4,27,B_demoted
W_108692,2,1,R
W_108692,4,17,B_demoted
W_4755,1,1,R
W_98311,89,89,A
W_13549,126,126,A
W_32711,45,45,A
W_10901,319,319,A
W_10902,1,1,R
W_4829,105,105,A
W_10907,101,101,A
W_89492,9,6,B_not_promoted
W_109122,1792,1792,A
W_109122,12,5,B_not_promoted
W_10913,68,68,A
W_62475,2,1,R
W_10914,33,33,A
W_56781,8,1,R
W_10931,69,69,A
W_13691,11,15,B_demoted
W_28184,38,38,A
W_32531,2,1,R
W_2558,4,12,B_demoted
W_1894,514,514,A
W_6753,6,1,R
W_109642,73,73,A
W_109642,220,220,A
W_109642,169,169,A
W_109642,831,831,A
W_8872,4,1,R
W_2407,27,26,B_not_promoted
W_11006,16,14,B_not_promoted
W_102577,50,50,A
W_9665,9,12,B_demoted
W_40671,125,125,A
W_54466,59,59,A
W_11014,3,1,R
W_34086,3,2,B_not_promoted
W_26111,4,9,B_demoted
W_68472,15,11,B_not_promoted
W_627,694,694,A
W_10528,37,37,A
W_63101,280,280,A
W_4689,74,74,A
W_4689,1,1,R
W_11051,1,1,R
W_11054,2,1,R
W_2673,3,3,B_not_promoted
W_11054,1,1,R
W_26461,330,330,A
W_26461,26,11,B_not_promoted
W_1108,5,1,R
W_1108,121,121,A
W_35206,13,4,B_not_promoted
W_99743,105,105,A
W_11823,126,126,A
W_167,1,2,B_demoted
W_64593,142,142,A
W_13687,257,257,A
W_32062,1,1,R
W_9571,90,90,A
W_29299,15,1,R
W_6715,18,1,R
W_20120,340,340,A
W_28094,144,144,A
W_76498,63,63,A
W_642,1,1,R
W_111408,131,131,A
W_111408,246,246,A
W_9576,9,1,R
W_5958,10,21,B_demoted
W_11657,347,347,A
W_15521,10,1,R
W_111510,21,15,B_not_promoted
W_27790,2,1,R
W_6784,2,1,R
W_111535,1,1,R
W_111535,1,1,R
W_51980,36,36,A
W_272,1,1,R
W_111535,12,1,R
W_272,1,1,R
W_5515,6,1,R
W_272,1,1,R
W_272,1,1,R
W_272,1,1,R
W_9644,4,1,R
W_11249,1,1,R
W_32062,3,1,R
W_3266,1,11,B_demoted
W_111656,37,37,A
W_7247,1,1,R
W_111408,7,1,R
W_13208,2,1,R
W_272,1,1,R
W_20639,1,1,R
W_706,2,1,R
W_30246,1,1,R
W_3858,1,1,R
W_39520,2,1,R
W_961,1,1,R
W_1456,1,1,R
W_7489,6,1,R
W_22581,1,1,R
W_11358,455,455,A
W_20414,57,57,A
W_2658,1007,1007,A
W_5095,1,1,R
W_111854,42,42,A
W_111854,217,217,A
W_111854,42,42,A
W_111854,113,113,A
W_111854,55,55,A
W_954,2,1,R
W_111906,88,88,A
W_111906,28,29,B_demoted
W_52177,6,20,B_demoted
W_111906,261,261,A
W_20088,46,46,A
W_101220,7,18,B_demoted
W_4696,24,7,B_not_promoted
W_4810,137,137,A
W_7584,13,2,B_not_promoted
W_4814,117,117,A
W_11833,44,44,A
W_106883,694,694,A
W_1276,7,18,B_demoted
W_86795,221,221,A
W_86795,141,141,A
W_111906,79,79,A
W_111906,364,364,A
W_111952,2,1,R
W_111952,28,15,B_not_promoted
W_111952,1,1,R
W_111952,299,299,A
W_1143,1,1,R
W_1769,10,1,R
W_6616,1,1,R
W_430,1,1,R
W_6676,1,1,R
W_6602,5,1,R
W_10526,1,1,R
W_9576,54,54,A
W_27913,431,431,A
W_27913,204,204,A
W_27913,15,27,B_demoted
W_27913,35,35,A
W_9671,62,62,A
W_111991,2,1,R
W_111991,4,6,B_demoted
W_111991,2,1,R
W_11471,84,84,A
W_11473,1,1,R
W_11485,1,1,R
W_11485,1,1,R
W_2911,7,1,R
W_4820,13,8,B_not_promoted
W_112006,253,253,A
W_112006,30,3,B_not_promoted
W_112006,155,155,A
W_58781,427,427,A
W_65049,4,1,R
W_7581,115,115,A
W_25511,30,1,R
W_93655,30,13,B_not_promoted
W_40971,195,195,A
W_11472,271,271,A
W_112006,35,35,A
W_2427,1,3,B_demoted
W_10144,31,31,A
W_102577,269,269,A
W_11652,163,163,A
W_56239,58,58,A
W_11473,69,69,A
W_58781,400,400,A
W_22154,36,36,A
W_22154,147,147,A
W_11516,6,1,R
W_7202,17,1,R
W_5915,156,156,A
W_9290,49,49,A
W_27911,386,386,A
W_4687,21,3,B_not_promoted
W_76498,61,61,A
W_38517,88,88,A
W_1305,35,35,A
W_6693,148,148,A
W_1153,1,1,R
W_3237,18,24,B_demoted
W_31003,348,348,A
W_21352,29,16,B_not_promoted
W_11552,1,1,R
W_112097,130,130,A
W_11552,4,1,R
W_112097,190,190,A
W_7253,89,89,A
W_27164,350,350,A
W_26687,1,1,R
W_111656,19,20,B_demoted
W_59319,60,60,A
W_30668,9,25,B_demoted
W_4685,282,282,A
W_30668,32,32,A
W_13873,37,37,A
W_97632,774,774,A
W_5438,87,87,A
W_4689,1,1,R
W_23772,494,494,A
W_77841,23,19,B_not_promoted
W_25621,286,286,A
W_19748,340,340,A
W_30668,12,1,R
W_112097,25,9,B_not_promoted
W_56781,4,1,R
W_7581,227,227,A
W_38495,523,523,A
W_101220,12,9,B_not_promoted
W_9158,120,120,A
W_7584,8,19,B_demoted
W_20049,64,64,A
W_12795,23,12,B_not_promoted
W_706,11,1,R
W_106883,372,372,A
W_20257,147,147,A
W_12159,32,32,A
W_42997,4,9,B_demoted
W_1347,35,35,A
W_87425,299,299,A
W_11649,35,35,A
W_22965,90,90,A
W_22965,92,92,A
W_39785,96,96,A
W_112241,122,122,A
W_112241,137,137,A
W_35395,612,612,A
W_112241,3,2,B_not_promoted
W_112241,1059,1059,A
W_93655,2632,2632,A
W_112241,9,13,B_demoted
W_112241,1218,1218,A
W_112241,148,148,A
W_11667,252,252,A
W_9158,1,1,R
W_9297,1,9,B_demoted
W_20162,66,66,A
W_20414,1,4,B_demoted
W_1278,2749,2749,A
W_9133,1,1,R
W_15519,18,1,R
W_20122,479,479,A
W_5388,3,1,R
W_55442,53,53,A
W_706,18,1,R
W_4833,2,1,R
W_7312,11,1,R
W_2658,14,1,R
W_4642,1,1,R
W_401,8,13,B_demoted
W_7264,3496,3496,A
W_69914,749,749,A
W_11785,8,8,B_not_promoted
W_11785,28,1,R
W_161,19,1,R
W_20084,94,94,A
W_24473,22,2,B_not_promoted
W_11794,77,77,A
W_9376,36,36,A
W_11798,43,43,A
W_10528,6,1,R
W_19353,4,1,R
W_4820,125,125,A
W_3321,11,3,B_not_promoted
W_12140,20,9,B_not_promoted
W_11817,100,100,A
W_11817,28,25,B_not_promoted
W_22926,25,17,B_not_promoted
W_4829,82,82,A
W_4801,20,16,B_not_promoted
W_98152,30,3,B_not_promoted
W_19417,213,213,A
W_13540,12,2,B_not_promoted
W_11819,143,143,A
W_11819,180,180,A
W_9571,29,1,R
W_11819,143,143,A
W_11823,543,543,A
W_11823,441,441,A
W_9571,1101,1101,A
W_3904,3,18,B_demoted
W_11841,23,1,R
W_7762,450,450,A
W_11841,1,1,R
W_20049,122,122,A
W_375,3864,3864,A
W_20088,202,202,A
W_31725,77,77,A
W_12255,85,85,A
W_1409,1,1,R
W_35389,30,1,R
W_7581,18,8,B_not_promoted
W_6093,4,5,B_demoted
W_4681,51,51,A
W_35389,170,170,A
W_34604,35,35,A
W_4685,8,18,B_demoted
W_101001,39,39,A
W_50379,117,117,A
W_12542,3,1,R
W_1130,468,468,A
W_112640,1,1,R
W_112640,1,1,R
W_28687,136,136,A
W_112640,1,1,R
W_11898,2,1,R
W_11898,17,1,R
W_10526,15,1,R
W_8696,47,47,A
W_11898,8,1,R
W_3744,4,1,R
W_10253,2,1,R
W_11387,15,15,B_not_promoted
W_48,60,60,A
W_731,422,422,A
W_79329,642,642,A
W_303,3,1,R
W_373,1,1,R
W_7312,142,142,A
W_954,2,1,R
W_86795,161,161,A
W_42488,1,5,B_demoted
W_11006,11,20,B_demoted
W_11006,4,25,B_demoted
W_11006,51,51,A
W_2968,64,64,A
W_82985,1021,1021,A
W_11474,20,1,R
W_954,5,18,B_demoted
W_13208,1,1,R
W_954,24,7,B_not_promoted
W_383,78,78,A
W_2658,1495,1495,A
W_6102,1,1,R
W_20610,4,1,R
W_4749,2,1,R
W_40971,78,78,A
W_40971,7,10,B_demoted
W_40971,1,6,B_demoted
W_3497,327,327,A
W_30552,1538,1538,A
W_8872,1,1,R
W_10528,45,45,A
W_11535,1300,1300,A
W_954,23,23,B_not_promoted
W_954,1808,1808,A
W_4884,1031,1031,A
W_5958,6,1,R
W_11785,2,1,R
W_623,143,143,A
W_48,19,16,B_not_promoted
W_48,530,530,A
W_1456,1,1,R
W_13208,1,1,R
W_9576,303,303,A
W_12031,138,138,A
W_11474,162,162,A
W_42488,1,2,B_demoted
W_112910,17,1,R
W_112910,35,35,A
W_112910,20,1,R
W_18505,1,1,R
W_112910,16,5,B_not_promoted
W_112910,12,22,B_demoted
W_28495,33,33,A
W_8203,401,401,A
W_9507,5,5,B_not_promoted
W_10907,7,1,R
W_4354,2,1,R
W_4843,142,142,A
W_38476,32,32,A
W_5697,5,11,B_demoted
W_5368,59,59,A
W_961,1,1,R
W_932,40,40,A
W_4887,365,365,A
W_1443,1,1,R
W_4751,1,1,R
W_109122,2,1,R
W_367,2,1,R
W_28221,1604,1604,A
W_4692,10,2,B_not_promoted
W_1650,3,3,B_not_promoted
W_9004,5,28,B_demoted
W_2930,1,1,R
W_961,1,1,R
W_1478,1,1,R
W_97414,3,1,R
W_4277,1,1,R
W_2083,2,30,B_demoted
W_12135,362,362,A
W_102577,233,233,A
W_12140,67,67,A
W_4812,15,17,B_demoted
W_15521,83,83,A
W_14501,9,1,R
W_4775,4,1,R
W_12972,3,1,R
W_10848,111,111,A
W_11667,443,443,A
W_102577,744,744,A
W_2855,8,1,R
W_19912,96,96,A
W_12168,1,1,R
W_4217,309,309,A
W_5500,40,40,A
W_112241,4,1,R
W_3270,232,232,A
W_4683,66,66,A
W_5438,7,17,B_demoted
W_4683,46,46,A
W_3839,9,1,R
W_12317,4,7,B_demoted
W_38429,9,7,B_not_promoted
W_19903,2,1,R
W_42117,2,1,R
W_30209,8,1,R
W_4865,64,64,A
W_31327,1,14,B_demoted
W_373,29,28,B_not_promoted
W_11652,184,184,A
W_4829,93,93,A
W_9703,124,124,A
W_575,36,36,A
W_15521,1,1,R
W_1002,1,1,R
W_10428,12,8,B_not_promoted
W_11898,3,1,R
W_12255,2,1,R
W_111535,1,1,R
W_3928,1,1,R
W_16560,12,1,R
W_886,97,97,A
W_932,1,1,R
W_6210,244,244,A
W_35395,216,216,A
W_83873,1,1,R
W_83881,1,1,R
W_83871,1,1,R
W_12317,7,1,R
W_23239,2521,2521,A
W_1812,11,1,R
W_799,1,1,R
W_11841,5,1,R
W_83881,1,1,R
W_13127,4,1,R
W_642,1,1,R
W_13208,627,627,A
W_32058,1,1,R
W_3673,241,241,A
W_12168,2,1,R
W_9133,1,1,R
W_1409,1,1,R
W_12992,1,2,B_demoted
W_21013,1,1,R
W_12460,1,1,R
W_34086,2,1,R
W_3321,47,47,A
W_3321,3,1,R
W_3321,1285,1285,A
W_886,3252,3252,A
W_10685,1,1,R
W_10790,1,1,R
W_26,17,2,B_not_promoted
W_4749,8,3,B_not_promoted
W_679,4,1,R
W_1282,2,1,R
W_2393,8,1,R
W_34791,143,143,A
W_1894,1,1,R
W_113615,1,1,R
W_13875,58,58,A
W_25511,150,150,A
W_6031,15,24,B_demoted
W_12542,3,1,R
W_12542,1,1,R
W_12542,1,1,R
W_113724,3,1,R
W_113724,169,169,A
W_1650,1,1,R
W_3978,57,57,A
W_4922,1,1,R
W_13552,1,1,R
W_19985,12,1,R
W_13687,124,124,A
W_27477,3,1,R
W_5095,4,1,R
W_7818,353,353,A
W_7213,28,21,B_not_promoted
W_10901,895,895,A
W_4816,9,2,B_not_promoted
W_9626,2,1,R
W_9626,189,189,A
W_6292,492,492,A
W_662,27,1,R
W_9103,48,48,A
W_2301,1,1,R
W_21828,1,1,R
W_3497,4,1,R
W_8339,56,56,A
W_13208,2,1,R
W_3995,1,1,R
W_94,2,1,R
W_7550,6,1,R
W_94,702,702,A
W_3074,1,1,R
W_48,42,42,A
W_10685,178,178,A
W_4775,11,1,R
W_4012,7,18,B_demoted
W_1276,1,1,R
W_1278,3,1,R
W_3321,1,1,R
W_3904,1224,1224,A
W_11850,240,240,A
W_11850,283,283,A
W_1278,6,1,R
W_1308,20,29,B_demoted
W_14354,4,21,B_demoted
W_12792,5,1,R
W_32711,380,380,A
W_5368,1,1,R
W_69970,14,9,B_not_promoted
W_3529,22,29,B_demoted
W_1282,1,1,R
W_179,52,52,A
W_113615,1,1,R
W_3964,2,1,R
W_1108,1,1,R
W_2145,127,127,A
W_11841,1,1,R
W_82985,58,58,A
W_2968,57,57,A
W_31725,28,23,B_not_promoted
W_6616,93,93,A
W_14809,2,1,R
W_625,54,54,A
W_55861,1,1,R
W_47901,1,1,R
W_93644,11,9,B_not_promoted
W_20710,311,311,A
W_2083,1293,1293,A
W_1002,548,548,A
W_343,7049,7049,A
W_109122,274,274,A
W_114394,26,3,B_not_promoted
W_114394,1110,1110,A
W_114394,23,4,B_not_promoted
W_114394,436,436,A
W_114394,443,443,A
W_56366,572,572,A
W_62086,232,232,A
W_114408,13,13,B_not_promoted
W_114408,325,325,A
W_83881,272,272,A
W_9350,1,1,R
W_114408,58,58,A
W_114408,86,86,A
W_4277,13,1,R
W_12968,22,4,B_not_promoted
W_12972,58,58,A
W_12972,3,1,R
W_114490,274,274,A
W_114490,655,655,A
W_22945,15,17,B_demoted
W_12992,1,1,R
W_87758,9,3,B_not_promoted
W_6417,15,3,B_not_promoted
W_78838,467,467,A
W_35395,1291,1291,A
W_1924,1,1,R
W_10906,88,88,A
W_13204,719,719,A
W_1033,35,35,A
W_20036,755,755,A
W_10581,127,127,A
W_20120,4,1,R
W_13549,1,21,B_demoted
W_1305,5,1,R
W_2976,26,13,B_not_promoted
W_5616,1,1,R
W_34568,50,50,A
W_34568,98,98,A
W_34568,6,1,R
W_546,769,769,A
W_114606,15,8,B_not_promoted
W_114606,181,181,A
W_114608,37,37,A
W_114608,1,1,R
W_11641,27,29,B_demoted
W_30235,276,276,A
W_7229,79,79,A
W_34907,38,38,A
W_10852,278,278,A
W_167,3,1,R
W_30235,32,32,A
W_5917,1,1,R
W_6216,1707,1707,A
W_7312,8,1,R
W_13127,4,1,R
W_10847,150,150,A
W_10847,2,1,R
W_10847,4,2,B_not_promoted
W_10847,35,35,A
W_10847,129,129,A
W_92417,313,313,A
W_35395,215,215,A
W_10847,37,37,A
W_5917,2,1,R
W_2081,5,1,R
W_9358,3,1,R
W_68897,41,41,A
W_51980,18,5,B_not_promoted
W_5917,6,1,R
W_1276,1,1,R
W_13208,9,1,R
W_34568,1,1,R
W_4887,82,82,A
W_706,2,1,R
W_114742,6,1,R
W_114742,13,8,B_not_promoted
W_114742,215,215,A
W_114606,2,1,R
W_114742,1,1,R
W_114742,75,75,A
W_13204,1,1,R
W_114742,44,44,A
W_114742,47,47,A
W_114742,328,328,A
W_9158,6,5,B_not_promoted
W_20088,184,184,A
W_4814,342,342,A
W_64372,290,290,A
W_13216,2,1,R
W_64593,18,7,B_not_promoted
W_13222,1,1,R
W_114742,155,155,A
W_2085,5,1,R
W_62433,284,284,A
W_40034,582,582,A
W_68472,52,52,A
W_1769,29,13,B_not_promoted
W_9704,13,16,B_demoted
W_1033,8,1,R
W_34907,97,97,A
W_9263,9,2,B_not_promoted
W_4916,48,48,A
W_68063,55,55,A
W_4922,177,177,A
W_112097,185,185,A
W_79329,1058,1058,A
W_114810,60,60,A
W_114810,27,2,B_not_promoted
W_4012,6,7,B_demoted
W_4681,90,90,A
W_5216,52,52,A
W_4755,1,1,R
W_19789,79,79,A
W_4749,6,1,R
W_4702,64,64,A
W_4694,1160,1160,A
W_8543,689,689,A
W_40971,93,93,A
W_656,1,1,R
W_4267,1,1,R
W_25000,1,1,R
W_7245,1,1,R
W_167,4,1,R
W_1939,106,106,A
W_27894,36,36,A
W_55068,4,1,R
W_12972,116,116,A
W_55068,4632,4632,A
W_3097,117,117,A
W_14238,15,21,B_demoted
W_4681,159,159,A
W_3266,130,130,A
W_10838,27,21,B_not_promoted
W_5555,9,17,B_demoted
W_5102,30,22,B_not_promoted
W_5555,1,1,R
W_9719,160,160,A
W_10914,69,69,A
W_55068,459,459,A
W_5555,2,1,R
W_22,30,28,B_not_promoted
W_13440,47,47,A
W_114947,236,236,A
W_13440,3,2,B_not_promoted
W_87758,33,33,A
W_4468,8,2,B_not_promoted
W_4681,31,31,A
W_1795,1,1,R
W_4217,129,129,A
W_4829,111,111,A
W_4687,311,311,A
W_625,13,1,R
W_1347,4,1,R
W_55068,1,1,R
W_4681,8,24,B_demoted
W_4690,266,266,A
W_55068,1,1,R
W_55068,36,36,A
W_55068,138,138,A
W_50939,3,4,B_demoted
W_1347,206,206,A
W_7245,15,30,B_demoted
W_21826,698,698,A
W_50523,113,113,A
W_45948,29,1,R
W_2271,1,1,R
W_3063,2808,2808,A
W_13523,1,1,R
W_1353,1,1,R
W_13552,1,1,R
W_11358,7,1,R
W_10901,981,981,A
W_115054,2,1,R
W_115054,1,1,R
W_4762,1,1,R
W_10902,145,145,A
W_4689,79,79,A
W_1033,4,1,R
W_5440,130,130,A
W_4849,229,229,A
W_18505,2,1,R
W_18505,3,1,R
W_18505,277,277,A
W_18505,60,60,A
W_1353,382,382,A
W_303,13,2,B_not_promoted
W_9262,57,57,A
W_18505,12,2,B_not_promoted
W_52177,13,16,B_demoted
W_26461,385,385,A
W_18505,1,2,B_demoted
W_1278,1,1,R
W_1364,23,1,R
W_1443,9,1,R
W_4012,82,82,A
W_1364,7,1,R
W_3270,1,3,B_demoted
W_13687,59,59,A
W_6807,29,12,B_not_promoted
W_24522,390,390,A
W_13695,2,1,R
W_13698,79,79,A
W_115249,216,216,A
W_115249,79,79,A
W_115249,392,392,A
W_115249,19,20,B_demoted
W_115249,213,213,A
W_115251,59,59,A
W_10914,157,157,A
W_994,1,1,R
W_29060,12,25,B_demoted
W_11484,140,140,A
W_9576,1,1,R
W_53351,285,285,A
W_115249,1,1,R
W_1376,1,1,R
W_5233,377,377,A
W_103771,109,109,A
W_74245,19,30,B_demoted
W_11649,21,21,B_not_promoted
W_40199,36,36,A
W_1378,4,18,B_demoted
W_1409,2330,2330,A
W_1308,12,10,B_not_promoted
W_42631,2,1,R
W_3599,126,126,A
W_10907,2,6,B_demoted
W_7032,1,1,R
W_6536,19,6,B_not_promoted
W_3599,3,23,B_demoted
W_103,1,6,B_demoted
W_10216,112,112,A
W_2271,7,1,R
W_27913,8,1,R
W_2911,1,1,R
W_5071,26,17,B_not_promoted
W_8824,325,325,A
W_4354,1,1,R
W_3061,33,33,A
W_5216,17,1,R
W_40419,8,2,B_not_promoted
W_3170,7293,7293,A
W_1130,2817,2817,A
W_32595,1,1,R
W_9665,124,124,A
W_3211,3,5,B_demoted
W_3599,1,1,R
W_3599,3,1,R
W_6730,2,1,R
W_6730,17,7,B_not_promoted
W_4217,11,1,R
W_11823,1,4,B_demoted
W_299,216,216,A
W_111952,343,343,A
W_3599,2,6,B_demoted
W_32408,1,4,B_demoted
W_22084,4,1,R
W_7279,4,20,B_demoted
W_2976,2,1,R
W_3599,527,527,A
W_65381,351,351,A
W_14019,2,1,R
W_45675,26,16,B_not_promoted
W_64445,22,29,B_demoted
W_113724,210,210,A
W_113615,29,1,R
W_3599,4,6,B_demoted
W_14019,4,1,R
W_3599,3,2,B_not_promoted
W_2145,4,27,B_demoted
W_29078,215,215,A
W_3599,2,11,B_demoted
W_115692,9,20,B_demoted
W_40924,58,58,A
W_546,1,1,R
W_42488,16,26,B_demoted
W_115707,140,140,A
W_28493,156,156,A
W_115728,5,1,R
W_115728,1,1,R
W_115249,25,6,B_not_promoted
W_4685,240,240,A
W_43012,28,3,B_not_promoted
W_115707,288,288,A
W_1409,1,1,R
W_115707,3991,3991,A
W_19417,105,105,A
W_10848,28,14,B_not_promoted
W_11473,147,147,A
W_994,1925,1925,A
W_10847,31,31,A
W_1412,12,16,B_demoted
W_115814,1,1,R
W_58783,657,657,A
W_5440,82,82,A
W_8387,3,1,R
W_115707,18,7,B_not_promoted
W_20122,35,35,A
W_82985,60,60,A
W_9703,2,1,R
W_23116,105,105,A
W_11785,2,1,R
W_22286,8,1,R
W_9132,2,1,R
W_5071,2,1,R
W_10528,3914,3914,A
W_12542,2,1,R
W_12542,1,1,R
W_7279,1,1,R
W_26939,30,22,B_not_promoted
W_9262,597,597,A
W_10852,115,115,A
W_11859,471,471,A
W_10144,1,1,R
W_4843,40,40,A
W_20049,132,132,A
W_623,4,1,R
W_11898,54,54,A
W_73656,302,302,A
W_23116,1401,1401,A
W_226,1,1,R
W_3858,1,1,R
W_14238,19,16,B_not_promoted
W_14238,1,1,R
W_14238,16,24,B_demoted
W_14238,31,31,A
W_14238,53,53,A
W_10141,12,23,B_demoted
W_14238,15,2,B_not_promoted
W_7116,34,34,A
W_14238,8,5,B_not_promoted
W_7084,29,1,R
W_14238,20,13,B_not_promoted
W_1362,2269,2269,A
W_115054,3,1,R
W_5697,3,1,R
W_6939,17,10,B_not_promoted
W_113724,584,584,A
W_5388,21,6,B_not_promoted
W_4468,7,1,R
W_4468,7,1,R
W_4468,4,1,R
W_6403,13,18,B_demoted
W_14354,64,64,A
W_14354,111,111,A
W_1983,24,5,B_not_promoted
W_14354,16,29,B_demoted
W_10581,15,1,R
W_7257,921,921,A
W_21826,40,40,A
W_11817,52,52,A
W_30326,76,76,A
W_30326,73,73,A
W_13208,1,1,R
W_22084,4,1,R
W_14379,100,100,A
W_111535,1,1,R
W_14379,1,1,R
W_3978,1,1,R
W_115728,3,1,R
W_115054,5,1,R
W_11471,251,251,A
W_375,1,1,R
W_10154,25,8,B_not_promoted
W_1278,1,1,R
W_1443,1,1,R
W_40419,40,40,A
W_1033,16,6,B_not_promoted
W_31360,11,1,R
W_4692,181,181,A
W_2768,115,115,A
W_10788,1345,1345,A
W_3170,2,2,B_not_promoted
W_6102,26,3,B_not_promoted
W_209,19,3,B_not_promoted
W_3237,71,71,A
W_14969,1788,1788,A
W_3673,52,52,A
W_9508,3209,3209,A
W_2474,4756,4756,A
W_14485,1,1,R
W_14485,17,7,B_not_promoted
W_679,4,1,R
W_679,102,102,A
W_679,3,1,R
W_679,5,3,B_not_promoted
W_867,1,1,R
W_100,300,300,A
W_53687,47,47,A
W_14501,2,2,B_not_promoted
W_14501,18,1,R
W_14501,19,9,B_not_promoted
W_53687,83,83,A
W_5616,27,3,B_not_promoted
W_1002,2,9,B_demoted
W_49809,39,39,A
W_1278,218,218,A
W_22,15,2,B_not_promoted
W_10576,27,4,B_not_promoted
W_13873,18,14,B_not_promoted
W_9290,1,1,R
W_87425,370,370,A
W_11667,462,462,A
W_5440,65,65,A
W_1454,10585,10585,A
W_5118,6,17,B_demoted
W_9290,6,1,R
W_4841,7,1,R
W_10851,52,52,A
W_5552,145,145,A
W_116516,19,2,B_not_promoted
W_116516,44,44,A
W_116516,201,201,A
W_9560,30,5,B_not_promoted
W_116516,107,107,A
W_89492,7,9,B_demoted
W_6549,11,1,R
W_6549,5,1,R
W_1454,2,3,B_demoted
W_1983,2066,2066,A
W_27477,2,1,R
W_5162,101,101,A
W_114490,185,185,A
W_4689,43,43,A
W_50379,81,81,A
W_26111,455,455,A
W_23772,278,278,A
W_12137,8,14,B_demoted
W_114810,19,1,R
W_44137,160,160,A
W_11484,14,8,B_not_promoted
W_116565,115,115,A
W_116565,62,62,A
W_12137,67,67,A
W_53262,54,54,A
W_116565,160,160,A
W_116565,4,11,B_demoted
W_116565,163,163,A
W_116565,8,21,B_demoted
W_35472,1,16,B_demoted
W_40702,361,361,A
W_65609,217,217,A
W_64372,321,321,A
W_97460,1,1,R
W_7580,2,15,B_demoted
W_14662,1,1,R
W_9131,2143,2143,A
W_6394,615,615,A
W_3174,1,1,R
W_28784,1,1,R
W_11249,1,1,R
W_53997,363,363,A
W_27320,252,252,A
W_5534,296,296,A
W_82146,711,711,A
W_116622,100,100,A
W_38517,173,173,A
W_116622,32,32,A
W_7577,913,913,A
W_10576,44,44,A
W_116622,12,14,B_demoted
W_10577,634,634,A
W_116622,36,36,A
W_1308,3,2,B_not_promoted
W_1478,1,1,R
W_82146,22,14,B_not_promoted
W_14599,78,78,A
W_1478,30,5,B_not_promoted
W_148,12,5,B_not_promoted
W_1478,929,929,A
W_69970,10,1,R
W_11657,60,60,A
W_10065,29,30,B_demoted
W_67609,2,1,R
W_67609,4,1,R
W_13549,149,149,A
W_1478,8,1,R
W_1153,4,1,R
W_4726,1,1,R
W_67609,69,69,A
W_5515,93,93,A
W_40120,100,100,A
W_44137,278,278,A
W_594,2,1,R
W_69970,23,14,B_not_promoted
W_67609,17,17,B_not_promoted
W_67609,62,62,A
W_42997,455,455,A
W_4655,40,40,A
W_5294,12,10,B_not_promoted
W_12317,384,384,A
W_8202,8,1,R
W_4267,2,3,B_demoted
W_5958,268,268,A
W_46288,9,1,R
W_42488,38,38,A
W_67609,105,105,A
W_115692,960,960,A
W_1616,20,16,B_not_promoted
W_3260,11,7,B_not_promoted
W_4267,317,317,A
W_662,27,1,R
W_1153,8,1,R
W_9092,11,1,R
W_13873,516,516,A
W_3177,2,1,R
W_6464,24,1,R
W_14969,3,1,R
W_5515,17,1,R
W_954,3,1,R
W_5438,45,45,A
W_594,27,1,R
W_7253,24,1,R
W_5162,33,33,A
W_399,1,1,R
W_35389,84,84,A
W_35389,135,135,A
W_882,75,75,A
W_35389,194,194,A
W_35389,308,308,A
W_35389,34,34,A
W_42521,16,17,B_demoted
W_54816,450,450,A
W_82877,19,2,B_not_promoted
W_32202,1,1,R
W_5231,46,46,A
W_23142,1,1,R
W_4884,7,25,B_demoted
W_1130,14,1,R
W_4762,14,11,B_not_promoted
W_662,585,585,A
W_9263,554,554,A
W_6394,1,1,R
W_3928,1,1,R
W_21025,72,72,A
W_6394,1,1,R
W_4158,8,9,B_demoted
W_52851,1,3,B_demoted
W_6031,953,953,A
W_662,700,700,A
W_20036,334,334,A
W_59319,1102,1102,A
W_6031,4,11,B_demoted
W_7578,31,31,A
W_7213,48,48,A
W_4694,624,624,A
W_6031,253,253,A
W_4939,21,22,B_demoted
W_94,235,235,A
W_13204,24,21,B_not_promoted
W_26687,19,1,R
W_37513,2,1,R
W_30246,1,1,R
W_30246,1394,1394,A
W_117403,2463,2463,A
W_1812,1,1,R
W_15223,498,498,A
W_15223,159,159,A
W_34086,1,1,R
W_1153,175,175,A
W_6807,534,534,A
W_731,1,1,R
W_3858,1294,1294,A
W_6453,7,1,R
W_28687,2,1,R
W_3237,1,1,R
W_4689,3,1,R
W_117450,3,1,R
W_117450,2,2,B_not_promoted
W_6292,21,4,B_not_promoted
W_55068,2,1,R
W_10781,46,46,A
W_10846,933,933,A
W_161,6,1,R
W_3170,59,59,A
W_15300,1,1,R
W_3928,1,1,R
W_4655,20,1,R
W_1276,1,1,R
W_32058,165,165,A
W_36064,14,2,B_not_promoted
W_18507,251,251,A
W_9262,319,319,A
W_15385,1,1,R
W_86795,71,71,A
W_12968,4152,4152,A
W_4801,109,109,A
W_25511,395,395,A
W_4884,30,3,B_not_promoted
W_54461,2,1,R
W_31003,8,23,B_demoted
W_2928,1,1,R
W_209,7,1,R
W_886,20,11,B_not_promoted
W_19789,3,1,R
W_1276,1,1,R
W_5216,8,1,R
W_29060,40,40,A
W_6031,1,1,R
W_284,10,5,B_not_promoted
W_7446,2,1,R
W_9576,3,9,B_demoted
W_40876,413,413,A
W_7816,69,69,A
W_27913,316,316,A
W_15519,2,1,R
W_15519,2,1,R
W_6485,1,23,B_demoted
W_117791,36,36,A
W_117791,41,41,A
W_209,23,8,B_not_promoted
W_71702,3,2,B_not_promoted
W_40702,25,7,B_not_promoted
W_41946,18,1,R
W_117791,36,36,A
W_117849,261,261,A
W_117849,53,53,A
W_117849,1,1,R
W_117849,1,1,R
W_117849,11,1,R
W_117849,2,1,R
W_42488,37,37,A
W_26542,92,92,A
W_51980,50,50,A
W_117883,195,195,A
W_117883,537,537,A
W_52851,1,5,B_demoted
W_10913,242,242,A
W_117883,46,46,A
W_117883,62,62,A
W_117883,752,752,A
W_117883,132,132,A
W_1055,360,360,A
W_22948,21,3,B_not_promoted
W_117883,258,258,A
W_103771,43,43,A
W_117883,111,111,A
W_46288,45,45,A
W_50379,1,1,R
W_20710,4,7,B_demoted
W_22084,1,1,R
W_23165,167,167,A
W_2911,3,1,R
W_303,6,9,B_demoted
W_677,2,1,R
W_65049,67,67,A
W_4843,20,8,B_not_promoted
W_4158,115,115,A
W_19985,6202,6202,A
W_7284,338,338,A
W_7284,52,52,A
W_6403,8,1,R
W_5958,28,22,B_not_promoted
W_6097,5,1,R
W_9643,1,1,R
W_5283,57,57,A
W_303,2,1,R
W_12542,44,44,A
W_22084,20,1,R
W_1596,12,5,B_not_promoted
W_76174,269,269,A
W_12031,1347,1347,A
W_7284,19,1,R
W_5655,1574,1574,A
W_7284,840,840,A
W_65609,8,24,B_demoted
W_2901,118,118,A
W_656,3,1,R
W_167,10,1,R
W_9560,4,1,R
W_32595,67,67,A
W_841,3,1,R
W_1650,1,1,R
W_7284,62,62,A
W_7284,44,44,A
W_115251,47,47,A
W_42521,270,270,A
W_7762,451,451,A
W_17866,1,2,B_demoted
W_87758,1046,1046,A
W_7284,307,307,A
W_27911,7,8,B_demoted
W_64593,97,97,A
W_97460,21,19,B_not_promoted
W_22961,1865,1865,A
W_21958,2626,2626,A
W_12140,10,1,R
W_22148,15,1,R
W_7816,2,1,R
W_1596,1,1,R
W_20185,300,300,A
W_11471,78,78,A
W_13698,3,12,B_demoted
W_5616,9,1,R
W_1596,3,2,B_not_promoted
W_1596,345,345,A
W_4829,148,148,A
W_114490,325,325,A
W_4814,352,352,A
W_11472,130,130,A
W_10847,7,1,R
W_27919,6,21,B_demoted
W_7284,237,237,A
W_7284,11,1,R
W_4541,87,87,A
W_4541,3,3,B_not_promoted
W_101220,19,28,B_demoted
W_118399,366,366,A
W_7818,5,1,R
W_11794,9,1,R
W_101220,9,5,B_not_promoted
W_24522,354,354,A
W_5102,53,53,A
W_46851,1,1,R
W_1596,454,454,A
W_47674,38,38,A
W_3203,82,82,A
W_161,28,3,B_not_promoted
W_1596,6614,6614,A
W_200724,3,14,B_demoted
W_6485,48,48,A
W_1378,19,12,B_not_promoted
W_882,27,17,B_not_promoted
W_23627,118,118,A
W_2901,162,162,A
W_22,5726,5726,A
W_118543,1,1,R
W_118399,250,250,A
W_998,75,75,A
W_6437,13,9,B_not_promoted
W_1278,1,1,R
W_19789,38,38,A
W_462,2,10,B_demoted
W_6807,1,1,R
W_6870,8,18,B_demoted
W_20036,1228,1228,A
W_4698,115,115,A
W_99743,43,43,A
W_6939,48,48,A
W_7279,1,1,R
W_6939,12,2,B_not_promoted
W_3260,811,811,A
W_19903,6,19,B_demoted
W_76174,4,1,R
W_4354,822,822,A
W_2696,7,2,B_not_promoted
W_27894,348,348,A
W_26111,16,17,B_demoted
W_22286,23,30,B_demoted
W_677,75,75,A
W_8387,19,1,R
W_12168,3,1,R
W_30246,14,8,B_not_promoted
W_17662,3,1,R
W_12317,5,1,R
W_27320,140,140,A
W_39055,1,1,R
W_40199,27,21,B_not_promoted
W_118713,75,75,A
W_118713,813,813,A
W_11473,278,278,A
W_3237,2,1,R
W_1894,1,1,R
W_29130,2,1,R
W_58781,90,90,A
W_25511,208,208,A
W_67609,15,2,B_not_promoted
W_7253,42,42,A
W_1812,1,1,R
W_118713,1,3,B_demoted
W_118713,4,5,B_demoted
W_64445,3,1,R
W_10472,1,3,B_demoted
W_21828,1,1,R
W_14485,1,1,R
W_6602,1,1,R
W_118849,1,1,R
W_113615,1,1,R
W_42338,91,91,A
W_6464,1,1,R
W_4829,18,5,B_not_promoted
W_1443,2,1,R
W_118823,1300,1300,A
W_23627,54,54,A
W_6441,88,88,A
W_115707,173,173,A
W_63854,70,70,A
W_7249,2482,2482,A
W_1616,8,19,B_demoted
W_23772,1,1,R
W_20069,34,34,A
W_63854,93,93,A
W_10313,115,115,A
W_118399,541,541,A
W_3264,786,786,A
W_30552,213,213,A
W_53040,112,112,A
W_3245,647,647,A
W_39438,33,33,A
W_28547,2,1,R
W_20069,264,264,A
W_13549,321,321,A
W_34353,2,1,R
W_27641,14,16,B_demoted
W_119158,90,90,A
W_119158,15,12,B_not_promoted
W_119158,7,11,B_demoted
W_119158,2,2,B_not_promoted
W_6939,1,2,B_demoted
W_119158,101,101,A
W_119158,678,678,A
W_20185,5,6,B_demoted
W_42311,3,1,R
W_1650,1,1,R
W_11859,31,31,A
W_27919,688,688,A
W_13698,106,106,A
W_58781,11,29,B_demoted
W_4854,72,72,A
W_6031,1,1,R
W_4837,363,363,A
W_33804,578,578,A
W_8387,136,136,A
W_5912,2,16,B_demoted
W_16560,1,1,R
W_16560,1,1,R
W_564,17,1,R
W_22,13,16,B_demoted
W_18,1,1,R
W_118543,55,55,A
W_272,21,19,B_not_promoted
W_118713,11,1,R
W_14229,348,348,A
W_9276,70,70,A
W_118713,748,748,A
W_30209,17,3,B_not_promoted
W_76174,106,106,A
W_37947,7,1,R
W_886,12,24,B_demoted
W_2901,174,174,A
W_27911,49,49,A
W_115814,4,1,R
W_7116,90,90,A
W_76174,34,34,A
W_78838,1,1,R
W_10717,12,9,B_not_promoted
W_5912,3,1,R
W_4767,1268,1268,A
W_367,1563,1563,A
W_4267,2,1,R
W_17053,3,1,R
W_6093,6,1,R
W_2083,3,20,B_demoted
W_20036,115,115,A
W_119473,65,65,A
W_119473,206,206,A
W_119473,29,25,B_not_promoted
W_167,1,1,R
W_7116,392,392,A
W_53040,189,189,A
W_28547,1,1,R
W_28547,17,1,R
W_28547,10,1,R
W_10931,4,23,B_demoted
W_118713,219,219,A
W_6536,1,1,R
W_5118,27,4,B_not_promoted
W_7583,666,666,A
W_7257,187,187,A
W_6536,1,1,R
W_20257,1,1,R
W_39438,211,211,A
W_12159,3,3,B_not_promoted
W_12137,7,6,B_not_promoted
W_27894,29,2,B_not_promoted
W_1616,2,1,R
W_11534,68,68,A
W_76574,185,185,A
W_55861,5,14,B_demoted
W_42997,25,3,B_not_promoted
W_56239,115,115,A
W_4867,94,94,A
W_9671,10,1,R
W_9006,1,5,B_demoted
W_7202,60,60,A
W_119680,3,1,R
W_10902,2443,2443,A
W_1276,1,1,R
W_119680,67,67,A
W_119680,4,1,R
W_119680,24,13,B_not_promoted
W_119680,29,30,B_demoted
W_119695,24,6,B_not_promoted
W_119695,4,4,B_not_promoted
W_26542,256,256,A
W_115814,25,1,R
W_31360,70,70,A
W_14485,1,1,R
W_14485,1,1,R
W_14485,2,1,R
W_118713,1,16,B_demoted
W_2673,3,1,R
W_18507,46,46,A
W_43997,33,33,A
W_7816,357,357,A
W_106883,199,199,A
W_20110,12,2,B_not_promoted
W_6485,96,96,A
W_9560,1021,1021,A
W_7446,2,1,R
W_117791,24,6,B_not_promoted
W_119695,5,17,B_demoted
W_119695,9,1,R
W_8824,22,1,R
W_114947,25,11,B_not_promoted
W_117791,42,42,A
W_119695,45,45,A
W_119695,14,1,R
W_119695,9,4,B_not_promoted
W_26111,324,324,A
W_119695,6,4,B_not_promoted
W_91786,4,22,B_demoted
W_119996,880,880,A
W_119996,41,41,A
W_119996,176,176,A
W_119996,41,41,A
W_20049,210,210,A
W_10902,10,1,R
W_4916,5,1,R
W_119996,3,1,R
W_1616,3,2,B_not_promoted
W_10216,8,2,B_not_promoted
W_7116,12,5,B_not_promoted
W_17053,3,1,R
W_17053,1,1,R
W_6441,1440,1440,A
W_119996,336,336,A
W_119996,346,346,A
W_97632,846,846,A
W_119996,704,704,A
W_10472,4,1,R
W_4762,103,103,A
W_3245,22,3,B_not_promoted
W_119996,14,9,B_not_promoted
W_8673,1,1,R
W_119996,32,32,A
W_114490,89,89,A
W_10906,160,160,A
W_27894,6,11,B_demoted
W_1939,1418,1418,A
W_1792,936,936,A
W_6602,4,1,R
W_10216,90,90,A
W_209,19,2,B_not_promoted
W_68472,250,250,A
W_7284,15,16,B_demoted
W_4841,2,1,R
W_1812,21,25,B_demoted
W_31938,1,1,R
W_27320,118,118,A
W_111510,92,92,A
W_4685,11,2,B_not_promoted
W_17274,370,370,A
W_17274,5,1,R
W_5141,1,1,R
W_272,69,69,A
W_2768,2,1,R
W_22084,1,1,R
W_19903,5354,5354,A
W_10931,92,92,A
W_39520,19,2,B_not_promoted
W_5342,83,83,A
W_5549,37,37,A
W_7249,1,1,R
W_14019,166,166,A
W_10237,2280,2280,A
W_5388,6,1,R
W_9271,4,1,R
W_6093,424,424,A
W_4846,1032,1032,A
W_9508,686,686,A
W_6163,76,76,A
W_299,4,1,R
W_9508,101,101,A
W_6210,47,47,A
W_11051,19,2,B_not_promoted
W_4354,1,2,B_demoted
W_886,101,101,A
W_93655,295,295,A
W_2759,58,58,A
W_7762,424,424,A
W_19945,165,165,A
W_9131,18,1,R
W_3414,71,71,A
W_5724,1,1,R
W_284,46,46,A
W_20541,5,1,R
W_12968,22,1,R
W_175,10,1,R
W_1305,6,1,R
W_6417,10,1,R
W_5396,3,1,R
W_119996,133,133,A
W_28221,232,232,A
W_102577,264,264,A
W_564,159,159,A
W_114608,476,476,A
W_102577,332,332,A
W_25150,9,1,R
W_12795,110,110,A
W_83296,82,82,A
W_102577,4,2,B_not_promoted
W_29380,2,1,R
W_22926,41,41,A
W_10338,1,1,R
W_10338,114,114,A
W_39438,42,42,A
W_5549,4,1,R
W_14485,14,1,R
W_97632,228,228,A
W_20064,3,4,B_demoted
W_167,12,1,R
W_1443,2,1,R
W_10472,1,1,R
W_882,2,1,R
W_11054,5,7,B_demoted
W_91786,14,7,B_not_promoted
W_9665,8,1,R
W_17671,6305,6305,A
W_17671,285,285,A
W_3497,293,293,A
W_1650,6,1,R
W_23165,8,9,B_demoted
W_1769,209,209,A
W_14379,4,6,B_demoted
W_119680,2,1,R
W_10846,148,148,A
W_10237,120,120,A
W_10685,151,151,A
W_9560,83,83,A
W_39520,1,1,R
W_9103,1,1,R
W_226,1,1,R
W_656,763,763,A
W_25113,1,1,R
W_704,1,1,R
W_13222,2,1,R
W_9644,10,1,R
W_42054,2,1,R
W_13693,3,1,R
W_4244,2,1,R
W_4244,1,1,R
W_4244,123,123,A
W_4244,27,2,B_not_promoted
W_4244,179,179,A
W_4244,3,1,R
W_4244,2,1,R
W_367,2,1,R
W_662,1,1,R
W_64648,86,86,A
W_8213,3,1,R
W_5534,527,527,A
W_9358,2,11,B_demoted
W_53351,333,333,A
W_6417,17,8,B_not_promoted
W_1153,2,1,R
W_1153,1,1,R
W_26,1,1,R
W_7116,39,39,A
W_10745,247,247,A
W_3978,8,1,R
W_40251,22,19,B_not_promoted
W_17866,14,4,B_not_promoted
W_17866,22,9,B_not_promoted
W_51980,44,44,A
W_27894,77,77,A
W_367,1,1,R
W_32595,100,100,A
W_179,1,1,R
W_5233,56,56,A
W_1792,2,1,R
W_20084,2124,2124,A
W_10313,75,75,A
W_9704,20,14,B_not_promoted
W_118399,223,223,A
W_101220,43,43,A
W_1795,12,12,B_not_promoted
W_6464,1,1,R
W_30552,320,320,A
W_10846,122,122,A
W_28493,23,26,B_demoted
W_10846,21,14,B_not_promoted
W_92417,138,138,A
W_9574,332,332,A
W_10846,72,72,A
W_10846,40,40,A
W_179,2,1,R
W_4726,19,2,B_not_promoted
W_199,107,107,A
W_5368,3,1,R
W_62475,5910,5910,A
W_121182,1,1,R
W_121182,1,1,R
W_383,967,967,A
W_10846,6,1,R
W_64627,35,35,A
W_115814,2,1,R
W_26988,2,1,R
W_1812,1,1,R
W_22084,43,43,A
W_71702,16,26,B_demoted
W_102577,10,16,B_demoted
W_121296,106,106,A
W_121296,55,55,A
W_6939,10,27,B_demoted
W_69943,11,1,R
W_69943,25,20,B_not_promoted
W_4704,28,11,B_not_promoted
W_112910,173,173,A
W_39525,1,1,R
W_5616,2,1,R
W_5954,1,10,B_demoted
W_35206,289,289,A
W_886,8,3,B_not_promoted
W_34086,1,2,B_demoted
W_34086,1,1,R
W_111408,9,3,B_not_promoted
W_18505,9,1,R
W_121182,41,41,A
W_18505,7,1,R
W_10576,6,6,B_not_promoted
W_121360,5,1,R
W_10154,53,53,A
W_121360,6,1,R
W_121360,6,1,R
W_3353,3,1,R
W_9376,23,24,B_demoted
W_121360,2,23,B_demoted
W_121360,4,1,R
W_119473,17,4,B_not_promoted
W_1055,154,154,A
W_39785,97,97,A
W_1376,50,50,A
W_3061,1527,1527,A
W_1276,1,1,R
W_209,11,3,B_not_promoted
W_121401,199,199,A
W_121401,821,821,A
W_121401,33,33,A
W_1650,1,1,R
W_2976,32,32,A
W_4726,1,1,R
W_115054,5,1,R
W_3858,4,1,R
W_20622,2,1,R
W_7247,24,1,R
W_43195,1,1,R
W_9644,169,169,A
W_118543,1418,1418,A
W_43997,4,15,B_demoted
W_11798,1,1,R
W_121495,1,1,R
W_121504,2,1,R
W_121504,41,41,A
W_11516,1,1,R
W_119695,61,61,A
W_3145,3,6,B_demoted
W_53997,1,1,R
W_40876,88,88,A
W_40876,15,5,B_not_promoted
W_40876,754,754,A
W_40876,40,40,A
W_40876,15,3,B_not_promoted
W_115251,1,1,R
W_45948,4,5,B_demoted
W_56781,3,27,B_demoted
W_5368,4,1,R
W_3092,4,1,R
W_40924,176,176,A
W_10526,1760,1760,A
W_10685,34,34,A
W_3858,3,1,R
W_121296,79,79,A
W_121360,13,1,R
W_184,1,1,R
W_121548,44,44,A
W_121548,33,33,A
W_7961,30,3,B_not_promoted
W_5534,13,9,B_not_promoted
W_59150,2,1,R
W_121548,93,93,A
W_4852,1133,1133,A
W_3858,50,50,A
W_10847,8,1,R
W_9358,49,49,A
W_10577,172,172,A
W_114742,1,1,R
W_22154,123,123,A
W_18507,10,1,R
W_38171,63,63,A
W_10851,103,103,A
W_40702,15,9,B_not_promoted
W_10838,12,16,B_demoted
W_19912,31,31,A
W_21695,32,32,A
W_11794,97,97,A
W_23772,12,3,B_not_promoted
W_48320,29,9,B_not_promoted
W_3858,3,3,B_not_promoted
W_98770,18,1,R
W_20257,204,204,A
W_28784,307,307,A
W_6870,1,2,B_demoted
W_91786,37,37,A
W_9132,4,29,B_demoted
W_18507,571,571,A
W_3744,1,1,R
W_113615,1,1,R
W_117417,9,2,B_not_promoted
W_10129,1,1,R
W_59150,84,84,A
W_59150,394,394,A
W_59150,1,2,B_demoted
W_11485,1,1,R
W_6784,4,1,R
W_4698,102,102,A
W_98311,108,108,A
W_932,12,17,B_demoted
W_10129,123,123,A
W_20036,48,48,A
W_35206,8,3,B_not_promoted
W_4217,303,303,A
W_9671,9,7,B_not_promoted
W_226,2,1,R
W_54466,6,14,B_demoted
W_3092,9,16,B_demoted
W_117450,156,156,A
W_6870,8,2,B_not_promoted
W_10154,15,1,R
W_886,29,2,B_not_promoted
W_117417,133,133,A
W_10685,20,1,R
W_3092,1,1,R
W_246,5,1,R
W_299,1,1,R
W_19985,784,784,A
W_36064,54,54,A
W_3245,47,47,A
W_41771,3288,3288,A
W_56781,2,3,B_demoted
W_401,1,2,B_demoted
W_22286,1,1,R
W_73656,310,310,A
W_40971,51,51,A
W_25154,23,8,B_not_promoted
W_121360,640,640,A
W_10907,32,32,A
W_3170,72,72,A
W_2930,6,1,R
W_42054,1,1,R
W_5102,3,4,B_demoted
W_20610,1,1,R
W_10577,1,1,R
W_1108,3,1,R
W_121852,361,361,A
W_59952,287,287,A
W_1795,263,263,A
W_5396,309,309,A
W_121548,108,108,A
W_121852,372,372,A
W_12792,3630,3630,A
W_42488,183,183,A
W_121852,70,70,A
W_121852,102,102,A
W_12159,60,60,A
W_114947,16,8,B_not_promoted
W_121852,176,176,A
W_121852,418,418,A
W_1364,1,2,B_demoted
W_14662,13,8,B_not_promoted
W_1108,1,1,R
W_108692,1,20,B_demoted
W_61933,212,212,A
W_42054,18,1,R
W_24522,288,288,A
W_4012,64,64,A
W_3061,1,1,R
W_7584,128,128,A
W_10914,75,75,A
W_11667,103,103,A
W_12031,54,54,A
W_1130,928,928,A
W_7213,223,223,A
W_14229,138,138,A
W_114490,36,36,A
W_6807,33,33,A
W_59150,6,1,R
W_25154,241,241,A
W_100,227,227,A
W_22,124,124,A
W_13695,3,1,R
W_26941,1,1,R
W_10237,5,1,R
W_6464,1,1,R
W_121360,8,1,R
W_10338,2,1,R
W_33251,3,7,B_demoted
W_243,940,940,A
W_6097,9,8,B_not_promoted
W_15519,6,2,B_not_promoted
W_42934,212,212,A
W_42934,287,287,A
W_42934,122,122,A
W_42934,109,109,A
W_42934,105,105,A
W_42934,17,29,B_demoted
W_42934,18,2,B_not_promoted
W_42934,5,2,B_not_promoted
W_42934,9,13,B_demoted
W_43012,221,221,A
W_122183,17,6,B_not_promoted
W_122183,276,276,A
W_122183,25,2,B_not_promoted
W_122183,9,1,R
W_122183,11,19,B_demoted
W_122183,5778,5778,A
W_122183,202,202,A
W_122183,499,499,A
W_119473,276,276,A
W_12792,71,71,A
W_42311,3,4,B_demoted
W_56366,16,22,B_demoted
W_5440,129,129,A
W_5440,259,259,A
W_4655,16,3,B_not_promoted
W_115728,29,9,B_not_promoted
W_122254,98,98,A
W_122254,16,24,B_demoted
W_122254,307,307,A
W_20049,3,2,B_not_promoted
W_65609,32,32,A
W_122254,72,72,A
W_122254,88,88,A
W_53262,411,411,A
W_11823,103,103,A
W_9263,5,1,R
W_4843,46,46,A
W_83871,55,55,A
W_11006,248,248,A
W_27477,5,2,B_not_promoted
W_1443,3,1,R
W_27579,4,1,R
W_27579,723,723,A
W_184,3,3,B_not_promoted
W_2110,1,1,R
W_3061,2,1,R
W_8202,22,1,R
W_32531,26,2,B_not_promoted
W_3270,4,1,R
W_22926,54,54,A
W_38171,73,73,A
W_1924,1,1,R
W_32062,2,1,R
W_43088,1,1,R
W_39525,1,1,R
W_7249,123,123,A
W_32408,1,1,R
W_994,1,1,R
W_7580,40,40,A
W_5316,87,87,A
W_5316,114,114,A
W_5316,11,1,R
W_5316,35,35,A
W_10913,227,227,A
W_18507,6,13,B_demoted
W_209,23,1,R
W_6549,5,2,B_not_promoted
W_1924,4,1,R
W_1924,4,1,R
W_1924,1,1,R
W_21817,2,6,B_demoted
W_6403,4,3,B_not_promoted
W_32202,3,1,R
W_34699,1,4,B_demoted
W_9266,7,1,R
W_3245,594,594,A
W_11641,150,150,A
W_9665,18,9,B_not_promoted
W_111408,62,62,A
W_11014,2,1,R
W_1812,1,2,B_demoted
W_13208,21,1,R
W_1939,294,294,A
W_122499,20,24,B_demoted
W_122499,117,117,A
W_122499,41,41,A
W_2427,2,1,R
W_122499,16,8,B_not_promoted
W_122499,27,24,B_not_promoted
W_122499,41,41,A
W_1055,1,1,R
W_75372,262,262,A
W_10914,11,9,B_not_promoted
W_10852,16,7,B_not_promoted
W_53687,113,113,A
W_53687,62,62,A
W_53687,4,9,B_demoted
W_12031,636,636,A
W_11779,376,376,A
W_19508,41,41,A
W_19508,393,393,A
W_19508,61,61,A
W_20088,1494,1494,A
W_424,4598,4598,A
W_2673,26,3,B_not_promoted
W_52851,1369,1369,A
W_2901,8,5,B_not_promoted
W_20257,127,127,A
W_20049,10,1,R
W_98770,15,10,B_not_promoted
W_19558,2,1,R
W_122602,45,45,A
W_22556,11,1,R
W_112910,44,44,A
W_14229,10,13,B_demoted
W_113724,172,172,A
W_1924,1,1,R
W_122602,866,866,A
W_122602,176,176,A
W_1924,1,1,R
W_119473,20,17,B_not_promoted
W_122602,31,31,A
W_4835,6,1,R
W_1924,1,1,R
W_8850,10,1,R
W_122602,263,263,A
W_122602,54,54,A
W_7816,7,3,B_not_promoted
W_29380,15,8,B_not_promoted
W_45783,170,170,A
W_122709,1,1,R
W_35188,55,55,A
W_10472,4,1,R
W_2158,4,3,B_not_promoted
W_4681,16,2,B_not_promoted
W_7578,86,86,A
W_7577,6,1,R
W_10745,163,163,A
W_46851,767,767,A
W_71702,100,100,A
W_55861,2,1,R
W_56072,1,1,R
W_21828,1,1,R
W_21721,29,12,B_not_promoted
W_7257,367,367,A
W_6441,292,292,A
W_7818,14,2,B_not_promoted
W_121182,15,2,B_not_promoted
W_19748,518,518,A
W_4694,989,989,A
W_9092,9,1,R
W_9006,1,1,R
W_7762,589,589,A
W_92417,499,499,A
W_39785,4,1,R
W_69943,110,110,A
W_19353,98,98,A
W_80336,1,1,R
W_21013,5,1,R
W_9262,17,8,B_not_promoted
W_29045,60,60,A
W_119473,286,286,A
W_122815,46,46,A
W_122815,1,1,R
W_19789,18,1,R
W_122815,29,29,B_not_promoted
W_19789,7,1,R
W_2901,206,206,A
W_2901,1042,1042,A
W_111854,98,98,A
W_11516,18,1,R
W_10851,7,7,B_not_promoted
W_10851,60,60,A
W_10851,126,126,A
W_69914,1,1,R
W_10851,102,102,A
W_10851,104,104,A
W_10851,72,72,A
W_102577,304,304,A
W_122815,1,1,R
W_122729,4,2,B_not_promoted
W_122815,266,266,A
W_122815,45,45,A
W_50939,3,1,R
W_7584,5,1,R
W_10576,41,41,A
W_9131,1,1,R
W_122815,404,404,A
W_20539,71,71,A
W_69970,17,1,R
W_121296,452,452,A
W_1983,3988,3988,A
W_11471,47,47,A
W_34699,16,17,B_demoted
W_932,4,1,R
W_122815,1,25,B_demoted
W_856,26,3,B_not_promoted
W_4833,3,1,R
W_23767,5,1,R
W_199,3,1,R
W_19903,1,1,R
W_19903,1,1,R
W_19912,52,52,A
W_2158,499,499,A
W_5552,698,698,A
W_1353,1026,1026,A
W_69943,89,89,A
W_97460,160,160,A
W_20084,574,574,A
W_114608,1,1,R
W_3964,1,1,R
W_19955,1,1,R
W_10428,34,34,A
W_1353,124,124,A
W_9571,18,14,B_not_promoted
W_22961,138,138,A
W_7084,1,1,R
W_2759,49,49,A
W_52227,450,450,A
W_7762,388,388,A
W_12168,1,1,R
W_13204,1,1,R
W_23770,600,600,A
W_7489,1,1,R
W_4767,1,1,R
W_4841,914,914,A
W_43997,36,36,A
W_731,1,1,R
W_20005,5,1,R
W_9006,32,32,A
W_34728,2,4,B_demoted
W_31725,137,137,A
W_5915,138,138,A
W_4158,11,1,R
W_20005,1,1,R
W_13222,2,1,R
W_10216,5,1,R
W_1983,555,555,A
W_5500,255,255,A
W_20036,579,579,A
W_7245,42,42,A
W_74362,5,1,R
W_20049,11,24,B_demoted
W_575,13,3,B_not_promoted
W_20064,1,1,R
W_2393,6330,6330,A
W_28547,1,1,R
W_20069,142,142,A
W_9704,92,92,A
W_20097,1,1,R
W_59952,78,78,A
W_59952,70,70,A
W_59952,6,10,B_demoted
W_59952,5,4,B_not_promoted
W_59952,12,28,B_demoted
W_20120,3,1,R
W_7116,12,19,B_demoted
W_6210,50,50,A
W_10852,13,6,B_not_promoted
W_10528,13,3,B_not_promoted
W_2696,171,171,A
W_10781,20,1,R
W_10781,5,15,B_demoted
W_40675,101,101,A
W_14620,37,37,A
W_20162,36,36,A
W_117417,1,1,R
W_53687,171,171,A
W_1983,351,351,A
W_3839,26,1,R
W_20185,18,10,B_not_promoted
W_5294,45,45,A
W_18505,4,1,R
W_4775,157,157,A
W_9290,41,41,A
W_6676,5,1,R
W_6602,4,1,R
W_10745,7,2,B_not_promoted
W_9092,473,473,A
W_70887,1119,1119,A
W_1983,21,14,B_not_promoted
W_7247,43,43,A
W_20254,193,193,A
W_20257,34,34,A
W_39785,24,5,B_not_promoted
W_4843,526,526,A
W_6859,4,1,R
W_8203,25,2,B_not_promoted
W_20769,53,53,A
W_5440,283,283,A
W_5438,111,111,A
W_10576,79,79,A
W_11850,188,188,A
W_1983,21,15,B_not_promoted
W_11054,2,3,B_demoted
W_85332,6,3,B_not_promoted
W_1983,43,43,A
W_20036,66,66,A
W_1353,166,166,A
W_74245,153,153,A
W_121182,35,35,A
W_10902,55,55,A
W_85332,20,1,R
W_19558,2,2,B_not_promoted
W_85332,38,38,A
W_69073,407,407,A
W_69073,487,487,A
W_233,2,1,R
W_5363,90,90,A
W_47901,267,267,A
W_3270,18,10,B_not_promoted
W_22,4,1,R
W_7116,118,118,A
W_2759,335,335,A
W_20414,2,1,R
W_20414,2823,2823,A
W_2158,97,97,A
W_21817,389,389,A
W_5461,41,41,A
W_117849,1,1,R
W_3995,1,1,R
W_62086,7,10,B_demoted
W_62086,51,51,A
W_62086,17,1,R
W_9006,29,26,B_not_promoted
W_77841,185,185,A
W_4775,13,1,R
W_11649,36,36,A
W_20539,1826,1826,A
W_20541,40,40,A
W_20541,4,1,R
W_10216,50,50,A
W_20541,68,68,A
W_9350,122,122,A
W_40675,161,161,A
W_32711,50,50,A
W_27790,7,1,R
W_4683,3,20,B_demoted
W_11667,235,235,A
W_123591,8,2,B_not_promoted
W_123591,346,346,A
W_123591,1,1,R
W_123591,11,8,B_not_promoted
W_46408,7,1,R
W_12992,35,35,A
W_817,2,1,R
W_7495,1,1,R
W_113981,155,155,A
W_111408,200,200,A
W_114394,132,132,A
W_4867,100,100,A
W_123591,643,643,A
W_20610,2,1,R
W_7495,2611,2611,A
W_6102,74,74,A
W_20622,4,1,R
W_59150,8,3,B_not_promoted
W_7495,1,26,B_demoted
W_20639,2,1,R
W_3260,460,460,A
W_123591,5,1,R
W_7552,22,1,R
W_8213,11,1,R
W_32531,2774,2774,A
W_11798,151,151,A
W_4642,1,1,R
W_4267,401,401,A
W_123591,246,246,A
W_20710,140,140,A
W_30678,51,51,A
W_5102,23,2,B_not_promoted
W_961,30,1,R
W_27913,696,696,A
W_3221,132,132,A
W_123840,353,353,A
W_13698,1,9,B_demoted
W_9286,32,32,A
W_101001,31,31,A
W_97460,6,16,B_demoted
W_11352,59,59,A
W_20769,25,4,B_not_promoted
W_12792,4,2,B_not_promoted
W_7257,169,169,A
W_3552,18,11,B_not_promoted
W_2928,239,239,A
W_8213,3,1,R
W_103,7,1,R
W_32595,1,2,B_demoted
W_8543,589,589,A
W_6602,131,131,A
W_6676,2,1,R
W_4683,111,111,A
W_11779,67,67,A
W_114394,13,8,B_not_promoted
W_13693,68,68,A
W_36064,6,11,B_demoted
W_13691,2,1,R
W_98311,16,24,B_demoted
W_7202,18,1,R
W_30678,1,1,R
W_31360,61,61,A
W_4696,63,63,A
W_11006,39,39,A
W_11473,1005,1005,A
W_30678,9,9,B_not_promoted
W_2081,52,52,A
W_10850,46,46,A
W_4158,28,1,R
W_117417,1,1,R
W_627,1182,1182,A
W_627,8,25,B_demoted
W_29078,1,1,R
W_2085,422,422,A
W_1769,256,256,A
W_53997,4,1,R
W_6093,19,1,R
W_677,1,1,R
W_87469,13,1,R
W_2673,89,89,A
W_28547,1,1,R
W_3447,923,923,A
W_731,42,42,A
W_30209,140,140,A
W_20960,1,1,R
W_20960,156,156,A
W_3599,1,2,B_demoted
W_12542,46,46,A
W_677,1,1,R
W_46408,3,1,R
W_10141,21,29,B_demoted
W_10141,3,10,B_demoted
W_4681,16,27,B_demoted
W_4702,1,1,R
W_35395,37,37,A
W_21025,3,1,R
W_6102,7,6,B_not_promoted
W_1443,12,1,R
W_1478,2,1,R
W_1894,1,1,R
W_124199,416,416,A
W_124199,42,42,A
W_124199,178,178,A
W_799,1,1,R
W_124199,9,26,B_demoted
W_7213,500,500,A
W_677,5,4,B_not_promoted
W_3414,2,1,R
W_14485,1,1,R
W_4779,1,1,R
W_8213,3,6,B_demoted
W_6437,3656,3656,A
W_2110,1,1,R
W_623,167,167,A
W_100,1437,1437,A
W_22451,35,35,A
W_677,3,1,R
W_19789,1542,1542,A
W_623,14,1,R
W_3414,1534,1534,A
W_2271,5016,5016,A
W_367,71,71,A
W_20639,4434,4434,A
W_34086,1,1,R
W_15519,2,1,R
W_87469,47,47,A
W_42054,121,121,A
W_9158,56,56,A
W_102577,45,45,A
W_6394,389,389,A
W_76574,2,1,R
W_19508,14,28,B_demoted
W_9297,17,6,B_not_promoted
W_5342,13,7,B_not_promoted
W_31938,3,1,R
W_12460,1,1,R
W_42521,138,138,A
W_47639,56,56,A
W_74362,14,1,R
W_121360,1,17,B_demoted
W_88508,45,45,A
W_2081,1,2,B_demoted
W_1364,12,12,B_not_promoted
W_1364,351,351,A
W_7249,66,66,A
W_15300,2,1,R
W_11249,1,1,R
W_11249,57,57,A
W_11249,4,1,R
W_7261,1,1,R
W_114394,17,17,B_not_promoted
W_11249,1,1,R
W_11249,2,1,R
W_31003,2714,2714,A
W_3063,34,34,A
W_20064,3,2,B_not_promoted
W_5396,2607,2607,A
W_10428,6,25,B_demoted
W_10846,214,214,A
W_6870,21,4,B_not_promoted
W_6870,239,239,A
W_5319,628,628,A
W_2696,1402,1402,A
W_10717,138,138,A
W_114712,3,1,R
W_114712,25,4,B_not_promoted
W_103,25,1,R
W_1130,6,1,R
W_21352,2,1,R
W_1378,1,1,R
W_8543,2055,2055,A
W_7816,416,416,A
W_5697,1,1,R
W_2454,15,1,R
W_184,110,110,A
W_2454,6,1,R
W_184,89,89,A
W_6870,28,9,B_not_promoted
W_998,47,47,A
W_124571,35,35,A
W_124571,658,658,A
W_124571,1538,1538,A
W_124571,25,17,B_not_promoted
W_124571,545,545,A
W_124571,52,52,A
W_124571,79,79,A
W_124571,47,47,A
W_63854,2,2,B_not_promoted
W_86939,234,234,A
W_83873,26,15,B_not_promoted
W_48320,2,1,R
W_5368,1,1,R
W_8521,1,1,R
W_15521,11,1,R
W_7247,14,1,R
W_61933,65,65,A
W_117450,31,31,A
W_11534,46,46,A
W_23239,414,414,A
W_9724,52,52,A
W_21528,35,35,A
W_10845,3,3,B_not_promoted
W_5162,38,38,A
W_10838,45,45,A
W_2158,383,383,A
W_19508,42,42,A
W_43195,1,1,R
W_124745,5,1,R
W_124745,71,71,A
W_42054,56,56,A
W_10838,846,846,A
W_4810,416,416,A
W_68472,627,627,A
W_11817,47,47,A
W_4277,2,6,B_demoted
W_2110,1,1,R
W_12968,68,68,A
W_731,2085,2085,A
W_21828,1,1,R
W_30552,39,39,A
W_21695,5,18,B_demoted
W_125147,45,45,A
W_2158,203,203,A
W_51980,168,168,A
W_21721,29,19,B_not_promoted
W_373,2,1,R
W_10788,273,273,A
W_77841,158,158,A
W_125147,160,160,A
W_12168,14,1,R
W_4354,1,1,R
W_5216,1,1,R
W_20541,3,1,R
W_5912,155,155,A
W_14501,4,7,B_demoted
W_6485,130,130,A
W_3074,3,1,R
W_19748,13,5,B_not_promoted
W_662,37,37,A
W_21817,2,2,B_not_promoted
W_125147,128,128,A
W_125147,19,1,R
W_4887,305,305,A
W_125147,35,35,A
W_61921,703,703,A
W_50523,1,1,R
W_21828,1,1,R
W_7264,2,1,R
W_11249,132,132,A
W_13875,164,164,A
W_9128,1,1,R
W_11817,220,220,A
W_25511,58,58,A
W_7257,179,179,A
W_1894,1,1,R
W_167,405,405,A
W_1983,2,1,R
W_23165,3,1,R
W_9703,1740,1740,A
W_3177,4,1,R
W_10472,1,2,B_demoted
W_9643,3,1,R
W_20610,2,2,B_not_promoted
W_3061,1,1,R
W_7584,257,257,A
W_64766,1,1,R
W_64766,384,384,A
W_40876,119,119,A
W_121360,21,15,B_not_promoted
W_32534,169,169,A
W_32711,157,157,A
W_87425,35,35,A
W_4852,16,1,R
W_109642,35,35,A
W_4835,14,22,B_demoted
W_22,2,1,R
W_22053,1,1,R
W_22053,193,193,A
W_8673,1,1,R
W_3203,13,1,R
W_13440,1,1,R
W_22084,6,2,B_not_promoted
W_22084,1,1,R
W_22084,2054,2054,A
W_383,235,235,A
W_13523,2,2,B_not_promoted
W_4012,5,1,R
W_22053,57,57,A
W_12542,1,1,R
W_5368,2,1,R
W_10428,468,468,A
W_22148,4,4,B_not_promoted
W_22148,83,83,A
W_125863,23,1,R
W_7116,57,57,A
W_12968,116,116,A
W_26687,10,1,R
W_26687,2,1,R
W_10902,1618,1618,A
W_114810,73,73,A
W_112910,134,134,A
W_2968,50,50,A
W_123591,77,77,A
W_27641,4,1,R
W_113981,62,62,A
W_42488,13,15,B_demoted
W_4267,2,1,R
W_64395,58,58,A
W_32062,1,1,R
W_5552,185,185,A
W_94,27,3,B_not_promoted
W_94,9,1,R
W_7776,426,426,A
W_3997,1,1,R
W_14229,3,1,R
W_76574,146,146,A
W_21817,407,407,A
W_11387,17,29,B_demoted
W_126096,64,64,A
W_10913,64,64,A
W_13540,54,54,A
W_126096,230,230,A
W_22286,9,8,B_not_promoted
W_11535,2,25,B_demoted
W_1409,749,749,A
W_11535,55,55,A
W_2393,33,33,A
W_21695,7,8,B_demoted
W_126096,933,933,A
W_64650,25,15,B_not_promoted
W_126096,691,691,A
W_625,490,490,A
W_126096,27,22,B_not_promoted
W_126096,183,183,A
W_126096,10,4,B_not_promoted
W_126096,46,46,A
W_126096,121,121,A
W_103771,13,1,R
W_5655,1,4,B_demoted
W_126096,787,787,A
W_39785,21,1,R
W_126096,240,240,A
W_9665,15,4,B_not_promoted
W_1282,2,1,R
W_25489,101,101,A
W_53997,1,2,B_demoted
W_20162,47,47,A
W_11474,1373,1373,A
W_575,1,1,R
W_97414,6,1,R
W_7961,3,1,R
W_54461,1,1,R
W_22451,7,1,R
W_375,3,1,R
W_75372,45,45,A
W_5616,6,2,B_not_promoted
W_5954,3,1,R
W_7264,53,53,A
W_775,4,1,R
W_126478,88,88,A
W_9128,55,55,A
W_126478,107,107,A
W_4767,175,175,A
W_4767,3,1,R
W_1143,1,1,R
W_55861,17,15,B_not_promoted
W_4812,74,74,A
W_22556,39,39,A
W_39520,4,1,R
W_22556,75,75,A
W_12968,2,8,B_demoted
W_22581,1,1,R
W_22581,16,11,B_not_promoted
W_7762,14,1,R
W_39785,19,2,B_not_promoted
W_4696,43,43,A
W_12137,14,15,B_demoted
W_92616,137,137,A
W_18505,14,1,R
W_5438,148,148,A
W_226,1,1,R
W_28493,14,30,B_demoted
W_13687,32,32,A
W_5233,547,547,A
W_65381,147,147,A
W_10850,1,1,R
W_1939,63,63,A
W_22154,90,90,A
W_101001,120,120,A
W_7580,129,129,A
W_68897,2,5,B_demoted
W_113615,1,1,R
W_118849,10,1,R
W_10313,60,60,A
W_11006,179,179,A
W_62475,1,2,B_demoted
W_9576,114,114,A
W_122709,1,1,R
W_74245,155,155,A
W_20036,478,478,A
W_25150,46,46,A
W_11552,90,90,A
W_5440,522,522,A
W_114947,19,28,B_demoted
W_2271,2,1,R
W_52660,3776,3776,A
W_2271,5,1,R
W_32058,22,1,R
W_32062,1,1,R
W_22451,35,35,A
W_45675,4537,4537,A
W_29487,25,14,B_not_promoted
W_3170,1960,1960,A
W_3057,1,1,R
W_3997,1,1,R
W_2271,6,1,R
W_3061,1,1,R
W_6485,107,107,A
W_87758,284,284,A
W_52177,2,1,R
W_4826,13,26,B_demoted
W_114742,1,1,R
W_4700,297,297,A
W_42488,1135,1135,A
W_14379,1,2,B_demoted
W_11898,2,1,R
W_9271,37,37,A
W_1362,9,4,B_not_promoted
W_13540,20,1,R
W_22926,22,3,B_not_promoted
W_22936,27,1,R
W_19417,115,115,A
W_4779,1,1,R
W_22945,5,1,R
W_4814,20,2,B_not_promoted
W_4829,53,53,A
W_4806,1,1,R
W_3099,53,53,A
W_99751,2,1,R
W_22961,12,11,B_not_promoted
W_5915,7,1,R
W_68897,152,152,A
W_10577,86,86,A
W_12137,244,244,A
W_32062,1,1,R
W_22,7,1,R
W_28094,1,1,R
W_14861,25,3,B_not_promoted
W_59319,73,73,A
W_22926,44,44,A
W_3997,2,1,R
W_2301,3,1,R
W_3077,19,16,B_not_promoted
W_175,55,55,A
W_40251,16,2,B_not_promoted
W_10902,21,9,B_not_promoted
W_116565,84,84,A
W_11474,66,66,A
W_4820,31,31,A
W_5655,190,190,A
W_117403,27,21,B_not_promoted
W_22286,2,1,R
W_10745,8,2,B_not_promoted
W_9286,35,35,A
W_23116,2,1,R
W_14501,143,143,A
W_161,79,79,A
W_52963,79,79,A
W_23142,4,1,R
W_94,2,1,R
W_1894,2,1,R
W_2658,40,40,A
W_117791,43,43,A
W_19748,31,31,A
W_23165,2,1,R
W_2301,59,59,A
W_23142,33,33,A
W_22945,1305,1305,A
W_55442,8,7,B_not_promoted
W_30552,3,1,R
W_10849,1,1,R
W_121182,42,42,A
W_10576,196,196,A
W_9263,1,1,R
W_70931,1,1,R
W_23239,9,1,R
W_42117,31,31,A
W_25511,20,20,B_not_promoted
W_17053,1,1,R
W_3174,12,12,B_not_promoted
W_3964,174,174,A
W_5233,4,1,R
W_1939,282,282,A
W_26542,430,430,A
W_7580,1413,1413,A
W_233,4,1,R
W_114712,207,207,A
W_7580,8,28,B_demoted
W_19985,6,10,B_demoted
W_127392,301,301,A
W_127392,8,1,R
W_2145,41,41,A
W_32202,1,1,R
W_4810,11,21,B_demoted
W_5294,25,6,B_not_promoted
W_116565,1,1,R
W_24522,43,43,A
W_10914,117,117,A
W_10838,20,22,B_demoted
W_233,9,1,R
W_704,26,1,R
W_12255,142,142,A
W_4837,1,1,R
W_21013,156,156,A
W_3497,14,1,R
W_3497,187,187,A
W_76174,191,191,A
W_8850,17,26,B_demoted
W_5118,12,3,B_not_promoted
W_9290,78,78,A
W_9290,3,26,B_demoted
W_10603,36,36,A
W_10603,46,46,A
W_13693,337,337,A
W_10603,6,1,R
W_7578,1363,1363,A
W_11833,5,27,B_demoted
W_19945,79,79,A
W_127547,146,146,A
W_127547,9,5,B_not_promoted
W_127547,372,372,A
W_127547,155,155,A
W_127547,76,76,A
W_127547,140,140,A
W_97460,310,310,A
W_6549,1,1,R
W_6102,6,4,B_not_promoted
W_119158,7,1,R
W_1456,1,1,R
W_23525,2,1,R
W_2301,1,2,B_demoted
W_23544,1,1,R
W_64652,119,119,A
W_4696,25,1,R
W_5655,567,567,A
W_642,1,1,R
W_20084,93,93,A
W_546,1,1,R
W_299,4,1,R
W_1033,20,1,R
W_4887,29,15,B_not_promoted
W_23116,3,1,R
W_4812,9,5,B_not_promoted
W_9263,17,1,R
W_20414,7,10,B_demoted
W_64395,40,40,A
W_7261,167,167,A
W_23627,3,12,B_demoted
W_23627,598,598,A
W_42311,458,458,A
W_9131,87,87,A
W_111656,300,300,A
W_11358,6,1,R
W_4867,337,337,A
W_4826,4,19,B_demoted
W_27919,263,263,A
W_21828,110,110,A
W_1055,1,1,R
W_1308,25,1,R
W_5102,26,6,B_not_promoted
W_20769,268,268,A
W_7578,340,340,A
W_20710,82,82,A
W_23767,45,45,A
W_23772,73,73,A
W_9266,17,7,B_not_promoted
W_7550,636,636,A
W_51980,22,1,R
W_4806,76,76,A
W_7577,32,32,A
W_31383,5,1,R
W_2393,1,1,R
W_299,1,1,R
W_19945,593,593,A
W_27911,4097,4097,A
W_5231,28,11,B_not_promoted
W_4806,938,938,A
W_87469,4,2,B_not_promoted
W_11484,13,19,B_demoted
W_13208,1,1,R
W_8203,356,356,A
W_119680,11,1,R
W_27913,246,246,A
W_841,1,1,R
W_21528,81,81,A
W_3092,1,1,R
W_10581,14,1,R
W_9128,1,1,R
W_1812,15,26,B_demoted
W_6715,3,1,R
W_2393,1,1,R
W_9719,1,1,R
W_34604,34,34,A
W_1443,1,1,R
W_9507,24,5,B_not_promoted
W_1443,5,1,R
W_1443,1,1,R
W_76574,104,104,A
W_40419,70,70,A
W_3266,28,10,B_not_promoted
W_17274,120,120,A
W_64648,27,2,B_not_promoted
W_3266,6,15,B_demoted
W_3266,22,26,B_demoted
W_4541,29,5,B_not_promoted
W_92417,1,4,B_demoted
W_10906,681,681,A
W_116565,31,31,A
W_52227,14,1,R
W_27328,777,777,A
W_3266,560,560,A
W_31091,163,163,A
W_121504,7,1,R
W_373,2,2,B_not_promoted
W_867,1,1,R
W_11485,1,1,R
W_7552,1,1,R
W_114947,1,17,B_demoted
W_13691,108,108,A
W_15300,2148,2148,A
W_546,29,1,R
W_6437,2,12,B_demoted
W_27919,21,21,B_not_promoted
W_114810,394,394,A
W_16560,1,1,R
W_4541,5,1,R
W_5440,112,112,A
W_3744,1,1,R
W_2970,2,1,R
W_128680,3,4,B_demoted
W_10216,17,25,B_demoted
W_128680,3,11,B_demoted
W_128680,9,2,B_not_promoted
W_116516,32,32,A
W_24222,1,1,R
W_24222,1,1,R
W_4751,4751,4751,A
W_7776,1,1,R
W_6485,102,102,A
W_89492,19,23,B_demoted
W_115728,2346,2346,A
W_20122,109,109,A
W_23772,25,4,B_not_promoted
W_4814,953,953,A
W_2427,1,1,R
W_5534,21,1,R
W_5534,20,5,B_not_promoted
W_125863,24,2,B_not_promoted
W_51795,87,87,A
W_8535,3,28,B_demoted
W_52963,32,32,A
W_8535,326,326,A
W_5534,9,2,B_not_promoted
W_5534,3,1,R
W_8535,193,193,A
W_43088,1,1,R
W_10528,1,1,R
W_19903,1,1,R
W_10253,7,10,B_demoted
W_706,2,1,R
W_128680,148,148,A
W_128680,34,34,A
W_128680,3,1,R
W_128680,55,55,A
W_128680,10,17,B_demoted
W_32058,1,1,R
W_2407,101,101,A
W_16560,104,104,A
W_3170,10,1,R
W_9576,160,160,A
W_13875,231,231,A
W_61921,393,393,A
W_31360,38,38,A
W_74245,155,155,A
W_39783,304,304,A
W_16560,1,1,R
W_15223,113,113,A
W_13687,135,135,A
W_40671,668,668,A
W_56239,43,43,A
W_4696,160,160,A
W_10577,283,283,A
W_65609,5,1,R
W_18505,4,1,R
W_41946,227,227,A
W_13687,245,245,A
W_123591,82,82,A
W_2968,323,323,A
W_40702,6,4,B_not_promoted
W_20162,53,53,A
W_115707,25,7,B_not_promoted
W_114810,35,35,A
W_8213,9,1,R
W_10603,2,1,R
W_29060,286,286,A
W_5071,1,1,R
W_4354,383,383,A
W_10253,3,1,R
W_3744,1,1,R
W_2393,11,1,R
W_383,1,1,R
W_4158,101,101,A
W_101001,131,131,A
W_24473,1,1,R
W_24473,1,2,B_demoted
W_24473,1,1,R
W_24473,14,1,R
W_24473,5,4,B_not_promoted
W_3964,15,15,B_not_promoted
W_24473,5,1,R
W_24473,24,21,B_not_promoted
W_10528,11,1,R
W_24522,681,681,A
W_24473,1,1,R
W_841,4,1,R
W_2454,4,2,B_not_promoted
W_2454,1,1,R
W_25000,1,1,R
W_129296,25,19,B_not_promoted
W_129296,1281,1281,A
W_129296,98,98,A
W_129296,379,379,A
W_9508,25,3,B_not_promoted
W_101001,375,375,A
W_10790,2,1,R
W_3074,1192,1192,A
W_129296,201,201,A
W_13873,3,1,R
W_124745,7,1,R
W_129296,67,67,A
W_129296,156,156,A
W_129296,349,349,A
W_129296,29,8,B_not_promoted
W_246,1,1,R
W_4694,5,6,B_demoted
W_1305,141,141,A
W_17671,87,87,A
W_16560,1,1,R
W_34568,48,48,A
W_43997,293,293,A
W_123334,100,100,A
W_10129,1,1,R
W_129436,463,463,A
W_117791,6,8,B_demoted
W_1153,3,1,R
W_3063,83,83,A
W_64513,1,1,R
W_64648,12,1,R
W_86795,2,1,R
W_5363,12,1,R
W_4751,10,1,R
W_14662,74,74,A
W_2474,158,158,A
W_2427,11,1,R
W_12460,4,2,B_not_promoted
W_26,2,1,R
W_12460,18,1,R
W_12460,5,4,B_not_promoted
W_3145,1,1,R
W_12460,8,2,B_not_promoted
W_2970,59,59,A
W_3447,9,14,B_demoted
W_9103,2,1,R
W_10685,58,58,A
W_6715,48,48,A
W_6437,13,14,B_demoted
W_9133,1,1,R
W_9508,1,13,B_demoted
W_23770,66,66,A
W_9271,9,2,B_not_promoted
W_22556,1,1,R
W_856,1,1,R
W_111906,137,137,A
W_4916,114,114,A
W_13691,103,103,A
W_13691,18,27,B_demoted
W_29060,45,45,A
W_39520,3,1,R
W_3414,33,33,A
W_1454,1,1,R
W_10781,64,64,A
W_48,1,1,R
W_10788,103,103,A
W_55861,1,1,R
W_5954,1,1,R
W_22936,31,31,A
W_22936,173,173,A
W_97414,2,1,R
W_115054,1,1,R
W_4646,29,27,B_not_promoted
W_57375,549,549,A
W_40924,15,3,B_not_promoted
W_2085,1,1,R
W_3077,144,144,A
W_65049,127,127,A
W_15223,25,1,R
W_5655,42,42,A
W_35395,3539,3539,A
W_27641,14,23,B_demoted
W_42453,76,76,A
W_36064,796,796,A
W_3245,1,3,B_demoted
W_677,210,210,A
W_2081,55,55,A
W_1002,46,46,A
W_1409,1,1,R
W_20162,9,8,B_not_promoted
W_4694,9,22,B_demoted
W_10154,70,70,A
W_40419,125,125,A
W_25000,1,1,R
W_25000,1,1,R
W_25000,1,12,B_demoted
W_7550,1,1,R
W_25000,1,1,R
W_25030,1,1,R
W_25030,2,1,R
W_2930,1,1,R
W_4775,7,1,R
W_114408,164,164,A
W_961,62,62,A
W_3995,2,1,R
W_679,2,1,R
W_17671,2078,2078,A
W_4702,26,1,R
W_70931,2715,2715,A
W_42453,30,21,B_not_promoted
W_25030,24,15,B_not_promoted
W_546,29,2,B_not_promoted
W_14969,4,7,B_demoted
W_20036,218,218,A
W_5930,27,1,R
W_20097,1,1,R
W_76574,164,164,A
W_11473,212,212,A
W_40971,120,120,A
W_3099,43,43,A
W_115707,457,457,A
W_9133,1,1,R
W_25030,3,1,R
W_13440,2,1,R
W_12968,3,1,R
W_3174,302,302,A
W_4801,150,150,A
W_5233,921,921,A
W_25113,21,1,R
W_3057,1,1,R
W_7084,1,1,R
W_25113,227,227,A
W_7229,16,1,R
W_37947,1208,1208,A
W_25150,77,77,A
W_25150,123,123,A
W_25154,37,37,A
W_32202,2,1,R
W_25154,538,538,A
W_19945,1,14,B_demoted
W_4829,201,201,A
W_12792,16,7,B_not_promoted
W_4810,29,7,B_not_promoted
W_19943,311,311,A
W_4865,61,61,A
W_22965,292,292,A
W_4814,14,4,B_not_promoted
W_40675,275,275,A
W_4820,71,71,A
W_11859,121,121,A
W_99751,1,1,R
W_5697,39,39,A
W_5687,4,1,R
W_7257,1649,1649,A
W_31360,44,44,A
W_53687,67,67,A
W_3203,9,2,B_not_promoted
W_3074,1,1,R
W_9626,1,1,R
W_8202,203,203,A
W_4642,2,1,R
W_6216,81,81,A
W_126478,566,566,A
W_10790,21,3,B_not_promoted
W_4694,163,163,A
W_4887,209,209,A
W_4762,1547,1547,A
W_2407,13,12,B_not_promoted
W_1362,24,7,B_not_promoted
W_2271,7,1,R
W_21817,3,2,B_not_promoted
W_122254,12,12,B_not_promoted
W_125147,398,398,A
W_9286,92,92,A
W_3237,7,1,R
W_5954,254,254,A
W_40924,346,346,A
W_2930,10,1,R
W_2768,4,1,R
W_3162,2,1,R
W_5118,34,34,A
W_23767,22,15,B_not_promoted
W_8937,1,1,R
W_9508,60,60,A
W_2928,4,2,B_not_promoted
W_42117,21,9,B_not_promoted
W_21013,2,1,R
W_6676,1,1,R
W_383,5,1,R
W_7584,169,169,A
W_23772,115,115,A
W_2966,1,1,R
W_111510,13,28,B_demoted
W_29078,24,27,B_demoted
W_642,1,1,R
W_59952,9,16,B_demoted
W_25511,7,21,B_demoted
W_3203,120,120,A
W_5342,53,53,A
W_6464,1,1,R
W_57375,279,279,A
W_14861,159,159,A
W_115707,129,129,A
W_2558,1,4,B_demoted
W_1409,1,1,R
W_25621,3,1,R
W_5555,5,1,R
W_179,1,1,R
W_4698,585,585,A
W_4939,1,12,B_demoted
W_1305,1,1,R
W_122709,14,1,R
W_7027,18,1,R
W_68472,93,93,A
W_8213,53,53,A
W_23544,17,1,R
W_1650,1,1,R
W_7489,16,1,R
W_28094,2,1,R
W_106883,42,42,A
W_23767,122,122,A
W_7249,2,1,R
W_5461,173,173,A
W_1454,1,1,R
W_62086,88,88,A
W_1055,1,1,R
W_27477,8,1,R
W_8535,35,35,A
W_137560,14,12,B_not_promoted
W_20414,2,1,R
W_3978,155,155,A
W_5917,1,1,R
W_4066,54,54,A
W_30424,4,1,R
W_8521,33,33,A
W_20622,17,1,R
W_13204,5,1,R
W_2658,1,1,R
W_799,1652,1652,A
W_14662,6797,6797,A
W_7084,19,1,R
W_113981,268,268,A
W_34604,60,60,A
W_59954,69,69,A
W_6210,604,604,A
W_5162,41,41,A
W_35188,67,67,A
W_284,110,110,A
W_1616,6,1,R
W_284,23,19,B_not_promoted
W_284,41,41,A
W_7961,25,22,B_not_promoted
W_89492,5,8,B_demoted
W_35395,238,238,A
W_131020,14,11,B_not_promoted
W_131020,246,246,A
W_131020,170,170,A
W_131020,228,228,A
W_131020,462,462,A
W_131020,349,349,A
W_131020,12,1,R
W_38517,33,33,A
W_10851,9,6,B_not_promoted
W_131020,469,469,A
W_26,1,1,R
W_13127,2,1,R
W_56781,29,25,B_not_promoted
W_131020,348,348,A
W_20185,383,383,A
W_7249,345,345,A
W_22148,6,1,R
W_1362,624,624,A
W_4158,26,3,B_not_promoted
W_6536,1,1,R
W_2696,60,60,A
W_114606,67,67,A
W_11552,199,199,A
W_9574,233,233,A
W_25511,44,44,A
W_26111,56,56,A
W_3260,309,309,A
W_10745,1,1,R
W_26111,70,70,A
W_22926,50,50,A
W_14485,1,1,R
W_103129,543,543,A
W_9263,11,3,B_not_promoted
W_10216,287,287,A
W_30424,2,1,R
W_124809,6,12,B_demoted
W_64650,408,408,A
W_10902,1,1,R
W_14354,132,132,A
W_15300,12,1,R
W_114712,91,91,A
W_11471,11,6,B_not_promoted
W_8535,3,23,B_demoted
W_2658,4,1,R
W_1276,1,1,R
W_2271,33,33,A
W_161,19,1,R
W_4865,1,1,R
W_5500,931,931,A
W_2083,68,68,A
W_6602,2,1,R
W_21352,1,1,R
W_21528,27,9,B_not_promoted
W_13440,2,1,R
W_119158,5,1,R
W_93644,13,1,R
W_11833,79,79,A
W_19748,31,31,A
W_5655,1423,1423,A
W_53040,544,544,A
W_6753,14,1,R
W_6753,440,440,A
W_9297,103,103,A
W_4922,1,2,B_demoted
W_10838,4175,4175,A
W_5071,3,1,R
W_2454,9,17,B_demoted
W_2454,8,9,B_demoted
W_2454,2,1,R
W_19508,358,358,A
W_115251,56,56,A
W_122815,29,19,B_not_promoted
W_103129,452,452,A
W_12317,4,9,B_demoted
W_17671,2,1,R
W_7816,63,63,A
W_7878,7,1,R
W_103129,54,54,A
W_22154,203,203,A
W_11850,41,41,A
W_114947,12,2,B_not_promoted
W_12137,54,54,A
W_26,70,70,A
W_26461,14,11,B_not_promoted
W_13691,50,50,A
W_129436,624,624,A
W_233,2,1,R
W_27913,746,746,A
W_27913,336,336,A
W_3177,2,1,R
W_10144,1,1,R
W_2696,2,5,B_demoted
W_26542,49,49,A
W_26542,4,1,R
W_11534,7,1,R
W_111906,779,779,A
W_55861,44,44,A
W_87469,27,1,R
W_64766,12,30,B_demoted
W_10065,21,16,B_not_promoted
W_1812,1,12,B_demoted
W_34907,89,89,A
W_112241,19,8,B_not_promoted
W_7878,17,1,R
W_11798,8,1,R
W_93644,930,930,A
W_1939,13,10,B_not_promoted
W_2658,8,1,R
W_42117,1,11,B_demoted
W_3061,1,1,R
W_19903,1,1,R
W_5071,1,1,R
W_120968,4,2,B_not_promoted
W_124199,152,152,A
W_42521,131,131,A
W_123334,13,2,B_not_promoted
W_2393,37,37,A
W_3447,13,14,B_demoted
W_26111,109,109,A
W_6616,4,1,R
W_954,4,1,R
W_6784,1,1,R
W_1033,288,288,A
W_11898,54,54,A
W_109122,143,143,A
W_424,4149,4149,A
W_1454,1164,1164,A
W_5954,302,302,A
W_22926,98,98,A
W_25150,123,123,A
W_7577,97,97,A
W_1983,1119,1119,A
W_6102,122,122,A
W_1894,1,1,R
W_25030,1,1,R
W_4843,2,15,B_demoted
W_3858,1,1,R
W_3270,1,6,B_demoted
W_10253,5,8,B_demoted
W_3858,10,5,B_not_promoted
W_856,2,1,R
W_4854,165,165,A
W_17274,6,1,R
W_26687,2,1,R
W_26687,13,1,R
W_625,25,11,B_not_promoted
W_26687,1,1,R
W_26687,32,32,A
W_6031,1,1,R
W_4698,15,23,B_demoted
W_19943,21,9,B_not_promoted
W_119158,1,4,B_demoted
W_20110,84,84,A
W_15521,12,1,R
W_1650,1,1,R
W_40199,60,60,A
W_5162,358,358,A
W_12168,63,63,A
W_34791,3661,3661,A
W_5363,28,1,R
W_86795,647,647,A
W_30678,933,933,A
W_9004,1,1,R
W_5687,1,1,R
W_118399,51,51,A
W_1276,1,1,R
W_175,400,400,A
W_70887,38,38,A
W_70887,47,47,A
W_11649,110,110,A
W_4916,9,4,B_not_promoted
W_26839,547,547,A
W_26839,322,322,A
W_401,5,1,R
W_26839,15,13,B_not_promoted
W_7552,6,1,R
W_31003,275,275,A
W_11054,3,3,B_not_promoted
W_19417,18,24,B_demoted
W_4217,21,22,B_demoted
W_4217,113,113,A
W_5294,30,9,B_not_promoted
W_43997,39,39,A
W_116565,24,14,B_not_promoted
W_11485,1,1,R
W_12140,93,93,A
W_12140,16,14,B_not_promoted
W_94,5,1,R
W_5294,16,30,B_demoted
W_30235,64,64,A
W_28184,6,12,B_demoted
W_70931,1,1,R
W_9263,1,1,R
W_9266,15,1,R
W_38171,5,17,B_demoted
W_10781,137,137,A
W_4801,12,21,B_demoted
W_65049,121,121,A
W_117450,155,155,A
W_19353,112,112,A
W_9262,75,75,A
W_1894,1,1,R
W_15385,1,1,R
W_26939,28,1,R
W_886,64,64,A
W_26941,1,1,R
W_99743,20,27,B_demoted
W_9724,237,237,A
W_132426,605,605,A
W_64651,137,137,A
W_99743,154,154,A
W_9724,78,78,A
W_117403,115,115,A
W_31360,19,1,R
W_31360,32,32,A
W_64651,14,15,B_demoted
W_31360,10,1,R
W_14620,47,47,A
W_78838,3,1,R
W_19558,12,1,R
W_5095,7,1,R
W_9724,36,36,A
W_132426,11,1,R
W_2696,1,2,B_demoted
W_121504,1,1,R
W_1443,1,1,R
W_5095,9,1,R
W_4835,7,7,B_not_promoted
W_47901,2,1,R
W_2696,25,19,B_not_promoted
W_19903,1,1,R
W_22148,786,786,A
W_4865,23,2,B_not_promoted
W_11535,1409,1409,A
W_35188,130,130,A
W_6102,64,64,A
W_85332,23,2,B_not_promoted
W_26988,4,1,R
W_40034,160,160,A
W_40034,552,552,A
W_132490,26,2,B_not_promoted
W_132490,279,279,A
W_132490,78,78,A
W_99743,19,1,R
W_64513,1,1,R
W_6859,163,163,A
W_64489,176,176,A
W_26839,26,1,R
W_55442,7,2,B_not_promoted
W_62782,24,2,B_not_promoted
W_19558,3,2,B_not_promoted
W_64650,69,69,A
W_132541,93,93,A
W_132541,114,114,A
W_122729,198,198,A
W_19558,61,61,A
W_64648,101,101,A
W_6097,26,9,B_not_promoted
W_59954,61,61,A
W_64651,42,42,A
W_64627,59,59,A
W_21528,347,347,A
W_132541,212,212,A
W_62782,73,73,A
W_62782,62,62,A
W_5655,192,192,A
W_24522,904,904,A
W_22945,28,14,B_not_promoted
W_132541,221,221,A
W_132490,58,58,A
W_132490,335,335,A
W_69914,14,3,B_not_promoted
W_69914,3,1,R
W_5549,109,109,A
W_69914,14,1,R
W_69914,44,44,A
W_69914,2,1,R
W_23767,29,5,B_not_promoted
W_27913,197,197,A
W_20639,1,1,R
W_3145,1,1,R
W_132642,2,1,R
W_132642,2,1,R
W_132642,14,10,B_not_promoted
W_4694,530,530,A
W_7581,137,137,A
W_10850,426,426,A
W_58781,203,203,A
W_132686,11,12,B_demoted
W_56366,350,350,A
W_132686,66,66,A
W_132686,27,23,B_not_promoted
W_132686,10,25,B_demoted
W_43012,79,79,A
W_48,1,1,R
W_132686,63,63,A
W_580,159,159,A
W_15385,736,736,A
W_29045,392,392,A
W_64651,1185,1185,A
W_10641,150,150,A
W_64649,33,33,A
W_132642,32,32,A
W_132686,47,47,A
W_132686,29,25,B_not_promoted
W_132686,19,15,B_not_promoted
W_7032,1,1,R
W_123334,6,1,R
W_27164,104,104,A
W_27164,239,239,A
W_4849,32,32,A
W_22926,84,84,A
W_32595,1,1,R
W_7245,4,8,B_demoted
W_10906,50,50,A
W_2911,463,463,A
W_6441,3021,3021,A
W_11534,2,18,B_demoted
W_132541,284,284,A
W_11534,3,12,B_demoted
W_11534,1,1,R
W_272,1,1,R
W_31383,27,5,B_not_promoted
W_6093,2,1,R
W_41771,2,1,R
W_13222,7,1,R
W_3092,4,25,B_demoted
W_132900,1,1,R
W_3174,3,1,R
W_132900,1,1,R
W_7257,130,130,A
W_4812,130,130,A
W_4865,460,460,A
W_15300,1,1,R
W_27328,2,1,R
W_26542,133,133,A
W_65381,482,482,A
W_26461,279,279,A
W_10212,101,101,A
W_13693,436,436,A
W_10212,2,1,R
W_132987,106,106,A
W_58781,1304,1304,A
W_119680,147,147,A
W_123334,10,5,B_not_promoted
W_123334,39,39,A
W_123334,83,83,A
W_1362,30,1,R
W_42997,16,14,B_not_promoted
W_42997,174,174,A
W_42997,6,13,B_demoted
W_2158,342,342,A
W_115814,417,417,A
W_41771,4,1,R
W_111906,71,71,A
W_11850,11,1,R
W_11850,30,17,B_not_promoted
W_27477,4,1,R
W_8696,1,2,B_demoted
W_11779,118,118,A
W_401,8,8,B_not_promoted
W_3497,284,284,A
W_8339,3,1,R
W_115249,1,1,R
W_102577,706,706,A
W_3245,119,119,A
W_5141,4,1,R
W_8824,22,1,R
W_121495,6,2,B_not_promoted
W_113615,50,50,A
W_13873,10,1,R
W_12031,10,7,B_not_promoted
W_8203,480,480,A
W_13875,16,1,R
W_10849,1,1,R
W_11657,2,1,R
W_12792,322,322,A
W_7084,4794,4794,A
W_12795,42,42,A
W_21817,693,693,A
W_11352,100,100,A
W_2759,53,53,A
W_6441,115,115,A
W_1409,1,1,R
W_22948,98,98,A
W_8696,1,1,R
W_462,3,1,R
W_121495,7,2,B_not_promoted
W_27641,3,29,B_demoted
W_4846,61,61,A
W_303,12,1,R
W_383,120,120,A
W_32711,14,1,R
W_33213,13,1,R
W_43898,790,790,A
W_32711,2446,2446,A
W_1362,1,3,B_demoted
W_1894,1,1,R
W_46851,224,224,A
W_29380,440,440,A
W_3057,3,1,R
W_32053,231,231,A
W_10253,102,102,A
W_13691,112,112,A
W_424,15,4,B_not_promoted
W_133525,1,1,R
W_43997,626,626,A
W_4852,79,79,A
W_116622,129,129,A
W_1002,17,14,B_not_promoted
W_11657,3,1,R
W_11014,1,1,R
W_38476,4,15,B_demoted
W_4916,91,91,A
W_4852,151,151,A
W_4852,4,1,R
W_7578,87,87,A
W_121504,408,408,A
W_19985,5,1,R
W_111906,217,217,A
W_1456,6365,6365,A
W_3497,689,689,A
W_36064,1,8,B_demoted
W_27790,1,1,R
W_7776,2,1,R
W_22,13,1,R
W_40971,2,1,R
W_103,4,2,B_not_promoted
W_101001,181,181,A
W_4837,1,1,R
W_4837,3,1,R
W_122183,36,36,A
W_7032,4,1,R
W_114606,244,244,A
W_68897,2,1,R
W_12031,107,107,A
W_11667,36,36,A
W_11667,82,82,A
W_29487,428,428,A
W_9006,142,142,A
W_116622,2,1,R
W_4689,2,1,R
W_9574,147,147,A
W_9262,15,1,R
W_27906,63,63,A
W_57375,282,282,A
W_10852,247,247,A
W_27911,91,91,A
W_9576,130,130,A
W_9576,195,195,A
W_27919,3,1,R
W_27919,28,2,B_not_promoted
W_5915,4,1,R
W_39786,9,1,R
W_4692,45,45,A
W_76498,1,6,B_demoted
W_22961,35,35,A
W_4829,35,35,A
W_12792,3,21,B_demoted
W_4837,1,1,R
W_9376,401,401,A
W_3099,49,49,A
W_21721,1,1,R
W_75372,967,967,A
W_4837,2,1,R
W_7213,37,37,A
W_29487,221,221,A
W_1894,1,1,R
W_34791,1,1,R
W_13549,83,83,A
W_13549,325,325,A
W_87425,309,309,A
W_87425,509,509,A
W_87425,71,71,A
W_87425,36,36,A
W_82877,1249,1249,A
W_87425,500,500,A
W_87425,79,79,A
W_580,32,32,A
W_132900,1,1,R
W_6693,201,201,A
W_132900,1,1,R
W_10913,330,330,A
W_32595,11,3,B_not_promoted
W_20110,6,14,B_demoted
W_3074,1,1,R
W_5216,265,265,A
W_575,10,1,R
W_40251,35,35,A
W_23544,3,1,R
W_1894,2,1,R
W_94,137,137,A
W_64395,58,58,A
W_5363,107,107,A
W_2558,1,1,R
W_22451,224,224,A
W_2974,230,230,A
W_9133,91,91,A
W_564,88,88,A
W_4755,139,139,A
W_8387,2,1,R
W_25511,115,115,A
W_462,20,3,B_not_promoted
W_28184,17,3,B_not_promoted
W_9376,967,967,A
W_114608,128,128,A
W_30678,14,1,R
W_20185,887,887,A
W_20622,36,36,A
W_24484,268,268,A
W_11819,322,322,A
W_4846,210,210,A
W_10781,3,5,B_demoted
W_7229,72,72,A
W_4837,3,1,R
W_20049,310,310,A
W_21721,41,41,A
W_4806,3,1,R
W_12792,67,67,A
W_4700,448,448,A
W_4837,2,1,R
W_5655,87,87,A
W_12937,14,30,B_demoted
W_78838,1,1,R
W_24522,1728,1728,A
W_6210,448,448,A
W_20539,2,1,R
W_126478,190,190,A
W_132987,88,88,A
W_24484,226,226,A
W_43997,943,943,A
W_25150,49,49,A
W_55442,4,1,R
W_21958,4027,4027,A
W_3904,125,125,A
W_4646,435,435,A
W_4849,357,357,A
W_65049,8,1,R
W_20120,184,184,A
W_10846,786,786,A
W_61933,1153,1153,A
W_3092,10,9,B_not_promoted
W_62782,7,1,R
W_5954,2,1,R
W_14969,1,1,R
W_994,2,1,R
W_71473,2,1,R
W_93644,163,163,A
W_93644,23,4,B_not_promoted
W_97460,8,22,B_demoted
W_1376,1,24,B_demoted
W_13698,52,52,A
W_28493,101,101,A
W_28495,236,236,A
W_88508,7,9,B_demoted
W_111408,78,78,A
W_113981,12,21,B_demoted
W_20414,197,197,A
W_2673,5,1,R
W_9560,2,2,B_not_promoted
W_7032,24,1,R
W_5396,1037,1037,A
W_119680,3,1,R
W_119680,3,1,R
W_9133,2,3,B_demoted
W_28547,7,6,B_not_promoted
W_2855,524,524,A
W_6453,36,36,A
W_134347,1,1,R
W_932,42,42,A
W_13691,196,196,A
W_31003,81,81,A
W_26461,17,8,B_not_promoted
W_1792,51,51,A
W_98152,1,1,R
W_4767,2,1,R
W_7552,6,1,R
W_23525,3,1,R
W_53040,301,301,A
W_132987,706,706,A
W_20084,87,87,A
W_20069,956,956,A
W_40671,30,15,B_not_promoted
W_7284,56,56,A
W_10781,78,78,A
W_12031,362,362,A
W_82200,282,282,A
W_82200,1,1,R
W_112640,1,1,R
W_47901,521,521,A
W_47674,7,21,B_demoted
W_19943,5,13,B_demoted
W_19943,32,32,A
W_29045,14,1,R
W_12972,3072,3072,A
W_5461,5,1,R
W_5461,1547,1547,A
W_38429,19,1,R
W_121495,2,1,R
W_25113,1,1,R
W_7961,69,69,A
W_76174,5,1,R
W_10788,16,1,R
W_4158,29,22,B_not_promoted
W_303,782,782,A
W_10852,48,48,A
W_18,1,1,R
W_42338,62,62,A
W_841,1,1,R
W_998,179,179,A
W_28784,1,1,R
W_11006,53,53,A
W_7578,159,159,A
W_27579,170,170,A
W_45675,10,22,B_demoted
W_24484,1280,1280,A
W_6031,2,1,R
W_132900,284,284,A
W_13549,89,89,A
W_5141,44,44,A
W_134622,1,1,R
W_134622,127,127,A
W_134622,1,1,R
W_134666,1,1,R
W_134666,8,1,R
W_112910,4,1,R
W_115249,610,610,A
W_97414,27,20,B_not_promoted
W_17274,50,50,A
W_10129,6,1,R
W_12937,862,862,A
W_10129,1,1,R
W_32202,1,1,R
W_22053,1,1,R
W_6102,5867,5867,A
W_36064,30,5,B_not_promoted
W_14379,198,198,A
W_35472,125,125,A
W_6485,57,57,A
W_28547,7,1,R
W_11534,2,1,R
W_132685,289,289,A
W_132685,161,161,A
W_132685,22,29,B_demoted
W_51980,24,3,B_not_promoted
W_132685,146,146,A
W_132685,20,1,R
W_115251,1,1,R
W_61933,17,1,R
W_132685,14,4,B_not_promoted
W_2474,2,9,B_demoted
W_5368,6128,6128,A
W_22148,16,23,B_demoted
W_2901,57,57,A
W_133525,5,1,R
W_133525,1,1,R
W_6292,1,1,R
W_134666,1,1,R
W_399,4,9,B_demoted
W_5071,15,26,B_demoted
W_132900,1,1,R
W_4681,666,666,A
W_12031,608,608,A
W_29060,7,6,B_not_promoted
W_4816,90,90,A
W_14809,11,1,R
W_23772,1,1,R
W_29078,1,1,R
W_25150,338,338,A
W_4687,80,80,A
W_62433,297,297,A
W_10129,423,423,A
W_22948,859,859,A
W_26542,208,208,A
W_111952,10,1,R
W_4683,3,1,R
W_114408,9,1,R
W_44137,109,109,A
W_43195,1,1,R
W_14379,1,1,R
W_994,1,1,R
W_233,1,4,B_demoted
W_49809,22,15,B_not_promoted
W_367,104,104,A
W_10848,28,1,R
W_25150,217,217,A
W_7583,4,1,R
W_38495,365,365,A
W_13695,1,1,R
W_29130,1,1,R
W_29130,143,143,A
W_12135,1654,1654,A
W_132900,3,1,R
W_4217,446,446,A
W_932,25,1,R
W_5917,2,1,R
W_27790,6,8,B_demoted
W_5958,4,1,R
W_27328,140,140,A
W_19943,172,172,A
W_6730,7,13,B_demoted
W_10154,25,2,B_not_promoted
W_4726,1,1,R
W_4704,65,65,A
W_5724,1,1,R
W_39438,63,63,A
W_3266,352,352,A
W_25621,120,120,A
W_4939,77,77,A
W_83873,9,1,R
W_21025,3048,3048,A
W_1454,3,1,R
W_4841,1,1,R
W_23239,100,100,A
W_23116,87,87,A
W_27906,8,1,R
W_14599,11,28,B_demoted
W_10850,164,164,A
W_123591,62,62,A
W_4826,1,1,R
W_4683,6,24,B_demoted
W_112910,2,6,B_demoted
W_14599,20,1,R
W_7202,4,2,B_not_promoted
W_44137,399,399,A
W_10848,22,16,B_not_promoted
W_20539,18,2,B_not_promoted
W_20110,8,10,B_demoted
W_125147,149,149,A
W_64593,526,526,A
W_3170,1,1,R
W_14969,1,4,B_demoted
W_50379,56,56,A
W_35389,52,52,A
W_63932,42,42,A
W_89492,8,10,B_demoted
W_2928,1,1,R
W_40034,83,83,A
W_1376,90,90,A
W_20120,16,30,B_demoted
W_4779,3,1,R
W_29299,43,43,A
W_2930,13,1,R
W_34699,149,149,A
W_19417,17,12,B_not_promoted
W_20254,241,241,A
W_38517,271,271,A
W_4692,1434,1434,A
W_10253,1,1,R
W_6093,89,89,A
W_76174,61,61,A
W_4867,73,73,A
W_246,22,5,B_not_promoted
W_12137,1,1,R
W_103129,38,38,A
W_3099,456,456,A
W_4696,94,94,A
W_29078,18,23,B_demoted
W_120968,44,44,A
W_120968,1,1,R
W_13127,1,1,R
W_10848,213,213,A
W_29380,42,42,A
W_43195,25,1,R
W_33213,26,1,R
W_9132,695,695,A
W_48320,2,1,R
W_10849,312,312,A
W_11472,152,152,A
W_120968,2,1,R
W_29487,228,228,A
W_2673,8,6,B_not_promoted
W_6210,9,1,R
W_120968,1,1,R
W_28184,1,1,R
W_5071,7,3,B_not_promoted
W_8872,12,1,R
W_4158,1,1,R
W_399,1,1,R
W_133525,1,1,R
W_135478,3,2,B_not_promoted
W_135478,33,33,A
W_135493,2,1,R
W_135493,1,1,R
W_4655,4,1,R
W_100,2,1,R
W_12135,168,168,A
W_243,64,64,A
W_38495,241,241,A
W_19417,504,504,A
W_13440,95,95,A
W_22965,340,340,A
W_20710,101,101,A
W_40120,106,106,A
W_121495,2,1,R
W_135493,5,1,R
W_2966,1,1,R
W_1795,2,1,R
W_2968,85,85,A
W_93655,1,1,R
W_109642,1,1,R
W_4696,131,131,A
W_2970,1,1,R
W_59150,1,2,B_demoted
W_6031,33,33,A
W_998,1,1,R
W_47674,3,19,B_demoted
W_28493,44,44,A
W_7202,14,8,B_not_promoted
W_6097,19,14,B_not_promoted
W_3353,4,1,R
W_37776,3,1,R
W_2085,2,1,R
W_4642,2,1,R
W_6437,1,1,R
W_2974,1,1,R
W_2976,1,1,R
W_36064,5,1,R
W_125147,331,331,A
W_86939,481,481,A
W_1347,14,26,B_demoted
W_86939,1174,1174,A
W_2110,1,2,B_demoted
W_50939,2,1,R
W_10576,2,7,B_demoted
W_135726,1,1,R
W_20254,739,739,A
W_1353,90,90,A
W_133525,8,1,R
W_9507,1,1,R
W_22581,93,93,A
W_135726,2,1,R
W_9158,152,152,A
W_64649,25,23,B_not_promoted
W_135726,1,1,R
W_40199,158,158,A
W_3964,1,1,R
W_3092,29,7,B_not_promoted
W_117417,16,3,B_not_promoted
W_5162,153,153,A
W_21828,1,1,R
W_17866,8,2,B_not_promoted
W_6807,109,109,A
W_135726,1,1,R
W_135726,3,1,R
W_135726,5,1,R
W_299,2,1,R
W_9358,586,586,A
W_7495,2,3,B_demoted
W_135726,55,55,A
W_4700,151,151,A
W_23239,35,35,A
W_13875,453,453,A
W_135726,5,1,R
W_121504,96,96,A
W_9626,22,1,R
W_124809,669,669,A
W_43898,172,172,A
W_5954,4,1,R
W_52851,1,1,R
W_10901,1325,1325,A
W_43898,116,116,A
W_39055,2149,2149,A
W_98311,37,37,A
W_4939,177,177,A
W_580,736,736,A
W_4751,9,1,R
W_73656,40,40,A
W_6807,2488,2488,A
W_15223,12,4,B_not_promoted
W_3270,11,1,R
W_42631,7,9,B_demoted
W_35206,60,60,A
W_23142,52,52,A
W_7261,29,1,R
W_5917,1,1,R
W_233,1,1,R
W_23165,2,1,R
W_13222,1,1,R
W_704,769,769,A
W_1353,11,2,B_not_promoted
W_5552,182,182,A
W_19985,387,387,A
W_3170,4,1,R
W_383,1,1,R
W_10313,74,74,A
W_4681,68,68,A
W_9376,649,649,A
W_11534,1,22,B_demoted
W_10901,197,197,A
W_284,14,27,B_demoted
W_13552,1000,1000,A
W_30209,8,1,R
W_30209,16,15,B_not_promoted
W_136166,12,20,B_demoted
W_867,11,24,B_demoted
W_2974,1,1,R
W_7489,26,2,B_not_promoted
W_123334,645,645,A
W_4810,4,16,B_demoted
W_10745,5,1,R
W_4843,19,13,B_not_promoted
W_30235,33,33,A
W_30235,34,34,A
W_40876,488,488,A
W_30246,1,1,R
W_15300,18,4,B_not_promoted
W_11859,406,406,A
W_31725,214,214,A
W_3270,1490,1490,A
W_284,46,46,A
W_704,381,381,A
W_86795,14,1,R
W_49809,3791,3791,A
W_30326,46,46,A
W_9133,1,1,R
W_2110,247,247,A
W_119473,18,13,B_not_promoted
W_9158,91,91,A
W_4685,443,443,A
W_424,2,1,R
W_6210,11,11,B_not_promoted
W_3497,125,125,A
W_30424,9,1,R
W_29060,248,248,A
W_20541,55,55,A
W_1412,6,2,B_not_promoted
W_14809,48,48,A
W_5697,230,230,A
W_122709,1,1,R
W_5552,66,66,A
W_54816,1,1,R
W_856,365,365,A
W_3529,2663,2663,A
W_37776,524,524,A
W_9128,214,214,A
W_7279,771,771,A
W_26941,10,20,B_demoted
W_7961,1091,1091,A
W_998,173,173,A
W_75372,173,173,A
W_12968,3,21,B_demoted
W_37776,1,3,B_demoted
W_37776,123,123,A
W_19943,1,2,B_demoted
W_30552,3,4,B_demoted
W_30552,38,38,A
W_5534,28,3,B_not_promoted
W_5231,68,68,A
W_21817,61,61,A
W_124809,23,26,B_demoted
W_3057,3,1,R
W_135478,32,32,A
W_3061,16,1,R
W_136518,48,48,A
W_136518,411,411,A
W_136518,2,1,R
W_136518,36,36,A
W_136518,227,227,A
W_7583,14,3,B_not_promoted
W_136518,36,36,A
W_136518,627,627,A
W_136518,57,57,A
W_136518,93,93,A
W_136518,40,40,A
W_136518,38,38,A
W_867,1,1,R
W_11472,201,201,A
W_1130,23,1,R
W_3063,104,104,A
W_121495,8,12,B_demoted
W_2976,367,367,A
W_30668,30,8,B_not_promoted
W_30678,4,1,R
W_4854,5313,5313,A
W_44137,532,532,A
W_9643,13,14,B_demoted
W_5319,1,1,R
W_33804,3,3,B_not_promoted
W_6715,100,100,A
W_21528,644,644,A
W_23772,18,2,B_not_promoted
W_6939,1,1,R
W_12937,18,3,B_not_promoted
W_3077,56,56,A
W_22053,161,161,A
W_9131,23,1,R
W_10216,187,187,A
W_9576,582,582,A
W_399,1,1,R
W_30552,6,1,R
W_12168,1,1,R
W_7027,7,1,R
W_23142,21,1,R
W_4681,20,2,B_not_promoted
W_10237,49,49,A
W_199,10,4,B_not_promoted
W_11667,95,95,A
W_10845,10,12,B_demoted
W_2081,6817,6817,A
W_3092,5,2,B_not_promoted
W_6163,1,1,R
W_9644,10,1,R
W_6292,31,31,A
W_1616,2966,2966,A
W_3097,1,1,R
W_28094,1,1,R
W_65049,5,1,R
W_42453,85,85,A
W_11850,46,46,A
W_64593,2,5,B_demoted
W_3097,3,13,B_demoted
W_5438,230,230,A
W_64593,395,395,A
W_64593,170,170,A
W_7878,88,88,A
W_10141,167,167,A
W_64593,2,2,B_not_promoted
W_58783,126,126,A
W_31003,69,69,A
W_11484,1163,1163,A
W_64593,30,2,B_not_promoted
W_64593,31,31,A
W_69943,26,10,B_not_promoted
W_175,3,5,B_demoted
W_137056,1,1,R
W_120968,2,1,R
W_17866,3,6,B_demoted
W_9704,141,141,A
W_3061,3,1,R
W_1017,1,1,R
W_7776,1,1,R
W_77153,6,1,R
W_134347,27,7,B_not_promoted
W_56072,2,1,R
W_21721,1,1,R
W_2658,5,1,R
W_7312,27,1,R
W_5461,74,74,A
W_42453,128,128,A
W_20257,86,86,A
W_134347,12,1,R
W_134347,4,1,R
W_6939,1,1,R
W_22286,2,1,R
W_434,14,1,R
W_7584,246,246,A
W_22148,92,92,A
W_9004,26,1,R
W_5368,1,1,R
W_12992,2,1,R
W_43898,66,66,A
W_31091,3,1,R
W_27919,207,207,A
W_13523,1,1,R
W_12795,16,1,R
W_31327,5,1,R
W_31327,1,2,B_demoted
W_31327,18,18,B_not_promoted
W_31327,374,374,A
W_25113,29,2,B_not_promoted
W_2768,191,191,A
W_6093,464,464,A
W_4704,216,216,A
W_2301,4320,4320,A
W_31327,33,33,A
W_9626,2,1,R
W_31327,434,434,A
W_31360,51,51,A
W_148,51,51,A
W_31383,1,2,B_demoted
W_31383,19,1,R
W_39785,47,47,A
W_43898,17,1,R
W_50939,31,31,A
W_434,663,663,A
W_137560,7,1,R
W_137560,1,2,B_demoted
W_3145,1,1,R
W_137560,603,603,A
W_3145,1,1,R
W_5912,43,43,A
W_14599,49,49,A
W_68897,3,15,B_demoted
W_594,6871,6871,A
W_89492,13,7,B_not_promoted
W_117450,1,1,R
W_111952,108,108,A
W_13698,10,9,B_not_promoted
W_27328,117,117,A
W_19353,7,1,R
W_19945,31,31,A
W_3321,197,197,A
W_9571,9,4,B_not_promoted
W_29299,150,150,A
W_29299,1,1,R
W_3063,18,3,B_not_promoted
W_10338,1,1,R
W_4884,9,1,R
W_35206,5,3,B_not_promoted
W_3997,55,55,A
W_64766,5,1,R
W_94,40,40,A
W_30424,21,1,R
W_4852,3,1,R
W_6216,6,1,R
W_3673,12,1,R
W_9719,1,3,B_demoted
W_22053,1,1,R
W_35395,144,144,A
W_8696,1,1,R
W_32531,83,83,A
W_112097,282,282,A
W_3260,13,1,R
W_3162,1,1,R
W_27164,80,80,A
W_27164,51,51,A
W_11516,9,3,B_not_promoted
W_45948,6,25,B_demoted
W_2974,1,1,R
W_8213,73,73,A
W_1143,5,1,R
W_817,1,1,R
W_11785,470,470,A
W_179,22,1,R
W_13875,80,80,A
W_20084,25,22,B_not_promoted
W_48320,1,1,R
W_27906,152,152,A
W_3744,1,1,R
W_3744,1,1,R
W_5954,6,1,R
W_31725,141,141,A
W_1795,45,45,A
W_20120,460,460,A
W_11352,33,33,A
W_4884,26,29,B_demoted
W_70931,44,44,A
W_31725,35,35,A
W_51980,599,599,A
W_11534,11,7,B_not_promoted
W_3174,10,1,R
W_30209,41,41,A
W_119473,45,45,A
W_25621,409,409,A
W_3174,2,1,R
W_32534,8,1,R
W_6093,1,1,R
W_9006,503,503,A
W_199,243,243,A
W_12937,42,42,A
W_704,28,29,B_demoted
W_58783,63,63,A
W_13222,17,3,B_not_promoted
W_100,1,1,R
W_3447,2,1,R
W_11819,169,169,A
W_3260,6,5,B_not_promoted
W_7027,2392,2392,A
W_97460,139,139,A
W_23627,4,26,B_demoted
W_4767,3,1,R
W_22581,3,6,B_demoted
W_48,23,13,B_not_promoted
W_125147,3,3,B_not_promoted
W_3264,783,783,A
W_10906,72,72,A
W_3997,53,53,A
W_4854,79,79,A
W_123840,327,327,A
W_14019,4,2,B_not_promoted
W_121504,75,75,A
W_7247,366,366,A
W_100,1,1,R
W_123840,59,59,A
W_57375,34,34,A
W_64766,1,1,R
W_1924,1,1,R
W_59952,143,143,A
W_5216,59,59,A
W_76574,45,45,A
W_886,116,116,A
W_25489,806,806,A
W_11641,73,73,A
W_65049,8,6,B_not_promoted
W_3203,4,1,R
W_114394,1132,1132,A
W_30678,170,170,A
W_23165,9569,9569,A
W_53040,68,68,A
W_30326,221,221,A
W_121401,66,66,A
W_4267,255,255,A
W_32053,50,50,A
W_13127,176,176,A
W_121401,797,797,A
W_3203,19,7,B_not_promoted
W_5294,1288,1288,A
W_31360,1625,1625,A
W_20088,171,171,A
W_7552,1,1,R
W_3211,2,7,B_demoted
W_134666,24,6,B_not_promoted
W_3264,354,354,A
W_27906,758,758,A
W_56072,1,1,R
W_7776,1,1,R
W_3061,193,193,A
W_48320,1,1,R
W_48320,5441,5441,A
W_48320,1,1,R
W_25113,645,645,A
W_11641,346,346,A
W_11850,297,297,A
W_29078,20,6,B_not_promoted
W_7878,124,124,A
W_3099,103,103,A
W_64652,1051,1051,A
W_10472,98,98,A
W_37513,3,1,R
W_32202,1,1,R
W_32202,4,4,B_not_promoted
W_3221,2,1,R
W_3221,6,1,R
W_10845,21,2,B_not_promoted
W_11358,65,65,A
W_111656,402,402,A
W_30209,12,10,B_not_promoted
W_12972,83,83,A
W_48320,150,150,A
W_9262,7,5,B_not_promoted
W_4267,1,1,R
W_25154,421,421,A
W_120968,1,3,B_demoted
W_6403,7,12,B_demoted
W_11779,688,688,A
W_12792,138,138,A
W_50379,140,140,A
W_998,2,1,R
W_10745,175,175,A
W_5915,55,55,A
W_1378,14,1,R
W_3145,378,378,A
W_26,1,1,R
W_2085,1,1,R
W_27477,2,1,R
W_4244,321,321,A
W_1017,1,1,R
W_9004,1,1,R
W_4687,483,483,A
W_3061,3,1,R
W_32408,855,855,A
W_56781,2,11,B_demoted
W_27579,1,1,R
W_98152,61,61,A
W_799,147,147,A
W_129436,43,43,A
W_135493,3,1,R
W_43195,1,1,R
W_731,13,1,R
W_11652,31,31,A
W_882,2,1,R
W_32531,1,1,R
W_32534,3,9,B_demoted
W_32534,636,636,A
W_32534,15,1,R
W_74245,1046,1046,A
W_2085,86,86,A
W_20097,1,1,R
W_20097,2,1,R
W_10901,243,243,A
W_1412,103,103,A
W_34791,53,53,A
W_69073,34,34,A
W_6784,5,1,R
W_38495,654,654,A
W_31003,7,2,B_not_promoted
W_32595,3,1,R
W_4826,418,418,A
W_3063,15,2,B_not_promoted
W_29130,266,266,A
W_26839,429,429,A
W_3264,247,247,A
W_12317,411,411,A
W_998,9,1,R
W_546,1,1,R
W_12992,1,1,R
W_1983,112,112,A
W_3266,155,155,A
W_13216,3,1,R
W_33804,90,90,A
W_116516,18,13,B_not_promoted
W_114608,174,174,A
W_3270,1,1,R
W_32711,29,21,B_not_promoted
W_8543,2,2,B_not_promoted
W_51795,3661,3661,A
W_4841,293,293,A
W_6453,1,18,B_demoted
W_111408,94,94,A
W_10850,437,437,A
W_68063,147,147,A
W_7584,5,1,R
W_28094,840,840,A
W_1143,10,10,B_not_promoted
W_15521,15,1,R
W_15300,2,1,R
W_43012,61,61,A
W_111510,46,46,A
W_122183,52,52,A
W_103129,135,135,A
W_10528,204,204,A
W_9719,23,1,R
W_139530,1,1,R
W_139530,4,1,R
W_6549,11,1,R
W_5283,61,61,A
W_21352,19,1,R
W_75372,43,43,A
W_8535,5,1,R
W_4646,584,584,A
W_139588,2,1,R
W_9131,5,1,R
W_11473,90,90,A
W_7312,77,77,A
W_9263,156,156,A
W_14809,22,1,R
W_2158,1299,1299,A
W_7583,1,1,R
W_9006,181,181,A
W_74245,2032,2032,A
W_20088,50,50,A
W_246,7,20,B_demoted
W_27790,2016,2016,A
W_11485,17,17,B_not_promoted
W_8872,2,1,R
W_42934,3281,3281,A
W_19748,126,126,A
W_7578,427,427,A
W_4277,1,1,R
W_139530,15,3,B_not_promoted
W_375,3,1,R
W_139740,1,1,R
W_139740,1,1,R
W_9643,100,100,A
W_20414,632,632,A
W_64652,48,48,A
W_9665,424,424,A
W_91832,41,41,A
W_20960,171,171,A
W_20622,1,1,R
W_21025,1,1,R
W_25150,64,64,A
W_35389,19,3,B_not_promoted
W_13440,5,1,R
W_6417,25,16,B_not_promoted
W_33213,35,35,A
W_33213,57,57,A
W_134622,1,1,R
W_99751,2,1,R
W_99751,1,1,R
W_2901,278,278,A
W_140157,237,237,A
W_140157,682,682,A
W_10745,1,1,R
W_140157,48,48,A
W_140168,117,117,A
W_42054,1,1,R
W_140168,30,1,R
W_140168,224,224,A
W_140168,1,7,B_demoted
W_140168,53,53,A
W_8673,1,1,R
W_5363,413,413,A
W_7961,40,40,A
W_11859,169,169,A
W_7878,1,1,R
W_112097,283,283,A
W_3904,489,489,A
W_3904,299,299,A
W_25621,20,5,B_not_promoted
W_25621,52,52,A
W_25621,180,180,A
W_1276,20,4,B_not_promoted
W_44435,31,31,A
W_114606,327,327,A
W_2454,5,2,B_not_promoted
W_11472,4,23,B_demoted
W_71702,132,132,A
W_140157,13,1,R
W_7229,2,1,R
W_140157,10,1,R
W_140157,253,253,A
W_140157,368,368,A
W_98152,1,1,R
W_140157,32,32,A
W_3264,602,602,A
W_7818,173,173,A
W_35188,1073,1073,A
W_140157,16,16,B_not_promoted
W_140157,4,6,B_demoted
W_140157,2,13,B_demoted
W_140157,700,700,A
W_118849,1,1,R
W_2976,92,92,A
W_4541,44,44,A
W_121401,15,17,B_demoted
W_25113,1174,1174,A
W_5515,17,11,B_not_promoted
W_40675,147,147,A
W_4698,4,18,B_demoted
W_76174,6,1,R
W_1108,163,163,A
W_5515,36,36,A
W_89492,194,194,A
W_11051,276,276,A
W_123591,16,1,R
W_3353,3,1,R
W_7279,19,1,R
W_140437,1,3,B_demoted
W_140437,2,1,R
W_68063,38,38,A
W_139530,6,1,R
W_140442,4,5,B_demoted
W_14969,5,2,B_not_promoted
W_14969,14,1,R
W_6464,13,1,R
W_5549,8,1,R
W_4833,1,1,R
W_14809,1754,1754,A
W_11387,5,1,R
W_12542,1,1,R
W_11552,1,1,R
W_1278,462,462,A
W_424,1,6,B_demoted
W_424,19,1,R
W_113615,4,1,R
W_424,2,1,R
W_9271,27,1,R
W_9571,26,1,R
W_424,2,1,R
W_43997,84,84,A
W_29299,799,799,A
W_115814,1,1,R
W_12159,829,829,A
W_11794,231,231,A
W_11552,2014,2014,A
W_11641,156,156,A
W_3839,3,1,R
W_3839,20,10,B_not_promoted
W_40671,69,69,A
W_6807,1,3,B_demoted
W_7961,46,46,A
W_4217,298,298,A
W_2970,4593,4593,A
W_12937,25,7,B_not_promoted
W_33804,5,1,R
W_4749,6,1,R
W_3221,5,2,B_not_promoted
W_34353,113,113,A
W_4779,10,1,R
W_10906,16,1,R
W_10850,21,1,R
W_10717,5,1,R
W_10428,6,21,B_demoted
W_4829,18,18,B_not_promoted
W_3097,170,170,A
W_243,254,254,A
W_49809,22,5,B_not_promoted
W_7550,1,1,R
W_3673,10,1,R
W_10717,3,2,B_not_promoted
W_10790,1,1,R
W_9006,23,1,R
W_140442,5,9,B_demoted
W_1478,120,120,A
W_799,35,35,A
W_79329,10,2,B_not_promoted
W_137560,2,1,R
W_75372,35,35,A
W_4849,246,246,A
W_141096,180,180,A
W_141096,2,2,B_not_promoted
W_141096,107,107,A
W_59954,14,3,B_not_promoted
W_4702,5,1,R
W_4694,32,32,A
W_94,3,1,R
W_5930,30,3,B_not_promoted
W_2658,1,1,R
W_141096,100,100,A
W_55442,24,18,B_not_promoted
W_141096,19,2,B_not_promoted
W_10745,84,84,A
W_148,7,1,R
W_10790,2,1,R
W_9103,1,1,R
W_2696,46,46,A
W_2970,9,1,R
W_123840,14,16,B_demoted
W_21721,10,30,B_demoted
W_10852,30,15,B_not_promoted
W_9004,8,2,B_not_promoted
W_141096,478,478,A
W_10850,208,208,A
W_141096,51,51,A
W_141096,367,367,A
W_4887,97,97,A
W_34086,5,1,R
W_26941,1,1,R
W_111408,57,57,A
W_11474,96,96,A
W_141096,116,116,A
W_3414,1,1,R
W_3177,11,1,R
W_5555,1,1,R
W_11352,430,430,A
W_9626,2,1,R
W_30668,264,264,A
W_679,2,1,R
W_64445,1,1,R
W_3237,326,326,A
W_21528,45,45,A
W_13523,1,1,R
W_58783,170,170,A
W_65609,36,36,A
W_5440,37,37,A
W_4884,778,778,A
W_10845,14,1,R
W_27790,2,1,R
W_141096,14,3,B_not_promoted
W_122499,122,122,A
W_1130,11,1,R
W_7213,63,63,A
W_10065,5131,5131,A
W_343,2,1,R
W_38429,60,60,A
W_2427,2,1,R
W_141096,10,15,B_demoted
W_57375,336,336,A
W_34353,2,1,R
W_40924,208,208,A
W_113981,118,118,A
W_9507,1,1,R
W_45948,19,1,R
W_112241,8,30,B_demoted
W_80336,144,144,A
W_115728,4,1,R
W_88508,321,321,A
W_141096,1019,1019,A
W_13216,9,1,R
W_17866,33,33,A
W_20254,156,156,A
W_20254,323,323,A
W_20254,165,165,A
W_20254,278,278,A
W_14501,3,1,R
W_141096,10,9,B_not_promoted
W_4849,37,37,A
W_4849,880,880,A
W_113724,19,6,B_not_promoted
W_11352,4,3,B_not_promoted
W_121182,68,68,A
W_7247,36,36,A
W_856,22,8,B_not_promoted
W_2673,217,217,A
W_3447,9,12,B_demoted
W_91832,347,347,A
W_4806,464,464,A
W_3177,159,159,A
W_111854,126,126,A
W_8387,14,1,R
W_13873,57,57,A
W_10851,20,1,R
W_22451,2,1,R
W_4726,348,348,A
W_2474,10,21,B_demoted
W_9644,33,33,A
W_11051,1,1,R
W_4244,41,41,A
W_3447,97,97,A
W_817,4245,4245,A
W_4012,1,1,R
W_34568,34,34,A
W_1478,5,5,B_not_promoted
W_3529,33,33,A
W_5118,31,31,A
W_19985,30,6,B_not_promoted
W_7578,274,274,A
W_383,3,1,R
W_34604,194,194,A
W_3447,1,1,R
W_20960,16,8,B_not_promoted
W_10902,4,29,B_demoted
W_45783,649,649,A
W_53262,6,29,B_demoted
W_10577,866,866,A
W_3447,12,11,B_not_promoted
W_2081,22,18,B_not_promoted
W_8937,1,1,R
W_34699,23,19,B_not_promoted
W_59954,31,31,A
W_10313,424,424,A
W_27328,91,91,A
W_35472,16,6,B_not_promoted
W_10526,1,1,R
W_642,989,989,A
W_7257,132,132,A
W_83871,26,14,B_not_promoted
W_39055,14,30,B_demoted
W_8937,4,1,R
W_11535,15,21,B_demoted
W_87425,19,17,B_not_promoted
W_1412,22,11,B_not_promoted
W_3447,4,1,R
W_52660,3,1,R
W_52660,15,2,B_not_promoted
W_5231,11,2,B_not_promoted
W_142008,86,86,A
W_49809,33,33,A
W_142008,12,24,B_demoted
W_34791,3,1,R
W_119158,1,3,B_demoted
W_34791,3,1,R
W_34791,702,702,A
W_34791,68,68,A
W_34791,1,1,R
W_3414,29,22,B_not_promoted
W_3447,12,4,B_not_promoted
W_54461,6,1,R
W_39786,5046,5046,A
W_142008,30,24,B_not_promoted
W_13687,417,417,A
W_142049,6,1,R
W_25030,1,1,R
W_76498,108,108,A
W_4066,5,1,R
W_2474,43,43,A
W_7489,1279,1279,A
W_6784,1,1,R
W_142008,2809,2809,A
W_142008,24,12,B_not_promoted
W_26941,1,1,R
W_7116,104,104,A
W_10838,91,91,A
W_34907,60,60,A
W_142008,805,805,A
W_11484,96,96,A
W_93644,59,59,A
W_142008,21,26,B_demoted
W_23116,4,1,R
W_117450,3,6,B_demoted
W_9290,1,1,R
W_39783,77,77,A
W_142008,87,87,A
W_30668,19,1,R
W_11472,115,115,A
W_51795,275,275,A
W_142008,258,258,A
W_40675,172,172,A
W_13552,106,106,A
W_4690,4,1,R
W_142008,88,88,A
W_27913,245,245,A
W_87758,256,256,A
W_343,1,1,R
W_98770,550,550,A
W_284,12,16,B_demoted
W_3497,25,1,R
W_99743,548,548,A
W_20539,69,69,A
W_27913,24,23,B_not_promoted
W_9263,10,3,B_not_promoted
W_9263,8,7,B_not_promoted
W_2083,5,1,R
W_7762,80,80,A
W_27911,129,129,A
W_102577,99,99,A
W_2930,1,1,R
W_7213,29,6,B_not_promoted
W_40924,1425,1425,A
W_115692,35,35,A
W_42311,1,1,R
W_799,1,1,R
W_115814,6,1,R
W_1033,1,1,R
W_627,62,62,A
W_12460,20,21,B_demoted
W_142439,10,7,B_not_promoted
W_142439,30,29,B_not_promoted
W_21013,581,581,A
W_142440,820,820,A
W_142439,12,2,B_not_promoted
W_142440,9,11,B_demoted
W_142440,14,11,B_not_promoted
W_142439,403,403,A
W_142440,491,491,A
W_142440,4,4,B_not_promoted
W_142440,10,1,R
W_1130,1,1,R
W_1924,1,1,R
W_1478,1,1,R
W_82218,1225,1225,A
W_3237,55,55,A
W_142440,5,6,B_demoted
W_142440,24,2,B_not_promoted
W_5616,65,65,A
W_82218,26,11,B_not_promoted
W_142497,3,1,R
W_142497,44,44,A
W_20710,43,43,A
W_142440,12,4,B_not_promoted
W_142440,4,1,R
W_142440,7,10,B_demoted
W_39785,2,1,R
W_142440,25,3,B_not_promoted
W_142440,9,21,B_demoted
W_35188,37,37,A
W_35206,32,32,A
W_65049,6,28,B_demoted
W_142439,26,26,B_not_promoted
W_1409,330,330,A
W_20120,58,58,A
W_1353,266,266,A
W_21817,341,341,A
W_10428,4,1,R
W_3097,1,1,R
W_116516,497,497,A
W_10526,3,3,B_not_promoted
W_14969,95,95,A
W_3529,1,2,B_demoted
W_125147,46,46,A
W_13216,2,1,R
W_7581,384,384,A
W_53262,39,39,A
W_10848,49,49,A
W_9704,17,12,B_not_promoted
W_10848,260,260,A
W_9262,96,96,A
W_91832,34,34,A
W_11859,556,556,A
W_86795,516,516,A
W_35389,9,1,R
W_2970,4,1,R
W_5388,39,39,A
W_8202,293,293,A
W_3529,24,30,B_demoted
W_11823,1,19,B_demoted
W_3529,8,19,B_demoted
W_20610,1,1,R
W_23627,9,30,B_demoted
W_3529,1,1,R
W_3529,11,21,B_demoted
W_35472,1,1,R
W_35472,35,35,A
W_1153,46,46,A
W_11841,4,1,R
W_23627,19,2,B_not_promoted
W_61921,198,198,A
W_39055,34,34,A
W_29045,17,18,B_demoted
W_103129,258,258,A
W_143052,1921,1921,A
W_143052,24,1,R
W_143052,5,2,B_not_promoted
W_143052,1,1,R
W_143052,254,254,A
W_9131,73,73,A
W_34086,1,1,R
W_82985,84,84,A
W_7583,489,489,A
W_143052,342,342,A
W_143052,207,207,A
W_40675,66,66,A
W_39786,1,2,B_demoted
W_3552,3,1,R
W_39786,5,1,R
W_39786,3,7,B_demoted
W_39786,11,15,B_demoted
W_42453,2060,2060,A
W_27320,1,1,R
W_3552,376,376,A
W_4820,74,74,A
W_3552,2470,2470,A
W_143172,188,188,A
W_143172,15,2,B_not_promoted
W_143172,4586,4586,A
W_143172,72,72,A
W_143172,295,295,A
W_2855,1246,1246,A
W_9703,4,1,R
W_9703,193,193,A
W_3552,69,69,A
W_125863,34,34,A
W_14019,3,1,R
W_3552,1387,1387,A
W_13523,2,1,R
W_12792,26,16,B_not_promoted
W_143172,83,83,A
W_5534,228,228,A
W_7261,1718,1718,A
W_143172,36,36,A
W_143172,29,9,B_not_promoted
W_143172,97,97,A
W_15300,1,1,R
W_7261,1,1,R
W_26111,7,23,B_demoted
W_121495,84,84,A
W_5231,256,256,A
W_7032,8,1,R
W_14599,117,117,A
W_3744,74,74,A
W_32531,1,1,R
W_1792,99,99,A
W_11485,1,1,R
W_59319,185,185,A
W_30678,12,1,R
W_69914,171,171,A
W_69914,46,46,A
W_4012,118,118,A
W_143172,9,1,R
W_115249,55,55,A
W_143172,71,71,A
W_1130,373,373,A
W_39525,1,1,R
W_5687,1,1,R
W_3928,1,1,R
W_4846,36,36,A
W_93644,8,2,B_not_promoted
W_31003,92,92,A
W_114608,630,630,A
W_131020,73,73,A
W_6031,76,76,A
W_11473,428,428,A
W_14599,1324,1324,A
W_53040,1685,1685,A
W_10717,302,302,A
W_97632,524,524,A
W_114408,9,1,R
W_399,259,259,A
W_8535,4,14,B_demoted
W_11516,560,560,A
W_4833,4,1,R
W_3414,2,4,B_demoted
W_19903,8,14,B_demoted
W_4751,3783,3783,A
W_6216,17,1,R
W_4354,127,127,A
W_7578,71,71,A
W_35206,133,133,A
W_40924,61,61,A
W_40702,34,34,A
W_114394,84,84,A
W_343,4,1,R
W_1376,3,11,B_demoted
W_21817,1,15,B_demoted
W_143172,153,153,A
W_8696,1,1,R
W_22581,4706,4706,A
W_3266,112,112,A
W_9276,4,4,B_not_promoted
W_9376,109,109,A
W_6292,7,2,B_not_promoted
W_11051,6,1,R
W_3599,204,204,A
W_10144,2,1,R
W_10913,26,1,R
W_112006,21,15,B_not_promoted
W_2974,1,1,R
W_4354,343,343,A
W_23239,8,1,R
W_61933,6,1,R
W_11552,1985,1985,A
W_103129,401,401,A
W_704,169,169,A
W_36064,1,1,R
W_9350,21,1,R
W_4865,846,846,A
W_26941,15,1,R
W_7495,1,1,R
W_11485,1,1,R
W_28094,86,86,A
W_11785,15,2,B_not_promoted
W_10846,10,7,B_not_promoted
W_38517,353,353,A
W_3057,78,78,A
W_11006,36,36,A
W_116622,11,18,B_demoted
W_22286,299,299,A
W_8696,1,2,B_demoted
W_62433,1497,1497,A
W_14969,2,4,B_demoted
W_43012,1,1,R
W_3353,2,1,R
W_3353,1,1,R
W_10428,3,1,R
W_6437,2,1,R
W_6437,34,34,A
W_18,3,2,B_not_promoted
W_6403,1,1,R
W_4468,31,31,A
W_6437,1,1,R
W_4468,79,79,A
W_111535,1,1,R
W_119473,63,63,A
W_91832,534,534,A
W_40675,1080,1080,A
W_94,111,111,A
W_5687,3,1,R
W_575,1,1,R
W_55861,2,2,B_not_promoted
W_10065,3,8,B_demoted
W_5118,10,2,B_not_promoted
W_14019,7,3,B_not_promoted
W_961,1,1,R
W_5102,17,1,R
W_40675,348,348,A
W_122499,244,244,A
W_129296,313,313,A
W_99743,72,72,A
W_22084,1,1,R
W_4217,7,19,B_demoted
W_41946,30,14,B_not_promoted
W_41946,33,33,A
W_1347,1,1,R
W_10212,4,2,B_not_promoted
W_51795,86,86,A
W_54816,77,77,A
W_3321,5,1,R
W_5915,3,1,R
W_64650,730,730,A
W_41946,10,1,R
W_41946,11,2,B_not_promoted
W_41946,562,562,A
W_144326,1,1,R
W_41946,387,387,A
W_27641,9,1,R
W_41946,54,54,A
W_41946,61,61,A
W_98152,10,28,B_demoted
W_41946,1943,1943,A
W_41946,230,230,A
W_144354,1,1,R
W_142497,3,1,R
W_116565,3,2,B_not_promoted
W_34353,4,28,B_demoted
W_3266,20,1,R
W_10850,1,4,B_demoted
W_22926,42,42,A
W_35206,70,70,A
W_135726,1,1,R
W_22053,8,1,R
W_22084,1,1,R
W_21828,36,36,A
W_52963,3,1,R
W_5549,38,38,A
W_144458,1,1,R
W_2558,2,1,R
W_7961,3,2,B_not_promoted
W_20960,16,1,R
W_1456,1,1,R
W_1378,1,2,B_demoted
W_13695,5,7,B_demoted
W_61207,87,87,A
W_103,3,1,R
W_5555,1,1,R
W_17866,559,559,A
W_3447,35,35,A
W_19748,135,135,A
W_62475,22,11,B_not_promoted
W_31938,245,245,A
W_6292,1466,1466,A
W_2970,92,92,A
W_1002,243,243,A
W_4728,43,43,A
W_144648,2,2,B_not_promoted
W_64395,847,847,A
W_93644,15,1,R
W_4655,5,1,R
W_112097,132,132,A
W_58783,14,1,R
W_144648,466,466,A
W_144648,16,4,B_not_promoted
W_144648,250,250,A
W_144648,674,674,A
W_144648,2572,2572,A
W_144648,1,2,B_demoted
W_39783,895,895,A
W_28687,9,2,B_not_promoted
W_13873,1,7,B_demoted
W_23770,156,156,A
W_12792,53,53,A
W_13698,161,161,A
W_8203,1122,1122,A
W_367,1,1,R
W_124571,33,33,A
W_59319,3,3,B_not_promoted
W_1795,1,1,R
W_1278,1,1,R
W_1002,31,31,A
W_998,1,1,R
W_642,297,297,A
W_15519,3,1,R
W_23544,10,14,B_demoted
W_4642,3,3,B_not_promoted
W_24222,1,1,R
W_56072,4,1,R
W_5555,270,270,A
W_10852,14,4,B_not_promoted
W_19789,3,1,R
W_28784,399,399,A
W_10144,1,1,R
W_23142,9,1,R
W_121296,102,102,A
W_4700,222,222,A
W_4692,371,371,A
W_4704,338,338,A
W_303,16,1,R
W_58781,955,955,A
W_86795,27,18,B_not_promoted
W_11484,192,192,A
W_19943,2,5,B_demoted
W_40924,10,19,B_demoted
W_22945,16,6,B_not_promoted
W_623,96,96,A
W_117791,19,4,B_not_promoted
W_35188,99,99,A
W_45948,42,42,A
W_10253,65,65,A
W_32053,8,1,R
W_23165,12,1,R
W_64766,1983,1983,A
W_23770,334,334,A
W_4854,6,11,B_demoted
W_62086,137,137,A
W_32534,354,354,A
W_9276,16,3,B_not_promoted
W_56366,79,79,A
W_8535,819,819,A
W_13695,4,1,R
W_109122,69,69,A
W_7257,184,184,A
W_623,3,1,R
W_7578,1367,1367,A
W_114742,1,1,R
W_68063,81,81,A
W_142049,150,150,A
W_20097,2,10,B_demoted
W_19912,7,1,R
W_145365,1,1,R
W_7581,207,207,A
W_4702,18,25,B_demoted
W_7264,35,35,A
W_98311,121,121,A
W_43898,523,523,A
W_343,10975,10975,A
W_2083,1199,1199,A
W_2407,57,57,A
W_2407,5,3,B_not_promoted
W_10907,120,120,A
W_1769,1,1,R
W_31938,8,1,R
W_3211,1,1,R
W_26461,392,392,A
W_18507,97,97,A
W_27906,453,453,A
W_13440,7,25,B_demoted
W_1278,2,1,R
W_97414,1,1,R
W_97414,4,11,B_demoted
W_15223,10,15,B_demoted
W_9350,2,1,R
W_28784,34,34,A
W_19985,76,76,A
W_4820,188,188,A
W_23767,742,742,A
W_35206,11,11,B_not_promoted
W_29060,85,85,A
W_4642,203,203,A
W_54466,1,1,R
W_12159,10,13,B_demoted
W_373,1,1,R
W_10845,26,25,B_not_promoted
W_70931,24,17,B_not_promoted
W_20257,222,222,A
W_11785,3840,3840,A
W_116622,1,3,B_demoted
W_38171,42,42,A
W_7264,156,156,A
W_10849,8,1,R
W_10913,132,132,A
W_4698,400,400,A
W_117849,408,408,A
W_25511,19,29,B_demoted
W_4849,19,19,B_not_promoted
W_2855,110,110,A
W_34791,4,1,R
W_2407,462,462,A
W_32408,6,7,B_demoted
W_11841,1,1,R
W_10788,75,75,A
W_642,2,1,R
W_124809,12,1,R
W_3744,1,1,R
W_11474,41,41,A
W_430,6,2,B_not_promoted
W_111906,1041,1041,A
W_375,2,1,R
W_37513,1,1,R
W_19508,48,48,A
W_21352,11,4,B_not_promoted
W_126478,272,272,A
W_22556,2,1,R
W_343,1,1,R
W_8937,1,1,R
W_14969,9,3,B_not_promoted
W_14019,51,51,A
W_12992,1,1,R
W_71702,174,174,A
W_4806,6,1,R
W_11833,262,262,A
W_564,1,1,R
W_15385,1,1,R
W_1305,3,1,R
W_5368,2,1,R
W_2158,44,44,A
W_3174,3,4,B_demoted
W_137560,50,50,A
W_1454,3,1,R
W_5363,156,156,A
W_22451,86,86,A
W_116622,96,96,A
W_59319,167,167,A
W_11667,56,56,A
W_2759,189,189,A
W_2966,1,1,R
W_5095,1,1,R
W_37776,1,1,R
W_121296,73,73,A
W_4755,1,1,R
W_7253,52,52,A
W_2427,47,47,A
W_5233,228,228,A
W_5233,155,155,A
W_138964,15,24,B_demoted
W_138964,2,1,R
W_48320,2585,2585,A
W_138964,9,18,B_demoted
W_138964,7,1,R
W_138964,155,155,A
W_12460,22,3,B_not_promoted
W_6676,5,3,B_not_promoted
W_39520,6,1,R
W_27911,5,4,B_not_promoted
W_138964,129,129,A
W_138964,1,1,R
W_143052,342,342,A
W_424,1,1,R
W_2970,14,17,B_demoted
W_23142,17,1,R
W_6693,2,1,R
W_1412,34,34,A
W_3673,212,212,A
W_3237,33,33,A
W_12937,29,23,B_not_promoted
W_138964,7,1,R
W_11352,196,196,A
W_138964,1,1,R
W_138964,26,1,R
W_28094,1093,1093,A
W_184,2,1,R
W_594,7,1,R
W_14809,448,448,A
W_117417,1490,1490,A
W_2393,148,148,A
W_37947,132,132,A
W_37947,299,299,A
W_82877,351,351,A
W_25489,177,177,A
W_25154,9,1,R
W_7762,162,162,A
W_19748,23,16,B_not_promoted
W_45675,32,32,A
W_78838,11,19,B_demoted
W_21826,258,258,A
W_7583,3,1,R
W_103771,3,1,R
W_4012,13,17,B_demoted
W_5461,1187,1187,A
W_1412,324,324,A
W_13698,59,59,A
W_129436,67,67,A
W_103,1,1,R
W_867,221,221,A
W_103129,449,449,A
W_5500,2,1,R
W_2110,1,1,R
W_146806,91,91,A
W_146806,2,7,B_demoted
W_146806,6,1,R
W_5216,1150,1150,A
W_146806,10,1,R
W_6441,1683,1683,A
W_17053,1,1,R
W_34086,1,1,R
W_21828,1,1,R
W_146806,13,10,B_not_promoted
W_3097,6,2,B_not_promoted
W_11785,1,1,R
W_401,2,5,B_demoted
W_25030,1,1,R
W_19789,2,1,R
W_2427,1,1,R
W_343,1,1,R
W_3221,10,1,R
W_2083,169,169,A
W_2085,1,1,R
W_23772,12,1,R
W_9560,14,1,R
W_10745,61,61,A
W_867,2,1,R
W_56072,6,1,R
W_25621,18,1,R
W_31327,7,2,B_not_promoted
W_2901,38,38,A
W_117450,390,390,A
W_5954,1961,1961,A
W_38171,4,14,B_demoted
W_22581,1,1,R
W_243,52,52,A
W_3203,12,4,B_not_promoted
W_22581,2,1,R
W_22581,1,1,R
W_6163,3,2,B_not_promoted
W_10065,28,24,B_not_promoted
W_122729,25,15,B_not_promoted
W_31383,1,1,R
W_3162,1,1,R
W_42631,200,200,A
W_123840,801,801,A
W_5958,1,1,R
W_1924,1,1,R
W_1924,1,1,R
W_108692,23,16,B_not_promoted
W_209,146,146,A
W_856,3,4,B_demoted
W_167,1051,1051,A
W_8339,2,1,R
W_111510,309,309,A
W_5294,12,1,R
W_580,26,13,B_not_promoted
W_46288,96,96,A
W_5319,1,1,R
W_7279,135,135,A
W_23770,1058,1058,A
W_3839,4,1,R
W_38171,1,1,R
W_3221,1,1,R
W_112640,3,1,R
W_343,8,1,R
W_8387,1,1,R
W_3839,96,96,A
W_3063,165,165,A
W_1456,1,1,R
W_49809,23,6,B_not_promoted
W_42631,90,90,A
W_28493,43,43,A
W_3266,20,3,B_not_promoted
W_2454,29,1,R
W_184,1,1,R
W_11817,10,4,B_not_promoted
W_4700,173,173,A
W_52851,18,8,B_not_promoted
W_5316,3,16,B_demoted
W_4837,16,27,B_demoted
W_38476,5588,5588,A
W_20541,111,111,A
W_28495,137,137,A
W_18,425,425,A
W_38495,1,1,R
W_11472,156,156,A
W_4690,54,54,A
W_42631,112,112,A
W_38429,38,38,A
W_10914,144,144,A
W_38517,664,664,A
W_46288,306,306,A
W_38517,251,251,A
W_38517,92,92,A
W_28184,134,134,A
W_4683,10,3,B_not_promoted
W_24484,73,73,A
W_28495,246,246,A
W_5118,8,1,R
W_7312,1364,1364,A
W_226,1,1,R
W_20960,3,1,R
W_1409,291,291,A
W_9092,289,289,A
W_37513,1,1,R
W_3858,11,8,B_not_promoted
W_9103,1,1,R
W_10685,5,1,R
W_856,1,1,R
W_10790,1,1,R
W_4277,1,1,R
W_144354,1,1,R
W_9626,25,1,R
W_10685,3,1,R
W_3221,1483,1483,A
W_1596,1,1,R
W_10790,238,238,A
W_9643,5,1,R
W_3995,74,74,A
W_303,4,1,R
W_5515,19,14,B_not_promoted
W_10685,14,1,R
W_1616,39,39,A
W_53997,586,586,A
W_9092,35,35,A
W_14229,157,157,A
W_5319,2,1,R
W_25000,1,1,R
W_1616,2,1,R
W_704,1,1,R
W_3928,1,1,R
W_8937,1,1,R
W_5616,5,1,R
W_184,5,2,B_not_promoted
W_7245,1,1,R
W_662,1484,1484,A
W_14229,350,350,A
W_3978,148,148,A
W_3673,548,548,A
W_11785,5,1,R
W_10790,469,469,A
W_3552,2,1,R
W_9103,31,31,A
W_10790,1,1,R
W_3673,220,220,A
W_2301,19,1,R
W_82218,300,300,A
W_3260,12,11,B_not_promoted
W_3260,146,146,A
W_64650,42,42,A
W_45675,13,1,R
W_4829,441,441,A
W_7584,13,11,B_not_promoted
W_5438,16,6,B_not_promoted
W_3552,4,1,R
W_7284,96,96,A
W_21958,180,180,A
W_662,90,90,A
W_10526,10,1,R
W_10212,2,1,R
W_9092,18,1,R
W_121504,253,253,A
W_13523,1,2,B_demoted
W_10526,147,147,A
W_3162,2988,2988,A
W_12937,362,362,A
W_3673,402,402,A
W_303,556,556,A
W_3673,258,258,A
W_3552,188,188,A
W_2301,905,905,A
W_3074,27,2,B_not_promoted
W_2928,6,7,B_demoted
W_1616,1,1,R
W_1153,1,1,R
W_2474,52,52,A
W_1409,7,1,R
W_10790,749,749,A
W_46288,4,1,R
W_22581,4,1,R
W_9092,730,730,A
W_82985,69,69,A
W_38517,166,166,A
W_7581,37,37,A
W_32053,352,352,A
W_10788,9,1,R
W_120968,13,7,B_not_promoted
W_10790,23,1,R
W_3673,63,63,A
W_14229,31,31,A
W_2301,5,1,R
W_303,2,1,R
W_11014,233,233,A
W_2930,1,1,R
W_10685,37,37,A
W_932,571,571,A
W_1812,14,29,B_demoted
W_662,1538,1538,A
W_5461,1266,1266,A
W_10526,36,36,A
W_9092,83,83,A
W_8213,3,1,R
W_10528,4937,4937,A
W_12972,2,1,R
W_2474,10,1,R
W_998,158,158,A
W_8387,2,1,R
W_3074,1,1,R
W_3447,1,1,R
W_3177,1942,1942,A
W_100,6,1,R
W_1616,29,14,B_not_promoted
W_9626,30,21,B_not_promoted
W_3174,7,2,B_not_promoted
W_961,2,1,R
W_1456,2,1,R
W_1478,2,1,R
W_5958,460,460,A
W_1596,7,1,R
W_1130,4,1,R
W_383,3,1,R
W_115249,7,1,R
W_111656,40,40,A
W_401,15,18,B_demoted
W_116516,109,109,A
W_3162,2,1,R
W_1055,50,50,A
W_13691,14,22,B_demoted
W_82200,132,132,A
W_123840,32,32,A
W_23116,214,214,A
W_656,30,1,R
W_233,1,1,R
W_9576,83,83,A
W_11484,212,212,A
W_55861,48,48,A
W_4755,1259,1259,A
W_116516,11,1,R
W_7577,1189,1189,A
W_2855,3,6,B_demoted
W_3904,245,245,A
W_3497,3454,3454,A
W_20960,228,228,A
W_2911,27,20,B_not_promoted
W_39055,3,1,R
W_199,252,252,A
W_2968,216,216,A
W_121852,15,2,B_not_promoted
W_13875,73,73,A
W_12968,16,5,B_not_promoted
W_33804,1,1,R
W_11833,301,301,A
W_120968,17,17,B_not_promoted
W_27328,1,1,R
W_1347,185,185,A
W_580,4,3,B_not_promoted
W_5954,1914,1914,A
W_122254,64,64,A
W_22965,132,132,A
W_7584,8,28,B_demoted
W_30668,303,303,A
W_7580,11,13,B_demoted
W_8203,79,79,A
W_13540,39,39,A
W_3414,26,20,B_not_promoted
W_5141,13,7,B_not_promoted
W_26988,222,222,A
W_3057,347,347,A
W_42997,30,2,B_not_promoted
W_148,66,66,A
W_18507,39,39,A
W_97460,1,20,B_demoted
W_27911,248,248,A
W_11358,319,319,A
W_9132,2,1,R
W_12972,13,13,B_not_promoted
W_4812,25,2,B_not_promoted
W_4820,389,389,A
W_4687,3,3,B_not_promoted
W_75372,267,267,A
W_7878,13,3,B_not_promoted
W_30326,281,281,A
W_32711,317,317,A
W_12972,5,2,B_not_promoted
W_19508,32,32,A
W_4541,1792,1792,A
W_18507,23,4,B_not_promoted
W_9131,23,29,B_demoted
W_50379,333,333,A
W_28221,31,31,A
W_57375,3097,3097,A
W_53262,1303,1303,A
W_4849,76,76,A
W_14501,223,223,A
W_3145,33,33,A
W_42117,35,35,A
W_8213,2,2,B_not_promoted
W_3928,1,1,R
W_2928,597,597,A
W_8535,310,310,A
W_117791,3,4,B_demoted
W_37776,141,141,A
W_1456,28,30,B_demoted
W_2301,3,1,R
W_3074,1,1,R
W_111854,47,47,A
W_26941,1,3,B_demoted
W_3270,1,1,R
W_45675,1095,1095,A
W_126478,93,93,A
W_40034,115,115,A
W_5930,27,1,R
W_22581,1,1,R
W_117849,1,1,R
W_1443,6101,6101,A
W_8213,306,306,A
W_7577,11,1,R
W_22948,538,538,A
W_59952,279,279,A
W_124199,89,89,A
W_111854,104,104,A
W_4779,165,165,A
W_26988,2,1,R
W_5500,69,69,A
W_3074,1,1,R
W_42117,15,12,B_not_promoted
W_2083,2,1,R
W_2976,29,1,R
W_10788,3,5,B_demoted
W_9276,840,840,A
W_5388,1,1,R
W_5461,1,1,R
W_20122,56,56,A
W_1378,6,1,R
W_31725,16,16,B_not_promoted
W_61921,69,69,A
W_4541,3046,3046,A
W_706,83,83,A
W_114947,17,20,B_demoted
W_10212,9,1,R
W_7312,5,1,R
W_20960,2,1,R
W_7312,1599,1599,A
W_20049,20,24,B_demoted
W_114810,66,66,A
W_2081,2,1,R
W_83296,5,2,B_not_promoted
W_33213,78,78,A
W_97460,25,6,B_not_promoted
W_8872,50,50,A
W_39520,1,1,R
W_14809,28,2,B_not_promoted
W_39525,1,1,R
W_13440,3,1,R
W_3092,1,1,R
W_37947,19,1,R
W_8339,98,98,A
W_83296,5,1,R
W_9286,67,67,A
W_4835,30,1,R
W_13222,1,1,R
W_284,51,51,A
W_80336,1,1,R
W_23116,128,128,A
W_3270,2770,2770,A
W_233,518,518,A
W_246,449,449,A
W_706,1114,1114,A
W_26988,16,7,B_not_promoted
W_15519,1,1,R
W_4244,1,1,R
W_3964,2,1,R
W_6753,656,656,A
W_24222,6,3,B_not_promoted
W_3964,58,58,A
W_594,5,1,R
W_14485,4032,4032,A
W_3414,41,41,A
W_64395,433,433,A
W_47639,29,1,R
W_2085,16,1,R
W_11485,1,1,R
W_31938,222,222,A
W_3858,23,21,B_not_promoted
W_4681,12,25,B_demoted
W_116516,14,22,B_demoted
W_961,7,1,R
W_4702,3180,3180,A
W_76174,53,53,A
W_116516,9,11,B_demoted
W_39783,1673,1673,A
W_39785,902,902,A
W_226,1,1,R
W_25489,50,50,A
W_116516,63,63,A
W_14599,13,6,B_not_promoted
W_2083,29,28,B_not_promoted
W_31091,3,1,R
W_20622,1,1,R
W_8850,26,1,R
W_112640,3,1,R
W_26941,5,8,B_demoted
W_5071,2,1,R
W_6210,1380,1380,A
W_9103,3557,3557,A
W_37947,60,60,A
W_143052,8,15,B_demoted
W_27906,288,288,A
W_140437,19,10,B_not_promoted
W_139740,1,1,R
W_6464,1,1,R
W_142497,4168,4168,A
W_118543,1,1,R
W_5552,995,995,A
W_20639,2,1,R
W_399,1,1,R
W_23165,5453,5453,A
W_4277,7,3,B_not_promoted
W_32053,51,51,A
W_4728,1128,1128,A
W_20414,2,4,B_demoted
W_26461,29,12,B_not_promoted
W_233,5750,5750,A
W_115814,1,1,R
W_121495,4,1,R
W_11535,18,19,B_demoted
W_4354,2,1,R
W_3995,1,1,R
W_25154,119,119,A
W_3995,1,1,R
W_10154,3,1,R
W_20610,34,34,A
W_47101,36,36,A
W_3997,1,1,R
W_7229,45,45,A
W_11484,327,327,A
W_7581,126,126,A
W_799,2,1,R
W_42631,203,203,A
W_3997,1,1,R
W_47639,1,1,R
W_6939,20,19,B_not_promoted
W_399,1,1,R
W_179,1,1,R
W_34568,4,1,R
W_5071,125,125,A
W_142497,93,93,A
W_139530,3,1,R
W_140442,1,1,R
W_4687,1,1,R
W_149298,2,1,R
W_149298,4,1,R
W_149298,4,2,B_not_promoted
W_149298,23,1,R
W_149298,145,145,A
W_2966,1,1,R
W_11485,3,9,B_demoted
W_8543,3,28,B_demoted
W_40034,1,1,R
W_4702,576,576,A
W_76174,567,567,A
W_37776,1225,1225,A
W_149298,652,652,A
W_149298,1376,1376,A
W_149298,88,88,A
W_118713,2705,2705,A
W_149298,102,102,A
W_594,784,784,A
W_118713,321,321,A
W_149298,15,1,R
W_3162,5971,5971,A
W_8387,5,1,R
W_26988,50,50,A
W_7489,3,1,R
W_998,29,11,B_not_promoted
W_2966,1,1,R
W_1364,12,23,B_demoted
W_93644,1,1,R
W_401,11,4,B_not_promoted
W_149298,52,52,A
W_9704,29,5,B_not_promoted
W_113981,1939,1939,A
W_7816,122,122,A
W_65049,63,63,A
W_35472,5,19,B_demoted
W_22948,135,135,A
W_7229,291,291,A
W_6417,9,1,R
W_4012,1,1,R
W_7762,332,332,A
W_86939,28,1,R
W_11819,231,231,A
W_7816,225,225,A
W_20120,7,6,B_not_promoted
W_38495,71,71,A
W_57375,196,196,A
W_22556,1,1,R
W_20254,70,70,A
W_21817,48,48,A
W_10576,11,2,B_not_promoted
W_20110,1,2,B_demoted
W_31725,72,72,A
W_11859,57,57,A
W_7279,3,1,R
W_40199,37,37,A
W_40199,64,64,A
W_9006,50,50,A
W_20064,1,1,R
W_121296,348,348,A
W_662,2,1,R
W_109642,72,72,A
W_10141,9,4,B_not_promoted
W_1812,2,1,R
W_99751,1,1,R
W_76574,194,194,A
W_89492,1,2,B_demoted
W_91786,6,1,R
W_38495,162,162,A
W_45783,452,452,A
W_40251,32,32,A
W_7116,33,33,A
W_7247,6,1,R
W_29299,20,1,R
W_42453,23,22,B_not_promoted
W_11641,27,7,B_not_promoted
W_26941,2,1,R
W_13523,1,1,R
W_74362,94,94,A
W_149519,3,10,B_demoted
W_117417,363,363,A
W_149519,3,1,R
W_40671,1,1,R
W_54466,2,20,B_demoted
W_11358,20,16,B_not_promoted
W_54461,1,1,R
W_10852,7,1,R
W_8673,1,1,R
W_243,29,4,B_not_promoted
W_119695,8,3,B_not_promoted
W_149562,52,52,A
W_42453,90,90,A
W_434,59,59,A
W_4468,57,57,A
W_149562,6,1,R
W_149562,128,128,A
W_149562,91,91,A
W_149562,49,49,A
W_209,5,1,R
W_149562,57,57,A
W_149562,4,3,B_not_promoted
W_149562,19,18,B_not_promoted
W_149562,8,1,R
W_149562,772,772,A
W_8850,566,566,A
W_76174,103,103,A
W_1308,3,1,R
W_33804,1,1,R
W_2083,13,23,B_demoted
W_33804,768,768,A
W_143052,2127,2127,A
W_131020,631,631,A
W_149562,9,13,B_demoted
W_40419,1,6,B_demoted
W_149298,53,53,A
W_3063,6,4,B_not_promoted
W_2970,1951,1951,A
W_50523,4,12,B_demoted
W_19353,263,263,A
W_12795,57,57,A
W_19353,620,620,A
W_149562,1,5,B_demoted
W_19353,307,307,A
W_46408,35,35,A
W_14501,56,56,A
W_1308,19,4,B_not_promoted
W_19945,253,253,A
W_375,184,184,A
W_19945,82,82,A
W_19945,78,78,A
W_1409,441,441,A
W_27328,3,1,R
W_22148,1,1,R
W_22451,695,695,A
W_623,215,215,A
W_109122,2,3,B_demoted
W_86939,64,64,A
W_122254,61,61,A
W_175,159,159,A
W_11249,18,1,R
W_9266,7,5,B_not_promoted
W_10338,10,1,R
W_20622,9,1,R
W_9643,38,38,A
W_1443,526,526,A
W_64651,87,87,A
W_26988,3,3,B_not_promoted
W_33804,2,1,R
W_9128,236,236,A
W_15385,7,20,B_demoted
W_6784,2,1,R
W_45948,1060,1060,A
W_21826,3,1,R
W_9560,17,5,B_not_promoted
W_59954,1,3,B_demoted
W_1055,4403,4403,A
W_9262,2,3,B_demoted
W_40120,4,1,R
W_22961,2,4,B_demoted
W_6676,1,1,R
W_4849,73,73,A
W_27919,29,4,B_not_promoted
W_6807,3,1,R
W_6715,7,1,R
W_375,1,1,R
W_9719,97,97,A
W_117883,130,130,A
W_64651,5,24,B_demoted
W_23116,1218,1218,A
W_138964,8,1,R
W_8937,2,1,R
W_118399,97,97,A
W_69073,575,575,A
W_62782,277,277,A
W_2759,85,85,A
W_13549,49,49,A
W_23770,17,19,B_demoted
W_19945,1,18,B_demoted
W_39786,1,1,R
W_7577,92,92,A
W_9103,294,294,A
W_32711,106,106,A
W_4066,10,1,R
W_112097,48,48,A
W_115707,54,54,A
W_4841,41,41,A
W_118399,491,491,A
W_20257,1,1,R
W_4066,6,16,B_demoted
W_40671,4,1,R
W_40671,2507,2507,A
W_23525,6,2,B_not_promoted
W_40675,355,355,A
W_5930,174,174,A
W_9132,9,22,B_demoted
W_40671,39,39,A
W_40671,1,1,R
W_40671,1,1,R
W_3552,449,449,A
W_4066,258,258,A
W_40702,92,92,A
W_8387,67,67,A
W_9358,606,606,A
W_118823,275,275,A
W_12992,2,1,R
W_2110,1,1,R
W_2759,721,721,A
W_34907,33,33,A
W_11652,54,54,A
W_8824,1,1,R
W_20084,129,129,A
W_2976,6,1,R
W_2974,1,1,R
W_1362,450,450,A
W_799,611,611,A
W_6417,890,890,A
W_2966,1,1,R
W_8696,392,392,A
W_226,1,1,R
W_4066,71,71,A
W_731,51,51,A
W_8824,2,1,R
W_27320,2078,2078,A
W_10338,127,127,A
W_27320,44,44,A
W_10913,2891,2891,A
W_42997,944,944,A
W_4066,33,33,A
W_149807,2,1,R
W_149807,35,35,A
W_34568,1,1,R
W_10838,6,6,B_not_promoted
W_21721,14,1,R
W_20069,315,315,A
W_11006,195,195,A
W_19903,1,1,R
W_1456,2,1,R
W_11649,586,586,A
W_5552,521,521,A
W_10838,141,141,A
W_22451,165,165,A
W_4066,6,2,B_not_promoted
W_5930,193,193,A
W_142439,97,97,A
W_129436,851,851,A
W_22286,10,3,B_not_promoted
W_142439,451,451,A
W_4702,7,24,B_demoted
W_121296,9,1,R
W_7312,61,61,A
W_7312,10,1,R
W_114608,265,265,A
W_38495,310,310,A
W_29078,15,14,B_not_promoted
W_4066,184,184,A
W_70887,480,480,A
W_7550,421,421,A
W_40876,3,3,B_not_promoted
W_40876,5,1,R
W_26839,136,136,A
W_6210,346,346,A
W_4066,7,2,B_not_promoted
W_111535,1,1,R
W_4066,9,5,B_not_promoted
W_115251,344,344,A
W_30246,1,1,R
W_11817,30,13,B_not_promoted
W_137560,87,87,A
W_7213,5,10,B_demoted
W_3599,32,32,A
W_1364,11,1,R
W_43997,110,110,A
W_3245,3,8,B_demoted
W_40924,21,1,R
W_39783,94,94,A
W_4762,292,292,A
W_4696,62,62,A
W_114947,214,214,A
W_10212,93,93,A
W_93655,150,150,A
W_29487,174,174,A
W_114712,178,178,A
W_33213,8,1,R
W_20097,2494,2494,A
W_115692,246,246,A
W_7249,285,285,A
W_7961,84,84,A
W_22,332,332,A
W_28687,156,156,A
W_91832,482,482,A
W_17671,320,320,A
W_101220,572,572,A
W_20064,2,4,B_demoted
W_246,1,1,R
W_11833,53,53,A
W_11833,65,65,A
W_11841,73,73,A
W_2110,1,1,R
W_13875,224,224,A
W_11859,150,150,A
W_11859,439,439,A
W_29130,7,1,R
W_34907,41,41,A
W_101001,26,19,B_not_promoted
W_1282,5,1,R
W_40419,100,100,A
W_2855,4,10,B_demoted
W_9103,551,551,A
W_27477,1,4,B_demoted
W_9158,591,591,A
W_15521,10,1,R
W_6784,1,1,R
W_5500,2,4,B_demoted
W_65381,21,25,B_demoted
W_44137,47,47,A
W_121852,83,83,A
W_143052,86,86,A
W_20064,1,1,R
W_92616,41,41,A
W_13693,5,1,R
W_2968,100,100,A
W_2407,298,298,A
W_2407,13,8,B_not_promoted
W_10901,84,84,A
W_4916,71,71,A
W_4812,309,309,A
W_5233,589,589,A
W_82985,46,46,A
W_6394,1,1,R
W_26939,4,1,R
W_47674,102,102,A
W_6549,2,1,R
W_112006,113,113,A
W_27906,245,245,A
W_15300,5,1,R
W_7084,1,1,R
W_7245,1,1,R
W_42997,74,74,A
W_117450,40,40,A
W_117450,3,1,R
W_10526,1,1,R
W_11534,882,882,A
W_28495,347,347,A
W_9266,4,1,R
W_10581,60,60,A
W_3237,966,966,A
W_78838,330,330,A
W_117403,1,1,R
W_101220,110,110,A
W_175,5,1,R
W_7581,397,397,A
W_35395,2464,2464,A
W_3203,3,3,B_not_promoted
W_7084,1,1,R
W_2928,1,1,R
W_48320,2,1,R
W_15521,1,1,R
W_2271,2,1,R
W_53351,286,286,A
W_108692,1,2,B_demoted
W_10313,17,18,B_demoted
W_11352,303,303,A
W_1353,252,252,A
W_4779,1,1,R
W_19912,16,26,B_demoted
W_55442,33,33,A
W_373,36,36,A
W_954,10,1,R
W_11534,45,45,A
W_61207,1767,1767,A
W_68063,47,47,A
W_146806,347,347,A
W_124745,183,183,A
W_63854,29,15,B_not_promoted
W_116565,1,1,R
W_44137,101,101,A
W_103129,260,260,A
W_82985,214,214,A
W_114490,86,86,A
W_11841,3194,3194,A
W_6394,18,1,R
W_82985,708,708,A
W_62086,1,1,R
W_3063,38,38,A
W_375,1,1,R
W_8543,690,690,A
W_17866,7,2,B_not_promoted
W_112097,220,220,A
W_10902,7,28,B_demoted
W_92616,1914,1914,A
W_10913,112,112,A
W_121182,68,68,A
W_24484,463,463,A
W_22945,34,34,A
W_37947,166,166,A
W_19748,38,38,A
W_10901,368,368,A
W_59319,407,407,A
W_9507,2,1,R
W_11817,35,35,A
W_11472,137,137,A
W_12135,145,145,A
W_4277,1,1,R
W_146806,43,43,A
W_25511,136,136,A
W_12542,1,1,R
W_148,156,156,A
W_54461,472,472,A
W_14809,2,1,R
W_5095,3079,3079,A
W_11358,18,4,B_not_promoted
W_117403,451,451,A
W_53351,287,287,A
W_29060,23,8,B_not_promoted
W_706,101,101,A
W_10913,135,135,A
W_6807,1,1,R
W_71473,1,1,R
W_10848,213,213,A
W_11484,115,115,A
W_2759,229,229,A
W_28784,57,57,A
W_15223,52,52,A
W_5216,33,33,A
W_11898,2,1,R
W_14969,9,1,R
W_27919,56,56,A
W_4158,1,2,B_demoted
W_10338,1,1,R
W_127392,103,103,A
W_424,15,28,B_demoted
W_34791,16,1,R
W_10641,49,49,A
W_10641,2159,2159,A
W_117403,15,1,R
W_149562,138,138,A
W_74245,185,185,A
W_9286,25,1,R
W_93655,105,105,A
W_20069,334,334,A
W_30552,23,2,B_not_promoted
W_10641,205,205,A
W_64651,272,272,A
W_19558,41,41,A
W_14620,96,96,A
W_64648,1655,1655,A
W_132426,1549,1549,A
W_64513,1301,1301,A
W_6859,38,38,A
W_21528,42,42,A
W_64513,221,221,A
W_62782,53,53,A
W_8696,1,1,R
W_99751,40,40,A
W_124571,38,38,A
W_122729,2,1,R
W_122729,1,1,R
W_4775,8,4,B_not_promoted
W_4728,29,25,B_not_promoted
W_5616,106,106,A
W_343,7,1,R
W_46408,53,53,A
W_115692,236,236,A
W_118823,115,115,A
W_1412,58,58,A
W_7816,9,10,B_demoted
W_6859,30,21,B_not_promoted
W_21528,88,88,A
W_9724,1,1,R
W_19789,1,1,R
W_6870,4285,4285,A
W_31383,1,3,B_demoted
W_64649,50,50,A
W_64649,16,13,B_not_promoted
W_20960,379,379,A
W_132642,35,35,A
W_19558,51,51,A
W_64649,754,754,A
W_64649,197,197,A
W_64513,4,2,B_not_promoted
W_117403,33,33,A
W_62782,16,1,R
W_21528,33,33,A
W_64652,146,146,A
W_6859,12,1,R
W_64650,8,3,B_not_promoted
W_19558,751,751,A
W_64648,161,161,A
W_85332,165,165,A
W_3904,53,53,A
W_132490,66,66,A
W_5954,35,35,A
W_8850,4,1,R
W_12968,3,8,B_demoted
W_3211,4,1,R
W_3211,3,1,R
W_55068,67,67,A
W_8850,118,118,A
W_246,1,1,R
W_25030,1,1,R
W_112640,1,1,R
W_10253,1,1,R
W_10528,38,38,A
W_20960,13,1,R
W_7495,34,34,A
W_30424,10,1,R
W_9199,1,1,R
W_20097,9,16,B_demoted
W_3237,62,62,A
W_70931,68,68,A
W_9724,19,1,R
W_64513,8,1,R
W_19558,561,561,A
W_21528,121,121,A
W_64648,31,31,A
W_14620,217,217,A
W_64652,374,374,A
W_99743,40,40,A
W_41771,26,1,R
W_125863,209,209,A
W_10212,235,235,A
W_7762,44,44,A
W_246,1,1,R
W_1376,1,3,B_demoted
W_1596,66,66,A
W_115692,257,257,A
W_4865,7,1,R
W_623,6,1,R
W_19955,1,2,B_demoted
W_9263,124,124,A
W_2911,1,1,R
W_20122,253,253,A
W_5930,6,2,B_not_promoted
W_11841,2,1,R
W_4922,1,1,R
W_10528,117,117,A
W_5438,67,67,A
W_9719,4,3,B_not_promoted
W_27641,47,47,A
W_9376,40,40,A
W_22961,1167,1167,A
W_150625,64,64,A
W_150625,252,252,A
W_132426,276,276,A
W_150625,26,1,R
W_64648,66,66,A
W_142008,31,31,A
W_41771,4,1,R
W_150625,204,204,A
W_150625,318,318,A
W_69073,585,585,A
W_14620,263,263,A
W_64652,562,562,A
W_64650,95,95,A
W_11516,480,480,A
W_82985,381,381,A
W_41946,133,133,A
W_30668,60,60,A
W_12992,1,1,R
W_55068,4,1,R
W_112006,97,97,A
W_26839,2,1,R
W_8521,4,1,R
W_4749,1,1,R
W_30424,82,82,A
W_1894,1,1,R
W_37513,1,1,R
W_20610,3,1,R
W_64489,9,20,B_demoted
W_62782,2,1,R
W_132490,8,2,B_not_promoted
W_132642,55,55,A
W_64489,294,294,A
W_132426,4,7,B_demoted
W_132642,22,30,B_demoted
W_64627,190,190,A
W_64648,180,180,A
W_78838,70,70,A
W_9724,39,39,A
W_4687,78,78,A
W_150660,35,35,A
W_150660,155,155,A
W_150660,169,169,A
W_150660,56,56,A
W_150660,280,280,A
W_150660,216,216,A
W_150660,311,311,A
W_150660,186,186,A
W_150660,9,2,B_not_promoted
W_150660,670,670,A
W_64651,26,1,R
W_119473,44,44,A
W_53040,1009,1009,A
W_26542,154,154,A
W_108692,14,8,B_not_promoted
W_32202,1,1,R
W_98152,2837,2837,A
W_115251,42,42,A
W_125147,189,189,A
W_9665,30,13,B_not_promoted
W_68063,52,52,A
W_4158,25,3,B_not_promoted
W_64372,142,142,A
W_10852,12,1,R
W_82146,167,167,A
W_71702,153,153,A
W_3099,14,20,B_demoted
W_119158,3,1,R
W_42054,87,87,A
W_20769,54,54,A
W_7816,20,1,R
W_4217,32,32,A
W_9812,1,1,R
W_122183,2,2,B_not_promoted
W_21826,1,1,R
W_31091,2,1,R
W_3673,115,115,A
W_9704,247,247,A
W_20088,106,106,A
W_12968,2,5,B_demoted
W_6403,2,4,B_demoted
W_9199,1,1,R
W_5363,14,1,R
W_42117,1,1,R
W_53687,6,3,B_not_promoted
W_2110,6,1,R
W_39055,5,14,B_demoted
W_115692,474,474,A
W_424,6,1,R
W_28221,47,47,A
W_20110,111,111,A
W_4217,439,439,A
W_91832,11,8,B_not_promoted
W_132685,3,3,B_not_promoted
W_32531,163,163,A
W_36064,1,11,B_demoted
W_87469,1,2,B_demoted
W_30678,870,870,A
W_70931,135,135,A
W_5071,17,10,B_not_promoted
W_625,122,122,A
W_31725,50,50,A
W_10907,1291,1291,A
W_10907,19,1,R
W_10907,2,2,B_not_promoted
W_12317,7,28,B_demoted
W_83296,9,3,B_not_promoted
W_23165,1,1,R
W_867,8,21,B_demoted
W_8543,3653,3653,A
W_31383,1,2,B_demoted
W_7552,110,110,A
W_4541,209,209,A
W_114712,24,1,R
W_11474,5481,5481,A
W_52227,49,49,A
W_9297,2,1,R
W_8824,9,10,B_demoted
W_127392,142,142,A
W_122602,106,106,A
W_1308,7,1,R
W_10576,153,153,A
W_42311,472,472,A
W_42311,14,27,B_demoted
W_10906,178,178,A
W_20097,1,1,R
W_42311,217,217,A
W_1412,2,1,R
W_42338,319,319,A
W_1650,1,1,R
W_64445,1,1,R
W_28184,2,28,B_demoted
W_6870,26,22,B_not_promoted
W_19955,76,76,A
W_122602,23,21,B_not_promoted
W_11898,27,4,B_not_promoted
W_10212,4,1,R
W_1616,2,1,R
W_98770,6,21,B_demoted
W_10581,47,47,A
W_19955,9,1,R
W_4762,3,14,B_demoted
W_5118,5,10,B_demoted
W_17662,1,1,R
W_91786,58,58,A
W_20049,208,208,A
W_19353,21,3,B_not_promoted
W_28221,1,1,R
W_13698,41,41,A
W_4244,1,1,R
W_114810,239,239,A
W_29045,3,4,B_demoted
W_5118,3,1,R
W_5655,1296,1296,A
W_3245,5,8,B_demoted
W_63932,32,32,A
W_3353,216,216,A
W_575,18,12,B_not_promoted
W_9103,1,1,R
W_5216,1984,1984,A
W_31938,16,4,B_not_promoted
W_4646,76,76,A
W_22945,6,18,B_demoted
W_26461,42,42,A
W_28221,39,39,A
W_4692,7,30,B_demoted
W_2145,194,194,A
W_68063,69,69,A
W_68063,84,84,A
W_23525,2486,2486,A
W_9574,7,17,B_demoted
W_139588,4,2,B_not_promoted
W_29045,250,250,A
W_23525,1,1,R
W_42488,200,200,A
W_61921,76,76,A
W_148,17,1,R
W_30552,1,2,B_demoted
W_47901,1,1,R
W_40120,36,36,A
W_32062,1,1,R
W_42521,11,12,B_demoted
W_4692,315,315,A
W_61921,1046,1046,A
W_11841,39,39,A
W_1305,261,261,A
W_112006,213,213,A
W_61921,1366,1366,A
W_4689,3,11,B_demoted
W_4841,61,61,A
W_13552,53,53,A
W_243,68,68,A
W_23239,3,1,R
W_121182,38,38,A
W_86939,48,48,A
W_98770,21,2,B_not_promoted
W_11652,330,330,A
W_54816,2122,2122,A
W_14809,5,1,R
W_11649,5,1,R
W_23116,1441,1441,A
W_42631,5,1,R
W_6464,263,263,A
W_124809,29,1,R
W_4267,1,1,R
W_11054,388,388,A
W_3057,12,1,R
W_3245,1,1,R
W_122499,31,31,A
W_75372,297,297,A
W_11641,48,48,A
W_64627,139,139,A
W_3203,35,35,A
W_25489,24,1,R
W_13440,2,1,R
W_12795,18,18,B_not_promoted
W_86795,33,33,A
W_841,5,1,R
W_9103,1,1,R
W_40120,7,1,R
W_26839,42,42,A
W_9132,5,3,B_not_promoted
W_22286,3014,3014,A
W_6394,477,477,A
W_32058,19,1,R
W_35206,185,185,A
W_74362,6,1,R
W_5697,1,1,R
W_5102,117,117,A
W_5231,24,2,B_not_promoted
W_20122,6,1,R
W_9671,19,1,R
W_6485,4,24,B_demoted
W_9128,3239,3239,A
W_100,7571,7571,A
W_74362,2,2,B_not_promoted
W_118823,6,1,R
W_642,1,1,R
W_9132,20,3,B_not_promoted
W_3414,185,185,A
W_1792,34,34,A
W_25621,369,369,A
W_52660,33,33,A
W_5555,42,42,A
W_5141,32,32,A
W_37776,62,62,A
W_11859,293,293,A
W_2855,2,1,R
W_9644,413,413,A
W_10154,4,1,R
W_113724,2,1,R
W_184,7,7,B_not_promoted
W_42934,66,66,A
W_6163,1,1,R
W_29380,659,659,A
W_144648,60,60,A
W_144648,8,1,R
W_144648,675,675,A
W_97414,2,2,B_not_promoted
W_11657,25,1,R
W_14861,5,1,R
W_28495,63,63,A
W_11652,1330,1330,A
W_10846,21,9,B_not_promoted
W_24484,204,204,A
W_12168,50,50,A
W_42997,4,1,R
W_42997,401,401,A
W_430,1,1,R
W_3321,76,76,A
W_43012,114,114,A
W_13695,98,98,A
W_6093,3,1,R
W_1650,1487,1487,A
W_5917,1,1,R
W_28221,2,8,B_demoted
W_71702,271,271,A
W_11817,21,1,R
W_121504,1,1,R
W_62086,38,38,A
W_43088,1,1,R
W_11833,557,557,A
W_43088,4669,4669,A
W_11358,16,1,R
W_35188,168,168,A
W_6441,53,53,A
W_7264,273,273,A
W_10526,29,2,B_not_promoted
W_32408,92,92,A
W_45948,164,164,A
W_10216,222,222,A
W_10581,36,36,A
W_121852,389,389,A
W_8872,5,1,R
W_14019,30,17,B_not_promoted
W_7264,4622,4622,A
W_112241,1,7,B_demoted
W_82877,19,1,R
W_20162,727,727,A
W_3057,2,1,R
W_3063,16,10,B_not_promoted
W_184,1070,1070,A
W_26687,890,890,A
W_13204,42,42,A
W_15385,1,1,R
W_43195,2,1,R
W_43195,7,1,R
W_5555,1,1,R
W_117849,5,1,R
W_30424,99,99,A
W_7552,2,1,R
W_564,1,1,R
W_8203,228,228,A
W_20069,58,58,A
W_12031,201,201,A
W_12031,26,5,B_not_promoted
W_115728,2,1,R
W_7583,7,5,B_not_promoted
W_124745,7,1,R
W_99751,60,60,A
W_14379,109,109,A
W_11641,332,332,A
W_13695,5,27,B_demoted
W_20610,2,1,R
W_12168,12,1,R
W_8824,1,1,R
W_4810,162,162,A
W_82877,2,1,R
W_54466,2,1,R
W_20084,123,123,A
W_22945,12,29,B_demoted
W_20257,333,333,A
W_122815,64,64,A
W_9574,112,112,A
W_11850,28,1,R
W_38495,728,728,A
W_3074,133,133,A
W_3321,73,73,A
W_12137,8,4,B_not_promoted
W_12137,14,27,B_demoted
W_11794,123,123,A
W_58783,149,149,A
W_118399,132,132,A
W_44137,175,175,A
W_28495,102,102,A
W_10907,75,75,A
W_137560,1,8,B_demoted
W_143052,1,1,R
W_31383,4,2,B_not_promoted
W_40199,102,102,A
W_64445,1,1,R
W_17662,1,1,R
W_103771,1051,1051,A
W_79329,17,1,R
W_13695,11,1,R
W_21013,7,1,R
W_40120,198,198,A
W_14809,4504,4504,A
W_13695,4,1,R
W_103129,328,328,A
W_22154,672,672,A
W_114712,59,59,A
W_123840,24,1,R
W_9290,44,44,A
W_4854,91,91,A
W_4843,11,8,B_not_promoted
W_27906,119,119,A
W_117450,81,81,A
W_243,8,2,B_not_promoted
W_4814,177,177,A
W_4816,109,109,A
W_4655,18,3,B_not_promoted
W_14019,2,29,B_demoted
W_82146,694,694,A
W_1769,8,1,R
W_26939,4,8,B_demoted
W_867,1,1,R
W_5363,6,11,B_demoted
W_98311,38,38,A
W_434,24,1,R
W_29130,18,6,B_not_promoted
W_42521,34,34,A
W_4812,85,85,A
W_1616,102,102,A
W_121504,2455,2455,A
W_20622,3,1,R
W_9266,4,1,R
W_111656,49,49,A
W_13216,87,87,A
W_5363,257,257,A
W_151781,13,17,B_demoted
W_151781,24,1,R
W_8521,1,1,R
W_8673,174,174,A
W_32053,199,199,A
W_10472,11578,11578,A
W_3964,52,52,A
W_3414,81,81,A
W_34568,55,55,A
W_38495,683,683,A
W_73656,383,383,A
W_1017,12,3,B_not_promoted
W_7084,22,1,R
W_434,8,1,R
W_3145,5,2,B_not_promoted
W_22451,28,23,B_not_promoted
W_14485,1,1,R
W_24484,37,37,A
W_24484,11,24,B_demoted
W_111991,1,1,R
W_52177,9,6,B_not_promoted
W_9644,1,1,R
W_4354,1,1,R
W_146806,28,1,R
W_10901,113,113,A
W_39783,8,1,R
W_4816,77,77,A
W_42488,4,17,B_demoted
W_7312,21,1,R
W_75372,298,298,A
W_9286,63,63,A
W_9671,131,131,A
W_26111,146,146,A
W_11358,985,985,A
W_9004,1,1,R
W_4887,56,56,A
W_114606,55,55,A
W_109122,58,58,A
W_3174,1,1,R
W_32531,1,1,R
W_6753,4,1,R
W_15300,1,1,R
W_11833,1445,1445,A
W_7253,22,1,R
W_9262,34,34,A
W_68063,739,739,A
W_11472,3,1,R
W_1308,2,1,R
W_9671,137,137,A
W_7818,31,31,A
W_11472,247,247,A
W_11472,171,171,A
W_32531,1,1,R
W_3221,3323,3323,A
W_22936,109,109,A
W_12255,89,89,A
W_23142,2,1,R
W_15385,1412,1412,A
W_9507,16,15,B_not_promoted
W_2966,1,1,R
W_6394,2,1,R
W_9132,4,1,R
W_19985,511,511,A
W_8543,707,707,A
W_115692,2605,2605,A
W_2911,161,161,A
W_2911,195,195,A
W_34728,259,259,A
W_65609,645,645,A
W_1353,1,1,R
W_3203,129,129,A
W_6730,2,1,R
W_112006,4,2,B_not_promoted
W_71702,11,22,B_demoted
W_37776,2,1,R
W_27320,7,1,R
W_10845,13,1,R
W_9266,6,16,B_demoted
W_11474,89,89,A
W_43997,28,25,B_not_promoted
W_69970,3,3,B_not_promoted
W_69970,165,165,A
W_5515,3,5,B_demoted
W_2658,1901,1901,A
W_3529,9,24,B_demoted
W_111656,106,106,A
W_7032,2,1,R
W_119996,31,31,A
W_20541,499,499,A
W_20541,17,1,R
W_11785,1,1,R
W_5555,20,12,B_not_promoted
W_7032,2,1,R
W_10313,61,61,A
W_175,111,111,A
W_114712,31,31,A
W_11819,622,622,A
W_161,8,2,B_not_promoted
W_11657,25,27,B_demoted
W_127547,37,37,A
W_226,1,1,R
W_2085,91,91,A
W_64766,8,1,R
W_22286,8,5,B_not_promoted
W_10313,812,812,A
W_10914,246,246,A
W_13540,94,94,A
W_7878,1235,1235,A
W_43195,1,1,R
W_15521,18,1,R
W_6784,3,1,R
W_4939,123,123,A
W_83873,58,58,A
W_121296,29,1,R
W_3353,1,1,R
W_6715,106,106,A
W_22148,1,1,R
W_91786,21,1,R
W_33213,256,256,A
W_3673,84,84,A
W_8202,1,1,R
W_34728,7,1,R
W_20769,8,5,B_not_promoted
W_27579,46,46,A
W_4277,1,1,R
W_23544,94,94,A
W_13873,18,5,B_not_promoted
W_7032,1,1,R
W_75372,416,416,A
W_5141,1,1,R
W_144354,2,1,R
W_144354,750,750,A
W_9290,19,4,B_not_promoted
W_10901,316,316,A
W_19417,48,48,A
W_50379,141,141,A
W_45948,1,2,B_demoted
W_108692,8,12,B_demoted
W_4700,109,109,A
W_98770,5,30,B_demoted
W_2901,6,3,B_not_promoted
W_8937,76,76,A
W_69073,265,265,A
W_6859,10,1,R
W_26839,1449,1449,A
W_64513,16,6,B_not_promoted
W_9719,166,166,A
W_10641,2,1,R
W_64649,181,181,A
W_6859,184,184,A
W_85332,15,1,R
W_26839,51,51,A
W_64489,5,1,R
W_91786,128,128,A
W_184,6,2,B_not_promoted
W_8339,2,1,R
W_10144,1,1,R
W_13216,1,1,R
W_4655,67,67,A
W_28493,3,7,B_demoted
W_135726,9,1,R
W_83296,340,340,A
W_126096,33,33,A
W_27164,73,73,A
W_108692,103,103,A
W_101001,41,41,A
W_111854,113,113,A
W_51795,38,38,A
W_161,7,1,R
W_13204,12,1,R
W_679,1,1,R
W_19955,1,1,R
W_122602,1,1,R
W_10850,921,921,A
W_7202,37,37,A
W_134666,3,1,R
W_11657,12,1,R
W_20639,13,1,R
W_40120,7,1,R
W_26687,1,1,R
W_26988,4,1,R
W_21695,52,52,A
W_4922,1,1,R
W_47901,366,366,A
W_8521,1,1,R
W_25030,3,2,B_not_promoted
W_23525,8,1,R
W_113981,177,177,A
W_11352,137,137,A
W_12795,153,153,A
W_145365,5,1,R
W_1364,17,1,R
W_87425,283,283,A
W_14238,10,8,B_not_promoted
W_58781,90,90,A
W_7032,1,1,R
W_8937,205,205,A
W_71702,16,1,R
W_4816,5,6,B_demoted
W_12317,79,79,A
W_111906,106,106,A
W_8387,1,1,R
W_148,6,6,B_not_promoted
W_4685,455,455,A
W_5316,149,149,A
W_112097,817,817,A
W_12140,31,31,A
W_4685,86,86,A
W_52660,4110,4110,A
W_9103,3491,3491,A
W_114608,1272,1272,A
W_13204,11,2,B_not_promoted
W_20110,277,277,A
W_58783,331,331,A
W_26941,168,168,A
W_4865,2,1,R
W_22148,3,2,B_not_promoted
W_28784,13,1,R
W_52851,3,3,B_not_promoted
W_2393,7,1,R
W_8850,94,94,A
W_42117,511,511,A
W_1769,2282,2282,A
W_12795,1194,1194,A
W_20097,359,359,A
W_26939,46,46,A
W_21025,1,1,R
W_11898,575,575,A
W_4755,1,1,R
W_13204,4,1,R
W_6417,35,35,A
W_226,1,1,R
W_841,1,1,R
W_5912,50,50,A
W_34907,123,123,A
W_15385,2,1,R
W_5141,18,11,B_not_promoted
W_92417,709,709,A
W_961,50,50,A
W_6097,585,585,A
W_26839,319,319,A
W_19558,19,3,B_not_promoted
W_64649,396,396,A
W_132642,573,573,A
W_23525,1,1,R
W_24484,94,94,A
W_21352,2,1,R
W_10065,164,164,A
W_6394,2,1,R
W_4762,3,1,R
W_44435,61,61,A
W_21826,28,2,B_not_promoted
W_20064,1,1,R
W_22451,5,1,R
W_8850,16,1,R
W_9133,1,1,R
W_32058,2,1,R
W_111656,116,116,A
W_98311,439,439,A
W_34907,386,386,A
W_10253,20,2,B_not_promoted
W_9297,2,1,R
W_51980,8,1,R
W_462,2,1,R
W_5958,121,121,A
W_1454,2,1,R
W_10851,13,4,B_not_promoted
W_4814,296,296,A
W_37513,1,1,R
W_7202,2,17,B_demoted
W_20064,1,1,R
W_1454,1,1,R
W_2966,2,1,R
W_4702,53,53,A
W_21025,11,8,B_not_promoted
W_20005,58,58,A
W_10129,2,1,R
W_1616,8,1,R
W_6715,4,1,R
W_10914,131,131,A
W_11387,5,1,R
W_25621,24,17,B_not_promoted
W_52227,35,35,A
W_343,1,11,B_demoted
W_25030,1,1,R
W_148,489,489,A
W_11535,39,39,A
W_2901,133,133,A
W_10838,487,487,A
W_6216,3741,3741,A
W_4945,14,1,R
W_38495,1,1,R
W_10237,1,1,R
W_121504,1,2,B_demoted
W_6453,48,48,A
W_151781,27,3,B_not_promoted
W_7279,5,3,B_not_promoted
W_25154,101,101,A
W_706,1,1,R
W_2976,14,1,R
W_2974,1,1,R
W_209,38,38,A
W_1305,53,53,A
W_12968,66,66,A
W_8202,1,1,R
W_3057,1,1,R
W_10717,163,163,A
W_7550,1152,1152,A
W_152634,2,1,R
W_2145,33,33,A
W_4468,8,1,R
W_85332,34,34,A
W_19558,166,166,A
W_27894,104,104,A
W_152634,6,2,B_not_promoted
W_117403,305,305,A
W_62782,4,2,B_not_promoted
W_2454,1186,1186,A
W_118849,1,1,R
W_134666,5,1,R
W_5316,20,9,B_not_promoted
W_5294,140,140,A
W_4884,153,153,A
W_2145,16,4,B_not_promoted
W_28094,1,18,B_demoted
W_7257,80,80,A
W_23767,37,37,A
W_12137,146,146,A
W_46408,118,118,A
W_10781,40,40,A
W_33213,36,36,A
W_33213,111,111,A
W_29299,12,1,R
W_11823,222,222,A
W_148,783,783,A
W_4846,29,5,B_not_promoted
W_33213,1318,1318,A
W_64445,1,1,R
W_43195,1,1,R
W_21025,36,36,A
W_33213,2650,2650,A
W_118849,1,1,R
W_12992,1,2,B_demoted
W_32408,28,5,B_not_promoted
W_115692,617,617,A
W_209,554,554,A
W_1939,49,49,A
W_4820,670,670,A
W_111854,588,588,A
W_32062,1,1,R
W_23239,1,1,R
W_150625,1,1,R
W_115692,414,414,A
W_20710,35,35,A
W_38476,3,1,R
W_20185,17,13,B_not_promoted
W_3995,73,73,A
W_3997,11,1,R
W_14599,298,298,A
W_132987,78,78,A
W_434,353,353,A
W_77153,16,3,B_not_promoted
W_19508,63,63,A
W_52963,8182,8182,A
W_6163,1,1,R
W_625,45,45,A
W_2696,83,83,A
W_2855,45,45,A
W_8824,1,1,R
W_117791,147,147,A
W_775,6,1,R
W_284,11,13,B_demoted
W_1378,4,2,B_not_promoted
W_75372,162,162,A
W_22556,25,3,B_not_promoted
W_1378,18,1,R
W_11054,80,80,A
W_9626,1,1,R
W_3353,206,206,A
W_39055,51,51,A
W_5500,4,1,R
W_38495,82,82,A
W_11652,25,24,B_not_promoted
W_4646,24,27,B_demoted
W_7961,53,53,A
W_52851,3,3,B_not_promoted
W_5071,3,1,R
W_63932,318,318,A
W_49809,635,635,A
W_20254,89,89,A
W_33804,1843,1843,A
W_22148,6,4,B_not_promoted
W_114947,13,15,B_demoted
W_132900,2,1,R
W_7878,125,125,A
W_22948,142,142,A
W_25113,7,1,R
W_9812,477,477,A
W_9719,53,53,A
W_3097,1,1,R
W_22286,1030,1030,A
W_1939,508,508,A
W_11054,10,4,B_not_promoted
W_117403,18,3,B_not_promoted
W_11819,57,57,A
W_3063,205,205,A
W_42117,54,54,A
W_11649,5,5,B_not_promoted
W_10129,1,1,R
W_62475,4,2,B_not_promoted
W_13127,42,42,A
W_14969,2,10,B_demoted
W_5930,136,136,A
W_623,2,1,R
W_9626,2,1,R
W_4837,2,1,R
W_122499,775,775,A
W_9671,380,380,A
W_132987,505,505,A
W_9644,90,90,A
W_9719,529,529,A
W_28184,255,255,A
W_76498,10,5,B_not_promoted
W_35472,1128,1128,A
W_5231,47,47,A
W_19789,1,1,R
W_38476,1,1,R
W_117883,272,272,A
W_3599,3,10,B_demoted
W_25000,2,1,R
W_4646,129,129,A
W_3744,6,1,R
W_47101,17,1,R
W_994,1,1,R
W_15519,1,1,R
W_623,3,1,R
W_8339,3,1,R
W_5917,5,1,R
W_706,509,509,A
W_112640,93,93,A
W_10253,1,1,R
W_20064,1,1,R
W_4945,11,25,B_demoted
W_41771,24,3,B_not_promoted
W_1017,1,1,R
W_841,15,1,R
W_21025,24,1,R
W_114947,23,1,R
W_11474,25,6,B_not_promoted
W_932,86,86,A
W_137560,1,1,R
W_23525,151,151,A
W_5162,617,617,A
W_13523,77,77,A
W_27790,2,1,R
W_89492,44,44,A
W_11352,61,61,A
W_124745,3,3,B_not_promoted
W_4541,8,12,B_demoted
W_132426,664,664,A
W_64627,249,249,A
W_4541,2,8,B_demoted
W_24522,86,86,A
W_6216,282,282,A
W_38429,21,10,B_not_promoted
W_64652,134,134,A
W_11516,154,154,A
W_64627,14,18,B_demoted
W_14620,45,45,A
W_31938,466,466,A
W_5438,43,43,A
W_20088,11,6,B_not_promoted
W_24522,756,756,A
W_97632,81,81,A
W_51980,23,1,R
W_80336,1150,1150,A
W_111991,1,1,R
W_69073,480,480,A
W_132426,815,815,A
W_10717,29,1,R
W_40120,23,1,R
W_21352,4,1,R
W_13204,77,77,A
W_25489,473,473,A
W_20005,20,11,B_not_promoted
W_7312,352,352,A
W_6602,2,1,R
W_39783,9,2,B_not_promoted
W_97632,2,1,R
W_13873,795,795,A
W_4852,86,86,A
W_4852,149,149,A
W_4867,125,125,A
W_115251,47,47,A
W_116622,9,1,R
W_4826,235,235,A
W_27919,351,351,A
W_13875,40,40,A
W_13875,112,112,A
W_40251,10,3,B_not_promoted
W_5687,1,1,R
W_11833,60,60,A
W_10745,6,3,B_not_promoted
W_117791,298,298,A
W_817,1,1,R
W_6403,4,1,R
W_11474,81,81,A
W_23116,12,22,B_demoted
W_5552,20,28,B_demoted
W_20069,38,38,A
W_7253,48,48,A
W_4698,168,168,A
W_4683,203,203,A
W_3177,456,456,A
W_2930,7,1,R
W_27906,1,1,R
W_9290,11,1,R
W_9158,323,323,A
W_29060,8,14,B_demoted
W_7818,103,103,A
W_21826,1678,1678,A
W_10851,47,47,A
W_45675,2,1,R
W_45675,5,11,B_demoted
W_14662,2,1,R
W_45675,12,1,R
W_45675,1,1,R
W_82985,683,683,A
W_45675,1,1,R
W_64489,39,39,A
W_71473,32,32,A
W_7253,334,334,A
W_4700,68,68,A
W_14861,17,6,B_not_promoted
W_56781,2,11,B_demoted
W_13204,1,1,R
W_424,18,20,B_demoted
W_12937,21,18,B_not_promoted
W_45783,47,47,A
W_45783,630,630,A
W_4806,20,12,B_not_promoted
W_45783,1137,1137,A
W_45783,397,397,A
W_1650,1,1,R
W_103,1,1,R
W_23544,66,66,A
W_11387,5,13,B_demoted
W_9266,2,1,R
W_117791,1032,1032,A
W_29045,68,68,A
W_4541,34,34,A
W_15223,24,11,B_not_promoted
W_6693,2,1,R
W_367,214,214,A
W_5319,7626,7626,A
W_30326,2,1,R
W_38429,104,104,A
W_9128,433,433,A
W_152634,6,1,R
W_961,4611,4611,A
W_113981,1253,1253,A
W_52227,2,1,R
W_22945,10,8,B_not_promoted
W_14229,136,136,A
W_3174,2,3,B_demoted
W_145365,1,1,R
W_4846,178,178,A
W_45948,147,147,A
W_45948,1,18,B_demoted
W_23239,1,10,B_demoted
W_9704,5,13,B_demoted
W_10914,97,97,A
W_679,4,1,R
W_7762,15,1,R
W_42338,1,1,R
W_55442,4,13,B_demoted
W_40675,205,205,A
W_32058,1,1,R
W_24222,3,2,B_not_promoted
W_8696,3,1,R
W_3221,50,50,A
W_11535,25,20,B_not_promoted
W_64650,322,322,A
W_20122,5,1,R
W_20710,50,50,A
W_20610,1,1,R
W_111510,91,91,A
W_42054,1988,1988,A
W_6102,1,1,R
W_31003,6,2,B_not_promoted
W_37947,5,2,B_not_promoted
W_462,719,719,A
W_121852,103,103,A
W_17866,76,76,A
W_62433,178,178,A
W_22,3,16,B_demoted
W_63932,9,9,B_not_promoted
W_2974,4,1,R
W_32408,76,76,A
W_4820,807,807,A
W_31327,1,1,R
W_5687,1,2,B_demoted
W_153900,11,2,B_not_promoted
W_153900,12,9,B_not_promoted
W_153900,12,5,B_not_promoted
W_153900,217,217,A
W_153900,2,1,R
W_153900,16,10,B_not_promoted
W_153900,17,1,R
W_153900,19,6,B_not_promoted
W_153900,1322,1322,A
W_4685,432,432,A
W_153900,1,1,R
W_24222,10,1,R
W_153900,1,1,R
W_14485,1,1,R
W_6536,1,1,R
W_39520,15,1,R
W_27911,70,70,A
W_106883,489,489,A
W_119158,2,4,B_demoted
W_11473,12,1,R
W_462,115,115,A
W_153900,24,28,B_demoted
W_87469,1,15,B_demoted
W_9132,4,1,R
W_41771,31,31,A
W_17053,1,5,B_demoted
W_3057,1,1,R
W_114712,67,67,A
W_5915,33,33,A
W_4692,217,217,A
W_9665,16,1,R
W_9158,23,1,R
W_46288,2,1,R
W_5233,583,583,A
W_65381,398,398,A
W_65609,91,91,A
W_10144,1,1,R
W_1017,1,1,R
W_23116,102,102,A
W_30209,3,1,R
W_21817,52,52,A
W_19912,17,7,B_not_promoted
W_10845,35,35,A
W_135726,1,1,R
W_21695,8,1,R
W_7489,53,53,A
W_91832,95,95,A
W_6870,1045,1045,A
W_3097,1,1,R
W_4642,1,1,R
W_209,94,94,A
W_22235,465,465,A
W_4646,59,59,A
W_63932,37,37,A
W_12317,6,1,R
W_15223,20,1,R
W_2928,1,1,R
W_9092,173,173,A
W_625,63,63,A
W_10788,4,1,R
W_424,5,1,R
W_61207,147,147,A
W_115707,147,147,A
W_2393,5,1,R
W_20069,65,65,A
W_114810,8,25,B_demoted
W_27320,1,1,R
W_11352,183,183,A
W_109122,1511,1511,A
W_121360,183,183,A
W_54461,10,1,R
W_31091,1060,1060,A
W_40924,256,256,A
W_4806,219,219,A
W_40924,105,105,A
W_124199,35,35,A
W_10065,2,17,B_demoted
W_111408,355,355,A
W_79329,6,7,B_demoted
W_7027,350,350,A
W_52660,1,1,R
W_1412,2,9,B_demoted
W_5294,16,27,B_demoted
W_139530,2,1,R
W_10848,69,69,A
W_9199,1,1,R
W_9199,1,1,R
W_9199,15,1,R
W_1454,3,1,R
W_5363,13,1,R
W_9199,4,1,R
W_11387,38,38,A
W_9199,2,3,B_demoted
W_4867,693,693,A
W_994,8,1,R
W_14379,1,1,R
W_167,3,1,R
W_9199,15,1,R
W_127392,16,1,R
W_32058,1,1,R
W_9276,58,58,A
W_27894,523,523,A
W_40671,7,1,R
W_12031,18,20,B_demoted
W_40675,101,101,A
W_20088,31,31,A
W_20069,99,99,A
W_2145,246,246,A
W_19945,321,321,A
W_154901,1,1,R
W_154901,23,10,B_not_promoted
W_122499,1352,1352,A
W_52227,1,1,R
W_40702,2358,2358,A
W_21013,370,370,A
W_4685,62,62,A
W_46851,89,89,A
W_9507,9,5,B_not_promoted
W_10338,1,1,R
W_4687,1,1,R
W_17866,5,1,R
W_4689,1,4,B_demoted
W_775,51,51,A
W_4690,5,7,B_demoted
W_114606,12,3,B_not_promoted
W_9271,9,21,B_demoted
W_5102,5,2,B_not_promoted
W_112006,171,171,A
W_37947,4,1,R
W_4833,5,1,R
W_39525,1,1,R
W_4694,22,3,B_not_promoted
W_373,48,48,A
W_134666,2,1,R
W_4700,641,641,A
W_43088,3,1,R
W_882,18,16,B_not_promoted
W_1792,67,67,A
W_4702,2,1,R
W_4704,162,162,A
W_3074,220,220,A
W_28094,82,82,A
W_3245,520,520,A
W_10313,24,16,B_not_promoted
W_9507,1,1,R
W_43898,219,219,A
W_199,2,2,B_not_promoted
W_47101,2,2,B_not_promoted
W_47101,368,368,A
W_47101,55,55,A
W_1002,1,1,R
W_39525,1,1,R
W_4755,1,1,R
W_9271,9,1,R
W_56072,1,1,R
W_27894,145,145,A
W_54816,167,167,A
W_9574,175,175,A
W_11798,1455,1455,A
W_32711,363,363,A
W_29078,56,56,A
W_115251,557,557,A
W_580,6,1,R
W_4687,7,12,B_demoted
W_4696,13,2,B_not_promoted
W_4698,175,175,A
W_4690,9,1,R
W_4702,19,1,R
W_34604,922,922,A
W_45783,20,15,B_not_promoted
W_20622,51,51,A
W_9574,195,195,A
W_4843,162,162,A
W_4726,1,1,R
W_103771,77,77,A
W_124745,2,2,B_not_promoted
W_146806,89,89,A
W_128680,327,327,A
W_26939,5,1,R
W_5095,5,1,R
W_12317,4,4,B_not_promoted
W_4726,4,1,R
W_11352,92,92,A
W_7247,21,1,R
W_42934,20,20,B_not_promoted
W_4728,1,1,R
W_149298,31,31,A
W_367,4,1,R
W_25154,40,40,A
W_4704,64,64,A
W_16560,1,1,R
W_50939,2,23,B_demoted
W_1055,119,119,A
W_43898,1,1,R
W_26461,77,77,A
W_10847,39,39,A
W_19748,52,52,A
W_5552,101,101,A
W_233,1,1,R
W_15385,43,43,A
W_114490,28,8,B_not_promoted
W_114490,173,173,A
W_114490,149,149,A
W_38429,43,43,A
W_114408,76,76,A
W_10849,19,24,B_demoted
W_121401,9,1,R
W_121401,24,24,B_not_promoted
W_3529,52,52,A
W_27790,2,1,R
W_4749,7,15,B_demoted
W_7202,11,2,B_not_promoted
W_179,1102,1102,A
W_4751,1,1,R
W_10141,34,34,A
W_6093,35,35,A
W_40419,8,9,B_demoted
W_9571,68,68,A
W_9271,418,418,A
W_3978,1,1,R
W_4755,1,1,R
W_19955,9,1,R
W_4755,1,1,R
W_30209,6,18,B_demoted
W_6939,15,3,B_not_promoted
W_5095,182,182,A
W_4762,1,1,R
W_9703,1701,1701,A
W_12135,99,99,A
W_79329,662,662,A
W_2301,4,1,R
W_9131,1,10,B_demoted
W_47639,1,1,R
W_47639,2,1,R
W_3077,15,2,B_not_promoted
W_50523,1636,1636,A
W_4833,1,1,R
W_9266,3,4,B_demoted
W_51795,215,215,A
W_4767,4,1,R
W_31938,1315,1315,A
W_4767,5,3,B_not_promoted
W_12135,18,1,R
W_11779,48,48,A
W_10641,6,1,R
W_5319,1,1,R
W_401,7,3,B_not_promoted
W_156124,10,2,B_not_promoted
W_156124,24,20,B_not_promoted
W_156124,63,63,A
W_156124,62,62,A
W_116516,37,37,A
W_4775,4,1,R
W_4779,2,1,R
W_5697,7,2,B_not_promoted
W_56366,3474,3474,A
W_17662,134,134,A
W_99751,1,1,R
W_11471,24,27,B_demoted
W_8339,9,1,R
W_10141,65,65,A
W_23627,202,202,A
W_118543,1,1,R
W_2454,16,29,B_demoted
W_4468,1017,1017,A
W_5724,30,1,R
W_7229,50,50,A
W_11535,614,614,A
W_5958,1,1,R
W_1305,4,1,R
W_20622,165,165,A
W_4694,282,282,A
W_4694,39,39,A
W_118849,1,1,R
W_1769,4,1,R
W_47901,1,1,R
W_6859,29,1,R
W_49809,21,25,B_demoted
W_30235,274,274,A
W_11652,126,126,A
W_6693,72,72,A
W_26988,4,1,R
W_14501,1,1,R
W_20005,17,12,B_not_promoted
W_12168,10,3,B_not_promoted
W_47901,2,1,R
W_6859,1597,1597,A
W_31091,17,1,R
W_4779,1,1,R
W_4646,24,1,R
W_132642,14,1,R
W_9724,38,38,A
W_1308,2768,2768,A
W_7261,114,114,A
W_7261,1,1,R
W_7261,1,1,R
W_10851,24,21,B_not_promoted
W_63932,35,35,A
W_40251,36,36,A
W_3321,58,58,A
W_4854,661,661,A
W_7261,1390,1390,A
W_4801,7,2,B_not_promoted
W_44435,135,135,A
W_6031,81,81,A
W_13695,86,86,A
W_26461,41,41,A
W_3063,6,11,B_demoted
W_4775,88,88,A
W_21721,17,11,B_not_promoted
W_4801,193,193,A
W_20541,240,240,A
W_118823,78,78,A
W_22148,8,1,R
W_9276,209,209,A
W_656,8,1,R
W_7264,1,1,R
W_68897,21,13,B_not_promoted
W_123334,190,190,A
W_117883,58,58,A
W_8387,2,1,R
W_4812,66,66,A
W_23165,3,1,R
W_11051,1,1,R
W_1276,1,1,R
W_2966,1,1,R
W_59150,1,1,R
W_4816,134,134,A
W_17662,1,1,R
W_17662,1,1,R
W_5500,1,1,R
W_156539,46,46,A
W_156542,1,1,R
W_399,2,1,R
W_1108,1644,1644,A
W_10717,47,47,A
W_12992,4,1,R
W_6693,5,11,B_demoted
W_12795,28,2,B_not_promoted
W_4826,1,1,R
W_1347,5,24,B_demoted
W_4867,211,211,A
W_20064,3,1,R
W_799,1,1,R
W_39525,1,1,R
W_167,71,71,A
W_383,2,1,R
W_26939,4236,4236,A
W_10212,166,166,A
W_17671,97,97,A
W_48320,2,1,R
W_48320,1,1,R
W_134666,12,1,R
W_20122,3,1,R
W_2911,63,63,A
W_4833,1,1,R
W_4833,16,28,B_demoted
W_4779,6,1,R
W_1769,31,31,A
W_39055,3,6,B_demoted
W_4646,109,109,A
W_13216,18,1,R
W_1769,3,1,R
W_4835,24,1,R
W_383,2474,2474,A
W_126478,147,147,A
W_59319,662,662,A
W_82200,114,114,A
W_30678,103,103,A
W_20162,8,2,B_not_promoted
W_4767,416,416,A
W_122709,93,93,A
W_4835,898,898,A
W_135493,8,13,B_demoted
W_134347,114,114,A
W_4835,7,1,R
W_12972,335,335,A
W_5141,164,164,A
W_4841,2,1,R
W_13222,1,1,R
W_5368,1,1,R
W_199,1,1,R
W_4843,3,5,B_demoted
W_5388,2,2,B_not_promoted
W_29078,3,1,R
W_135478,34,34,A
W_134622,1,1,R
W_677,4,1,R
W_580,8,1,R
W_91786,8,12,B_demoted
W_4846,46,46,A
W_28493,205,205,A
W_97414,873,873,A
W_11014,1616,1616,A
W_29130,54,54,A
W_136166,4,1,R
W_139530,1,1,R
W_46408,1,1,R
W_20539,1,1,R
W_4696,455,455,A
W_4700,164,164,A
W_13691,9,1,R
W_44435,140,140,A
W_52660,3,1,R
W_114810,24,1,R
W_373,59,59,A
W_6216,85,85,A
W_6097,34,34,A
W_7552,539,539,A
W_121504,11,1,R
W_6216,1,14,B_demoted
W_68063,50,50,A
W_22948,388,388,A
W_11534,29,9,B_not_promoted
W_19912,3,6,B_demoted
W_28094,72,72,A
W_106883,213,213,A
W_2696,11,8,B_not_promoted
W_111408,55,55,A
W_22948,1378,1378,A
W_1347,127,127,A
W_139740,1,1,R
W_144354,1,1,R
W_31360,1767,1767,A
W_32534,132,132,A
W_14019,738,738,A
W_145365,7,1,R
W_6536,1,1,R
W_4267,2,1,R
W_7495,7,28,B_demoted
W_119996,135,135,A
W_5162,222,222,A
W_677,18,7,B_not_promoted
W_1002,2,1,R
W_9133,1,1,R
W_14354,29,23,B_not_promoted
W_1143,3,9,B_demoted
W_1143,2,1,R
W_4867,422,422,A
W_1143,110,110,A
W_27790,35,35,A
W_20110,36,36,A
W_31091,3,3,B_not_promoted
W_13691,2,1,R
W_149807,3,1,R
W_22936,109,109,A
W_22965,611,611,A
W_15521,105,105,A
W_4012,12,3,B_not_promoted
W_4267,6,1,R
W_3928,7716,7716,A
W_43088,1,1,R
W_8202,533,533,A
W_116622,118,118,A
W_154901,2,1,R
W_1812,3,1,R
W_7961,1,1,R
W_156539,7,1,R
W_156539,122,122,A
W_6097,85,85,A
W_139588,2524,2524,A
W_132686,3740,3740,A
W_10313,145,145,A
W_42054,326,326,A
W_26542,1382,1382,A
W_11859,183,183,A
W_22926,33,33,A
W_5958,2,1,R
W_10603,15,1,R
W_4884,749,749,A
W_8521,1,1,R
W_1792,7,10,B_demoted
W_7489,879,879,A
W_34791,162,162,A
W_34907,41,41,A
W_9286,9,12,B_demoted
W_14501,3,1,R
W_11249,2,1,R
W_3260,197,197,A
W_11657,2,1,R
W_20710,54,54,A
W_6292,7,1,R
W_18,54,54,A
W_48,8,1,R
W_5616,15,2,B_not_promoted
W_4655,2,1,R
W_6616,293,293,A
W_140168,211,211,A
W_64372,86,86,A
W_5552,28,25,B_not_promoted
W_43898,1,12,B_demoted
W_11014,5931,5931,A
W_9128,38,38,A
W_21352,19,9,B_not_promoted
W_11249,1,1,R
W_25113,3350,3350,A
W_14229,6,1,R
W_2928,1,1,R
W_68472,981,981,A
W_34568,752,752,A
W_124809,4,27,B_demoted
W_12972,63,63,A
W_68472,197,197,A
W_4916,18,1,R
W_10849,123,123,A
W_91832,16,1,R
W_74245,72,72,A
W_21695,1,1,R
W_4916,4,1,R
W_125863,2,6,B_demoted
W_731,167,167,A
W_5095,39,39,A
W_82218,1906,1906,A
W_124809,32,32,A
W_2158,68,68,A
W_20097,29,1,R
W_20097,25,1,R
W_50523,1,1,R
W_50523,214,214,A
W_4945,1,17,B_demoted
W_82877,1,1,R
W_961,2,1,R
W_9560,196,196,A
W_4922,3,1,R
W_4812,64,64,A
W_1650,1,1,R
W_99751,10,1,R
W_4728,2,1,R
W_8872,1,1,R
W_4945,4,1,R
W_5724,1,1,R
W_4812,30,18,B_not_promoted
W_4812,9,12,B_demoted
W_1454,2,1,R
W_31383,3,1,R
W_56072,1,1,R
W_9704,20,25,B_demoted
W_5162,27,2,B_not_promoted
W_3099,40,40,A
W_4354,404,404,A
W_25113,156,156,A
W_4812,59,59,A
W_47101,178,178,A
W_5319,5633,5633,A
W_7264,86,86,A
W_30326,2451,2451,A
W_20005,65,65,A
W_18,12,1,R
W_35188,211,211,A
W_34907,136,136,A
W_7762,20,1,R
W_4939,3,17,B_demoted
W_19955,5,1,R
W_44435,1129,1129,A
W_10253,2,1,R
W_4945,3,6,B_demoted
W_10790,1,1,R
W_7550,4,1,R
W_867,1,1,R
W_77153,55,55,A
W_3978,1,1,R
W_52177,696,696,A
W_40120,1574,1574,A
W_3353,18,2,B_not_promoted
W_64445,1,3,B_demoted
W_35472,47,47,A
W_35472,176,176,A
W_35472,1898,1898,A
W_1017,1,1,R
W_4810,165,165,A
W_3177,2,1,R
W_27790,23,15,B_not_promoted
W_775,2,1,R
W_52660,24,1,R
W_46288,58,58,A
W_26687,43,43,A
W_7489,487,487,A
W_26988,3,1,R
W_706,1,1,R
W_375,2,1,R
W_32531,1,1,R
W_841,1,1,R
W_5319,1,1,R
W_15223,227,227,A
W_22235,6,12,B_demoted
W_87758,18,1,R
W_3839,9,1,R
W_5363,200,200,A
W_22,243,243,A
W_26941,60,60,A
W_11898,145,145,A
W_85332,82,82,A
W_11051,15,2,B_not_promoted
W_47101,153,153,A
W_6441,76,76,A
W_46851,11,7,B_not_promoted
W_29078,19,22,B_demoted
W_27164,117,117,A
W_9376,32,32,A
W_47674,3,30,B_demoted
W_1364,8,6,B_not_promoted
W_19903,3,1,R
W_42521,191,191,A
W_7247,36,36,A
W_9286,67,67,A
W_142008,4,10,B_demoted
W_10914,18,2,B_not_promoted
W_1939,1018,1018,A
W_4841,29,1,R
W_5549,4,1,R
W_12135,99,99,A
W_87758,229,229,A
W_4655,8,5,B_not_promoted
W_1282,80,80,A
W_1276,1,1,R
W_9350,9,1,R
W_4762,4244,4244,A
W_23770,605,605,A
W_27911,73,73,A
W_27911,16,5,B_not_promoted
W_70931,107,107,A
W_4690,31,31,A
W_39438,290,290,A
W_71702,223,223,A
W_2768,1,1,R
W_462,1,1,R
W_47901,1,1,R
W_13698,170,170,A
W_2454,4,2,B_not_promoted
W_14019,3516,3516,A
W_4749,12,17,B_demoted
W_2970,1393,1393,A
W_5342,21,4,B_not_promoted
W_21828,1,1,R
W_34604,166,166,A
W_401,9,2,B_not_promoted
W_6097,35,35,A
W_23525,3,1,R
W_40876,117,117,A
W_3839,221,221,A
W_27579,270,270,A
W_34728,2,1,R
W_12972,1,1,R
W_121548,58,58,A
W_76498,171,171,A
W_39783,1651,1651,A
W_5316,142,142,A
W_10338,1,1,R
W_118849,1,1,R
W_22053,326,326,A
W_11552,4,2,B_not_promoted
W_7249,2,1,R
W_13691,665,665,A
W_13440,51,51,A
W_42311,1,8,B_demoted
W_37776,172,172,A
W_6485,43,43,A
W_6485,130,130,A
W_4690,91,91,A
W_121548,2578,2578,A
W_23165,51,51,A
W_32202,1,1,R
W_13216,8,1,R
W_23544,4,2,B_not_promoted
W_4696,29,1,R
W_2974,2,1,R
W_5368,1,1,R
W_1362,5745,5745,A
W_9626,1,1,R
W_9574,137,137,A
W_10472,2,1,R
W_47639,50,50,A
W_115054,18,25,B_demoted
W_30424,22,18,B_not_promoted
W_34568,5,3,B_not_promoted
W_5616,189,189,A
W_22451,3158,3158,A
W_6437,1,6,B_demoted
W_5954,1,1,R
W_42054,293,293,A
W_9560,35,35,A
W_122254,154,154,A
W_12317,18,14,B_not_promoted
W_299,27,24,B_not_promoted
W_40924,61,61,A
W_50523,1,1,R
W_115054,18,27,B_demoted
W_64395,1176,1176,A
W_5552,5,14,B_demoted
W_5233,42,42,A
W_8535,6,7,B_demoted
W_6715,16,1,R
W_4865,106,106,A
W_22235,57,57,A
W_18,11,2,B_not_promoted
W_882,1098,1098,A
W_7027,178,178,A
W_401,8,6,B_not_promoted
W_121296,24,2,B_not_promoted
W_117849,8,1,R
W_10907,48,48,A
W_27579,19,30,B_demoted
W_5231,1,1,R
W_5071,1,1,R
W_83871,66,66,A
W_129296,13,14,B_demoted
W_115054,1,1,R
W_125863,75,75,A
W_20710,118,118,A
W_7116,348,348,A
W_132987,139,139,A
W_35395,14,19,B_demoted
W_4867,47,47,A
W_4916,167,167,A
W_9092,3,1,R
W_145365,4,27,B_demoted
W_22235,1,1,R
W_28687,713,713,A
W_10428,136,136,A
W_6394,211,211,A
W_2110,2,1,R
W_121401,116,116,A
W_22235,135,135,A
W_149807,3,1,R
W_128680,15,30,B_demoted
W_26461,101,101,A
W_111991,196,196,A
W_52177,44,44,A
W_30246,4,1,R
W_11358,10,6,B_not_promoted
W_35206,1,17,B_demoted
W_118849,11,1,R
W_134622,92,92,A
W_118543,2,1,R
W_27894,57,57,A
W_119680,1,2,B_demoted
W_64395,70,70,A
W_140442,2,1,R
W_144458,2,2,B_not_promoted
W_144326,2,1,R
W_22235,840,840,A
W_149519,60,60,A
W_8543,61,61,A
W_7495,2,1,R
W_9508,157,157,A
W_994,4,1,R
W_22235,1216,1216,A
W_50939,60,60,A
W_5095,5,1,R
W_5095,257,257,A
W_87469,12,1,R
W_154901,4,1,R
W_156542,104,104,A
W_124199,4,9,B_demoted
W_69914,35,35,A
W_38476,1,2,B_demoted
W_20539,23,8,B_not_promoted
W_22235,48,48,A
W_34728,30,1,R
W_32531,1,1,R
W_7261,2,1,R
W_24522,20,1,R
W_42631,1,1,R
W_5102,5,14,B_demoted
W_81722,385,385,A
W_4826,35,35,A
W_4826,4,4,B_not_promoted
W_81722,606,606,A
W_81722,99,99,A
W_6753,4,1,R
W_6753,2,1,R
W_367,5,1,R
W_23239,4,11,B_demoted
W_11850,9,16,B_demoted
W_22235,16,8,B_not_promoted
W_2974,838,838,A
W_41771,35,35,A
W_134347,7,1,R
W_11471,36,36,A
W_11471,24,20,B_not_promoted
W_11471,13,9,B_not_promoted
W_11471,81,81,A
W_22235,6,1,R
W_22235,15,1,R
W_63932,14,22,B_demoted
W_74362,27,1,R
W_74362,4,1,R
W_14662,30,1,R
W_11641,46,46,A
W_14599,680,680,A
W_26,1,3,B_demoted
W_69943,45,45,A
W_5095,1,1,R
W_48,11,9,B_not_promoted
W_6216,1,1,R
W_4755,5937,5937,A
W_4814,61,61,A
W_5915,220,220,A
W_22961,46,46,A
W_22945,3,2,B_not_promoted
W_7229,65,65,A
W_159387,246,246,A
W_159387,69,69,A
W_159387,101,101,A
W_159387,99,99,A
W_159387,27,20,B_not_promoted
W_159387,643,643,A
W_5342,25,6,B_not_promoted
W_6453,1428,1428,A
W_38171,145,145,A
W_5915,67,67,A
W_11794,62,62,A
W_22961,3,25,B_demoted
W_9266,13,1,R
W_7580,75,75,A
W_82146,11,20,B_demoted
W_13695,4,2,B_not_promoted
W_5118,7,5,B_not_promoted
W_25489,228,228,A
W_27579,17,25,B_demoted
W_74362,2,12,B_demoted
W_34728,1,1,R
W_27906,51,51,A
W_11794,92,92,A
W_43088,1,1,R
W_23165,17,1,R
W_23544,2,1,R
W_656,6431,6431,A
W_9271,1,1,R
W_23627,182,182,A
W_4867,10,3,B_not_promoted
W_33251,729,729,A
W_4683,26,5,B_not_promoted
W_39783,29,7,B_not_promoted
W_132685,677,677,A
W_11823,237,237,A
W_21817,1,16,B_demoted
W_14861,88,88,A
W_4702,342,342,A
W_118823,27,15,B_not_promoted
W_97632,274,274,A
W_6102,10,1,R
W_10641,19,30,B_demoted
W_3077,159,159,A
W_22235,5,1,R
W_114606,487,487,A
W_14662,1,1,R
W_4751,1,1,R
W_2658,1,1,R
W_154901,1,1,R
W_10154,16,27,B_demoted
W_5141,1,1,R
W_11779,63,63,A
W_5687,3,1,R
W_47639,19,19,B_not_promoted
W_580,14,1,R
W_662,1,1,R
W_2301,1,1,R
W_14229,1,1,R
W_9103,13,1,R
W_10685,3,1,R
W_10526,1,1,R
W_303,1,1,R
W_10790,1,1,R
W_10141,1314,1314,A
W_17671,170,170,A
W_51795,160,160,A
W_1378,18,1,R
W_11054,84,84,A
W_10931,1098,1098,A
W_101220,83,83,A
W_22235,1,15,B_demoted
W_128680,6,21,B_demoted
W_3858,88,88,A
W_32534,1,1,R
W_52963,44,44,A
W_32053,38,38,A
W_77153,1,1,R
W_10931,7,6,B_not_promoted
W_656,190,190,A
W_10931,9,4,B_not_promoted
W_77153,1,1,R
W_32053,1,1,R
W_52963,692,692,A
W_114742,39,39,A
W_7284,5,3,B_not_promoted
W_13873,3,2,B_not_promoted
W_11471,75,75,A
W_22926,267,267,A
W_12168,1,1,R
W_29078,28,1,R
W_11473,64,64,A
W_114490,79,79,A
W_19417,936,936,A
W_13540,10,2,B_not_promoted
W_4689,105,105,A
W_11358,9,1,R
W_7818,181,181,A
W_20084,888,888,A
W_5216,1,1,R
W_1108,18,27,B_demoted
W_4775,59,59,A
W_4945,1,1,R
W_82200,118,118,A
W_5162,217,217,A
W_5162,1180,1180,A
W_14354,37,37,A
W_120968,1,1,R
W_20162,878,878,A
W_4867,74,74,A
W_142049,10,23,B_demoted
W_40702,627,627,A
W_20769,144,144,A
W_16560,95,95,A
W_1153,16,1,R
W_142049,2,1,R
W_34728,29,3,B_not_promoted
W_142049,20,13,B_not_promoted
W_9703,26,1,R
W_142049,8,1,R
W_142049,5,22,B_demoted
W_142049,2,5,B_demoted
W_34728,16,1,R
W_142049,149,149,A
W_111991,35,35,A
W_39438,186,186,A
W_142049,42,42,A
W_124199,136,136,A
W_775,1,1,R
W_109122,299,299,A
W_29299,19,7,B_not_promoted
W_20769,61,61,A
W_34728,957,957,A
W_20769,280,280,A
W_129436,513,513,A
W_18507,172,172,A
W_38171,13,10,B_not_promoted
W_7581,32,32,A
W_4689,1,1,R
W_51795,302,302,A
W_133525,1,1,R
W_51795,7,16,B_demoted
W_135478,27,5,B_not_promoted
W_26111,57,57,A
W_58783,198,198,A
W_132900,17,1,R
W_7583,252,252,A
W_31383,2,2,B_not_promoted
W_137056,2,1,R
W_139740,62,62,A
W_140437,3,1,R
W_140442,2,6,B_demoted
W_135478,4,11,B_demoted
W_151781,12,1,R
W_149807,10,1,R
W_154901,1,1,R
W_8673,1,1,R
W_151781,46,46,A
W_11641,232,232,A
W_32595,2,1,R
W_32595,91,91,A
W_32595,1,1,R
W_12168,24,22,B_not_promoted
W_111535,307,307,A
W_627,363,363,A
W_22961,9,9,B_not_promoted
W_61207,26,14,B_not_promoted
W_40671,9,6,B_not_promoted
W_56366,86,86,A
W_19353,47,47,A
W_7446,1,2,B_demoted
W_39520,1,1,R
W_704,17,8,B_not_promoted
W_704,763,763,A
W_19955,1,1,R
W_704,925,925,A
W_704,7,10,B_demoted
W_4922,14,1,R
W_12792,14,1,R
W_38517,530,530,A
W_4814,1,19,B_demoted
W_112640,1,1,R
W_46288,2,1,R
W_7032,26,19,B_not_promoted
W_14861,12,7,B_not_promoted
W_132686,5,23,B_demoted
W_109642,1884,1884,A
W_42453,100,100,A
W_7229,177,177,A
W_3264,569,569,A
W_12031,6,21,B_demoted
W_7580,462,462,A
W_4814,472,472,A
W_10216,4,13,B_demoted
W_29060,74,74,A
W_29380,51,51,A
W_38517,59,59,A
W_11794,73,73,A
W_4887,19,2,B_not_promoted
W_124199,106,106,A
W_10852,16,4,B_not_promoted
W_4692,1014,1014,A
W_11473,1,1,R
W_118823,463,463,A
W_26111,14,1,R
W_13552,149,149,A
W_10845,80,80,A
W_27911,44,44,A
W_121852,209,209,A
W_31725,455,455,A
W_55861,14,1,R
W_11667,1688,1688,A
W_23770,1694,1694,A
W_4689,117,117,A
W_12140,88,88,A
W_44435,88,88,A
W_20036,89,89,A
W_2558,1,1,R
W_5095,4,1,R
W_7550,1,1,R
W_3237,303,303,A
W_2081,702,702,A
W_10846,178,178,A
W_113724,8,9,B_demoted
W_2974,1,1,R
W_52177,4,2,B_not_promoted
W_52177,187,187,A
W_52177,75,75,A
W_52177,608,608,A
W_882,52,52,A
W_142049,1154,1154,A
W_142049,1128,1128,A
W_142049,2778,2778,A
W_29299,11,3,B_not_promoted
W_20769,306,306,A
W_11387,15,6,B_not_promoted
W_27579,27,22,B_not_promoted
W_11387,13,1,R
W_10901,163,163,A
W_52227,8,1,R
W_2427,9,1,R
W_9643,11,29,B_demoted
W_87469,3,3,B_not_promoted
W_9812,13,1,R
W_1792,1,1,R
W_14354,17,8,B_not_promoted
W_121296,166,166,A
W_47101,23,10,B_not_promoted
W_53040,49,49,A
W_59952,634,634,A
W_33251,8,11,B_demoted
W_33251,40,40,A
W_33251,30,2,B_not_promoted
W_33251,5,10,B_demoted
W_33251,82,82,A
W_299,8,1,R
W_10237,1,1,R
W_3744,1,1,R
W_1456,2,1,R
W_7249,1,1,R
W_33251,212,212,A
W_11552,11,1,R
W_33251,347,347,A
W_33251,55,55,A
W_33251,255,255,A
W_5231,1,10,B_demoted
W_52963,115,115,A
W_18,84,84,A
W_5233,10,1,R
W_63854,282,282,A
W_27328,99,99,A
W_2970,11,1,R
W_21695,7,1,R
W_64766,233,233,A
W_29130,69,69,A
W_37947,21,14,B_not_promoted
W_59954,10,1,R
W_59954,43,43,A
W_59954,158,158,A
W_59954,93,93,A
W_59954,62,62,A
W_59954,94,94,A
W_4945,8,2,B_not_promoted
W_1143,1611,1611,A
W_59954,9,2,B_not_promoted
W_103129,109,109,A
W_59954,1,2,B_demoted
W_20185,37,37,A
W_2454,2,5,B_demoted
W_28094,7,3,B_not_promoted
W_62433,663,663,A
W_20185,38,38,A
W_32053,2,27,B_demoted
W_1305,80,80,A
W_4820,40,40,A
W_7818,20,11,B_not_promoted
W_12159,461,461,A
W_662,5,10,B_demoted
W_93644,17,13,B_not_promoted
W_82146,61,61,A
W_40251,128,128,A
W_20185,20,8,B_not_promoted
W_126478,128,128,A
W_4692,370,370,A
W_20036,147,147,A
W_13540,578,578,A
W_20088,82,82,A
W_4814,72,72,A
W_38171,29,10,B_not_promoted
W_44137,375,375,A
W_20185,297,297,A
W_575,3,1,R
W_20110,11,6,B_not_promoted
W_42311,1,1,R
W_21013,79,79,A
W_21013,6377,6377,A
W_21013,26,1,R
W_17274,18,5,B_not_promoted
W_3928,2,1,R
W_5388,10,1,R
W_175,14,1,R
W_10472,1,1,R
W_32202,25,1,R
W_40971,2193,2193,A
W_146806,44,44,A
W_11051,1,1,R
W_52660,11,1,R
W_580,14,2,B_not_promoted
W_6536,1,1,R
W_1378,5,2,B_not_promoted
W_1143,1,1,R
W_23627,34,34,A
W_28495,277,277,A
W_114408,231,231,A
W_13875,63,63,A
W_13549,156,156,A
W_127547,67,67,A
W_9297,2,1,R
W_4775,2,1,R
W_17662,19,22,B_demoted
W_623,1763,1763,A
W_5930,367,367,A
W_9376,118,118,A
W_93655,58,58,A
W_37513,1,1,R
W_7027,2,1,R
W_10931,1,1,R
W_37513,30,19,B_not_promoted
W_39438,314,314,A
W_46851,8,8,B_not_promoted
W_1055,25,29,B_demoted
W_5283,1,9,B_demoted
W_19955,149,149,A
W_19955,25,22,B_not_promoted
W_19955,2,2,B_not_promoted
W_52851,1,5,B_demoted
W_39783,7,1,R
W_1033,112,112,A
W_5697,29,7,B_not_promoted
W_73656,164,164,A
W_99751,7,15,B_demoted
W_17662,3,1,R
W_5687,4,1,R
W_8824,7,1,R
W_26939,1,17,B_demoted
W_38476,702,702,A
W_17274,27,2,B_not_promoted
W_161,107,107,A
W_5461,2374,2374,A
W_9199,1,1,R
W_10581,14,19,B_demoted
W_52963,23,1,R
W_11779,93,93,A
W_14229,1,2,B_demoted
W_23627,40,40,A
W_70931,82,82,A
W_70887,47,47,A
W_11667,21,22,B_demoted
W_564,10,1,R
W_704,111,111,A
W_13127,4,1,R
W_47674,50,50,A
W_10848,24,16,B_not_promoted
W_10848,7,1,R
W_32534,1,1,R
W_10848,35,35,A
W_124745,37,37,A
W_52177,291,291,A
W_546,3,1,R
W_42997,1156,1156,A
W_124745,23,8,B_not_promoted
W_53040,38,38,A
W_2474,15,1,R
W_53040,44,44,A
W_53040,293,293,A
W_53040,1682,1682,A
W_111535,105,105,A
W_19943,284,284,A
W_35188,67,67,A
W_13204,4,1,R
W_25489,1450,1450,A
W_46851,59,59,A
W_121548,67,67,A
W_12460,41,41,A
W_1364,111,111,A
W_9574,238,238,A
W_22948,198,198,A
W_111408,458,458,A
W_77841,270,270,A
W_63101,8,26,B_demoted
W_114408,61,61,A
W_64395,125,125,A
W_122254,125,125,A
W_20120,189,189,A
W_138964,1,13,B_demoted
W_63932,11,3,B_not_promoted
W_142439,279,279,A
W_114394,21,5,B_not_promoted
W_27919,69,69,A
W_114394,451,451,A
W_5316,153,153,A
W_9507,2,1,R
W_5319,1,1,R
W_430,106,106,A
W_4277,2,1,R
W_28784,35,35,A
W_5319,1,1,R
W_156539,1,1,R
W_40034,428,428,A
W_29299,1201,1201,A
W_11552,33,33,A
W_2673,2,1,R
W_10581,7,5,B_not_promoted
W_8213,3,1,R
W_112640,1,1,R
W_3978,11,3,B_not_promoted
W_21013,1,1,R
W_53262,61,61,A
W_53262,151,151,A
W_114712,2,6,B_demoted
W_6093,84,84,A
W_59952,924,924,A
W_4806,252,252,A
W_10212,267,267,A
W_4852,170,170,A
W_4852,78,78,A
W_23767,77,77,A
W_52851,154,154,A
W_53351,297,297,A
W_6807,3,1,R
W_53351,312,312,A
W_53351,216,216,A
W_53351,512,512,A
W_11387,1,2,B_demoted
W_22053,1,1,R
W_28184,4,1,R
W_20710,12,6,B_not_promoted
W_28184,70,70,A
W_28184,65,65,A
W_12968,14,1,R
W_2696,4,4,B_not_promoted
W_135493,1,1,R
W_135493,2,1,R
W_122709,3,1,R
W_4922,54,54,A
W_11817,79,79,A
W_28184,2,28,B_demoted
W_5342,3,1,R
W_121182,93,93,A
W_137056,1,1,R
W_140442,3,1,R
W_5342,20,3,B_not_promoted
W_156124,69,69,A
W_156124,382,382,A
W_13691,30,19,B_not_promoted
W_156124,54,54,A
W_40702,70,70,A
W_156124,469,469,A
W_156124,8,16,B_demoted
W_39525,1,1,R
W_564,1,1,R
W_32058,1,1,R
W_4852,88,88,A
W_22556,2,1,R
W_40971,243,243,A
W_9508,9,1,R
W_179,2,1,R
W_7878,442,442,A
W_117403,22,1,R
W_115692,527,527,A
W_31091,255,255,A
W_55861,2,1,R
W_121548,52,52,A
W_4939,416,416,A
W_123840,212,212,A
W_118399,780,780,A
W_5363,2379,2379,A
W_79329,94,94,A
W_149807,605,605,A
W_29487,53,53,A
W_1347,3,1,R
W_119473,45,45,A
W_6453,338,338,A
W_18505,16,1,R
W_92417,140,140,A
W_53687,37,37,A
W_129436,695,695,A
W_8535,69,69,A
W_1795,5,1,R
W_994,1,1,R
W_4829,82,82,A
W_42338,98,98,A
W_144326,1,1,R
W_13540,104,104,A
W_28547,4,1,R
W_19985,121,121,A
W_4849,50,50,A
W_9812,3359,3359,A
W_156124,11,1,R
W_5102,7,2,B_not_promoted
W_4806,9,7,B_not_promoted
W_43088,1,1,R
W_42117,1,1,R
W_9724,40,40,A
W_50523,93,93,A
W_11652,43,43,A
W_11823,1356,1356,A
W_179,12,1,R
W_199,126,126,A
W_10141,6,20,B_demoted
W_5388,2,1,R
W_4646,17,3,B_not_promoted
W_30668,21,13,B_not_promoted
W_4277,3,3,B_not_promoted
W_132987,89,89,A
W_9092,6,18,B_demoted
W_5396,22,1,R
W_3673,115,115,A
W_662,2235,2235,A
W_3552,87,87,A
W_14662,115,115,A
W_4751,8,1,R
W_5461,162,162,A
W_108692,1347,1347,A
W_53997,2,1,R
W_151781,23,20,B_not_promoted
W_53997,16,1,R
W_53997,116,116,A
W_38476,8,4,B_not_promoted
W_627,5,27,B_demoted
W_4700,42,42,A
W_58781,129,129,A
W_27328,2539,2539,A
W_20769,137,137,A
W_149519,6,1,R
W_149807,41,41,A
W_6403,4,1,R
W_4468,15,4,B_not_promoted
W_25150,8,1,R
W_97632,117,117,A
W_117849,66,66,A
W_9004,2,1,R
W_35472,463,463,A
W_37947,1066,1066,A
W_53997,1,16,B_demoted
W_24222,3,4,B_demoted
W_6693,10,8,B_not_promoted
W_98311,47,47,A
W_40419,850,850,A
W_154901,1,1,R
W_156539,21,5,B_not_promoted
W_856,1,1,R
W_27641,6,9,B_demoted
W_139530,7,1,R
W_149519,5,1,R
W_13698,374,374,A
W_10141,3,3,B_not_promoted
W_9297,1,2,B_demoted
W_39055,115,115,A
W_3858,20,1,R
W_34568,784,784,A
W_7446,2,1,R
W_3237,2,9,B_demoted
W_30326,2,1,R
W_59150,18,22,B_demoted
W_580,30,2,B_not_promoted
W_5216,13,1,R
W_6417,11,1,R
W_22948,24,6,B_not_promoted
W_99743,74,74,A
W_85332,5,1,R
W_12317,12,21,B_demoted
W_35188,181,181,A
W_22965,192,192,A
W_76498,173,173,A
W_151781,13,30,B_demoted
W_154901,1,1,R
W_34699,2,23,B_demoted
W_42338,98,98,A
W_14662,1183,1183,A
W_152634,14,10,B_not_promoted
W_11819,11,11,B_not_promoted
W_149807,15,1,R
W_156542,6,1,R
W_156539,2,1,R
W_3497,38,38,A
W_159387,3450,3450,A
W_114606,59,59,A
W_9297,1,6,B_demoted
W_5438,24,2,B_not_promoted
W_64489,41,41,A
W_4767,1801,1801,A
W_6441,59,59,A
W_6210,4,1,R
W_19789,3328,3328,A
W_3177,600,600,A
W_54461,2,1,R
W_111952,242,242,A
W_54466,1,2,B_demoted
W_22154,322,322,A
W_4690,938,938,A
W_46408,6,1,R
W_19985,179,179,A
W_22936,606,606,A
W_111510,515,515,A
W_38171,13,21,B_demoted
W_54466,1,1,R
W_2901,29,25,B_not_promoted
W_4810,24,1,R
W_10576,3,4,B_demoted
W_109122,203,203,A
W_954,2,1,R
W_19985,5,1,R
W_1478,1,1,R
W_20539,320,320,A
W_132685,374,374,A
W_10913,102,102,A
W_10850,88,88,A
W_29380,4,1,R
W_114810,27,1,R
W_4687,43,43,A
W_20254,324,324,A
W_61933,31,31,A
W_111510,138,138,A
W_111510,57,57,A
W_7261,2,1,R
W_111510,114,114,A
W_73656,165,165,A
W_5687,1193,1193,A
W_11819,27,11,B_not_promoted
W_140168,46,46,A
W_23142,4,1,R
W_39783,199,199,A
W_11054,2,1,R
W_546,1,1,R
W_5461,3,1,R
W_68897,1,8,B_demoted
W_434,975,975,A
W_184,5,4,B_not_promoted
W_123334,29,8,B_not_promoted
W_42117,1,1,R
W_23525,98,98,A
W_5141,1,1,R
W_40034,70,70,A
W_4843,22,9,B_not_promoted
W_5231,39,39,A
W_4728,1,1,R
W_14379,324,324,A
W_118713,1948,1948,A
W_4837,53,53,A
W_642,24,6,B_not_promoted
W_13875,583,583,A
W_4685,73,73,A
W_3995,2,1,R
W_9350,46,46,A
W_144326,16,3,B_not_promoted
W_12972,1641,1641,A
W_118713,42,42,A
W_5396,61,61,A
W_13222,3,1,R
W_4945,5,9,B_demoted
W_11779,424,424,A
W_5515,639,639,A
W_54816,1,1,R
W_11352,128,128,A
W_54816,87,87,A
W_20769,22,19,B_not_promoted
W_13873,664,664,A
W_57375,3731,3731,A
W_18507,191,191,A
W_4762,202,202,A
W_54816,331,331,A
W_118543,20,2,B_not_promoted
W_134347,41,41,A
W_19508,125,125,A
W_140437,2,1,R
W_21721,59,59,A
W_29060,223,223,A
W_61207,17,2,B_not_promoted
W_132987,948,948,A
W_4158,28,1,R
W_399,6,1,R
W_133525,1,1,R
W_9704,183,183,A
W_4775,3,3,B_not_promoted
W_39520,2,1,R
W_135478,21,1,R
W_137056,1,1,R
W_144354,1,1,R
W_2911,4,3,B_not_promoted
W_136166,111,111,A
W_144326,1,1,R
W_132490,216,216,A
W_3097,1,1,R
W_127392,105,105,A
W_5500,1,1,R
W_5500,6,1,R
W_31091,1,1,R
W_117450,21,15,B_not_promoted
W_123591,86,86,A
W_144326,1,1,R
W_118543,59,59,A
W_4922,3,2,B_not_promoted
W_115251,1257,1257,A
W_156539,1,1,R
W_11649,23,13,B_not_promoted
W_42338,473,473,A
W_118713,17,8,B_not_promoted
W_55068,430,430,A
W_55068,49,49,A
W_2158,19,2,B_not_promoted
W_4217,78,78,A
W_4646,843,843,A
W_9266,1,2,B_demoted
W_38429,165,165,A
W_35472,41,41,A
W_4884,3233,3233,A
W_39055,20,16,B_not_promoted
W_6163,3,2,B_not_promoted
W_11014,4,1,R
W_47101,61,61,A
W_2911,110,110,A
W_5515,20,1,R
W_21352,186,186,A
W_1308,64,64,A
W_23142,3,1,R
W_10428,3454,3454,A
W_136166,1,1,R
W_24484,4,1,R
W_140437,3,1,R
W_1456,238,238,A
W_1456,33,33,A
W_47101,107,107,A
W_24473,1,1,R
W_64648,372,372,A
W_26839,58,58,A
W_10849,294,294,A
W_6859,27,9,B_not_promoted
W_10717,99,99,A
W_64513,69,69,A
W_20639,1,1,R
W_122729,2088,2088,A
W_7249,98,98,A
W_151781,36,36,A
W_4244,1,1,R
W_125147,13,10,B_not_promoted
W_19508,223,223,A
W_9719,36,36,A
W_164640,1,1,R
W_164640,1,1,R
W_144458,3,1,R
W_142497,77,77,A
W_5534,635,635,A
W_50939,192,192,A
W_39783,5,1,R
W_13552,110,110,A
W_144326,34,34,A
W_152634,18,1,R
W_5534,229,229,A
W_149519,14,1,R
W_151781,24,13,B_not_promoted
W_149807,33,33,A
W_122254,198,198,A
W_20639,7,1,R
W_2928,6,1,R
W_154901,2,1,R
W_156539,27,30,B_demoted
W_2085,1,1,R
W_3260,832,832,A
W_111854,37,37,A
W_26,2,1,R
W_3074,35,35,A
W_86795,3,1,R
W_10216,67,67,A
W_799,109,109,A
W_3174,2334,2334,A
W_9004,110,110,A
W_462,1,1,R
W_4779,43,43,A
W_82985,173,173,A
W_129436,53,53,A
W_40702,63,63,A
W_13698,169,169,A
W_7577,290,290,A
W_68063,185,185,A
W_15223,7,3,B_not_promoted
W_9560,64,64,A
W_4922,2,1,R
W_5549,2,1,R
W_5549,7917,7917,A
W_2158,1713,1713,A
W_5552,106,106,A
W_3904,39,39,A
W_4810,1559,1559,A
W_4945,21,12,B_not_promoted
W_5555,1,1,R
W_136518,347,347,A
W_87425,283,283,A
W_27579,1,1,R
W_5555,1,1,R
W_23544,147,147,A
W_31725,26,1,R
W_35188,112,112,A
W_19943,72,72,A
W_43012,30,20,B_not_promoted
W_34728,106,106,A
W_142439,447,447,A
W_76574,657,657,A
W_164640,1,1,R
W_121495,2,1,R
W_10313,10,4,B_not_promoted
W_30552,1,5,B_demoted
W_4468,121,121,A
W_30326,1,1,R
W_137056,1,1,R
W_13695,1,1,R
W_9508,1,12,B_demoted
W_10313,32,32,A
W_149519,42,42,A
W_156542,136,136,A
W_80336,43,43,A
W_159387,743,743,A
W_3904,67,67,A
W_5912,2,1,R
W_20622,7,11,B_demoted
W_28687,7,5,B_not_promoted
W_82877,97,97,A
W_11051,1,1,R
W_12795,209,209,A
W_642,69,69,A
W_299,5,1,R
W_98152,223,223,A
W_817,1,1,R
W_546,8,1,R
W_5396,72,72,A
W_17671,2,1,R
W_161,1,1,R
W_43088,1,1,R
W_4267,4,1,R
W_142497,16,21,B_demoted
W_144354,1,1,R
W_144326,4,1,R
W_93644,28,2,B_not_promoted
W_22948,94,94,A
W_108692,221,221,A
W_22948,144,144,A
W_14809,109,109,A
W_12937,16,27,B_demoted
W_85332,7,2,B_not_promoted
W_3170,17,22,B_demoted
W_7776,1,1,R
W_42521,266,266,A
W_56072,1,1,R
W_7776,2,1,R
W_15223,7,2,B_not_promoted
W_9719,73,73,A
W_29060,34,34,A
W_124571,871,871,A
W_30424,229,229,A
W_4749,1,1,R
W_79329,1137,1137,A
W_37513,2,1,R
W_6453,5,1,R
W_12255,17,8,B_not_promoted
W_21721,1,1,R
W_7581,481,481,A
W_6292,326,326,A
W_5616,1,1,R
W_11054,152,152,A
W_4751,2,1,R
W_4751,89,89,A
W_10788,19,14,B_not_promoted
W_40251,168,168,A
W_131020,11,7,B_not_promoted
W_33251,3,13,B_demoted
W_156542,1,1,R
W_145365,10,1,R
W_7776,9,1,R
W_56239,9,6,B_not_promoted
W_56239,28,21,B_not_promoted
W_30246,1738,1738,A
W_150660,302,302,A
W_5294,37,37,A
W_56239,120,120,A
W_56239,241,241,A
W_56239,243,243,A
W_11473,459,459,A
W_115728,4,1,R
W_11051,7,1,R
W_9276,243,243,A
W_64445,1,1,R
W_68897,45,45,A
W_5342,5,8,B_demoted
W_10065,3,3,B_not_promoted
W_14238,1,2,B_demoted
W_656,23,1,R
W_17053,2,1,R
W_13693,34,34,A
W_28687,3,1,R
W_91832,5,9,B_demoted
W_20541,6,1,R
W_15519,1,1,R
W_7279,1,1,R
W_625,20,2,B_not_promoted
W_375,1,1,R
W_37776,1,1,R
W_7552,96,96,A
W_10788,1882,1882,A
W_799,25,7,B_not_promoted
W_2393,2,1,R
W_1282,3,1,R
W_3077,96,96,A
W_5724,1,1,R
W_5724,15,7,B_not_promoted
W_5724,9,1,R
W_5724,1,1,R
W_76498,144,144,A
W_5724,134,134,A
W_5724,1,1,R
W_5724,2,1,R
W_142497,358,358,A
W_20710,593,593,A
W_56239,212,212,A
W_2759,282,282,A
W_4690,1244,1244,A
W_4689,124,124,A
W_19943,143,143,A
W_22936,148,148,A
W_82146,6,24,B_demoted
W_22154,48,48,A
W_106883,106,106,A
W_9158,4,1,R
W_4846,231,231,A
W_8850,2,1,R
W_9350,21,15,B_not_promoted
W_19985,93,93,A
W_3092,14,4,B_not_promoted
W_132685,4,8,B_demoted
W_139588,65,65,A
W_77841,63,63,A
W_69914,2,1,R
W_47901,21,1,R
W_564,138,138,A
W_25030,1,1,R
W_3145,1,1,R
W_140442,10,3,B_not_promoted
W_140437,3,1,R
W_118399,1115,1115,A
W_5655,1055,1055,A
W_56072,1,1,R
W_135478,4,4,B_not_promoted
W_135493,1,1,R
W_137056,2,1,R
W_6216,18,10,B_not_promoted
W_80336,63,63,A
W_2970,3,1,R
W_3061,5,1,R
W_11516,7,1,R
W_122709,23,8,B_not_promoted
W_134347,1,1,R
W_127547,62,62,A
W_12937,392,392,A
W_11014,20,1,R
W_7584,43,43,A
W_3211,8,4,B_not_promoted
W_5141,24,3,B_not_promoted
W_17274,22,1,R
W_142497,2,1,R
W_144458,10,1,R
W_28493,12,23,B_demoted
W_6403,477,477,A
W_6163,38,38,A
W_145365,5,1,R
W_121401,5,20,B_demoted
W_272,1,1,R
W_20414,12,2,B_not_promoted
W_38476,44,44,A
W_22936,18,2,B_not_promoted
W_22961,1115,1115,A
W_22926,58,58,A
W_132686,930,930,A
W_82200,33,33,A
W_5912,10,5,B_not_promoted
W_375,2,1,R
W_31091,11,12,B_demoted
W_3995,1,1,R
W_52963,4,18,B_demoted
W_68897,31,31,A
W_5342,4,1,R
W_817,1,1,R
W_367,9,1,R
W_11014,3,1,R
W_13540,2100,2100,A
W_132685,65,65,A
W_46288,52,52,A
W_53262,116,116,A
W_38476,9,1,R
W_111952,98,98,A
W_1983,5,1,R
W_17274,10,1,R
W_76574,93,93,A
W_5697,17,1,R
W_5697,2,1,R
W_2085,1,1,R
W_9262,220,220,A
W_97414,1,1,R
W_121401,151,151,A
W_284,48,48,A
W_10603,902,902,A
W_132685,1,1,R
W_434,137,137,A
W_14861,1,1,R
W_20639,1,5,B_demoted
W_1017,1,1,R
W_20639,21,1,R
W_164640,2,3,B_demoted
W_13523,625,625,A
W_83296,2,1,R
W_4751,2,1,R
W_4751,1,1,R
W_40199,23,3,B_not_promoted
W_15385,35,35,A
W_6784,8,3,B_not_promoted
W_32408,148,148,A
W_123840,34,34,A
W_32408,10,5,B_not_promoted
W_5930,2,1,R
W_94,5,1,R
W_5724,1,1,R
W_12795,22,5,B_not_promoted
W_5724,1381,1381,A
W_132900,1,1,R
W_137056,2,1,R
W_10141,78,78,A
W_10141,3,21,B_demoted
W_46408,1,1,R
W_145365,17,1,R
W_164640,8,2,B_not_promoted
W_139530,1,1,R
W_139740,17,2,B_not_promoted
W_64650,58,58,A
W_140437,296,296,A
W_142497,7,8,B_demoted
W_9719,26,5,B_not_promoted
W_20539,2,1,R
W_3203,19,8,B_not_promoted
W_134347,1,1,R
W_151781,9,21,B_demoted
W_112910,24,12,B_not_promoted
W_9665,10,2,B_not_promoted
W_11779,50,50,A
W_50379,67,67,A
W_11779,670,670,A
W_57375,317,317,A
W_74362,4,14,B_demoted
W_13693,2,1,R
W_24484,11,1,R
W_44137,112,112,A
W_156539,3,1,R
W_38429,24,28,B_demoted
W_4683,57,57,A
W_10902,74,74,A
W_11014,2,1,R
W_10685,272,272,A
W_65049,9,13,B_demoted
W_2301,210,210,A
W_4852,63,63,A
W_109642,23,1,R
W_5294,4,5,B_demoted
W_44435,44,44,A
W_63854,38,38,A
W_775,40,40,A
W_575,10,1,R
W_117403,43,43,A
W_4158,35,35,A
W_121401,3,1,R
W_399,2,1,R
W_42338,2,1,R
W_144648,119,119,A
W_83871,517,517,A
W_6097,88,88,A
W_6417,1,1,R
W_399,9782,9782,A
W_32058,6538,6538,A
W_575,153,153,A
W_47674,6,1,R
W_1378,25,1,R
W_9704,50,50,A
W_3353,1,1,R
W_63854,94,94,A
W_11249,6,1,R
W_34699,157,157,A
W_10581,54,54,A
W_9644,857,857,A
W_53262,2,29,B_demoted
W_10847,95,95,A
W_93655,579,579,A
W_4867,45,45,A
W_34353,20,30,B_demoted
W_3839,45,45,A
W_50523,1,1,R
W_54461,428,428,A
W_12460,1,1,R
W_3744,1,1,R
W_148,533,533,A
W_54466,9,1,R
W_40251,94,94,A
W_462,1,1,R
W_134622,1,1,R
W_3928,3132,3132,A
W_149519,6,1,R
W_5368,13,1,R
W_2407,19,1,R
W_8202,3,1,R
W_6784,1,1,R
W_4945,16,1,R
W_17866,105,105,A
W_54461,1,1,R
W_30246,15,22,B_demoted
W_9262,155,155,A
W_22154,210,210,A
W_7550,7,3,B_not_promoted
W_30424,18,1,R
W_7213,372,372,A
W_3964,90,90,A
W_6394,218,218,A
W_63932,16,12,B_not_promoted
W_7229,15,1,R
W_34699,65,65,A
W_29487,126,126,A
W_4837,1,1,R
W_4854,18,2,B_not_promoted
W_580,14,1,R
W_129436,358,358,A
W_53351,95,95,A
W_26939,8,1,R
W_56781,43,43,A
W_5552,98,98,A
W_6536,29,26,B_not_promoted
W_3529,18,1,R
W_4726,3,1,R
W_5616,267,267,A
W_23767,2,1,R
W_10838,65,65,A
W_114608,26,16,B_not_promoted
W_14861,13,2,B_not_promoted
W_546,1,1,R
W_546,1,1,R
W_546,24,1,R
W_546,1,1,R
W_1378,1,1,R
W_1364,277,277,A
W_46408,1,1,R
W_7495,28,4,B_not_promoted
W_775,2,1,R
W_1376,1,1,R
W_117849,1,1,R
W_39525,1,1,R
W_7552,1,1,R
W_841,1,1,R
W_27641,123,123,A
W_4755,3533,3533,A
W_10428,5,1,R
W_10849,182,182,A
W_199,2,1,R
W_37513,4,1,R
W_4749,1,1,R
W_127392,28,8,B_not_promoted
W_6549,9,1,R
W_11484,552,552,A
W_42488,84,84,A
W_44137,209,209,A
W_64766,3,1,R
W_23627,533,533,A
W_7084,1,1,R
W_41771,22,1,R
W_23770,10,9,B_not_promoted
W_4704,96,96,A
W_148,76,76,A
W_53687,85,85,A
W_1143,1,1,R
W_5141,1,1,R
W_11552,4,1,R
W_775,1,1,R
W_32062,5,1,R
W_10845,3,15,B_demoted
W_51795,80,80,A
W_31360,30,10,B_not_promoted
W_115251,119,119,A
W_6210,167,167,A
W_9132,5,1,R
W_42488,1,5,B_demoted
W_115707,59,59,A
W_86795,9,20,B_demoted
W_13687,1,1,R
W_2145,293,293,A
W_2145,91,91,A
W_4779,1,1,R
W_40702,1087,1087,A
W_64372,9,1,R
W_9158,34,34,A
W_12159,32,32,A
W_5912,1,1,R
W_42311,110,110,A
W_31327,5,1,R
W_3245,1,1,R
W_64372,4,15,B_demoted
W_101001,75,75,A
W_8673,1,1,R
W_135726,17,1,R
W_23767,138,138,A
W_26542,663,663,A
W_101001,90,90,A
W_20088,20,22,B_demoted
W_159387,87,87,A
W_144354,2,1,R
W_139530,2,1,R
W_9644,380,380,A
W_9665,5,2,B_not_promoted
W_36064,8,1,R
W_434,32,32,A
W_29045,156,156,A
W_43012,3,2,B_not_promoted
W_99743,405,405,A
W_7583,13,3,B_not_promoted
W_11652,382,382,A
W_1362,2730,2730,A
W_11516,5,1,R
W_58781,88,88,A
W_58783,51,51,A
W_15521,1,1,R
W_12135,126,126,A
W_12992,2888,2888,A
W_841,1,1,R
W_124571,286,286,A
W_8824,2,1,R
W_151781,23,1,R
W_144354,3,1,R
W_2768,35,35,A
W_9703,604,604,A
W_20122,25,3,B_not_promoted
W_132686,6,4,B_not_promoted
W_153900,14,11,B_not_promoted
W_30326,17,20,B_demoted
W_164640,2,1,R
W_4468,311,311,A
W_4846,37,37,A
W_4846,40,40,A
W_12135,139,139,A
W_144458,1,3,B_demoted
W_677,5,1,R
W_6616,3,1,R
W_121495,11,1,R
W_50523,675,675,A
W_4884,4,1,R
W_52227,2,1,R
W_140437,4,1,R
W_5917,3664,3664,A
W_150625,1439,1439,A
W_21828,1,1,R
W_13540,53,53,A
W_9574,252,252,A
W_111656,113,113,A
W_7818,159,159,A
W_11859,547,547,A
W_12137,127,127,A
W_71702,253,253,A
W_22154,556,556,A
W_4687,198,198,A
W_56239,449,449,A
W_39783,457,457,A
W_4690,502,502,A
W_22945,534,534,A
W_19912,6,16,B_demoted
W_19912,9,8,B_not_promoted
W_40702,3,1,R
W_40702,1,3,B_demoted
W_11817,13,1,R
W_115692,73,73,A
W_6216,299,299,A
W_14662,8,1,R
W_4865,4,1,R
W_21826,327,327,A
W_31383,2,2,B_not_promoted
W_9507,13,3,B_not_promoted
W_37513,1,1,R
W_23544,1,1,R
W_5912,5,1,R
W_118543,2,2,B_not_promoted
W_122709,1,1,R
W_134347,2,1,R
W_135493,1,1,R
W_5534,43,43,A
W_42054,27,6,B_not_promoted
W_59150,4,1,R
W_152634,1,1,R
W_26988,46,46,A
W_5917,23,2,B_not_promoted
W_5917,1,1,R
W_243,71,71,A
W_8872,187,187,A
W_42453,1,1,R
W_42453,48,48,A
W_137056,1,1,R
W_144458,1,1,R
W_151781,49,49,A
W_137056,3,1,R
W_74362,20,1,R
W_139530,6,1,R
W_140437,6,1,R
W_140442,4,1,R
W_142497,1,1,R
W_145365,5,1,R
W_152634,14,2,B_not_promoted
W_156539,47,47,A
W_164640,4,1,R
W_28221,62,62,A
W_24484,4,9,B_demoted
W_4854,75,75,A
W_3099,213,213,A
W_134347,6,1,R
W_961,4,1,R
W_20769,370,370,A
W_136166,3,2,B_not_promoted
W_149519,2,1,R
W_144458,4,1,R
W_156542,4,1,R
W_5930,1,1,R
W_156539,1,1,R
W_154901,1,1,R
W_113615,1401,1401,A
W_136166,1,1,R
W_1353,27,1,R
W_27919,43,43,A
W_76498,33,33,A
W_53351,348,348,A
W_22965,99,99,A
W_54466,2,6,B_demoted
W_22965,345,345,A
W_59319,125,125,A
W_144354,2,1,R
W_134622,1,1,R
W_12135,195,195,A
W_4694,15,30,B_demoted
W_42054,1467,1467,A
W_145365,3,1,R
W_86795,24,1,R
W_1364,20,16,B_not_promoted
W_144648,430,430,A
W_27579,1,1,R
W_53997,151,151,A
W_10065,60,60,A
W_817,2,1,R
W_367,9,1,R
W_3321,64,64,A
W_12937,37,37,A
W_134347,1,1,R
W_156539,2,2,B_not_promoted
W_594,2,1,R
W_13216,4,1,R
W_139740,2,1,R
W_154901,3,1,R
W_145365,1,1,R
W_152634,13,1,R
W_137056,1,1,R
W_140442,6,1,R
W_139530,1,1,R
W_139740,1,1,R
W_144458,1,1,R
W_144326,39,39,A
W_135478,25,12,B_not_promoted
W_134622,1,1,R
W_44435,155,155,A
W_24222,7,1,R
W_114608,53,53,A
W_117417,107,107,A
W_3928,2,1,R
W_4816,44,44,A
W_594,8,1,R
W_3997,1,1,R
W_9571,77,77,A
W_2930,129,129,A
W_7229,3,1,R
W_164640,4,1,R
W_15223,34,34,A
W_4854,130,130,A
W_81722,505,505,A
W_3266,153,153,A
W_34699,6,1,R
W_29487,189,189,A
W_11484,66,66,A
W_10838,56,56,A
W_4696,48,48,A
W_14662,12,1,R
W_2976,4,1,R
W_14599,215,215,A
W_5958,7,1,R
W_5342,14,1,R
W_9508,7,1,R
W_27328,1,22,B_demoted
W_5915,76,76,A
W_8937,1,1,R
W_111510,304,304,A
W_109642,20,3,B_not_promoted
W_121852,14,17,B_demoted
W_383,1,4,B_demoted
W_4728,51,51,A
W_184,15,9,B_not_promoted
W_112006,17,4,B_not_promoted
W_129436,9,13,B_demoted
W_11473,49,49,A
W_4767,25,9,B_not_promoted
W_144458,1,1,R
W_10237,1,1,R
W_24484,1446,1446,A
W_625,2376,2376,A
W_7202,3295,3295,A
W_4854,114,114,A
W_30424,36,36,A
W_44435,33,33,A
W_73656,46,46,A
W_73656,46,46,A
W_6441,32,32,A
W_12135,147,147,A
W_152634,2,21,B_demoted
W_149807,5,1,R
W_118399,641,641,A
W_5687,4,1,R
W_58781,12,1,R
W_40971,1,1,R
W_4887,47,47,A
W_30668,415,415,A
W_2474,64,64,A
W_115692,56,56,A
W_1596,14,5,B_not_promoted
W_2673,29,24,B_not_promoted
W_5440,149,149,A
W_12137,1,1,R
W_135478,3,9,B_demoted
W_21025,441,441,A
W_4841,357,357,A
W_2968,185,185,A
W_42997,249,249,A
W_175,2,1,R
W_679,8,4,B_not_promoted
W_1795,16,1,R
W_8673,1,1,R
W_69970,45,45,A
W_9276,89,89,A
W_2673,3,1,R
W_3978,4,1,R
W_12135,3028,3028,A
W_4642,220,220,A
W_118543,42,42,A
W_11841,1,1,R
W_57375,552,552,A
W_706,51,51,A
W_10641,16,6,B_not_promoted
W_111535,6,1,R
W_53997,111,111,A
W_28547,3,1,R
W_6292,13,1,R
W_4066,4,22,B_demoted
W_25621,12,16,B_demoted
W_39438,638,638,A
W_10845,65,65,A
W_111991,11,2,B_not_promoted
W_1478,828,828,A
W_121495,1,1,R
W_115814,11,1,R
W_25000,1,1,R
W_92616,168,168,A
W_115054,15,30,B_demoted
W_124199,15,1,R
W_243,20,21,B_demoted
W_2474,36,36,A
W_8673,11,22,B_demoted
W_11657,6,1,R
W_35389,127,127,A
W_5555,4,1,R
W_25489,92,92,A
W_97632,1,1,R
W_101220,28,5,B_not_promoted
W_7084,8,1,R
W_140168,1,4,B_demoted
W_140168,68,68,A
W_52227,3,1,R
W_122709,4,22,B_demoted
W_40120,122,122,A
W_140168,13,5,B_not_promoted
W_11516,4,1,R
W_1409,1,1,R
W_140168,151,151,A
W_841,1728,1728,A
W_98311,268,268,A
W_5283,6,1,R
W_12255,5,1,R
W_124199,6,2,B_not_promoted
W_243,5,7,B_demoted
W_6693,1,1,R
W_4779,4,1,R
W_1769,2,2,B_not_promoted
W_4728,1,1,R
W_14229,2,1,R
W_142439,45,45,A
W_114947,3,2,B_not_promoted
W_3997,78,78,A
W_199,6,1,R
W_179,1,1,R
W_93644,329,329,A
W_159387,87,87,A
W_11535,648,648,A
W_57375,147,147,A
W_69073,189,189,A
W_111535,1,1,R
W_112910,197,197,A
W_50379,398,398,A
W_23767,1,1,R
W_13552,58,58,A
W_7577,363,363,A
W_12159,759,759,A
W_18507,1598,1598,A
W_22936,2329,2329,A
W_27164,157,157,A
W_127392,68,68,A
W_56239,22,1,R
W_8203,161,161,A
W_39786,1,1,R
W_42311,23,15,B_not_promoted
W_642,1,1,R
W_121401,163,163,A
W_97414,59,59,A
W_14501,1411,1411,A
W_246,4,1,R
W_32531,6,5,B_not_promoted
W_14599,83,83,A
W_39055,1,1,R
W_29045,349,349,A
W_47101,674,674,A
W_61207,1617,1617,A
W_61207,5,13,B_demoted
W_61207,26,30,B_demoted
W_3145,1,19,B_demoted
W_775,2,1,R
W_8387,184,184,A
W_6870,1,4,B_demoted
W_28687,48,48,A
W_47901,5,28,B_demoted
W_139740,2,1,R
W_118849,4,1,R
W_26941,78,78,A
W_6464,1,1,R
W_5687,7,2,B_not_promoted
W_10144,1,1,R
W_7583,2588,2588,A
W_9004,1,1,R
W_22,127,127,A
W_122729,2,1,R
W_11249,17,1,R
W_1454,460,460,A
W_125863,2,1,R
W_462,2,1,R
W_21352,3,1,R
W_9199,5,1,R
W_6093,5,1,R
W_3978,590,590,A
W_401,1169,1169,A
W_4806,49,49,A
W_2759,186,186,A
W_17662,2,1,R
W_6939,2,1,R
W_13208,1,1,R
W_156542,74,74,A
W_68472,6,2,B_not_promoted
W_39525,1,1,R
W_123334,1,1,R
W_5930,11,1,R
W_3353,65,65,A
W_120968,31,31,A
W_52851,1,3,B_demoted
W_6163,1,1,R
W_7776,1,1,R
W_113615,2,7,B_demoted
W_50523,133,133,A
W_70931,159,159,A
W_11358,2,1,R
W_4806,11,7,B_not_promoted
W_33804,26,1,R
W_3744,2,1,R
W_117883,119,119,A
W_56781,36,36,A
W_20049,376,376,A
W_123334,117,117,A
W_111991,9,1,R
W_17671,78,78,A
W_29130,2,2,B_not_promoted
W_129296,1894,1894,A
W_27641,511,511,A
W_61921,127,127,A
W_6097,67,67,A
W_61921,259,259,A
W_61921,155,155,A
W_61921,120,120,A
W_61933,1,1,R
W_61933,39,39,A
W_126478,52,52,A
W_61933,1,1,R
W_61933,643,643,A
W_61933,48,48,A
W_40120,1424,1424,A
W_17053,1,1,R
W_98152,506,506,A
W_20257,1,1,R
W_87469,1,1,R
W_4835,1,1,R
W_111952,163,163,A
W_143052,105,105,A
W_92417,365,365,A
W_10931,6,12,B_demoted
W_77153,416,416,A
W_8339,64,64,A
W_3221,1,1,R
W_12168,87,87,A
W_146806,540,540,A
W_7229,84,84,A
W_3978,3,1,R
W_18,1,1,R
W_1347,126,126,A
W_41771,1256,1256,A
W_41771,1330,1330,A
W_42631,780,780,A
W_4726,3725,3725,A
W_115814,15,5,B_not_promoted
W_123334,43,43,A
W_164640,1,1,R
W_64395,507,507,A
W_2911,739,739,A
W_47101,94,94,A
W_6216,1,1,R
W_6216,15,1,R
W_9262,38,38,A
W_4642,74,74,A
W_37513,43,43,A
W_7489,136,136,A
W_19912,2149,2149,A
W_3552,1,1,R
W_113615,487,487,A
W_36064,20,9,B_not_promoted
W_623,2,1,R
W_4012,1,1,R
W_123840,7,1,R
W_137560,10,1,R
W_373,3,1,R
W_401,3,5,B_demoted
W_10129,66,66,A
W_55442,356,356,A
W_55442,2,1,R
W_623,17,6,B_not_promoted
W_137056,4,1,R
W_2085,1,1,R
W_62433,408,408,A
W_62433,1469,1469,A
W_9133,4,3,B_not_promoted
W_62433,323,323,A
W_62433,10,5,B_not_promoted
W_9643,76,76,A
W_22556,2693,2693,A
W_132685,26,2,B_not_promoted
W_68472,635,635,A
W_62475,3,1,R
W_62475,52,52,A
W_27477,1,7,B_demoted
W_1308,47,47,A
W_52851,1,8,B_demoted
W_1002,59,59,A
W_26939,13,5,B_not_promoted
W_27477,13,1,R
W_26939,147,147,A
W_625,14,1,R
W_5687,857,857,A
W_1282,108,108,A
W_27477,11,1,R
W_32408,9,4,B_not_promoted
W_5515,3,1,R
W_625,33,33,A
W_4694,272,272,A
W_115728,90,90,A
W_7084,7,1,R
W_53351,417,417,A
W_56781,23,2,B_not_promoted
W_25154,23,1,R
W_15521,8,1,R
W_11387,4,1,R
W_179,17,1,R
W_10603,37,37,A
W_15300,2,1,R
W_175,186,186,A
W_10845,15,27,B_demoted
W_627,426,426,A
W_56366,300,300,A
W_62782,30,1,R
W_4749,35,35,A
W_1894,982,982,A
W_6859,10,4,B_not_promoted
W_19558,1,1,R
W_14620,57,57,A
W_20088,470,470,A
W_627,22,1,R
W_34728,34,34,A
W_47639,3,3,B_not_promoted
W_57375,176,176,A
W_28221,186,186,A
W_20610,1,1,R
W_38171,32,32,A
W_6292,7,1,R
W_3170,1,1,R
W_22286,19,14,B_not_promoted
W_1282,1,1,R
W_575,1,1,R
W_3839,28,1,R
W_3904,69,69,A
W_20110,28,3,B_not_promoted
W_11649,15,1,R
W_8937,1,1,R
W_1596,342,342,A
W_34086,1,1,R
W_63101,14,27,B_demoted
W_63101,12,1,R
W_63101,534,534,A
W_63101,9,25,B_demoted
W_47674,103,103,A
W_47639,5,1,R
W_9571,9,1,R
W_22945,229,229,A
W_86939,864,864,A
W_42311,1,1,R
W_2911,96,96,A
W_112006,134,134,A
W_46851,1,1,R
W_53687,67,67,A
W_73656,390,390,A
W_39525,1,1,R
W_21352,11,1,R
W_10931,11,24,B_demoted
W_52963,6,1,R
W_434,251,251,A
W_33251,5,4,B_not_promoted
W_45783,33,33,A
W_9276,72,72,A
W_7818,54,54,A
W_140168,43,43,A
W_1108,18,1,R
W_2427,8,1,R
W_82218,1406,1406,A
W_4704,1,1,R
W_17866,4,4,B_not_promoted
W_70931,225,225,A
W_867,1,1,R
W_63101,10,12,B_demoted
W_63101,1,20,B_demoted
W_63101,17,16,B_not_promoted
W_31938,1,1,R
W_31938,149,149,A
W_246,1,1,R
W_856,2,1,R
W_3964,1,1,R
W_126478,187,187,A
W_9643,1,2,B_demoted
W_9297,3,1,R
W_150625,10,8,B_not_promoted
W_25000,1,1,R
W_4939,84,84,A
W_38476,1000,1000,A
W_10581,204,204,A
W_575,3,1,R
W_108692,7,2,B_not_promoted
W_20097,1,1,R
W_5440,105,105,A
W_20084,250,250,A
W_129436,87,87,A
W_19943,1,11,B_demoted
W_28221,36,36,A
W_5915,19,2,B_not_promoted
W_4829,581,581,A
W_23772,498,498,A
W_9671,54,54,A
W_63854,50,50,A
W_115054,1,8,B_demoted
W_63854,236,236,A
W_92417,263,263,A
W_10906,658,658,A
W_8203,94,94,A
W_1939,5,21,B_demoted
W_373,2,1,R
W_31383,1,1,R
W_3074,1,1,R
W_3174,2,1,R
W_2083,7,13,B_demoted
W_39438,50,50,A
W_118399,172,172,A
W_5912,2,1,R
W_161,77,77,A
W_56366,1016,1016,A
W_6403,4,1,R
W_87425,751,751,A
W_3061,1,1,R
W_19903,1,1,R
W_64649,44,44,A
W_6403,1,1,R
W_10129,1,1,R
W_9724,5,8,B_demoted
W_21826,1,1,R
W_73656,3,3,B_not_promoted
W_80336,3,1,R
W_62086,84,84,A
W_3264,590,590,A
W_21721,31,31,A
W_20120,4,8,B_demoted
W_177431,1,1,R
W_775,1,3,B_demoted
W_112640,52,52,A
W_932,42,42,A
W_133525,12,1,R
W_83881,1352,1352,A
W_83871,23,16,B_not_promoted
W_83873,1420,1420,A
W_13687,31,31,A
W_3997,1,1,R
W_3995,377,377,A
W_1017,7,1,R
W_40120,385,385,A
W_20639,13,7,B_not_promoted
W_7818,113,113,A
W_77153,1,1,R
W_6417,47,47,A
W_114408,246,246,A
W_10641,156,156,A
W_64627,258,258,A
W_4354,1,1,R
W_642,1,1,R
W_42338,63,63,A
W_97632,231,231,A
W_11657,2,12,B_demoted
W_40971,1243,1243,A
W_19417,188,188,A
W_9286,72,72,A
W_112006,25,9,B_not_promoted
W_52851,19,16,B_not_promoted
W_13549,9,1,R
W_932,70,70,A
W_6097,13,5,B_not_promoted
W_29045,42,42,A
W_40876,90,90,A
W_3170,49,49,A
W_9128,1,1,R
W_4810,2469,2469,A
W_9286,1649,1649,A
W_6437,2,1,R
W_63101,12,13,B_demoted
W_64372,2,1,R
W_64372,52,52,A
W_64372,229,229,A
W_64372,352,352,A
W_64372,1,1,R
W_343,348,348,A
W_64372,46,46,A
W_13552,52,52,A
W_64395,49,49,A
W_4939,232,232,A
W_40675,29,24,B_not_promoted
W_4698,268,268,A
W_7577,7,1,R
W_1282,7,17,B_demoted
W_46288,4,1,R
W_64445,1,1,R
W_8824,17,14,B_not_promoted
W_64445,1,1,R
W_42631,6,1,R
W_32531,1,1,R
W_11485,1,1,R
W_299,67,67,A
W_134666,52,52,A
W_64395,869,869,A
W_38476,2,1,R
W_29487,130,130,A
W_2407,105,105,A
W_64513,1,1,R
W_64513,241,241,A
W_246,1,1,R
W_12159,460,460,A
W_4696,272,272,A
W_12140,11,16,B_demoted
W_13549,249,249,A
W_2407,2,6,B_demoted
W_4841,5,1,R
W_40876,737,737,A
W_3839,7,1,R
W_38495,86,86,A
W_58783,29,1,R
W_126478,43,43,A
W_64395,127,127,A
W_64593,362,362,A
W_100,31,31,A
W_20539,38,38,A
W_53351,462,462,A
W_50939,92,92,A
W_51980,23,1,R
W_64627,591,591,A
W_21528,49,49,A
W_78838,2,2,B_not_promoted
W_64489,301,301,A
W_6163,1,1,R
W_117883,73,73,A
W_112241,5,30,B_demoted
W_4541,18,2,B_not_promoted
W_6464,1,1,R
W_64650,856,856,A
W_64648,202,202,A
W_64652,35,35,A
W_64651,983,983,A
W_9724,47,47,A
W_64627,2,1,R
W_14620,124,124,A
W_113724,3249,3249,A
W_243,50,50,A
W_22945,230,230,A
W_4728,68,68,A
W_59319,327,327,A
W_27641,37,37,A
W_13222,1,1,R
W_121182,130,130,A
W_122815,5,23,B_demoted
W_127547,185,185,A
W_6441,12,1,R
W_64766,3,24,B_demoted
W_64766,12,6,B_not_promoted
W_11014,37,37,A
W_48320,21,1,R
W_886,35,35,A
W_43012,3,6,B_demoted
W_34699,13,10,B_not_promoted
W_19945,31,31,A
W_83881,646,646,A
W_10781,16,16,B_not_promoted
W_7583,184,184,A
W_22926,217,217,A
W_111510,347,347,A
W_39438,415,415,A
W_22556,1,1,R
W_39520,1,1,R
W_37776,516,516,A
W_594,1,1,R
W_29487,295,295,A
W_30246,3,1,R
W_6210,11,1,R
W_6485,93,93,A
W_50379,88,88,A
W_136166,3,9,B_demoted
W_140442,1,2,B_demoted
W_121548,92,92,A
W_594,581,581,A
W_594,2,1,R
W_594,104,104,A
W_40199,12,8,B_not_promoted
W_5316,218,218,A
W_11819,150,150,A
W_88508,524,524,A
W_88508,32,32,A
W_88508,41,41,A
W_88508,15,3,B_not_promoted
W_88508,29,7,B_not_promoted
W_1412,25,27,B_demoted
W_42338,275,275,A
W_45948,3,1,R
W_3744,1,2,B_demoted
W_5396,559,559,A
W_65049,20,21,B_demoted
W_2271,13,9,B_not_promoted
W_7084,1,1,R
W_114408,104,104,A
W_35188,882,882,A
W_20622,3,1,R
W_4012,1,1,R
W_9271,13,8,B_not_promoted
W_20162,18,8,B_not_promoted
W_430,3,4,B_demoted
W_6616,3,1,R
W_52963,334,334,A
W_11006,1066,1066,A
W_4700,78,78,A
W_7202,50,50,A
W_21721,86,86,A
W_8937,1,1,R
W_10577,1079,1079,A
W_118399,165,165,A
W_4816,437,437,A
W_9131,16,5,B_not_promoted
W_9671,8,23,B_demoted
W_82200,349,349,A
W_25511,105,105,A
W_114608,234,234,A
W_23770,187,187,A
W_11516,52,52,A
W_132642,881,881,A
W_7577,666,666,A
W_20036,259,259,A
W_886,137,137,A
W_4655,6,1,R
W_132541,29,4,B_not_promoted
W_64489,115,115,A
W_19558,8,1,R
W_62782,4,1,R
W_6536,1,1,R
W_17866,7,2,B_not_promoted
W_6536,1,1,R
W_122602,160,160,A
W_65381,10,12,B_demoted
W_65381,589,589,A
W_4683,6,4,B_not_promoted
W_65381,11,10,B_not_promoted
W_65381,478,478,A
W_6536,1,1,R
W_114947,21,1,R
W_49809,3557,3557,A
W_19417,45,45,A
W_6536,5,2,B_not_promoted
W_68897,57,57,A
W_89492,42,42,A
W_11471,277,277,A
W_6549,88,88,A
W_9350,6,8,B_demoted
W_8696,1,1,R
W_6549,53,53,A
W_52660,40,40,A
W_6549,1,1,R
W_118823,1116,1116,A
W_6549,1,1,R
W_82877,128,128,A
W_10906,152,152,A
W_23525,2,1,R
W_92417,171,171,A
W_38429,17,2,B_not_promoted
W_656,49,49,A
W_401,8,1,R
W_19943,867,867,A
W_56239,52,52,A
W_65609,7,1,R
W_65609,33,33,A
W_21025,1,1,R
W_5461,6,1,R
W_65609,65,65,A
W_103771,26,24,B_not_promoted
W_54466,4935,4935,A
W_54461,3167,3167,A
W_149807,57,57,A
W_145365,4,1,R
W_120968,82,82,A
W_9508,4,1,R
W_10907,192,192,A
W_177431,12,1,R
W_20120,643,643,A
W_20110,148,148,A
W_27320,31,31,A
W_11667,25,1,R
W_7245,1,1,R
W_9643,73,73,A
W_30246,1892,1892,A
W_54466,363,363,A
W_4846,80,80,A
W_30209,9,1,R
W_14861,1,1,R
W_82877,899,899,A
W_13552,132,132,A
W_30668,47,47,A
W_81722,269,269,A
W_132490,1472,1472,A
W_14379,2748,2748,A
W_133525,3,1,R
W_156542,7,17,B_demoted
W_3839,72,72,A
W_142497,8,1,R
W_111656,254,254,A
W_6602,1,1,R
W_6602,14,1,R
W_8202,1,1,R
W_4541,51,51,A
W_21695,2,5,B_demoted
W_564,88,88,A
W_961,1,1,R
W_31091,14,1,R
W_124571,788,788,A
W_34907,1729,1729,A
W_9297,22,6,B_not_promoted
W_20036,1091,1091,A
W_4816,51,51,A
W_6616,4,1,R
W_122709,16,1,R
W_627,60,60,A
W_134666,3,1,R
W_6616,2,1,R
W_115251,185,185,A
W_284,14,2,B_not_promoted
W_6715,87,87,A
W_430,1,1,R
W_39785,2,1,R
W_430,73,73,A
W_92616,476,476,A
W_50379,118,118,A
W_5283,11,17,B_demoted
W_4681,13,5,B_not_promoted
W_430,2,1,R
W_20110,118,118,A
W_134666,2,1,R
W_10907,7,1,R
W_2558,9,5,B_not_promoted
W_10577,180,180,A
W_83871,839,839,A
W_87758,28,18,B_not_promoted
W_25621,695,695,A
W_3997,1,1,R
W_11474,679,679,A
W_29130,642,642,A
W_59150,99,99,A
W_121296,165,165,A
W_799,1,1,R
W_5283,318,318,A
W_4843,207,207,A
W_70931,32,32,A
W_156124,55,55,A
W_156124,8,2,B_not_promoted
W_10212,36,36,A
W_11833,106,106,A
W_23116,18,1,R
W_2901,181,181,A
W_12159,56,56,A
W_59319,47,47,A
W_127392,84,84,A
W_114947,167,167,A
W_4854,26,6,B_not_promoted
W_4814,2,18,B_demoted
W_14861,31,31,A
W_3529,1,1,R
W_10745,37,37,A
W_10849,20,1,R
W_82200,1541,1541,A
W_109122,403,403,A
W_3529,3,2,B_not_promoted
W_24222,4,1,R
W_17053,1,1,R
W_68472,146,146,A
W_42338,387,387,A
W_10576,2,2,B_not_promoted
W_77153,1,1,R
W_39786,11,2,B_not_promoted
W_112640,6617,6617,A
W_117791,44,44,A
W_126096,90,90,A
W_31725,30,2,B_not_promoted
W_4806,9,1,R
W_25511,9,28,B_demoted
W_11387,8,5,B_not_promoted
W_13222,7,1,R
W_15519,1,1,R
W_994,1,1,R
W_34353,338,338,A
W_23770,476,476,A
W_23767,294,294,A
W_71702,85,85,A
W_13540,3,19,B_demoted
W_19789,1,1,R
W_39786,3,1,R
W_4849,51,51,A
W_21721,10,15,B_demoted
W_61207,25,13,B_not_promoted
W_31725,24,1,R
W_98152,275,275,A
W_26542,102,102,A
W_3353,5,1,R
W_118849,1,1,R
W_27328,7,8,B_demoted
W_86939,1037,1037,A
W_44137,280,280,A
W_118823,62,62,A
W_42311,100,100,A
W_40419,14,1,R
W_52851,1,1,R
W_6676,325,325,A
W_114490,230,230,A
W_6676,1,1,R
W_2474,5,1,R
W_4846,564,564,A
W_4865,29,1,R
W_38429,31,31,A
W_2145,10,7,B_not_promoted
W_6453,6,1,R
W_26939,606,606,A
W_11823,28,29,B_demoted
W_87469,198,198,A
W_7253,914,914,A
W_32534,123,123,A
W_1347,73,73,A
W_10850,572,572,A
W_10901,74,74,A
W_70931,129,129,A
W_39786,11,20,B_demoted
W_83296,5,1,R
W_98770,40,40,A
W_68063,15,9,B_not_promoted
W_27894,108,108,A
W_146806,9,3,B_not_promoted
W_22581,16,1,R
W_8543,146,146,A
W_101220,24,15,B_not_promoted
W_5440,221,221,A
W_11667,37,37,A
W_11850,35,35,A
W_30424,1,1,R
W_6693,3,2,B_not_promoted
W_20069,1,3,B_demoted
W_5655,5,4,B_not_promoted
W_6693,36,36,A
W_50523,1180,1180,A
W_243,37,37,A
W_21695,6,3,B_not_promoted
W_10129,36,36,A
W_6753,114,114,A
W_56781,445,445,A
W_40199,2,4,B_demoted
W_25154,32,32,A
W_10603,5,1,R
W_27790,5,1,R
W_11798,795,795,A
W_17671,176,176,A
W_13873,2,1,R
W_77841,36,36,A
W_9004,117,117,A
W_20120,30,6,B_not_promoted
W_43088,1,1,R
W_4810,276,276,A
W_22965,17,29,B_demoted
W_39786,61,61,A
W_149519,34,34,A
W_51980,33,33,A
W_21828,31,31,A
W_20064,1,2,B_demoted
W_27894,249,249,A
W_62475,106,106,A
W_53040,28,1,R
W_13693,1,5,B_demoted
W_146806,70,70,A
W_13204,316,316,A
W_9006,214,214,A
W_62086,54,54,A
W_4835,22,12,B_not_promoted
W_28094,16,3,B_not_promoted
W_303,5,1,R
W_7446,89,89,A
W_7446,1,1,R
W_80336,2,1,R
W_7446,1,1,R
W_47901,4,1,R
W_4835,3,7,B_demoted
W_5388,3,1,R
W_73656,107,107,A
W_3497,86,86,A
W_1282,182,182,A
W_98152,19,19,B_not_promoted
W_4801,652,652,A
W_34699,54,54,A
W_127392,28,15,B_not_promoted
W_4698,190,190,A
W_2083,429,429,A
W_6549,14,1,R
W_1924,1,1,R
W_56366,33,33,A
W_10850,179,179,A
W_20541,8,18,B_demoted
W_14969,7,15,B_demoted
W_177431,12,1,R
W_164640,1,1,R
W_132686,9,5,B_not_promoted
W_3414,1,1,R
W_39520,117,117,A
W_64445,1,1,R
W_133525,1,4,B_demoted
W_135478,26,4,B_not_promoted
W_64513,45,45,A
W_21528,39,39,A
W_6753,2,1,R
W_2081,142,142,A
W_132900,1,1,R
W_134666,18,1,R
W_2930,197,197,A
W_115728,1,1,R
W_17053,1,1,R
W_118543,86,86,A
W_24222,1,1,R
W_25030,243,243,A
W_135478,41,41,A
W_140442,8,1,R
W_299,424,424,A
W_115728,1,1,R
W_64445,1,1,R
W_68897,4,1,R
W_139740,1,1,R
W_134666,3,1,R
W_137056,1,1,R
W_642,1,1,R
W_144326,1,1,R
W_144458,1,1,R
W_6163,1,3,B_demoted
W_133525,1,1,R
W_15385,86,86,A
W_156542,1,1,R
W_17053,11952,11952,A
W_67609,2,1,R
W_67609,3,1,R
W_67609,7,1,R
W_67609,10,1,R
W_12937,40,40,A
W_67609,26,16,B_not_promoted
W_67609,538,538,A
W_7027,91,91,A
W_4690,6,1,R
W_177431,25,3,B_not_promoted
W_15385,263,263,A
W_122729,28,1,R
W_119695,210,210,A
W_164640,1,1,R
W_177431,81,81,A
W_32202,1,2,B_demoted
W_140437,8,1,R
W_152634,1,1,R
W_26,5,2,B_not_promoted
W_11387,2,16,B_demoted
W_177431,17,11,B_not_promoted
W_28493,30,22,B_not_promoted
W_65609,346,346,A
W_9297,1,1,R
W_20254,52,52,A
W_2696,5,1,R
W_13693,8,6,B_not_promoted
W_373,106,106,A
W_677,2,2,B_not_promoted
W_19353,89,89,A
W_4728,27,10,B_not_promoted
W_134622,1,1,R
W_6784,8,1,R
W_10216,3,2,B_not_promoted
W_137560,355,355,A
W_64627,249,249,A
W_121495,1,1,R
W_5655,1736,1736,A
W_22286,6,1,R
W_112910,24,14,B_not_promoted
W_679,1,1,R
W_63932,63,63,A
W_30235,208,208,A
W_9376,139,139,A
W_114810,57,57,A
W_9286,6,1,R
W_4704,1,22,B_demoted
W_34604,1,1,R
W_5283,161,161,A
W_10913,187,187,A
W_10845,14,7,B_not_promoted
W_32053,14,15,B_demoted
W_7878,795,795,A
W_82200,18,13,B_not_promoted
W_22154,82,82,A
W_71702,3,15,B_demoted
W_113724,14,1,R
W_22053,1,1,R
W_22084,28,18,B_not_promoted
W_679,1,1,R
W_177431,11,1,R
W_117417,1329,1329,A
W_8521,1,1,R
W_6693,44,44,A
W_8521,1,1,R
W_68063,127,127,A
W_6807,1,1,R
W_135493,3,1,R
W_4704,102,102,A
W_4700,81,81,A
W_133525,1,1,R
W_144458,1,1,R
W_152634,9,1,R
W_156542,4,1,R
W_4841,7,1,R
W_80336,25,1,R
W_138964,22,30,B_demoted
W_12792,38,38,A
W_27328,449,449,A
W_28221,21,1,R
W_19353,322,322,A
W_83873,12,22,B_demoted
W_3264,1040,1040,A
W_6441,184,184,A
W_20257,1,1,R
W_87469,1,1,R
W_4835,1,1,R
W_29299,344,344,A
W_114606,86,86,A
W_11552,1850,1850,A
W_132900,2,1,R
W_8872,4,1,R
W_1130,1247,1247,A
W_20005,238,238,A
W_139588,1,1,R
W_139588,2,4,B_demoted
W_139588,1,3,B_demoted
W_139588,1,1,R
W_139588,4,2,B_not_promoted
W_139588,42,42,A
W_7878,2486,2486,A
W_20005,1,1,R
W_139588,20,1,R
W_5319,5,1,R
W_139588,8,1,R
W_139588,691,691,A
W_154901,1,1,R
W_28493,7,19,B_demoted
W_1055,35,35,A
W_39785,89,89,A
W_124745,13,15,B_demoted
W_5697,13,19,B_demoted
W_6453,1,1,R
W_13208,1,1,R
W_10603,330,330,A
W_6292,58,58,A
W_120968,30,10,B_not_promoted
W_134347,2,1,R
W_132987,137,137,A
W_122815,1,1,R
W_34907,402,402,A
W_2759,785,785,A
W_5687,1,1,R
W_115251,385,385,A
W_9006,162,162,A
W_135493,1,1,R
W_32711,73,73,A
W_5283,1042,1042,A
W_134622,5,5,B_not_promoted
W_142497,4,1,R
W_55442,1,20,B_demoted
W_124199,72,72,A
W_1939,513,513,A
W_20162,1860,1860,A
W_19417,38,38,A
W_7818,10,2,B_not_promoted
W_29060,1357,1357,A
W_4843,134,134,A
W_4698,84,84,A
W_27894,3,1,R
W_99743,17,1,R
W_6715,46,46,A
W_3221,193,193,A
W_177431,1,1,R
W_2966,1,1,R
W_564,3,1,R
W_20064,1,1,R
W_111535,1,1,R
W_59319,138,138,A
W_15521,5,1,R
W_1650,2,1,R
W_144354,4,1,R
W_9004,15,1,R
W_3092,2,1,R
W_11534,1,1,R
W_113615,1,1,R
W_9266,19,1,R
W_177431,1,1,R
W_4726,1,1,R
W_11484,137,137,A
W_6730,49,49,A
W_6730,472,472,A
W_10913,623,623,A
W_6730,2,1,R
W_6730,2,2,B_not_promoted
W_6730,2,16,B_demoted
W_564,1,1,R
W_6870,107,107,A
W_6730,3,2,B_not_promoted
W_115814,1,1,R
W_113724,1,1,R
W_6730,2087,2087,A
W_6730,20,15,B_not_promoted
W_6437,21,11,B_not_promoted
W_6730,2,1,R
W_45675,614,614,A
W_26111,221,221,A
W_10901,136,136,A
W_9574,115,115,A
W_121548,54,54,A
W_564,1,1,R
W_3978,3,1,R
W_62782,28,1,R
W_3245,1,1,R
W_101220,86,86,A
W_44435,736,736,A
W_89492,1644,1644,A
W_68897,4,1,R
W_68897,6802,6802,A
W_3057,1,1,R
W_11798,4,13,B_demoted
W_11798,113,113,A
W_111952,13,12,B_not_promoted
W_4816,125,125,A
W_59952,40,40,A
W_1143,4,1,R
W_4922,23,1,R
W_122183,247,247,A
W_122183,41,41,A
W_13693,1,1,R
W_40971,17,25,B_demoted
W_3221,37,37,A
W_1596,1,1,R
W_3177,8,2,B_not_promoted
W_22084,8,1,R
W_14485,1,1,R
W_39520,74,74,A
W_134622,2,10,B_demoted
W_20539,82,82,A
W_11649,16,25,B_demoted
W_69073,29,1,R
W_69073,41,41,A
W_113981,152,152,A
W_69073,93,93,A
W_64648,67,67,A
W_99743,111,111,A
W_6870,1,4,B_demoted
W_139740,2,1,R
W_113981,39,39,A
W_113981,542,542,A
W_9199,17,5,B_not_promoted
W_21352,2,1,R
W_10641,85,85,A
W_136166,175,175,A
W_38171,8,6,B_not_promoted
W_2393,7,1,R
W_132987,328,328,A
W_21025,577,577,A
W_10850,92,92,A
W_30246,1,1,R
W_1282,1,1,R
W_118849,2,1,R
W_882,1,1,R
W_111991,2,3,B_demoted
W_50379,1,1,R
W_4835,1427,1427,A
W_6939,1,1,R
W_64650,178,178,A
W_122729,914,914,A
W_38429,443,443,A
W_2081,16,1,R
W_13552,42,42,A
W_78838,3,1,R
W_6870,835,835,A
W_4887,28,12,B_not_promoted
W_6417,31,31,A
W_3928,1,1,R
W_5396,62,62,A
W_21695,29,12,B_not_promoted
W_5912,6,1,R
W_40419,7,12,B_demoted
W_4945,76,76,A
W_5958,80,80,A
W_28784,5805,5805,A
W_111991,1,1,R
W_115707,434,434,A
W_1002,7,1,R
W_50939,3,1,R
W_21025,1,1,R
W_10603,29,1,R
W_42631,250,250,A
W_27911,151,151,A
W_17274,6,5,B_not_promoted
W_5102,35,35,A
W_1108,1,1,R
W_135478,11,1,R
W_9704,2989,2989,A
W_69914,1,1,R
W_117417,22,5,B_not_promoted
W_69943,44,44,A
W_69943,93,93,A
W_69943,5,1,R
W_69943,96,96,A
W_69943,4,1,R
W_817,53,53,A
W_20084,20,26,B_demoted
W_5549,23,8,B_not_promoted
W_69970,38,38,A
W_10603,311,311,A
W_22936,126,126,A
W_127547,89,89,A
W_117417,21,5,B_not_promoted
W_137560,7,12,B_demoted
W_9004,1,2,B_demoted
W_59319,366,366,A
W_123334,1,13,B_demoted
W_5102,5,11,B_demoted
W_1276,1,1,R
W_9644,9,1,R
W_7247,118,118,A
W_23544,14,1,R
W_103771,1,1,R
W_56072,1613,1613,A
W_867,1,1,R
W_2658,1,1,R
W_111952,299,299,A
W_27477,1,1,R
W_775,1,1,R
W_58783,51,51,A
W_7247,4,1,R
W_15300,3,1,R
W_299,475,475,A
W_50939,282,282,A
W_11652,45,45,A
W_144326,58,58,A
W_152634,1,1,R
W_21826,3,6,B_demoted
W_7027,8,1,R
W_7027,84,84,A
W_145365,1,1,R
W_7032,1,1,R
W_299,3,1,R
W_106883,139,139,A
W_119473,64,64,A
W_10581,40,40,A
W_30209,2120,2120,A
W_117403,953,953,A
W_34353,25,26,B_demoted
W_34353,8,7,B_not_promoted
W_17053,1,1,R
W_38517,127,127,A
W_34353,11,28,B_demoted
W_37947,4,1,R
W_9350,40,40,A
W_56072,1,1,R
W_6403,11,1,R
W_4468,49,49,A
W_28547,4,1,R
W_9671,6,1,R
W_706,1,1,R
W_56366,547,547,A
W_4702,1,1,R
W_27164,55,55,A
W_114490,46,46,A
W_20084,107,107,A
W_40671,1,1,R
W_111510,250,250,A
W_38517,51,51,A
W_28547,60,60,A
W_25113,307,307,A
W_30235,86,86,A
W_30235,63,63,A
W_119158,23,11,B_not_promoted
W_30235,64,64,A
W_113724,251,251,A
W_30235,11,1,R
W_30235,110,110,A
W_115814,4,1,R
W_4767,38,38,A
W_1478,2,1,R
W_9704,49,49,A
W_39785,50,50,A
W_63101,26,27,B_demoted
W_23239,1078,1078,A
W_7084,5,2,B_not_promoted
W_137560,657,657,A
W_677,9,1,R
W_70887,78,78,A
W_25154,7,1,R
W_139740,25,3,B_not_promoted
W_5915,267,267,A
W_64593,143,143,A
W_111952,72,72,A
W_123591,1,1,R
W_1278,40,40,A
W_9703,174,174,A
W_9703,415,415,A
W_9703,2700,2700,A
W_9576,87,87,A
W_52177,51,51,A
W_4354,1,1,R
W_156542,1,1,R
W_64649,59,59,A
W_5616,5,18,B_demoted
W_1939,8,4,B_not_promoted
W_164640,1,1,R
W_882,1,1,R
W_209,921,921,A
W_19912,85,85,A
W_19417,49,49,A
W_87469,3710,3710,A
W_109642,811,811,A
W_375,231,231,A
W_87758,5063,5063,A
W_6394,6,1,R
W_29130,10,2,B_not_promoted
W_144458,2,1,R
W_111906,173,173,A
W_132987,480,480,A
W_19417,17,25,B_demoted
W_7116,9,1,R
W_7116,6,19,B_demoted
W_50939,1,2,B_demoted
W_20064,6,1,R
W_1412,826,826,A
W_7213,48,48,A
W_399,101,101,A
W_30209,1375,1375,A
W_4816,1326,1326,A
W_4728,1,1,R
W_25000,1,1,R
W_25000,63,63,A
W_61207,36,36,A
W_3099,40,40,A
W_7213,70,70,A
W_38476,7,3,B_not_promoted
W_5396,5,11,B_demoted
W_64652,3,7,B_demoted
W_3170,2,1,R
W_1308,20,1,R
W_23165,12,1,R
W_6784,36,36,A
W_4277,1,2,B_demoted
W_32534,871,871,A
W_76574,22,1,R
W_127392,29,20,B_not_promoted
W_11794,160,160,A
W_4826,1230,1230,A
W_8696,1,1,R
W_29045,12,24,B_demoted
W_4755,1,1,R
W_10745,1035,1035,A
W_7552,1,1,R
W_149519,56,56,A
W_5549,243,243,A
W_6753,39,39,A
W_71473,22,23,B_demoted
W_71473,1,2,B_demoted
W_71473,535,535,A
W_71473,37,37,A
W_16560,1,1,R
W_39786,17,20,B_demoted
W_1812,2,2,B_not_promoted
W_118849,1,1,R
W_12937,29,26,B_not_promoted
W_19955,3,1,R
W_6715,14,18,B_demoted
W_103771,100,100,A
W_113981,37,37,A
W_5162,293,293,A
W_1364,242,242,A
W_34604,38,38,A
W_119695,32,32,A
W_113615,5,1,R
W_6616,2,1,R
W_6676,30,16,B_not_promoted
W_6602,62,62,A
W_7776,8,1,R
W_430,5,1,R
W_5534,269,269,A
W_954,7,1,R
W_2407,3,1,R
W_594,202,202,A
W_11014,1,1,R
W_817,252,252,A
W_6602,1,1,R
W_5396,565,565,A
W_19508,46,46,A
W_10931,41,41,A
W_77153,3,1,R
W_32053,1,1,R
W_52963,16,1,R
W_16560,70,70,A
W_10472,1,1,R
W_118543,6,1,R
W_122709,1,1,R
W_4833,61,61,A
W_179,1,1,R
W_30326,1,1,R
W_4833,2,1,R
W_35389,56,56,A
W_35389,447,447,A
W_34604,114,114,A
W_56072,6,1,R
W_5549,63,63,A
W_24222,26,1,R
W_3964,1,1,R
W_3904,22,26,B_demoted
W_135493,1,1,R
W_121495,5,2,B_not_promoted
W_3964,1,1,R
W_8339,4,1,R
W_2855,1,1,R
W_34086,1,1,R
W_1153,22,1,R
W_16560,1,1,R
W_367,1,1,R
W_6464,3,1,R
W_704,1,1,R
W_10472,4,1,R
W_627,12,1,R
W_28687,6,1,R
W_140437,9,2,B_not_promoted
W_122709,32,32,A
W_121360,406,406,A
W_21828,24,5,B_not_promoted
W_135493,12,20,B_demoted
W_92417,2,2,B_not_promoted
W_39785,3,1,R
W_136518,2,11,B_demoted
W_144354,9,1,R
W_37776,1,1,R
W_123840,7,18,B_demoted
W_994,1,1,R
W_5912,16,11,B_not_promoted
W_4767,6,1,R
W_7202,1,1,R
W_6453,1,22,B_demoted
W_71473,563,563,A
W_140442,5,3,B_not_promoted
W_7446,1,2,B_demoted
W_5342,161,161,A
W_58781,5,30,B_demoted
W_136166,8,1,R
W_140442,152,152,A
W_144458,1,1,R
W_42453,808,808,A
W_7583,393,393,A
W_112097,176,176,A
W_42054,362,362,A
W_5388,6,1,R
W_42631,116,116,A
W_1939,200,200,A
W_62782,22,1,R
W_3995,703,703,A
W_22053,12,2,B_not_promoted
W_136166,1,1,R
W_4685,207,207,A
W_4683,54,54,A
W_164640,53,53,A
W_13523,30,18,B_not_promoted
W_177431,27,1,R
W_97632,133,133,A
W_36064,2033,2033,A
W_13698,45,45,A
W_52227,14,1,R
W_7264,2,1,R
W_4267,13,1,R
W_882,19,1,R
W_54816,126,126,A
W_21826,23,19,B_not_promoted
W_4865,4,5,B_demoted
W_111656,64,64,A
W_23770,13,5,B_not_promoted
W_127392,122,122,A
W_82146,4,3,B_not_promoted
W_14861,385,385,A
W_122254,11,1,R
W_12159,33,33,A
W_64651,205,205,A
W_3077,11,1,R
W_22948,244,244,A
W_177431,88,88,A
W_34604,37,37,A
W_3077,7,23,B_demoted
W_3077,24,1,R
W_3077,288,288,A
W_7245,20,1,R
W_115249,68,68,A
W_7247,1,1,R
W_140437,15,6,B_not_promoted
W_9644,32,32,A
W_7249,1,1,R
W_4726,1,1,R
W_434,10,1,R
W_1017,4,1,R
W_11833,56,56,A
W_62475,4,1,R
W_65381,11,29,B_demoted
W_12140,2,9,B_demoted
W_7257,223,223,A
W_4158,34,34,A
W_69914,30,16,B_not_promoted
W_144326,1,1,R
W_9665,31,31,A
W_64593,147,147,A
W_7261,1,1,R
W_69970,3434,3434,A
W_152634,6,1,R
W_125147,158,158,A
W_10338,63,63,A
W_54816,3,3,B_not_promoted
W_4801,20,7,B_not_promoted
W_3203,54,54,A
W_7264,12,1,R
W_49809,34,34,A
W_1143,1,2,B_demoted
W_49809,1,1,R
W_159387,17,26,B_demoted
W_817,1,1,R
W_121360,11,3,B_not_promoted
W_12255,2,1,R
W_114394,187,187,A
W_69943,26,1,R
W_9092,54,54,A
W_13222,2,1,R
W_2407,1,16,B_demoted
W_7279,34,34,A
W_7279,113,113,A
W_45675,5,1,R
W_7279,286,286,A
W_11649,3,1,R
W_132900,2,1,R
W_134622,1,1,R
W_136166,4,4,B_not_promoted
W_139530,3,1,R
W_139740,1,1,R
W_10931,176,176,A
W_64650,158,158,A
W_144354,1,1,R
W_144326,4,1,R
W_32408,17,12,B_not_promoted
W_32408,10,16,B_demoted
W_111656,225,225,A
W_1769,23,5,B_not_promoted
W_149519,3,1,R
W_46408,754,754,A
W_151781,17,1,R
W_27477,2,8,B_demoted
W_7550,12,1,R
W_126478,207,207,A
W_122815,142,142,A
W_103,15,1,R
W_886,94,94,A
W_998,58,58,A
W_2930,1,1,R
W_114712,311,311,A
W_149807,6,1,R
W_149807,32,32,A
W_18,31,31,A
W_6464,5,3,B_not_promoted
W_6715,5,1,R
W_731,14,1,R
W_7312,2,1,R
W_4012,34,34,A
W_3245,82,82,A
W_32534,2,1,R
W_109642,7,13,B_demoted
W_149519,1,1,R
W_856,2,1,R
W_7213,9,1,R
W_129296,36,36,A
W_2930,1,1,R
W_29299,111,111,A
W_7027,417,417,A
W_5515,6,15,B_demoted
W_37947,2,1,R
W_10914,73,73,A
W_82985,193,193,A
W_13549,98,98,A
W_882,33,33,A
W_2976,72,72,A
W_13523,39,39,A
W_4726,197,197,A
W_79329,6,17,B_demoted
W_7495,10,6,B_not_promoted
W_70887,588,588,A
W_142439,56,56,A
W_5216,4244,4244,A
W_17662,806,806,A
W_5697,284,284,A
W_54461,85,85,A
W_20162,28,12,B_not_promoted
W_7550,14,7,B_not_promoted
W_246,3,1,R
W_10902,1,6,B_demoted
W_24222,4,1,R
W_4916,4,23,B_demoted
W_40251,101,101,A
W_20162,27,13,B_not_promoted
W_23544,4,1,R
W_5515,16,1,R
W_11485,1,1,R
W_111854,41,41,A
W_10849,106,106,A
W_17274,63,63,A
W_98152,177,177,A
W_7578,138,138,A
W_106883,149,149,A
W_23767,185,185,A
W_106883,811,811,A
W_731,1,1,R
W_5283,11,18,B_demoted
W_13693,1,1,R
W_32202,9,1,R
W_159387,10,3,B_not_promoted
W_113724,3,1,R
W_115814,1,1,R
W_122602,131,131,A
W_8673,1,1,R
W_5283,10,16,B_demoted
W_5283,359,359,A
W_5283,9,22,B_demoted
W_5283,48,48,A
W_65381,980,980,A
W_40251,71,71,A
W_2855,1,1,R
W_32534,1,1,R
W_20610,2248,2248,A
W_73656,17,9,B_not_promoted
W_10906,162,162,A
W_106883,37,37,A
W_9350,101,101,A
W_128680,230,230,A
W_6163,3,1,R
W_154901,1,1,R
W_6417,26,1,R
W_47674,1266,1266,A
W_118823,813,813,A
W_8203,113,113,A
W_11819,81,81,A
W_6676,1,1,R
W_10577,595,595,A
W_9703,147,147,A
W_4826,448,448,A
W_2968,420,420,A
W_29130,48,48,A
W_11841,16,28,B_demoted
W_56366,61,61,A
W_62475,26,6,B_not_promoted
W_4916,8,4,B_not_promoted
W_111408,126,126,A
W_129436,8,4,B_not_promoted
W_30326,1,1,R
W_50939,75,75,A
W_9643,15,1,R
W_35206,1396,1396,A
W_42521,22,5,B_not_promoted
W_114408,524,524,A
W_6693,1,4,B_demoted
W_132987,394,394,A
W_43012,223,223,A
W_19903,4,1,R
W_156542,3,1,R
W_6753,20,13,B_not_promoted
W_56366,492,492,A
W_32053,2,2,B_not_promoted
W_156539,2,1,R
W_98770,4,1,R
W_20122,47,47,A
W_27919,364,364,A
W_46851,984,984,A
W_35395,139,139,A
W_10528,22,1,R
W_34699,9,8,B_not_promoted
W_7264,1523,1523,A
W_22154,933,933,A
W_50939,1,1,R
W_27164,107,107,A
W_14861,606,606,A
W_30246,1,1,R
W_19912,40,40,A
W_11535,3,3,B_not_promoted
W_64489,274,274,A
W_74245,263,263,A
W_74245,384,384,A
W_4801,5,1,R
W_4801,289,289,A
W_4801,268,268,A
W_74245,147,147,A
W_62433,153,153,A
W_13693,1,1,R
W_45783,124,124,A
W_4826,81,81,A
W_136166,4,3,B_not_promoted
W_63854,7,27,B_demoted
W_44435,853,853,A
W_5316,20,23,B_demoted
W_343,31,31,A
W_14379,16,21,B_demoted
W_25030,40,40,A
W_6441,40,40,A
W_74362,21,1,R
W_40251,47,47,A
W_195566,15,1,R
W_195566,89,89,A
W_195566,50,50,A
W_195566,1,1,R
W_195566,7,1,R
W_195566,710,710,A
W_195566,28,1,R
W_195566,72,72,A
W_5233,5,1,R
W_56781,42,42,A
W_17662,1,1,R
W_14809,128,128,A
W_75372,170,170,A
W_7446,3,1,R
W_7816,1688,1688,A
W_7446,1,1,R
W_4801,14,1,R
W_195566,89,89,A
W_195566,52,52,A
W_195566,1,1,R
W_3099,155,155,A
W_11641,117,117,A
W_56239,241,241,A
W_6453,1,1,R
W_4277,1,1,R
W_115728,11,8,B_not_promoted
W_7446,1,2,B_demoted
W_12542,1,24,B_demoted
W_64372,343,343,A
W_677,6932,6932,A
W_6163,103,103,A
W_731,8,1,R
W_1017,22,1,R
W_10472,3,1,R
W_12140,24,14,B_not_promoted
W_9271,9,1,R
W_14354,11,1,R
W_117403,46,46,A
W_5930,109,109,A
W_4646,35,35,A
W_54816,102,102,A
W_4922,3,1,R
W_56366,65,65,A
W_25489,621,621,A
W_52177,261,261,A
W_65049,10,1,R
W_69943,84,84,A
W_7816,2,3,B_demoted
W_11652,118,118,A
W_10931,11,6,B_not_promoted
W_23142,7443,7443,A
W_731,3,1,R
W_5515,168,168,A
W_127392,20,12,B_not_promoted
W_64651,153,153,A
W_132541,70,70,A
W_132426,238,238,A
W_132642,169,169,A
W_3264,315,315,A
W_20005,506,506,A
W_580,3,1,R
W_83881,795,795,A
W_731,3,1,R
W_46408,4,1,R
W_3145,1,1,R
W_21025,8,1,R
W_13540,674,674,A
W_1376,3,5,B_demoted
W_118823,216,216,A
W_83871,157,157,A
W_2301,1,1,R
W_7489,1,1,R
W_2085,1,1,R
W_64649,36,36,A
W_7495,1,17,B_demoted
W_17671,3,1,R
W_6292,1,1,R
W_7489,2,1,R
W_14620,308,308,A
W_132541,15,21,B_demoted
W_132541,390,390,A
W_20257,487,487,A
W_272,1,7,B_demoted
W_13873,121,121,A
W_64650,260,260,A
W_11535,119,119,A
W_132642,26,2,B_not_promoted
W_12795,50,50,A
W_14620,228,228,A
W_150625,42,42,A
W_132490,106,106,A
W_64652,4,3,B_not_promoted
W_132541,166,166,A
W_27579,539,539,A
W_34728,37,37,A
W_79329,13,1,R
W_20005,87,87,A
W_82985,337,337,A
W_85332,39,39,A
W_7027,344,344,A
W_13127,17,3,B_not_promoted
W_9724,1,1,R
W_7261,20,1,R
W_199,5,1,R
W_45948,40,40,A
W_27164,442,442,A
W_3145,3,6,B_demoted
W_43898,20,1,R
W_26687,2,1,R
W_13216,1,1,R
W_195566,1,1,R
W_64489,80,80,A
W_26,16,1,R
W_24522,1573,1573,A
W_132490,201,201,A
W_6616,526,526,A
W_150625,2,1,R
W_64489,20,6,B_not_promoted
W_9643,148,148,A
W_135726,5,1,R
W_70887,542,542,A
W_11649,86,86,A
W_48,88,88,A
W_9507,67,67,A
W_8937,771,771,A
W_1130,362,362,A
W_1596,1,1,R
W_10641,123,123,A
W_10641,14,11,B_not_promoted
W_64627,270,270,A
W_14620,13,1,R
W_132541,76,76,A
W_3414,1,1,R
W_52660,64,64,A
W_43012,3,8,B_demoted
W_93655,35,35,A
W_150660,326,326,A
W_64513,231,231,A
W_83881,141,141,A
W_83871,65,65,A
W_64652,4,1,R
W_64627,271,271,A
W_122729,33,33,A
W_64648,21,3,B_not_promoted
W_64651,52,52,A
W_122729,6,1,R
W_122729,4,1,R
W_5396,3857,3857,A
W_132426,408,408,A
W_9131,3,1,R
W_9276,411,411,A
W_20960,178,178,A
W_20960,35,35,A
W_114712,2,6,B_demoted
W_62475,172,172,A
W_64651,12,10,B_not_promoted
W_69073,61,61,A
W_78838,1,1,R
W_34699,14,16,B_demoted
W_3995,1,1,R
W_4728,107,107,A
W_5388,1,2,B_demoted
W_856,5,1,R
W_11516,1,1,R
W_20414,1,1,R
W_59150,3,1,R
W_124809,21,8,B_not_promoted
W_40419,3,1,R
W_87758,15,1,R
W_26,2,1,R
W_92616,86,86,A
W_28784,140,140,A
W_14809,5,1,R
W_11054,2,6,B_demoted
W_7550,1,1,R
W_7552,8,1,R
W_142439,163,163,A
W_125863,19,14,B_not_promoted
W_13523,2,5,B_demoted
W_77153,1,1,R
W_46851,4,1,R
W_98311,19,30,B_demoted
W_125863,689,689,A
W_8339,127,127,A
W_43898,89,89,A
W_18507,204,204,A
W_98770,17,2,B_not_promoted
W_10581,14,9,B_not_promoted
W_20122,336,336,A
W_71473,4,1,R
W_71473,64,64,A
W_71473,5,10,B_demoted
W_13687,46,46,A
W_2271,5254,5254,A
W_8673,1,1,R
W_7446,22,6,B_not_promoted
W_4887,339,339,A
W_131020,19,15,B_not_promoted
W_116622,141,141,A
W_21695,1963,1963,A
W_34604,5,1,R
W_31091,4,2,B_not_promoted
W_4939,658,658,A
W_63932,2750,2750,A
W_132426,912,912,A
W_64489,11,4,B_not_promoted
W_1305,40,40,A
W_132426,16,1,R
W_64649,77,77,A
W_132426,1139,1139,A
W_656,1,1,R
W_41771,65,65,A
W_22556,1,1,R
W_13216,3,1,R
W_125863,8,1,R
W_7032,291,291,A
W_115054,1,7,B_demoted
W_25621,978,978,A
W_22936,135,135,A
W_3174,1,1,R
W_150625,4,1,R
W_6210,3,2,B_not_promoted
W_3995,1,1,R
W_47639,13,1,R
W_7578,23,20,B_not_promoted
W_430,3,1,R
W_6616,1,1,R
W_6602,2,17,B_demoted
W_20960,19,23,B_demoted
W_26839,77,77,A
W_112097,120,120,A
W_22154,60,60,A
W_4854,241,241,A
W_9376,401,401,A
W_954,1,1,R
W_103771,234,234,A
W_817,1,1,R
W_7580,25,29,B_demoted
W_31360,107,107,A
W_7581,164,164,A
W_52227,4,1,R
W_5118,5,1,R
W_7583,1,1,R
W_23142,1,1,R
W_5954,1,1,R
W_7577,10,4,B_not_promoted
W_11472,521,521,A
W_92417,214,214,A
W_7202,163,163,A
W_28221,164,164,A
W_29487,1560,1560,A
W_7578,49,49,A
W_122729,141,141,A
W_4642,3533,3533,A
W_1002,604,604,A
W_7580,99,99,A
W_9128,1982,1982,A
W_127547,90,90,A
W_6464,1,1,R
W_27894,267,267,A
W_11552,4,1,R
W_20541,15,16,B_demoted
W_74362,5,1,R
W_11535,1082,1082,A
W_121548,111,111,A
W_13127,4,1,R
W_19912,362,362,A
W_3839,13,1,R
W_1769,52,52,A
W_10781,18,10,B_not_promoted
W_123840,966,966,A
W_26988,7,1,R
W_40120,390,390,A
W_12031,2425,2425,A
W_121548,100,100,A
W_7584,245,245,A
W_114810,524,524,A
W_45783,247,247,A
W_2271,1,1,R
W_11472,245,245,A
W_28495,455,455,A
W_11794,33,33,A
W_7818,275,275,A
W_9350,20,16,B_not_promoted
W_79329,13,1,R
W_61207,2,27,B_demoted
W_1108,5,1,R
W_4749,4,1,R
W_4704,56,56,A
W_76174,58,58,A
W_6784,11,1,R
W_11898,93,93,A
W_32711,35,35,A
W_20414,15,1,R
W_156124,530,530,A
W_74245,663,663,A
W_115707,58,58,A
W_55442,11,7,B_not_promoted
W_233,2,1,R
W_4762,47,47,A
W_23525,15,1,R
W_4704,447,447,A
W_177431,52,52,A
W_28221,96,96,A
W_54816,40,40,A
W_14229,179,179,A
W_46288,1,1,R
W_167,2,1,R
W_4277,1,1,R
W_97414,12,1,R
W_123840,534,534,A
W_100,166,166,A
W_117417,11,1,R
W_57375,47,47,A
W_42521,65,65,A
W_430,3,1,R
W_5162,44,44,A
W_22053,1,1,R
W_121548,90,90,A
W_6453,31,31,A
W_9665,296,296,A
W_2145,145,145,A
W_112241,17,1,R
W_124745,54,54,A
W_34907,114,114,A
W_10852,94,94,A
W_9297,177,177,A
W_11641,189,189,A
W_30552,693,693,A
W_82200,3063,3063,A
W_3260,105,105,A
W_43997,27,24,B_not_promoted
W_13127,1310,1310,A
W_462,4,1,R
W_1108,4,1,R
W_7253,159,159,A
W_9263,83,83,A
W_12137,69,69,A
W_58781,13,1,R
W_167,19,1,R
W_99751,1,1,R
W_39525,1,1,R
W_10781,2,1,R
W_6753,1,2,B_demoted
W_226,1109,1109,A
W_6939,15,1,R
W_121296,525,525,A
W_122602,3,1,R
W_6394,1715,1715,A
W_23239,4,12,B_demoted
W_101001,14,5,B_not_promoted
W_113981,613,613,A
W_1055,9,1,R
W_8850,14,1,R
W_112640,1,3,B_demoted
W_3353,16,1,R
W_5368,15,1,R
W_30424,1,1,R
W_8521,142,142,A
W_20414,345,345,A
W_65381,467,467,A
W_119680,283,283,A
W_76498,150,150,A
W_76498,3,15,B_demoted
W_82218,338,338,A
W_76498,6,1,R
W_19353,40,40,A
W_5316,257,257,A
W_13687,297,297,A
W_98152,101,101,A
W_142008,72,72,A
W_27320,44,44,A
W_9571,9,1,R
W_159387,39,39,A
W_121182,159,159,A
W_7878,137,137,A
W_9290,15,1,R
W_12795,217,217,A
W_128680,67,67,A
W_20710,50,50,A
W_3177,2,1,R
W_27320,27,1,R
W_9571,193,193,A
W_9358,3410,3410,A
W_3264,756,756,A
W_63101,6,1,R
W_144648,16,3,B_not_promoted
W_6693,3,8,B_demoted
W_23239,1,3,B_demoted
W_11006,48,48,A
W_76574,14,2,B_not_promoted
W_62475,9,1,R
W_656,2842,2842,A
W_5388,3,1,R
W_11657,2,23,B_demoted
W_5915,9,6,B_not_promoted
W_10576,34,34,A
W_303,9,3,B_not_promoted
W_69970,5,2,B_not_promoted
W_6163,94,94,A
W_64652,21,24,B_demoted
W_114608,9,9,B_not_promoted
W_140168,21,7,B_not_promoted
W_127547,16,5,B_not_promoted
W_13552,14,7,B_not_promoted
W_4939,534,534,A
W_23772,138,138,A
W_38171,281,281,A
W_61933,265,265,A
W_39438,408,408,A
W_13540,6,1,R
W_93655,238,238,A
W_1795,261,261,A
W_42338,347,347,A
W_121182,82,82,A
W_53262,17,30,B_demoted
W_10852,42,42,A
W_10847,287,287,A
W_27906,661,661,A
W_1362,3,1,R
W_50523,2555,2555,A
W_55068,452,452,A
W_103,3511,3511,A
W_87758,2590,2590,A
W_124809,26,1,R
W_8543,1,1,R
W_24522,134,134,A
W_20639,2,1,R
W_1143,4,1,R
W_2271,5,1,R
W_45948,3,1,R
W_42521,65,65,A
W_118823,507,507,A
W_34699,14,22,B_demoted
W_3264,165,165,A
W_87758,164,164,A
W_119680,345,345,A
W_46288,3705,3705,A
W_434,13,1,R
W_3904,51,51,A
W_47674,8,3,B_not_promoted
W_97460,58,58,A
W_82218,434,434,A
W_10141,1,2,B_demoted
W_63932,74,74,A
W_656,1,1,R
W_122499,75,75,A
W_62433,510,510,A
W_143172,228,228,A
W_43898,268,268,A
W_20005,14,1,R
W_9128,2,1,R
W_31003,3,20,B_demoted
W_7247,2,1,R
W_11516,616,616,A
W_150660,205,205,A
W_24473,39,39,A
W_5233,656,656,A
W_9358,8,17,B_demoted
W_98311,600,600,A
W_22936,23,24,B_demoted
W_3099,537,537,A
W_111656,65,65,A
W_5500,41,41,A
W_106883,324,324,A
W_115054,4,3,B_not_promoted
W_6859,61,61,A
W_132642,248,248,A
W_69970,4,1,R
W_121504,3,1,R
W_9350,17,2,B_not_promoted
W_114712,7,1,R
W_65609,6,14,B_demoted
W_11817,215,215,A
W_70887,175,175,A
W_65381,29,1,R
W_132490,1,16,B_demoted
W_14861,463,463,A
W_11657,28,27,B_not_promoted
W_132541,242,242,A
W_64627,228,228,A
W_226,2,2,B_not_promoted
W_125863,3650,3650,A
W_33804,1,1,R
W_125863,20,2,B_not_promoted
W_5655,154,154,A
W_3978,2,1,R
W_78838,117,117,A
W_14620,63,63,A
W_150625,5,1,R
W_132541,8,8,B_not_promoted
W_1362,65,65,A
W_76498,369,369,A
W_77153,1,1,R
W_77153,45,45,A
W_7245,8,7,B_not_promoted
W_77153,18,1,R
W_46851,16,1,R
W_116565,68,68,A
W_132490,1371,1371,A
W_1308,2,1,R
W_122254,42,42,A
W_9271,3,10,B_demoted
W_9158,619,619,A
W_117417,1043,1043,A
W_103129,194,194,A
W_9297,98,98,A
W_32053,278,278,A
W_124809,28,1,R
W_125863,59,59,A
W_10154,265,265,A
W_115728,2,8,B_demoted
W_6102,353,353,A
W_21826,1,1,R
W_53997,57,57,A
W_3904,476,476,A
W_9358,51,51,A
W_179,4014,4014,A
W_1362,48,48,A
W_4775,1,10,B_demoted
W_46408,5,1,R
W_13216,749,749,A
W_19508,40,40,A
W_14354,4,3,B_not_promoted
W_10237,1,1,R
W_111535,1,1,R
W_26,11,1,R
W_15300,3,1,R
W_10526,2,1,R
W_13552,457,457,A
W_14379,71,71,A
W_272,1,1,R
W_25150,107,107,A
W_142439,57,57,A
W_775,2,1,R
W_20254,8,22,B_demoted
W_115249,702,702,A
W_126478,140,140,A
W_11641,550,550,A
W_17053,4,1,R
W_64513,3,1,R
W_5930,7,1,R
W_24522,503,503,A
W_2558,2,1,R
W_3447,1,1,R
W_137056,42,42,A
W_136166,67,67,A
W_124745,1,1,R
W_119695,3,1,R
W_111991,25,1,R
W_15385,1,1,R
W_31091,1,4,B_demoted
W_82218,15,17,B_demoted
W_10154,1,1,R
W_7762,935,935,A
W_82218,328,328,A
W_10338,1,1,R
W_73656,777,777,A
W_9358,2809,2809,A
W_9724,578,578,A
W_64649,92,92,A
W_76574,62,62,A
W_9358,160,160,A
W_13693,31,31,A
W_4833,5,4,B_not_promoted
W_76574,60,60,A
W_28687,16,1,R
W_40419,32,32,A
W_9358,1460,1460,A
W_91832,100,100,A
W_38429,4,8,B_demoted
W_20622,425,425,A
W_124809,30,6,B_not_promoted
W_43195,1,1,R
W_9358,350,350,A
W_3264,180,180,A
W_12159,491,491,A
W_17274,44,44,A
W_8387,2,1,R
W_12460,1,1,R
W_233,5,1,R
W_11785,43,43,A
W_11474,16,11,B_not_promoted
W_14620,58,58,A
W_21528,375,375,A
W_77841,87,87,A
W_77841,14,22,B_demoted
W_77841,20,26,B_demoted
W_77841,1,3,B_demoted
W_77841,5,8,B_demoted
W_1017,1,1,R
W_7776,5,1,R
W_40419,126,126,A
W_13127,85,85,A
W_2966,2,1,R
W_383,3,27,B_demoted
W_112097,98,98,A
W_656,1,1,R
W_9276,93,93,A
W_11051,465,465,A
W_627,933,933,A
W_4887,46,46,A
W_4755,2,1,R
W_27790,1,1,R
W_121852,36,36,A
W_3270,1,1,R
W_52660,5,22,B_demoted
W_10129,8,1,R
W_81722,1169,1169,A
W_16560,3,1,R
W_7552,1,1,R
W_4816,195,195,A
W_4810,6,1,R
W_12460,8,1,R
W_10154,10,1,R
W_4762,1203,1203,A
W_12159,160,160,A
W_13549,870,870,A
W_27906,100,100,A
W_63854,370,370,A
W_13208,1,1,R
W_7816,3,1,R
W_399,34,34,A
W_9812,1,1,R
W_200724,109,109,A
W_195566,1,1,R
W_8543,3,12,B_demoted
W_200724,127,127,A
W_4833,3,1,R
W_177431,1,1,R
W_12140,7,2,B_not_promoted
W_7580,205,205,A
W_40034,641,641,A
W_118849,1,1,R
W_40034,120,120,A
W_25150,619,619,A
W_14238,4,13,B_demoted
W_23525,1,1,R
W_43088,2,1,R
W_7264,2,1,R
W_233,1,1,R
W_7245,1,1,R
W_26111,66,66,A
W_9574,211,211,A
W_2759,453,453,A
W_101001,189,189,A
W_19943,693,693,A
W_7584,24,2,B_not_promoted
W_111906,79,79,A
W_10914,231,231,A
W_11484,126,126,A
W_43195,4,1,R
W_7245,6,1,R
W_10931,63,63,A
W_29299,9,1,R
W_3145,64,64,A
W_5118,13,3,B_not_promoted
W_98311,365,365,A
W_4762,3,1,R
W_129436,129,129,A
W_13127,8,1,R
W_55442,2,1,R
W_2768,3,2,B_not_promoted
W_53262,10,1,R
W_23770,124,124,A
W_29380,186,186,A
W_10849,11,13,B_demoted
W_65049,103,103,A
W_21958,36,36,A
W_43997,275,275,A
W_43195,2939,2939,A
W_1412,9,5,B_not_promoted
W_32062,36,36,A
W_6453,1,1,R
W_7245,1,1,R
W_4841,6,1,R
W_32058,2,1,R
W_200724,1,1,R
W_200724,590,590,A
W_184,127,127,A
W_11054,42,42,A
W_11051,82,82,A
W_5342,2197,2197,A
W_17274,2,1,R
W_47674,775,775,A
W_9276,22,1,R
W_46288,9,1,R
W_6753,12,21,B_demoted
W_7446,1,1,R
W_13216,12,1,R
W_430,1,1,R
W_1108,5,1,R
W_133525,1,1,R
W_132426,2,20,B_demoted
W_103771,7,8,B_demoted
W_42521,177,177,A
W_42521,14,7,B_not_promoted
W_9092,31,31,A
W_82218,70,70,A
W_47639,18,3,B_not_promoted
W_98311,183,183,A
W_7032,1,1,R
W_32058,31,31,A
W_32062,1,1,R
W_13222,5,1,R
W_46851,5,1,R
W_3237,75,75,A
W_40199,383,383,A
W_17662,4,13,B_demoted
W_14379,1,2,B_demoted
W_117450,2,1,R
W_22961,185,185,A
W_140157,45,45,A
W_79329,13,1,R
W_62475,13,19,B_demoted
W_3264,616,616,A
W_124809,22,1,R
W_124809,1113,1113,A
W_6097,4,1,R
W_200724,28,9,B_not_promoted
W_200724,123,123,A
W_11474,12,4,B_not_promoted
W_52227,4,1,R
W_11352,230,230,A
W_3099,97,97,A
W_4751,3,1,R
W_200724,85,85,A
W_31327,1,1,R
W_103,1,1,R
W_78838,3,1,R
W_32595,1,1,R
W_32595,1,1,R
W_200724,247,247,A
W_200724,212,212,A
W_200724,9,7,B_not_promoted
W_200724,327,327,A
W_5697,2,1,R
W_4726,2,1,R
W_99751,1,1,R
W_132987,71,71,A
W_78838,90,90,A
W_23544,1,1,R
W_116622,218,218,A
W_54461,3,1,R
W_6292,9,1,R
W_20005,76,76,A
W_10237,3,1,R
W_122499,428,428,A
W_7253,160,160,A
W_64395,53,53,A
W_7253,44,44,A
W_9131,63,63,A
W_61933,8,1,R
W_7027,1,1,R
W_32711,132,132,A
W_200724,1,1,R
W_31938,26,1,R
W_30678,44,44,A
W_64652,5,8,B_demoted
W_122602,491,491,A
W_47674,179,179,A
W_62086,75,75,A
W_28094,2086,2086,A
W_87758,6,28,B_demoted
W_28784,1047,1047,A
W_20005,57,57,A
W_9350,91,91,A
W_10717,1832,1832,A
W_68472,532,532,A
W_59150,1491,1491,A
W_17662,1,1,R
W_32062,1,1,R
W_43195,1,1,R
W_109642,25,1,R
W_25154,175,175,A
W_19748,3,2,B_not_promoted
W_627,72,72,A
W_161,2,1,R
W_4945,4,1,R
W_4849,63,63,A
W_11358,300,300,A
W_5396,34,34,A
W_65609,27,15,B_not_promoted
W_82218,311,311,A
W_2928,1,1,R
W_31938,124,124,A
W_7257,262,262,A
W_43898,9,2,B_not_promoted
W_118823,219,219,A
W_74245,906,906,A
W_82218,524,524,A
W_9671,489,489,A
W_52227,7,1,R
W_74362,2,15,B_demoted
W_69970,6,1,R
W_11006,86,86,A
W_62433,3,1,R
W_20539,8,1,R
W_3177,5514,5514,A
W_10144,16,9,B_not_promoted
W_7961,37,37,A
W_26941,1,1,R
W_64445,1,1,R
W_79329,1,1,R
W_32062,1,1,R
W_58783,87,87,A
W_13687,67,67,A
W_22936,24,3,B_not_promoted
W_14238,1,1,R
W_5917,2,1,R
W_27477,443,443,A
W_10603,4080,4080,A
W_1017,15,3,B_not_promoted
W_4852,2268,2268,A
W_56781,47,47,A
W_26461,61,61,A
W_11823,618,618,A
W_25113,12,1,R
W_3270,12,1,R
W_954,2566,2566,A
W_9286,38,38,A
W_5118,69,69,A
W_114606,70,70,A
W_109122,58,58,A
W_9132,4,1,R
W_3497,155,155,A
W_28687,12,1,R
W_64766,6,23,B_demoted
W_3260,4,10,B_demoted
W_3260,13,20,B_demoted
W_5231,18,6,B_not_promoted
W_40251,1338,1338,A
W_10788,9,1,R
W_27641,8,2,B_not_promoted
W_28784,326,326,A
W_64489,219,219,A
W_150625,31,31,A
W_4887,118,118,A
W_11785,1,1,R
W_44137,120,120,A
W_7961,3,1,R
W_69073,29,4,B_not_promoted
W_111991,2,2,B_not_promoted
W_21958,9,1,R
W_21958,1,1,R
W_21958,10,1,R
W_21958,16,12,B_not_promoted
W_21958,2,1,R
W_118543,1,1,R
W_122709,1,1,R
W_39438,511,511,A
W_4812,33,33,A
W_33804,19,1,R
W_22148,8,1,R
W_3097,36,36,A
W_175,12,1,R
W_41771,64,64,A
W_71473,118,118,A
W_156542,1,1,R
W_47674,1539,1539,A
W_43088,1,1,R
W_11387,2,9,B_demoted
W_7580,42,42,A
W_20254,6,5,B_not_promoted
W_53351,161,161,A
W_4826,116,116,A
W_10065,5,1,R
W_10065,274,274,A
W_43088,1,1,R
W_13127,1,1,R
W_10065,6,1,R
W_10065,4,2,B_not_promoted
W_434,284,284,A
W_35395,39,39,A
W_62086,102,102,A
W_4801,43,43,A
W_80336,26,4,B_not_promoted
W_27164,446,446,A
W_98152,21,1,R
W_97460,121,121,A
W_14599,16,1,R
W_114606,443,443,A
W_40199,11,3,B_not_promoted
W_9376,155,155,A
W_62433,83,83,A
W_28495,262,262,A
W_28495,30,8,B_not_promoted
W_28495,71,71,A
W_42488,27,17,B_not_promoted
W_25113,3,1,R
W_5342,87,87,A
W_32202,32,32,A
W_31327,3,6,B_demoted
W_28547,3,1,R
W_20639,2,1,R
W_40199,5,3,B_not_promoted
W_29078,107,107,A
W_11779,790,790,A
W_580,2,1,R
W_39055,52,52,A
W_80336,18,1,R
W_21013,56,56,A
W_3092,47,47,A
W_4775,340,340,A
W_49809,68,68,A
W_63101,8,2,B_not_promoted
W_9290,65,65,A
W_20049,8,24,B_demoted
W_11649,49,49,A
W_2427,401,401,A
W_26687,3,1,R
W_11657,1,1,R
W_226,1,1,R
W_39525,3,1,R
W_3211,1,1,R
W_3211,2,1,R
W_22451,43,43,A
W_175,126,126,A
W_148,691,691,A
W_23772,2,26,B_demoted
W_51795,12,27,B_demoted
W_7249,1,1,R
W_3211,4,1,R
W_3211,4,1,R
W_14354,9,14,B_demoted
W_14354,10,1,R
W_14354,52,52,A
W_26542,4,1,R
W_26542,10,1,R
W_3211,9,7,B_not_promoted
W_2558,18,1,R
W_3211,7,5,B_not_promoted
W_3211,1,1,R
W_29487,42,42,A
W_22961,872,872,A
W_11794,49,49,A
W_7253,244,244,A
W_7253,98,98,A
W_10144,1,1,R
W_10144,6,1,R
W_15519,12,1,R
W_33213,46,46,A
W_10847,17,1,R
W_10849,153,153,A
W_1792,11,1,R
W_1792,115,115,A
W_1792,24,1,R
W_817,2,1,R
W_10338,1,1,R
W_81722,383,383,A
W_81722,768,768,A
W_81722,334,334,A
W_7229,2,1,R
W_42117,123,123,A
W_1305,1,1,R
W_2974,2,2,B_not_promoted
W_8824,128,128,A
W_2558,1,1,R
W_209,192,192,A
W_1792,7,12,B_demoted
W_8202,1077,1077,A
W_8203,47,47,A
W_8203,68,68,A
W_6616,51,51,A
W_4690,196,196,A
W_20162,267,267,A
W_34604,24,24,B_not_promoted
W_4685,22,4,B_not_promoted
W_5438,52,52,A
W_81722,248,248,A
W_82146,6,19,B_demoted
W_2474,38,38,A
W_82146,11,8,B_not_promoted
W_82146,447,447,A
W_2928,8,15,B_demoted
W_8213,257,257,A
W_82200,1,1,R
W_82200,302,302,A
W_82200,18,10,B_not_promoted
W_82218,1303,1303,A
W_9507,1,1,R
W_81722,363,363,A
W_81722,247,247,A
W_2558,32,32,A
W_10313,50,50,A
W_30678,21,12,B_not_promoted
W_2081,3,1,R
W_29487,146,146,A
W_12992,1,1,R
W_7202,3,9,B_demoted
W_12255,16,15,B_not_promoted
W_12255,53,53,A
W_12255,162,162,A
W_12255,71,71,A
W_12255,4,22,B_demoted
W_12255,237,237,A
W_5294,45,45,A
W_5294,95,95,A
W_25150,80,80,A
W_22965,273,273,A
W_11794,46,46,A
W_4826,148,148,A
W_11850,277,277,A
W_4685,7,22,B_demoted
W_29380,437,437,A
W_5438,79,79,A
W_77841,369,369,A
W_77841,89,89,A
W_82877,1,1,R
W_82877,7,1,R
W_1153,4,1,R
W_161,8,1,R
W_1153,2,1,R
W_27328,4,6,B_demoted
W_2145,18,1,R
W_4820,60,60,A
W_4810,729,729,A
W_20088,123,123,A
W_20084,105,105,A
W_19353,71,71,A
W_20069,2,1,R
W_27320,46,46,A
W_20110,4,1,R
W_19945,9,28,B_demoted
W_7878,1,1,R
W_8203,113,113,A
W_7027,7,1,R
W_18,8,1,R
W_6536,2,1,R
W_83296,29,2,B_not_promoted
W_83296,202,202,A
W_83296,8,4,B_not_promoted
W_83296,712,712,A
W_575,5,1,R
W_8339,352,352,A
W_8339,3,1,R
W_34086,25,4,B_not_promoted
W_64766,838,838,A
W_5438,36,36,A
W_22965,22,16,B_not_promoted
W_3162,3,1,R
W_18,1,1,R
W_3162,1,1,R
W_3162,1,1,R
W_83871,1,1,R
W_83873,1,1,R
W_998,1,1,R
W_83871,167,167,A
W_83873,1220,1220,A
W_3162,613,613,A
W_83881,667,667,A
W_83881,283,283,A
W_83873,38,38,A
W_83871,381,381,A
W_83873,405,405,A
W_34604,5,21,B_demoted
W_1795,6,2,B_not_promoted
W_1795,1,1,R
W_1795,53,53,A
W_83881,100,100,A
W_3162,3,1,R
W_841,4,1,R
W_29130,12,1,R
W_44435,84,84,A
W_28184,10,1,R
W_4837,241,241,A
W_21817,7,4,B_not_promoted
W_42338,130,130,A
W_21958,4,1,R
W_21958,5,1,R
W_21958,1,1,R
W_21958,296,296,A
W_5316,66,66,A
W_2968,204,204,A
W_4849,133,133,A
W_2158,1,1,R
W_18,3284,3284,A
W_82146,20,26,B_demoted
W_45783,28,11,B_not_promoted
W_4922,23,1,R
W_48,206,206,A
W_34568,4,1,R
W_20769,215,215,A
W_3997,1,1,R
W_13695,4,12,B_demoted
W_4728,1,1,R
W_2558,1,1,R
W_9132,1,1,R
W_2673,45,45,A
W_8521,96,96,A
W_8521,301,301,A
W_8521,1096,1096,A
W_2658,3,1,R
W_9132,43,43,A
W_4749,156,156,A
W_2928,7,6,B_not_promoted
W_85332,148,148,A
W_85332,45,45,A
W_8535,28,12,B_not_promoted
W_53262,25,3,B_not_promoted
W_53262,2,17,B_demoted
W_1795,17,1,R
W_6437,34,34,A
W_8543,287,287,A
W_2855,3,1,R
W_5102,7,4,B_not_promoted
W_70887,177,177,A
W_25489,209,209,A
W_29045,186,186,A
W_8521,3,2,B_not_promoted
W_28687,65,65,A
W_856,2,2,B_not_promoted
W_856,5,1,R
W_35395,87,87,A
W_2145,29,1,R
W_10576,1,1,R
W_4698,42,42,A
W_226,1,1,R
W_31938,1,1,R
W_1376,3,17,B_demoted
W_51795,43,43,A
W_54816,2,1,R
W_54461,1,1,R
W_22965,33,33,A
W_2970,1,1,R
W_5912,2,1,R
W_343,4,1,R
W_12542,187,187,A
W_6807,1,1,R
W_49809,1,1,R
W_1033,791,791,A
W_2081,1,2,B_demoted
W_25489,346,346,A
W_4681,30,29,B_not_promoted
W_59952,1064,1064,A
W_9263,8,2,B_not_promoted
W_10845,30,4,B_not_promoted
W_575,6,1,R
W_11823,30,1,R
W_11823,531,531,A
W_4820,367,367,A
W_22961,2180,2180,A
W_33213,21,16,B_not_promoted
W_83881,299,299,A
W_30668,39,39,A
W_7581,42,42,A
W_867,1,1,R
W_6939,4,1,R
W_2759,161,161,A
W_10902,21,1,R
W_2768,12,1,R
W_867,2,1,R
W_86939,46,46,A
W_86939,15,7,B_not_promoted
W_86939,3,1,R
W_10906,37,37,A
W_8696,7,3,B_not_promoted
W_43012,172,172,A
W_8696,1,1,R
W_70887,176,176,A
W_83871,2,1,R
W_2768,58,58,A
W_12140,642,642,A
W_83873,7,22,B_demoted
W_83873,128,128,A
W_4066,3,1,R
W_32058,122,122,A
W_7245,1,1,R
W_5958,4,1,R
W_3321,2,1,R
W_4692,160,160,A
W_4692,145,145,A
W_27579,1,1,R
W_7776,6,1,R
W_1376,214,214,A
W_31383,108,108,A
W_69970,3,6,B_demoted
W_13875,34,34,A
W_63854,16,30,B_demoted
W_1033,76,76,A
W_6031,38,38,A
W_1412,926,926,A
W_882,13,1,R
W_17671,52,52,A
W_68472,41,41,A
W_8824,3,1,R
W_1792,32,32,A
W_63932,123,123,A
W_8850,12,1,R
W_88508,104,104,A
W_88508,9,1,R
W_88508,59,59,A
W_88508,33,33,A
W_88508,104,104,A
W_8850,6,1,R
W_6859,2067,2067,A
W_199,1,1,R
W_199,1,3,B_demoted
W_8872,1,1,R
W_11779,332,332,A
W_11779,768,768,A
W_2968,88,88,A
W_30235,23,5,B_not_promoted
W_1376,1,1,R
W_3099,227,227,A
W_8872,2,1,R
W_4690,6,1,R
W_4687,767,767,A
W_4692,448,448,A
W_10428,22,1,R
W_4700,96,96,A
W_679,1,1,R
W_26,1,1,R
W_246,6,4,B_not_promoted
W_13687,266,266,A
W_71473,31,31,A
W_50379,82,82,A
W_11859,229,229,A
W_70887,212,212,A
W_11833,20,6,B_not_promoted
W_11819,106,106,A
W_22556,1,1,R
W_6403,200,200,A
W_20257,38,38,A
W_61921,698,698,A
W_2930,1,1,R
W_817,23,2,B_not_promoted
W_3203,16,14,B_not_promoted
W_11850,11,2,B_not_promoted
W_5319,2037,2037,A
W_932,90,90,A
W_8213,28,3,B_not_promoted
W_9004,1,1,R
W_9006,353,353,A
W_21013,5,1,R
W_20185,51,51,A
W_14662,1,1,R
W_20185,752,752,A
W_9271,2,1,R
W_2855,4,9,B_demoted
W_13440,2,1,R
W_9128,2,1,R
W_43012,318,318,A
W_9128,1,1,R
W_8673,1,1,R
W_2427,86,86,A
W_9131,264,264,A
W_9133,1,1,R
W_7489,3,1,R
W_11841,4,3,B_not_promoted
W_2768,1,3,B_demoted
W_6715,17,1,R
W_30678,3,1,R
W_32408,21,8,B_not_promoted
W_7279,349,349,A
W_9158,1192,1192,A
W_4816,78,78,A
W_1353,98,98,A
W_34728,70,70,A
W_243,55,55,A
W_29045,66,66,A
W_70887,10,10,B_not_promoted
W_91786,2,1,R
W_91786,3,1,R
W_91786,332,332,A
W_42117,6,1,R
W_52660,27,2,B_not_promoted
W_4846,23,30,B_demoted
W_20610,1,1,R
W_4884,257,257,A
W_4939,291,291,A
W_9199,1,1,R
W_2966,1,1,R
W_564,1,1,R
W_6093,1,1,R
W_1033,1,1,R
W_7495,19,1,R
W_92417,120,120,A
W_92616,557,557,A
W_92616,285,285,A
W_92616,1345,1345,A
W_92616,10,6,B_not_promoted
W_92616,66,66,A
W_9199,1,1,R
W_83881,5,5,B_not_promoted
W_45783,344,344,A
W_9266,11,3,B_not_promoted
W_3077,189,189,A
W_3077,6,5,B_not_promoted
W_11798,2,1,R
W_14599,9,4,B_not_promoted
W_9271,15,1,R
W_9276,523,523,A
W_3077,289,289,A
W_2855,2,1,R
W_9286,134,134,A
W_91786,93,93,A
W_9133,12,2,B_not_promoted
W_83873,4,1,R
W_34353,1,27,B_demoted
W_34353,2,1,R
W_34353,73,73,A
W_34353,3,1,R
W_8872,2,1,R
W_92616,11,12,B_demoted
W_8872,3,1,R
W_86939,10,1,R
W_5500,1,1,R
W_4749,8,28,B_demoted
W_8339,335,335,A
W_932,1,1,R
W_14019,3,2,B_not_promoted
W_44435,176,176,A
W_1362,24,4,B_not_promoted
W_20097,1,1,R
W_9358,938,938,A
W_6097,221,221,A
W_93644,623,623,A
W_93655,2110,2110,A
W_93655,1,2,B_demoted
W_93655,197,197,A
W_91832,17,6,B_not_promoted
W_8937,2,1,R
W_9376,419,419,A
W_3321,93,93,A
W_31327,1,1,R
W_3170,8,30,B_demoted
W_30326,1023,1023,A
W_22053,2,1,R
W_8673,1,1,R
W_94,39,39,A
W_1347,306,306,A
W_4916,548,548,A
W_12460,1,1,R
W_14019,4,2,B_not_promoted
W_61207,1845,1845,A
W_2081,16,1,R
W_19748,102,102,A
W_27641,16,11,B_not_promoted
W_11798,386,386,A
W_11798,214,214,A
W_11798,31,31,A
W_11798,38,38,A
W_89492,67,67,A
W_89492,14,2,B_not_promoted
W_1376,3,1,R
W_9508,6,1,R
W_4655,24,13,B_not_promoted
W_775,5,16,B_demoted
W_799,1,1,R
W_56072,1,1,R
W_6485,1,15,B_demoted
W_1353,27,23,B_not_promoted
W_36064,1,1,R
W_2110,1,1,R
W_6485,22,22,B_not_promoted
W_10428,267,267,A
W_91786,26,1,R
W_91832,7,7,B_not_promoted
W_3097,1,1,R
W_11898,227,227,A
W_40675,85,85,A
W_2968,96,96,A
W_9571,4,3,B_not_promoted
W_54466,1,9,B_demoted
W_51795,94,94,A
W_9571,10,6,B_not_promoted
W_9576,1,1,R
W_58783,321,321,A
W_10577,433,433,A
W_9560,3,1,R
W_5500,325,325,A
W_998,373,373,A
W_20185,3789,3789,A
W_462,3,1,R
W_4867,3,11,B_demoted
W_2427,1,1,R
W_47901,169,169,A
W_9508,4652,4652,A
W_9507,1,1,R
W_9643,20,1,R
W_9644,1,1,R
W_35188,558,558,A
W_11485,1,1,R
W_14662,1,1,R
W_10906,43,43,A
W_5917,1,1,R
W_9665,251,251,A
W_7249,1,1,R
W_46408,1144,1144,A
W_23627,98,98,A
W_26988,20,4,B_not_promoted
W_37513,1,1,R
W_82877,8,1,R
W_9671,31,31,A
W_24473,20,10,B_not_promoted
W_54466,2,1,R
W_42453,1,1,R
W_62086,507,507,A
W_80336,8,1,R
W_3928,1,1,R
W_627,16,21,B_demoted
W_2158,496,496,A
W_2427,51,51,A
W_9671,142,142,A
W_124745,79,79,A
W_373,3,1,R
W_9703,16,13,B_not_promoted
W_12135,65,65,A
W_9719,34,34,A
W_6676,1,1,R
W_92616,408,408,A
W_4704,60,60,A
W_3266,1376,1376,A
W_48,104,104,A
W_9574,24,13,B_not_promoted
W_4683,31,31,A
W_97460,36,36,A
W_23142,5,1,R
W_4655,3193,3193,A
W_55861,11,22,B_demoted
W_55861,227,227,A
W_97632,255,255,A
W_97632,877,877,A
W_4698,63,63,A
W_11652,472,472,A
W_83881,478,478,A
W_91832,93,93,A
W_18507,165,165,A
W_82146,1606,1606,A
W_3097,2,1,R
W_8535,8,1,R
W_40034,555,555,A
W_55861,6,1,R
W_6031,52,52,A
W_27320,2230,2230,A
W_4820,87,87,A
W_29380,183,183,A
W_6417,25,10,B_not_promoted
W_6102,13,6,B_not_promoted
W_9812,1,1,R
W_9812,55,55,A
W_53687,53,53,A
W_9812,1,1,R
W_11785,26,5,B_not_promoted
W_28184,1,1,R
W_9812,42,42,A
W_27164,126,126,A
W_29380,1,1,R
W_29380,50,50,A
W_21352,7,1,R
W_9812,2,1,R
W_61921,43,43,A
W_28495,50,50,A
W_40924,156,156,A
W_83296,40,40,A
W_4217,202,202,A
W_34086,1,1,R
W_98770,8,11,B_demoted
W_98770,1,1,R
W_12140,18,1,R
W_3057,47,47,A
W_11051,5,1,R
W_161,1,1,R
W_97460,270,270,A
W_2968,40,40,A
W_9812,2,1,R
W_9812,271,271,A
W_3057,109,109,A
W_12317,16,28,B_demoted
W_9812,83,83,A
W_1278,403,403,A
W_9290,199,199,A
W_994,3,1,R
W_994,1,1,R
W_20120,339,339,A
W_9006,3,1,R
W_28493,514,514,A
W_1376,1,21,B_demoted
W_284,444,444,A
W_21826,243,243,A
W_42631,37,37,A
W_20069,47,47,A
W_83296,59,59,A
W_99743,177,177,A
W_99751,86,86,A
W_1347,5,5,B_not_promoted
