subset,role,wid,pid,raw_frames,silent_fraction,n_nonfinite
coveranalysis,calibration,W_14330,P_130947,15164,0.00303,0
coveranalysis,calibration,W_14330,P_14330,16537,0.05128,0
coveranalysis,calibration,W_128759,P_242247,24933,0.0093,0
coveranalysis,calibration,W_143082,P_355091,14918,0.02165,0
coveranalysis,calibration,W_143082,P_355092,18773,0.05018,0
coveranalysis,calibration,W_8760,P_355374,16371,0.00605,0
coveranalysis,calibration,W_128759,P_476324,13703,0.00635,0
coveranalysis,calibration,W_10868,P_510723,12434,0.01222,0
coveranalysis,calibration,W_159462,P_512189,23951,0.00321,0
coveranalysis,calibration,W_159462,P_512190,27715,0.0,0
coveranalysis,calibration,W_161904,P_530505,16929,0.02274,0
coveranalysis,calibration,W_166202,P_565570,19173,0.02196,0
coveranalysis,calibration,W_166202,P_565591,17960,0.01013,0
coveranalysis,calibration,W_161904,P_599275,20851,0.0,0
coveranalysis,calibration,W_177054,P_637814,12482,0.01899,0
coveranalysis,calibration,W_177054,P_669260,12013,0.00874,0
coveranalysis,calibration,W_8760,P_699096,19313,0.00249,0
coveranalysis,calibration,W_193238,P_732971,22905,0.00611,0
coveranalysis,calibration,W_193238,P_738612,21421,0.00042,0
coveranalysis,calibration,W_10868,P_77960,17100,0.0,0
coveranalysis,query,W_114195,P_128095,20745,0.00463,0
coveranalysis,query,W_25912,P_144424,23290,0.00867,0
coveranalysis,query,W_123805,P_207372,18638,0.00086,0
coveranalysis,query,W_123805,P_207373,23518,9e-05,0
coveranalysis,query,W_25912,P_25913,15041,0.01396,0
coveranalysis,query,W_29344,P_29344,21541,0.0104,0
coveranalysis,query,W_29344,P_29345,20378,0.0,0
coveranalysis,query,W_137162,P_310762,11699,0.03077,0
coveranalysis,query,W_140924,P_339002,20393,0.00412,0
coveranalysis,query,W_140924,P_339004,18670,0.00214,0
coveranalysis,query,W_36279,P_36279,11745,0.02691,0
coveranalysis,query,W_145548,P_371702,10418,0.00048,0
coveranalysis,query,W_145548,P_371703,13701,0.00504,0
coveranalysis,query,W_67571,P_385477,14293,0.00147,0
coveranalysis,query,W_66046,P_389050,15511,0.00825,0
coveranalysis,query,W_149739,P_406772,28964,0.00117,0
coveranalysis,query,W_149739,P_406780,18374,0.00044,0
coveranalysis,query,W_150074,P_411001,18429,0.01243,0
coveranalysis,query,W_150074,P_411005,17718,0.00045,0
coveranalysis,query,W_135070,P_419983,16110,0.00335,0
coveranalysis,query,W_68889,P_495015,25738,0.00043,0
coveranalysis,query,W_157909,P_496855,23517,0.01493,0
coveranalysis,query,W_157909,P_496865,15741,0.0,0
coveranalysis,query,W_157993,P_498001,14213,0.0031,0
coveranalysis,query,W_135070,P_500152,14866,0.0,0
coveranalysis,query,W_137162,P_552138,13160,0.0,0
coveranalysis,query,W_114195,P_561695,21056,0.00038,0
coveranalysis,query,W_68889,P_572966,26737,0.02644,0
coveranalysis,query,W_36279,P_576649,22231,0.01763,0
coveranalysis,query,W_168645,P_581917,15923,0.02267,0
coveranalysis,query,W_168645,P_588834,14913,0.0004,0
coveranalysis,query,W_157993,P_600318,29489,0.00393,0
coveranalysis,query,W_67571,P_67571,19550,0.00808,0
coveranalysis,query,W_188124,P_707271,20704,0.00077,0
coveranalysis,query,W_195632,P_744950,13165,0.00273,0
coveranalysis,query,W_195632,P_744951,34815,0.0,0
coveranalysis,query,W_188124,P_794970,22572,0.0,0
coveranalysis,query,W_203093,P_797406,11547,0.00658,0
coveranalysis,query,W_203093,P_797408,11338,0.02179,0
coveranalysis,query,W_66046,P_98383,12182,0.00016,0
coveranalysis,distractor,W_16372,P_108803,20555,0.02077,0
coveranalysis,distractor,W_114213,P_128179,12186,0.0247,0
coveranalysis,distractor,W_16487,P_16487,19408,0.0,0
coveranalysis,distractor,W_16487,P_16488,21122,0.0,0
coveranalysis,distractor,W_119174,P_164901,14230,0.01413,0
coveranalysis,distractor,W_120203,P_172331,21781,0.00542,0
coveranalysis,distractor,W_120203,P_172332,23261,0.03495,0
coveranalysis,distractor,W_119174,P_174574,11089,0.00496,0
coveranalysis,distractor,W_32387,P_179646,18333,5e-05,0
coveranalysis,distractor,W_106747,P_182327,10518,0.02738,0
coveranalysis,distractor,W_106747,P_212896,14907,0.01737,0
coveranalysis,distractor,W_129185,P_244953,12157,0.0009,0
coveranalysis,distractor,W_129320,P_245861,31133,0.01767,0
coveranalysis,distractor,W_129658,P_248661,21855,0.00613,0
coveranalysis,distractor,W_129658,P_248663,29702,0.00111,0
coveranalysis,distractor,W_130845,P_258584,17429,0.00052,0
coveranalysis,distractor,W_130845,P_258585,17673,0.00232,0
coveranalysis,distractor,W_131138,P_260709,15320,0.0,0
coveranalysis,distractor,W_132947,P_273260,29150,0.00014,0
coveranalysis,distractor,W_129713,P_285086,12801,0.00836,0
coveranalysis,distractor,W_132947,P_292528,16722,0.00114,0
coveranalysis,distractor,W_29271,P_29271,14995,0.0,0
coveranalysis,distractor,W_31054,P_31054,26370,0.00027,0
coveranalysis,distractor,W_31054,P_31055,21138,0.00766,0
coveranalysis,distractor,W_29271,P_323950,14650,0.0,0
coveranalysis,distractor,W_32387,P_348463,18637,0.01358,0
coveranalysis,distractor,W_35057,P_35057,13790,0.00044,0
coveranalysis,distractor,W_142879,P_354018,14908,0.0,0
coveranalysis,distractor,W_142879,P_354023,16402,0.00043,0
coveranalysis,distractor,W_145536,P_371644,15661,0.00485,0
coveranalysis,distractor,W_145536,P_371645,18869,0.00344,0
coveranalysis,distractor,W_145857,P_373513,16028,0.00992,0
coveranalysis,distractor,W_145857,P_373514,19510,0.00205,0
coveranalysis,distractor,W_35057,P_396443,19117,0.01643,0
coveranalysis,distractor,W_149336,P_400551,15870,0.00025,0
coveranalysis,distractor,W_149336,P_404463,13272,0.0003,0
coveranalysis,distractor,W_129185,P_411337,15255,0.0,0
coveranalysis,distractor,W_150865,P_421998,15905,0.0,0
coveranalysis,distractor,W_150865,P_421999,15939,0.01424,0
coveranalysis,distractor,W_68546,P_423119,26742,0.00538,0
coveranalysis,distractor,W_16372,P_443951,19597,0.0,0
coveranalysis,distractor,W_152710,P_447290,14593,0.01576,0
coveranalysis,distractor,W_152710,P_447344,16487,0.00631,0
coveranalysis,distractor,W_14000,P_455471,14243,0.00204,0
coveranalysis,distractor,W_133801,P_483023,21653,0.00079,0
coveranalysis,distractor,W_156986,P_486851,19501,0.0,0
coveranalysis,distractor,W_156986,P_486883,19535,0.0,0
coveranalysis,distractor,W_158622,P_504788,18194,0.00802,0
coveranalysis,distractor,W_131138,P_512895,22313,0.02057,0
coveranalysis,distractor,W_133801,P_560716,15973,0.00075,0
coveranalysis,distractor,W_170983,P_595652,15677,0.00874,0
coveranalysis,distractor,W_129713,P_599130,15149,0.00693,0
coveranalysis,distractor,W_119587,P_628481,12627,0.0297,0
coveranalysis,distractor,W_170983,P_636706,11842,0.00203,0
coveranalysis,distractor,W_14000,P_64760,13894,0.00777,0
coveranalysis,distractor,W_178859,P_652173,21414,0.00056,0
coveranalysis,distractor,W_178859,P_652178,19322,0.0,0
coveranalysis,distractor,W_179146,P_653987,31128,0.04292,0
coveranalysis,distractor,W_179146,P_653992,31360,0.03259,0
coveranalysis,distractor,W_181432,P_671036,19891,0.00045,0
coveranalysis,distractor,W_181432,P_671067,21873,0.00032,0
coveranalysis,distractor,W_68546,P_68546,29466,0.00014,0
coveranalysis,distractor,W_183759,P_686529,21351,0.0,0
coveranalysis,distractor,W_183759,P_686530,27510,0.00574,0
coveranalysis,distractor,W_114213,P_711691,13273,0.01936,0
coveranalysis,distractor,W_185884,P_711781,21853,0.00453,0
coveranalysis,distractor,W_185884,P_711783,27389,0.0012,0
coveranalysis,distractor,W_51181,P_72336,13727,0.0008,0
coveranalysis,distractor,W_194735,P_739365,16847,0.01128,0
coveranalysis,distractor,W_194735,P_743653,18995,0.01121,0
coveranalysis,distractor,W_119587,P_754748,23061,0.0121,0
coveranalysis,distractor,W_197450,P_757572,13191,0.02615,0
coveranalysis,distractor,W_197450,P_757574,14789,0.02238,0
coveranalysis,distractor,W_129320,P_763922,30421,0.00227,0
coveranalysis,distractor,W_51181,P_77179,11309,0.0,0
coveranalysis,distractor,W_158622,P_780573,18223,0.00143,0
coveranalysis,distractor,W_201167,P_784883,11965,0.04229,0
coveranalysis,distractor,W_201167,P_785082,12350,0.0,0
coveranalysis,distractor,W_200960,P_791187,20673,0.00247,0
coveranalysis,distractor,W_200960,P_791203,24457,0.00053,0
coveranalysis,validation,W_102490,P_102490,13525,0.00244,0
coveranalysis,validation,W_105295,P_105295,12617,0.03844,0
coveranalysis,validation,W_105959,P_105959,13011,0.02421,0
coveranalysis,validation,W_20574,P_106310,25765,0.00578,0
coveranalysis,validation,W_37082,P_107068,16571,0.014,0
coveranalysis,validation,W_20574,P_108124,25279,0.00566,0
coveranalysis,validation,W_78570,P_114206,15332,0.0,0
coveranalysis,validation,W_54460,P_116769,14306,0.00426,0
coveranalysis,validation,W_80259,P_116817,12846,0.00023,0
coveranalysis,validation,W_7368,P_121294,15062,0.0008,0
coveranalysis,validation,W_80259,P_122245,10711,0.04407,0
coveranalysis,validation,W_113183,P_122460,17359,0.0159,0
coveranalysis,validation,W_13093,P_13093,15326,0.00189,0
coveranalysis,validation,W_13524,P_13524,13165,0.00129,0
coveranalysis,validation,W_115629,P_140033,14977,0.04133,0
coveranalysis,validation,W_6524,P_142186,18948,0.00047,0
coveranalysis,validation,W_35540,P_150272,15051,0.01316,0
coveranalysis,validation,W_117316,P_151192,18404,0.00272,0
coveranalysis,validation,W_117316,P_151193,13367,0.03157,0
coveranalysis,validation,W_72854,P_152476,12589,0.01414,0
coveranalysis,validation,W_117514,P_153182,21423,0.00014,0
coveranalysis,validation,W_27871,P_153370,14345,0.01032,0
coveranalysis,validation,W_118340,P_159879,23315,0.00935,0
coveranalysis,validation,W_89909,P_162747,17578,0.01121,0
coveranalysis,validation,W_16690,P_16690,19606,0.00342,0
coveranalysis,validation,W_119983,P_170210,16326,0.00882,0
coveranalysis,validation,W_7368,P_173333,27095,0.00177,0
coveranalysis,validation,W_75143,P_173533,18997,0.02121,0
coveranalysis,validation,W_91884,P_175951,12743,0.01209,0
coveranalysis,validation,W_120888,P_177203,17488,0.00355,0
coveranalysis,validation,W_3821,P_183893,12461,0.0,0
coveranalysis,validation,W_122008,P_188992,18407,0.00158,0
coveranalysis,validation,W_6524,P_192119,17301,0.01023,0
coveranalysis,validation,W_122315,P_192208,11807,0.0,0
coveranalysis,validation,W_122315,P_192331,19029,0.0,0
coveranalysis,validation,W_1952,P_1952,25798,0.00655,0
coveranalysis,validation,W_1952,P_1953,24265,0.00729,0
coveranalysis,validation,W_20314,P_20318,18366,0.0,0
coveranalysis,validation,W_28987,P_210664,17210,0.00267,0
coveranalysis,validation,W_2133,P_2133,18614,0.01424,0
coveranalysis,validation,W_2133,P_2134,19198,0.0012,0
coveranalysis,validation,W_124490,P_213620,23161,0.0,0
coveranalysis,validation,W_124490,P_213631,23161,0.0,0
coveranalysis,validation,W_112677,P_214555,15262,0.01546,0
coveranalysis,validation,W_27871,P_216545,11261,0.0,0
coveranalysis,validation,W_124878,P_216691,21206,0.01151,0
coveranalysis,validation,W_22605,P_218363,21023,0.01194,0
coveranalysis,validation,W_2236,P_2237,23327,0.01938,0
coveranalysis,validation,W_22605,P_22606,21699,0.00991,0
coveranalysis,validation,W_127205,P_231490,14694,0.01708,0
coveranalysis,validation,W_127205,P_231503,12999,0.0,0
coveranalysis,validation,W_23390,P_23396,13732,0.0,0
coveranalysis,validation,W_127594,P_236005,15058,0.0,0
coveranalysis,validation,W_173158,P_245898,17946,0.0156,0
coveranalysis,validation,W_129447,P_247225,15562,0.01015,0
coveranalysis,validation,W_129447,P_247236,14524,0.00255,0
coveranalysis,validation,W_23390,P_247750,16286,0.0019,0
coveranalysis,validation,W_76778,P_251897,19200,0.00219,0
coveranalysis,validation,W_131527,P_263867,21023,0.00138,0
coveranalysis,validation,W_26614,P_26614,25466,0.00377,0
coveranalysis,validation,W_93389,P_267925,36306,0.00209,0
coveranalysis,validation,W_132291,P_268732,18634,0.0,0
coveranalysis,validation,W_132291,P_268741,17822,0.00786,0
coveranalysis,validation,W_29963,P_270325,17577,0.0,0
coveranalysis,validation,W_37082,P_270549,20959,0.05363,0
coveranalysis,validation,W_133055,P_273922,16726,0.00454,0
coveranalysis,validation,W_133055,P_273923,18709,0.0085,0
coveranalysis,validation,W_133731,P_279467,37680,0.01595,0
coveranalysis,validation,W_133731,P_279468,16212,0.0095,0
coveranalysis,validation,W_133773,P_279887,15761,0.0,0
coveranalysis,validation,W_133773,P_279888,15183,0.01357,0
coveranalysis,validation,W_124200,P_281571,17242,0.01456,0
coveranalysis,validation,W_28450,P_28451,36649,0.0,0
coveranalysis,validation,W_134440,P_286678,18053,0.00061,0
coveranalysis,validation,W_135293,P_293947,11719,0.01596,0
coveranalysis,validation,W_135293,P_293949,12599,0.00016,0
coveranalysis,validation,W_135509,P_295681,14573,0.00021,0
coveranalysis,validation,W_135509,P_295682,14349,0.0,0
coveranalysis,validation,W_131527,P_296197,20447,0.0,0
coveranalysis,validation,W_29963,P_29964,13689,0.00051,0
coveranalysis,validation,W_30018,P_30018,14831,0.0176,0
coveranalysis,validation,W_30018,P_30019,18613,0.00134,0
coveranalysis,validation,W_28987,P_300523,15238,0.00564,0
coveranalysis,validation,W_136494,P_306043,11171,0.0196,0
coveranalysis,validation,W_136494,P_306049,12464,0.05119,0
coveranalysis,validation,W_6496,P_309278,24362,0.0,0
coveranalysis,validation,W_31490,P_31491,10482,0.01708,0
coveranalysis,validation,W_138155,P_317849,20072,0.0013,0
coveranalysis,validation,W_138155,P_317859,18137,0.00402,0
coveranalysis,validation,W_32027,P_32027,30190,0.00142,0
coveranalysis,validation,W_32027,P_32028,25815,0.00724,0
coveranalysis,validation,W_15322,P_322348,33098,0.06665,0
coveranalysis,validation,W_83029,P_334252,19909,0.00186,0
coveranalysis,validation,W_33607,P_33607,23475,0.00997,0
coveranalysis,validation,W_112677,P_346926,15425,0.02729,0
coveranalysis,validation,W_45010,P_347060,24644,0.00649,0
coveranalysis,validation,W_142055,P_348253,22770,0.03535,0
coveranalysis,validation,W_142055,P_348255,18690,0.00011,0
coveranalysis,validation,W_142089,P_348453,18767,0.02781,0
coveranalysis,validation,W_142089,P_348454,16542,0.01124,0
coveranalysis,validation,W_20683,P_349459,22489,0.0,0
coveranalysis,validation,W_143269,P_356131,17750,0.00592,0
coveranalysis,validation,W_143269,P_356132,35609,0.0032,0
coveranalysis,validation,W_115629,P_358462,16800,0.00018,0
coveranalysis,validation,W_45391,P_363307,22204,0.00099,0
coveranalysis,validation,W_144350,P_364120,17236,0.00325,0
coveranalysis,validation,W_144511,P_365423,14081,0.01285,0
coveranalysis,validation,W_144551,P_365877,10477,0.00754,0
coveranalysis,validation,W_144551,P_365878,11323,0.05758,0
coveranalysis,validation,W_144927,P_368077,32099,6e-05,0
coveranalysis,validation,W_144927,P_368091,26998,0.00011,0
coveranalysis,validation,W_145076,P_368862,14239,0.0,0
coveranalysis,validation,W_145076,P_368863,13108,0.0,0
coveranalysis,validation,W_33607,P_36889,14855,0.0,0
coveranalysis,validation,W_78577,P_373176,14551,0.04632,0
coveranalysis,validation,W_122327,P_379508,21077,5e-05,0
coveranalysis,validation,W_13524,P_380812,11054,0.0,0
coveranalysis,validation,W_146868,P_380842,13136,0.00282,0
coveranalysis,validation,W_146868,P_380843,13511,0.0,0
coveranalysis,validation,W_89909,P_381228,19702,0.01228,0
coveranalysis,validation,W_38140,P_38140,14059,0.0005,0
coveranalysis,validation,W_3821,P_3822,11657,0.00858,0
coveranalysis,validation,W_148950,P_396226,13671,0.0,0
coveranalysis,validation,W_148950,P_396228,11634,0.0061,0
coveranalysis,validation,W_149012,P_396765,13550,0.00841,0
coveranalysis,validation,W_149012,P_396766,14477,0.00014,0
coveranalysis,validation,W_136401,P_399233,22078,0.00014,0
coveranalysis,validation,W_102490,P_402053,14705,0.00823,0
coveranalysis,validation,W_149777,P_407489,25550,0.10223,0
coveranalysis,validation,W_149777,P_407492,22221,0.0,0
coveranalysis,validation,W_2236,P_409754,21322,0.0106,0
coveranalysis,validation,W_4320,P_411978,13749,0.0,0
coveranalysis,validation,W_49591,P_423626,18452,0.01051,0
coveranalysis,validation,W_151722,P_434249,21033,0.00342,0
coveranalysis,validation,W_151997,P_437680,19630,0.00173,0
coveranalysis,validation,W_151997,P_437757,15159,0.0663,0
coveranalysis,validation,W_118340,P_439575,21370,0.00533,0
coveranalysis,validation,W_94280,P_445504,21797,0.00023,0
coveranalysis,validation,W_152822,P_448178,20715,0.01385,0
coveranalysis,validation,W_152822,P_448179,26331,8e-05,0
coveranalysis,validation,W_119983,P_449118,13062,0.00077,0
coveranalysis,validation,W_153101,P_451737,16453,0.00036,0
coveranalysis,validation,W_153101,P_452608,15421,0.0,0
coveranalysis,validation,W_153213,P_453413,16421,0.00146,0
coveranalysis,validation,W_153213,P_453466,15385,0.00279,0
coveranalysis,validation,W_45391,P_45391,20211,0.00025,0
coveranalysis,validation,W_122008,P_459375,33795,0.0,0
coveranalysis,validation,W_153913,P_461450,27704,0.00588,0
coveranalysis,validation,W_60885,P_469893,14910,0.00805,0
coveranalysis,validation,W_45010,P_475255,28895,0.00633,0
coveranalysis,validation,W_20314,P_477072,18931,0.00132,0
coveranalysis,validation,W_60885,P_480274,14026,0.03636,0
coveranalysis,validation,W_49591,P_49592,18332,0.05128,0
coveranalysis,validation,W_158202,P_500586,12805,0.00226,0
coveranalysis,validation,W_158202,P_500597,15104,0.00993,0
coveranalysis,validation,W_159098,P_508802,20400,0.00838,0
coveranalysis,validation,W_159320,P_511095,18333,0.00136,0
coveranalysis,validation,W_159320,P_511096,20841,0.00686,0
coveranalysis,validation,W_159339,P_511254,22919,0.00013,0
coveranalysis,validation,W_159339,P_511271,19827,0.01276,0
coveranalysis,validation,W_117514,P_512717,26811,0.00679,0
coveranalysis,validation,W_111345,P_518131,27263,0.0,0
coveranalysis,validation,W_160998,P_523703,18814,0.02583,0
coveranalysis,validation,W_160998,P_525135,17687,0.00187,0
coveranalysis,validation,W_76778,P_529022,21795,0.00835,0
coveranalysis,validation,W_105295,P_529479,16026,0.01198,0
coveranalysis,validation,W_53057,P_53058,21259,0.00433,0
coveranalysis,validation,W_53186,P_53187,13225,0.00393,0
coveranalysis,validation,W_53186,P_53190,11631,0.0,0
coveranalysis,validation,W_162089,P_532230,12661,0.01058,0
coveranalysis,validation,W_53057,P_53610,14452,0.00021,0
coveranalysis,validation,W_38140,P_540010,19846,0.0004,0
coveranalysis,validation,W_122327,P_542507,18845,0.01268,0
coveranalysis,validation,W_163575,P_543911,19766,0.00632,0
coveranalysis,validation,W_163575,P_544117,15975,0.0,0
coveranalysis,validation,W_54460,P_54460,13183,0.0,0
coveranalysis,validation,W_4320,P_547455,13511,0.04278,0
coveranalysis,validation,W_164112,P_547995,14213,0.00922,0
coveranalysis,validation,W_164112,P_547997,27255,0.00037,0
coveranalysis,validation,W_13093,P_54802,18041,0.01092,0
coveranalysis,validation,W_164136,P_548428,20667,0.02618,0
coveranalysis,validation,W_164338,P_550203,10434,0.00508,0
coveranalysis,validation,W_164338,P_550204,16427,0.00061,0
coveranalysis,validation,W_134440,P_550963,20464,0.02404,0
coveranalysis,validation,W_55345,P_55345,11552,0.02701,0
coveranalysis,validation,W_143731,P_555185,13431,0.00484,0
coveranalysis,validation,W_144511,P_562173,18559,0.00108,0
coveranalysis,validation,W_165819,P_562907,14260,0.0,0
coveranalysis,validation,W_165819,P_562908,31357,0.00931,0
coveranalysis,validation,W_166041,P_564834,14643,0.0002,0
coveranalysis,validation,W_166041,P_564836,16881,0.00267,0
coveranalysis,validation,W_162089,P_568607,14904,0.0,0
coveranalysis,validation,W_84593,P_575250,24414,0.0,0
coveranalysis,validation,W_167932,P_577756,20151,0.00705,0
coveranalysis,validation,W_167932,P_577757,16565,0.00984,0
coveranalysis,validation,W_168343,P_580132,14918,0.03647,0
coveranalysis,validation,W_168343,P_580135,21415,0.00939,0
coveranalysis,validation,W_16690,P_590297,16712,0.00156,0
coveranalysis,validation,W_151722,P_601793,26217,0.00336,0
coveranalysis,validation,W_172989,P_607555,28721,0.00021,0
coveranalysis,validation,W_172989,P_607556,26927,0.00019,0
coveranalysis,validation,W_173158,P_608444,16334,0.00355,0
coveranalysis,validation,W_6496,P_609528,23399,0.06406,0
coveranalysis,validation,W_124878,P_611665,24403,0.01664,0
coveranalysis,validation,W_173613,P_611803,18230,0.00016,0
coveranalysis,validation,W_173613,P_611804,12447,0.0,0
coveranalysis,validation,W_144350,P_613045,13667,0.0,0
coveranalysis,validation,W_657,P_621702,23092,0.01005,0
coveranalysis,validation,W_176657,P_634300,18063,0.01882,0
coveranalysis,validation,W_176657,P_635063,21985,0.01274,0
coveranalysis,validation,W_178062,P_646336,17223,0.02253,0
coveranalysis,validation,W_178062,P_646347,21713,0.00111,0
coveranalysis,validation,W_20683,P_64771,14958,0.0,0
coveranalysis,validation,W_657,P_649137,37085,0.00016,0
coveranalysis,validation,W_136401,P_653283,19563,0.02714,0
coveranalysis,validation,W_180082,P_660895,21019,0.00428,0
coveranalysis,validation,W_180082,P_660896,11766,0.01351,0
coveranalysis,validation,W_180542,P_665410,17257,0.00075,0
coveranalysis,validation,W_180542,P_665420,14525,0.00186,0
coveranalysis,validation,W_143731,P_674513,13430,0.00201,0
coveranalysis,validation,W_183109,P_683323,18565,0.00291,0
coveranalysis,validation,W_183973,P_687669,19582,0.00424,0
coveranalysis,validation,W_183973,P_687670,19196,0.00776,0
coveranalysis,validation,W_184246,P_689064,17589,0.00768,0
coveranalysis,validation,W_186149,P_697617,19804,0.0154,0
coveranalysis,validation,W_186149,P_697619,18674,0.00016,0
coveranalysis,validation,W_186963,P_701783,19132,0.0001,0
coveranalysis,validation,W_186963,P_701785,15221,0.00026,0
coveranalysis,validation,W_187689,P_705205,21130,0.0098,0
coveranalysis,validation,W_187689,P_705206,40654,0.05384,0
coveranalysis,validation,W_124200,P_706741,22399,0.00232,0
coveranalysis,validation,W_28450,P_707217,40573,0.0,0
coveranalysis,validation,W_188196,P_707599,19766,0.00708,0
coveranalysis,validation,W_188196,P_707600,18675,0.00048,0
coveranalysis,validation,W_188235,P_707779,16354,0.01553,0
coveranalysis,validation,W_188235,P_707788,16254,0.00068,0
coveranalysis,validation,W_184246,P_711044,20136,0.00631,0
coveranalysis,validation,W_120888,P_711907,29226,0.00315,0
coveranalysis,validation,W_159098,P_718190,18827,0.0085,0
coveranalysis,validation,W_190116,P_718356,14678,0.02241,0
coveranalysis,validation,W_190116,P_718357,14445,0.01585,0
coveranalysis,validation,W_190299,P_719142,21076,0.00043,0
coveranalysis,validation,W_190299,P_719143,21278,0.0,0
coveranalysis,validation,W_190349,P_719271,18218,0.0,0
coveranalysis,validation,W_190349,P_719603,21761,0.00754,0
coveranalysis,validation,W_190669,P_720493,15681,0.04043,0
coveranalysis,validation,W_190669,P_720673,15485,0.00265,0
coveranalysis,validation,W_190870,P_721899,15626,0.0,0
coveranalysis,validation,W_190870,P_721900,18071,0.00736,0
coveranalysis,validation,W_37233,P_727385,12925,0.02623,0
coveranalysis,validation,W_72854,P_72854,19902,0.00397,0
coveranalysis,validation,W_192916,P_731243,18093,0.00249,0
coveranalysis,validation,W_192916,P_731244,18450,0.01675,0
coveranalysis,validation,W_37233,P_73447,14629,0.0,0
coveranalysis,validation,W_111345,P_738685,18421,0.00803,0
coveranalysis,validation,W_194622,P_739087,11622,0.00508,0
coveranalysis,validation,W_194622,P_739088,11519,0.0,0
coveranalysis,validation,W_195260,P_742181,12609,0.01642,0
coveranalysis,validation,W_195260,P_742208,17397,0.0,0
coveranalysis,validation,W_196429,P_749411,17545,0.01151,0
coveranalysis,validation,W_196429,P_749413,25330,0.00987,0
coveranalysis,validation,W_196666,P_751378,14011,0.02048,0
coveranalysis,validation,W_196666,P_751379,14257,0.0,0
coveranalysis,validation,W_75143,P_75144,18101,0.00978,0
coveranalysis,validation,W_111444,P_752549,14677,0.00027,0
coveranalysis,validation,W_127594,P_752797,12067,0.05014,0
coveranalysis,validation,W_164136,P_755480,22239,4e-05,0
coveranalysis,validation,W_183109,P_764190,18625,0.0,0
coveranalysis,validation,W_198943,P_769124,17143,0.00397,0
coveranalysis,validation,W_198943,P_769125,26935,0.00019,0
coveranalysis,validation,W_113183,P_770418,15883,0.0,0
coveranalysis,validation,W_111444,P_771592,17631,0.0,0
coveranalysis,validation,W_199298,P_771789,15377,0.0,0
coveranalysis,validation,W_199298,P_771790,12618,0.01767,0
coveranalysis,validation,W_26614,P_781221,13751,0.0,0
coveranalysis,validation,W_73781,P_781917,11630,0.00318,0
coveranalysis,validation,W_31490,P_78274,12323,0.0,0
coveranalysis,validation,W_200884,P_782838,19064,0.0021,0
coveranalysis,validation,W_200884,P_782839,30881,0.0,0
coveranalysis,validation,W_78570,P_78570,11482,0.0142,0
coveranalysis,validation,W_15322,P_788118,40925,0.04073,0
coveranalysis,validation,W_201618,P_788133,16886,0.00527,0
coveranalysis,validation,W_201618,P_788134,28353,0.00032,0
coveranalysis,validation,W_153913,P_789768,21197,0.00123,0
coveranalysis,validation,W_202175,P_792473,20867,0.0,0
coveranalysis,validation,W_202175,P_792474,27963,0.00486,0
coveranalysis,validation,W_73781,P_797855,18011,0.00011,0
coveranalysis,validation,W_203391,P_799230,32909,0.00033,0
coveranalysis,validation,W_203391,P_799232,29747,0.00877,0
coveranalysis,validation,W_83029,P_83030,20162,0.00179,0
coveranalysis,validation,W_84593,P_84594,20181,0.00035,0
coveranalysis,validation,W_55345,P_86227,12151,0.02189,0
coveranalysis,validation,W_88410,P_88410,12237,0.0,0
coveranalysis,validation,W_88410,P_88411,14321,0.00014,0
coveranalysis,validation,W_35540,P_89674,18710,0.00877,0
coveranalysis,validation,W_91884,P_91885,13999,0.0,0
coveranalysis,validation,W_78577,P_92607,10777,0.00084,0
coveranalysis,validation,W_93389,P_93389,31771,0.00415,0
coveranalysis,validation,W_94280,P_94280,18087,0.00017,0
coveranalysis,validation,W_105959,P_98874,15766,0.00025,0
coveranalysis,train,W_100027,P_100027,11837,0.00245,0
coveranalysis,train,W_100027,P_100028,25331,0.05902,0
coveranalysis,train,W_100158,P_100158,13897,0.01864,0
coveranalysis,train,W_100202,P_100203,22746,0.00413,0
coveranalysis,train,W_91613,P_100948,17760,0.00186,0
coveranalysis,train,W_100961,P_100961,15341,0.03031,0
coveranalysis,train,W_101331,P_101331,25411,0.00763,0
coveranalysis,train,W_101331,P_101333,13069,0.00023,0
coveranalysis,train,W_101464,P_101465,19879,0.00885,0
coveranalysis,train,W_10181,P_10181,16557,0.0,0
coveranalysis,train,W_102298,P_102298,29750,0.01284,0
coveranalysis,train,W_102298,P_102299,15317,0.0,0
coveranalysis,train,W_6396,P_102421,16699,0.01024,0
coveranalysis,train,W_102643,P_102643,16803,0.0272,0
coveranalysis,train,W_10267,P_10271,22460,0.00165,0
coveranalysis,train,W_99942,P_102771,22122,0.0,0
coveranalysis,train,W_10339,P_10339,14730,0.01249,0
coveranalysis,train,W_103399,P_103399,15950,0.04665,0
coveranalysis,train,W_10349,P_10349,17639,0.00992,0
coveranalysis,train,W_16,P_103631,13134,0.0351,0
coveranalysis,train,W_10349,P_10365,14183,0.00049,0
coveranalysis,train,W_2751,P_103669,15791,0.00481,0
coveranalysis,train,W_104029,P_104029,19709,0.0,0
coveranalysis,train,W_104107,P_104107,21467,0.03755,0
coveranalysis,train,W_7073,P_10545,29373,0.00381,0
coveranalysis,train,W_105475,P_105475,12254,0.0954,0
coveranalysis,train,W_46131,P_106385,18976,0.09122,0
coveranalysis,train,W_106760,P_106760,17918,0.00452,0
coveranalysis,train,W_106760,P_106820,23584,0.00051,0
coveranalysis,train,W_106861,P_106861,23033,0.00781,0
coveranalysis,train,W_717,P_107077,13402,0.00022,0
coveranalysis,train,W_10770,P_10770,13425,0.0,0
coveranalysis,train,W_9274,P_107737,18695,0.00455,0
coveranalysis,train,W_63040,P_108353,21233,0.0162,0
coveranalysis,train,W_54839,P_108766,25715,0.00237,0
coveranalysis,train,W_10947,P_10947,22571,0.0,0
coveranalysis,train,W_109709,P_109715,14858,0.07827,0
coveranalysis,train,W_35486,P_110164,29864,0.01872,0
coveranalysis,train,W_9893,P_11158,22318,0.00547,0
coveranalysis,train,W_111465,P_111803,18276,0.00739,0
coveranalysis,train,W_53296,P_112263,11465,0.0082,0
coveranalysis,train,W_107149,P_113219,15699,0.01739,0
coveranalysis,train,W_48406,P_113553,29755,0.0,0
coveranalysis,train,W_111933,P_114122,37701,0.0,0
coveranalysis,train,W_3974,P_115216,27083,0.0,0
coveranalysis,train,W_95242,P_115374,31096,0.00084,0
coveranalysis,train,W_30320,P_115376,19655,0.00865,0
coveranalysis,train,W_112148,P_115850,22614,0.0,0
coveranalysis,train,W_112148,P_115851,19655,0.00534,0
coveranalysis,train,W_66733,P_115902,14467,0.0,0
coveranalysis,train,W_66733,P_115905,37910,0.0114,0
coveranalysis,train,W_67106,P_115954,13474,0.00156,0
coveranalysis,train,W_112353,P_117442,14257,0.06874,0
coveranalysis,train,W_112353,P_117443,17959,0.05451,0
coveranalysis,train,W_112623,P_118814,10373,0.03962,0
coveranalysis,train,W_1190,P_1190,32439,0.0,0
coveranalysis,train,W_112752,P_119570,13367,0.00022,0
coveranalysis,train,W_112752,P_119571,15929,0.0162,0
coveranalysis,train,W_36554,P_119673,10538,0.02562,0
coveranalysis,train,W_11988,P_11989,26458,0.00045,0
coveranalysis,train,W_112874,P_120206,20986,0.00691,0
coveranalysis,train,W_112971,P_120705,28111,0.001,0
coveranalysis,train,W_113090,P_121591,23754,0.08592,0
coveranalysis,train,W_113147,P_122177,20355,5e-05,0
coveranalysis,train,W_113147,P_122180,29133,0.01785,0
coveranalysis,train,W_53041,P_123509,24595,0.0,0
coveranalysis,train,W_113353,P_123554,20470,0.00415,0
coveranalysis,train,W_106861,P_124068,23139,0.00648,0
coveranalysis,train,W_113457,P_124163,16285,0.01179,0
coveranalysis,train,W_113511,P_124431,12967,0.00162,0
coveranalysis,train,W_113511,P_124432,16886,0.02351,0
coveranalysis,train,W_11988,P_124872,13170,0.00068,0
coveranalysis,train,W_113610,P_125053,14312,0.00028,0
coveranalysis,train,W_12514,P_12520,26134,0.00685,0
coveranalysis,train,W_12514,P_12521,24029,0.00911,0
coveranalysis,train,W_111636,P_125750,18770,0.00495,0
coveranalysis,train,W_113779,P_126061,16601,0.01036,0
coveranalysis,train,W_113900,P_126772,22943,0.0,0
coveranalysis,train,W_113900,P_126773,22147,0.00014,0
coveranalysis,train,W_12694,P_12694,10551,0.01497,0
coveranalysis,train,W_95355,P_127174,19058,0.00021,0
coveranalysis,train,W_6889,P_12723,16881,0.00154,0
coveranalysis,train,W_113999,P_127247,17169,0.0067,0
coveranalysis,train,W_113999,P_127248,17674,0.00617,0
coveranalysis,train,W_113681,P_127257,13439,0.0,0
coveranalysis,train,W_114041,P_127458,17407,0.00333,0
coveranalysis,train,W_114042,P_127467,14254,0.01964,0
coveranalysis,train,W_114042,P_127473,13209,0.00083,0
coveranalysis,train,W_12769,P_12769,23024,0.0,0
coveranalysis,train,W_6447,P_127728,19223,0.0013,0
coveranalysis,train,W_114176,P_128020,18299,0.0,0
coveranalysis,train,W_8439,P_128391,11301,0.00708,0
coveranalysis,train,W_36,P_12934,22363,0.00233,0
coveranalysis,train,W_114472,P_129704,29562,0.00051,0
coveranalysis,train,W_114472,P_129705,24779,0.00581,0
coveranalysis,train,W_114487,P_129818,21350,0.00103,0
coveranalysis,train,W_2125,P_13071,33894,0.0,0
coveranalysis,train,W_3274,P_131523,17263,0.00156,0
coveranalysis,train,W_50600,P_131646,24985,0.0026,0
coveranalysis,train,W_8952,P_131869,10325,0.02179,0
coveranalysis,train,W_114739,P_131875,23608,0.0,0
coveranalysis,train,W_114739,P_131876,15410,0.00967,0
coveranalysis,train,W_114786,P_132377,13511,0.01813,0
coveranalysis,train,W_13238,P_13238,18127,0.01423,0
coveranalysis,train,W_114794,P_132449,10520,0.02053,0
coveranalysis,train,W_1548,P_134149,17503,0.0016,0
coveranalysis,train,W_115028,P_135533,13352,0.0,0
coveranalysis,train,W_115028,P_135534,14649,0.01174,0
coveranalysis,train,W_115074,P_135870,19301,0.00031,0
coveranalysis,train,W_15495,P_136299,18594,0.02097,0
coveranalysis,train,W_13632,P_13632,16287,0.0,0
coveranalysis,train,W_115160,P_136641,24251,0.01002,0
coveranalysis,train,W_115161,P_136643,21761,0.00349,0
coveranalysis,train,W_115161,P_136659,14379,0.0128,0
coveranalysis,train,W_27841,P_136821,23294,0.00116,0
coveranalysis,train,W_115265,P_137445,27193,0.00662,0
coveranalysis,train,W_115265,P_137468,34501,0.00446,0
coveranalysis,train,W_87349,P_137732,10497,0.00019,0
coveranalysis,train,W_51246,P_137826,23643,0.00152,0
coveranalysis,train,W_115369,P_138337,15317,0.00104,0
coveranalysis,train,W_115369,P_138338,17441,0.0035,0
coveranalysis,train,W_115447,P_138894,14619,0.00465,0
coveranalysis,train,W_75157,P_138976,25285,0.00981,0
coveranalysis,train,W_26293,P_139228,20020,0.0001,0
coveranalysis,train,W_107130,P_139790,26327,0.0,0
coveranalysis,train,W_69221,P_140108,25074,0.00526,0
coveranalysis,train,W_115678,P_140383,19833,0.00872,0
coveranalysis,train,W_115678,P_140384,14988,0.00307,0
coveranalysis,train,W_78833,P_140850,26798,0.00877,0
coveranalysis,train,W_115738,P_140923,17234,0.00528,0
coveranalysis,train,W_115738,P_140926,11849,0.00017,0
coveranalysis,train,W_115771,P_141134,20864,0.01174,0
coveranalysis,train,W_115784,P_141154,30422,0.00339,0
coveranalysis,train,W_115784,P_141164,36254,0.00532,0
coveranalysis,train,W_39458,P_141826,19867,5e-05,0
coveranalysis,train,W_24677,P_141878,18700,0.01048,0
coveranalysis,train,W_115887,P_141899,16981,0.0043,0
coveranalysis,train,W_115953,P_142488,18349,0.00234,0
coveranalysis,train,W_115953,P_142489,21057,0.00736,0
coveranalysis,train,W_116113,P_143197,21149,0.00388,0
coveranalysis,train,W_116116,P_143232,14810,0.00014,0
coveranalysis,train,W_14333,P_14335,25631,0.00207,0
coveranalysis,train,W_116156,P_143379,11735,0.11206,0
coveranalysis,train,W_116240,P_143932,11998,0.00233,0
coveranalysis,train,W_116240,P_143933,13237,0.01209,0
coveranalysis,train,W_28358,P_144496,14990,0.00073,0
coveranalysis,train,W_14479,P_14479,14670,0.02386,0
coveranalysis,train,W_116452,P_145317,17434,0.00017,0
coveranalysis,train,W_3468,P_147490,13117,8e-05,0
coveranalysis,train,W_14749,P_14794,10991,0.0,0
coveranalysis,train,W_76044,P_148079,16073,0.0005,0
coveranalysis,train,W_116966,P_148524,22350,0.0013,0
coveranalysis,train,W_116969,P_148532,30659,0.01063,0
coveranalysis,train,W_116969,P_148533,26179,0.00837,0
coveranalysis,train,W_40894,P_149352,16454,0.00954,0
coveranalysis,train,W_14,P_15,12067,0.02039,0
coveranalysis,train,W_117204,P_150265,20530,0.00872,0
coveranalysis,train,W_117204,P_150267,27215,0.00713,0
coveranalysis,train,W_2222,P_150430,31962,0.00097,0
coveranalysis,train,W_17359,P_151223,20590,0.00185,0
coveranalysis,train,W_15140,P_15140,14242,0.01011,0
coveranalysis,train,W_15140,P_15143,20093,0.0002,0
coveranalysis,train,W_43110,P_151679,20115,0.01004,0
coveranalysis,train,W_59697,P_152070,17237,0.03017,0
coveranalysis,train,W_15261,P_15261,29576,0.03973,0
coveranalysis,train,W_117648,P_154346,18350,0.0,0
coveranalysis,train,W_117664,P_154460,10501,0.02285,0
coveranalysis,train,W_117664,P_154461,14687,0.0,0
coveranalysis,train,W_36368,P_154866,21129,0.0,0
coveranalysis,train,W_57007,P_155008,20001,0.0088,0
coveranalysis,train,W_76044,P_155194,11145,0.0,0
coveranalysis,train,W_117828,P_155746,23441,0.02594,0
coveranalysis,train,W_117831,P_155779,14651,0.02525,0
coveranalysis,train,W_117853,P_156040,18023,0.0,0
coveranalysis,train,W_117882,P_156223,15851,0.0012,0
coveranalysis,train,W_117909,P_156436,19514,0.00118,0
coveranalysis,train,W_864,P_156553,17218,0.00017,0
coveranalysis,train,W_864,P_156560,21538,0.0026,0
coveranalysis,train,W_66091,P_156614,19071,0.00346,0
coveranalysis,train,W_10267,P_157367,10457,0.01023,0
coveranalysis,train,W_118085,P_157860,20227,0.00059,0
coveranalysis,train,W_118110,P_158005,17059,0.00334,0
coveranalysis,train,W_118121,P_158124,20353,0.0001,0
coveranalysis,train,W_118121,P_158148,22228,9e-05,0
coveranalysis,train,W_118197,P_158696,16592,0.0,0
coveranalysis,train,W_171,P_158886,21241,0.00184,0
coveranalysis,train,W_59681,P_158923,39451,0.0,0
coveranalysis,train,W_9891,P_15913,12981,0.0,0
coveranalysis,train,W_14817,P_159586,19637,0.00087,0
coveranalysis,train,W_118358,P_159957,19517,0.0,0
coveranalysis,train,W_118358,P_159958,20399,0.01417,0
coveranalysis,train,W_118403,P_160421,29322,0.00559,0
coveranalysis,train,W_93395,P_160555,17693,0.0308,0
coveranalysis,train,W_118470,P_160895,17439,0.0,0
coveranalysis,train,W_118544,P_161429,16971,0.00059,0
coveranalysis,train,W_118544,P_161430,16842,0.00048,0
coveranalysis,train,W_118547,P_161439,34459,0.00075,0
coveranalysis,train,W_8832,P_161645,33855,0.00307,0
coveranalysis,train,W_24678,P_162365,14477,0.07847,0
coveranalysis,train,W_118771,P_162704,22018,0.0,0
coveranalysis,train,W_118771,P_162705,20222,0.00846,0
coveranalysis,train,W_26416,P_163490,16878,0.03727,0
coveranalysis,train,W_31761,P_163857,13352,0.01513,0
coveranalysis,train,W_31989,P_164855,23268,0.026,0
coveranalysis,train,W_59122,P_165304,17502,0.01474,0
coveranalysis,train,W_13632,P_165842,11937,0.01089,0
coveranalysis,train,W_119349,P_166001,20999,0.00167,0
coveranalysis,train,W_30274,P_166287,18568,0.00469,0
coveranalysis,train,W_119442,P_166677,20674,0.00092,0
coveranalysis,train,W_119611,P_167598,24694,0.00935,0
coveranalysis,train,W_119691,P_168136,11891,0.0005,0
coveranalysis,train,W_119725,P_168336,25759,0.00035,0
coveranalysis,train,W_119725,P_168337,37774,0.0,0
coveranalysis,train,W_71699,P_168389,28728,0.0,0
coveranalysis,train,W_119810,P_169113,10839,0.00941,0
coveranalysis,train,W_9887,P_16912,12505,0.01663,0
coveranalysis,train,W_119810,P_169129,11513,0.01772,0
coveranalysis,train,W_119857,P_169204,16805,0.0053,0
coveranalysis,train,W_119857,P_169244,19293,0.01368,0
coveranalysis,train,W_13581,P_170653,19317,0.00404,0
coveranalysis,train,W_40083,P_171007,18555,0.00264,0
coveranalysis,train,W_120077,P_171125,16039,0.00355,0
coveranalysis,train,W_120079,P_171133,14872,0.01157,0
coveranalysis,train,W_120164,P_172076,30831,0.0108,0
coveranalysis,train,W_5158,P_173652,23110,0.00506,0
coveranalysis,train,W_120440,P_174049,16201,0.02518,0
coveranalysis,train,W_120440,P_174051,14477,0.01913,0
coveranalysis,train,W_33,P_17407,28439,0.0,0
coveranalysis,train,W_120455,P_174200,25259,0.0,0
coveranalysis,train,W_120455,P_174201,20802,0.00058,0
coveranalysis,train,W_17424,P_17425,27220,0.00253,0
coveranalysis,train,W_120497,P_174628,19056,0.00016,0
coveranalysis,train,W_120234,P_174813,17163,0.03129,0
coveranalysis,train,W_1754,P_1754,14789,0.01758,0
coveranalysis,train,W_56855,P_175628,19198,0.00818,0
coveranalysis,train,W_54078,P_175634,16467,0.00953,0
coveranalysis,train,W_120710,P_176005,17855,0.03663,0
coveranalysis,train,W_120710,P_176006,23507,9e-05,0
coveranalysis,train,W_2817,P_176273,27052,7e-05,0
coveranalysis,train,W_69054,P_176999,18359,0.0116,0
coveranalysis,train,W_26293,P_177843,15686,0.00064,0
coveranalysis,train,W_120971,P_178020,20333,0.00089,0
coveranalysis,train,W_120971,P_178042,25996,0.00692,0
coveranalysis,train,W_65003,P_178075,17509,0.02741,0
coveranalysis,train,W_120991,P_178240,11089,0.0,0
coveranalysis,train,W_120991,P_178241,15841,0.0,0
coveranalysis,train,W_54078,P_179207,16043,0.01028,0
coveranalysis,train,W_17923,P_17924,16743,0.0,0
coveranalysis,train,W_34341,P_179936,19337,0.0,0
coveranalysis,train,W_119442,P_180712,20881,0.08352,0
coveranalysis,train,W_121232,P_181071,15537,0.00714,0
coveranalysis,train,W_121232,P_181072,14209,0.03195,0
coveranalysis,train,W_121261,P_181199,10951,0.06474,0
coveranalysis,train,W_121261,P_181222,22660,0.0,0
coveranalysis,train,W_104107,P_181457,23679,0.0177,0
coveranalysis,train,W_39435,P_181890,20508,0.02935,0
coveranalysis,train,W_18202,P_18204,23540,0.0003,0
coveranalysis,train,W_1902,P_182136,24809,0.0,0
coveranalysis,train,W_113116,P_182489,18005,0.0,0
coveranalysis,train,W_121378,P_182586,21060,0.04478,0
coveranalysis,train,W_121494,P_183342,18279,0.00213,0
coveranalysis,train,W_1843,P_1844,25126,0.00708,0
coveranalysis,train,W_19937,P_185163,32546,0.01106,0
coveranalysis,train,W_18506,P_18517,26300,0.0,0
coveranalysis,train,W_121619,P_185384,26477,0.0,0
coveranalysis,train,W_121619,P_185385,25274,0.0112,0
coveranalysis,train,W_121662,P_185987,10423,0.00086,0
coveranalysis,train,W_121671,P_186084,14504,0.00703,0
coveranalysis,train,W_121671,P_186087,15311,0.0,0
coveranalysis,train,W_121736,P_186452,18094,0.00514,0
coveranalysis,train,W_41910,P_187028,13287,0.01325,0
coveranalysis,train,W_8278,P_187205,16634,0.00102,0
coveranalysis,train,W_114794,P_187532,12186,0.01477,0
coveranalysis,train,W_1836,P_1876,20723,0.00825,0
coveranalysis,train,W_18859,P_18859,23379,0.02053,0
coveranalysis,train,W_18859,P_18861,23694,0.00017,0
coveranalysis,train,W_42777,P_188852,11642,0.06004,0
coveranalysis,train,W_47335,P_189348,19737,0.00674,0
coveranalysis,train,W_122069,P_189371,13795,7e-05,0
coveranalysis,train,W_75865,P_189691,23199,0.00935,0
coveranalysis,train,W_1836,P_1897,20729,0.00116,0
coveranalysis,train,W_122069,P_190085,14474,0.00884,0
coveranalysis,train,W_1902,P_1902,29166,7e-05,0
coveranalysis,train,W_3468,P_19061,15551,0.00071,0
coveranalysis,train,W_35332,P_190650,19199,0.03406,0
coveranalysis,train,W_122261,P_191484,10337,0.02022,0
coveranalysis,train,W_80889,P_191587,14802,0.00216,0
coveranalysis,train,W_122298,P_192040,18443,0.00998,0
coveranalysis,train,W_19253,P_19254,11433,0.00813,0
coveranalysis,train,W_122430,P_193401,22889,0.0121,0
coveranalysis,train,W_58758,P_193699,35439,0.02435,0
coveranalysis,train,W_48681,P_19382,16185,0.00259,0
coveranalysis,train,W_19384,P_19384,16054,0.00723,0
coveranalysis,train,W_29589,P_193983,15357,0.02754,0
coveranalysis,train,W_19458,P_19459,14246,0.0014,0
coveranalysis,train,W_122530,P_194859,13043,0.00391,0
coveranalysis,train,W_122530,P_194860,13269,0.00882,0
coveranalysis,train,W_19492,P_19492,17039,0.0,0
coveranalysis,train,W_122430,P_195292,21643,0.01506,0
coveranalysis,train,W_122649,P_195999,23552,0.0,0
coveranalysis,train,W_5482,P_196285,29869,0.01004,0
coveranalysis,train,W_55043,P_196488,25440,0.00421,0
coveranalysis,train,W_122759,P_197133,21899,0.03018,0
coveranalysis,train,W_122759,P_197134,24149,0.0005,0
coveranalysis,train,W_55877,P_197326,11324,0.02005,0
coveranalysis,train,W_122820,P_197993,27536,0.0,0
coveranalysis,train,W_118085,P_198035,14728,0.00292,0
coveranalysis,train,W_105595,P_198383,14233,0.02874,0
coveranalysis,train,W_19840,P_19840,23559,0.00773,0
coveranalysis,train,W_19911,P_19911,15259,0.00164,0
coveranalysis,train,W_123024,P_200218,27412,0.00182,0
coveranalysis,train,W_123024,P_200221,28529,0.0,0
coveranalysis,train,W_59253,P_200370,16389,0.00092,0
coveranalysis,train,W_123077,P_200740,19049,0.0,0
coveranalysis,train,W_8346,P_201446,13829,0.02112,0
coveranalysis,train,W_18202,P_201588,19709,0.00015,0
coveranalysis,train,W_123119,P_202193,10869,0.02089,0
coveranalysis,train,W_123231,P_202921,12573,0.01702,0
coveranalysis,train,W_123231,P_203058,12111,0.0,0
coveranalysis,train,W_65037,P_203176,27566,0.00366,0
coveranalysis,train,W_61982,P_203773,10432,0.01064,0
coveranalysis,train,W_123360,P_204061,11181,0.00063,0
coveranalysis,train,W_55208,P_204147,14854,0.00061,0
coveranalysis,train,W_13581,P_204502,21794,0.01152,0
coveranalysis,train,W_123481,P_204862,15919,0.01382,0
coveranalysis,train,W_123481,P_204863,12545,0.02591,0
coveranalysis,train,W_20553,P_20553,18705,0.00107,0
coveranalysis,train,W_123596,P_205898,14585,0.02125,0
coveranalysis,train,W_40894,P_206696,14024,0.0112,0
coveranalysis,train,W_123729,P_206868,17183,0.01013,0
coveranalysis,train,W_123729,P_206869,16494,0.02649,0
coveranalysis,train,W_123832,P_207556,12010,0.0179,0
coveranalysis,train,W_123832,P_207557,20360,0.0,0
coveranalysis,train,W_123841,P_207609,20341,0.00088,0
coveranalysis,train,W_123841,P_207612,22230,0.0135,0
coveranalysis,train,W_123846,P_207817,25409,0.01063,0
coveranalysis,train,W_33815,P_208408,36377,0.00027,0
coveranalysis,train,W_21205,P_210122,22957,0.00449,0
coveranalysis,train,W_34142,P_210189,13435,0.0,0
coveranalysis,train,W_123596,P_210878,10361,0.01419,0
coveranalysis,train,W_124248,P_211139,13815,0.00413,0
coveranalysis,train,W_124248,P_211433,13571,0.00022,0
coveranalysis,train,W_113689,P_211543,12246,0.03209,0
coveranalysis,train,W_2121,P_2122,24578,0.00842,0
coveranalysis,train,W_2125,P_2125,23924,0.00146,0
coveranalysis,train,W_6579,P_212577,19208,0.01203,0
coveranalysis,train,W_124439,P_213233,19905,0.00216,0
coveranalysis,train,W_124439,P_213235,24711,0.00012,0
coveranalysis,train,W_124462,P_213389,19005,0.00442,0
coveranalysis,train,W_96833,P_213400,18706,0.00027,0
coveranalysis,train,W_35482,P_213543,15825,0.00227,0
coveranalysis,train,W_2487,P_213562,23983,0.00379,0
coveranalysis,train,W_124462,P_213578,19494,0.02821,0
coveranalysis,train,W_63712,P_213941,16910,0.01993,0
coveranalysis,train,W_31035,P_214007,32826,0.01094,0
coveranalysis,train,W_124539,P_214151,14411,0.02887,0
coveranalysis,train,W_124688,P_215576,35946,0.0,0
coveranalysis,train,W_63712,P_215969,18091,0.03416,0
coveranalysis,train,W_21603,P_21603,13357,0.073,0
coveranalysis,train,W_21603,P_21604,11399,0.00053,0
coveranalysis,train,W_9752,P_21608,15103,0.0006,0
coveranalysis,train,W_21205,P_216294,22737,0.0011,0
coveranalysis,train,W_124813,P_216303,15826,0.0,0
coveranalysis,train,W_124823,P_216326,19710,0.0,0
coveranalysis,train,W_118470,P_216483,13453,0.00119,0
coveranalysis,train,W_124853,P_216542,12062,0.00099,0
coveranalysis,train,W_124879,P_216721,22759,0.0,0
coveranalysis,train,W_125213,P_217719,20189,0.00069,0
coveranalysis,train,W_125213,P_217721,31280,0.0,0
coveranalysis,train,W_21951,P_21951,23977,0.003,0
coveranalysis,train,W_21955,P_21955,20804,0.00067,0
coveranalysis,train,W_12769,P_219595,21463,0.00014,0
coveranalysis,train,W_95355,P_219624,20495,0.00605,0
coveranalysis,train,W_10665,P_219626,14513,0.03597,0
coveranalysis,train,W_21985,P_21986,19180,5e-05,0
coveranalysis,train,W_125648,P_220261,19351,0.0,0
coveranalysis,train,W_125684,P_220481,13127,8e-05,0
coveranalysis,train,W_125648,P_220697,19920,0.00075,0
coveranalysis,train,W_3810,P_220796,18713,0.0,0
coveranalysis,train,W_3819,P_221366,23596,0.00915,0
coveranalysis,train,W_125901,P_221649,18091,0.00464,0
coveranalysis,train,W_124879,P_222910,21228,0.009,0
coveranalysis,train,W_126340,P_224552,22838,0.00337,0
coveranalysis,train,W_126340,P_224553,24685,0.02629,0
coveranalysis,train,W_126358,P_224701,28200,0.00021,0
coveranalysis,train,W_126365,P_224737,15903,6e-05,0
coveranalysis,train,W_126398,P_224972,19784,0.05328,0
coveranalysis,train,W_126398,P_224973,18083,0.00929,0
coveranalysis,train,W_1561,P_22510,11893,0.00076,0
coveranalysis,train,W_11827,P_225402,18770,0.01321,0
coveranalysis,train,W_99189,P_225918,23217,4e-05,0
coveranalysis,train,W_22607,P_22608,22572,0.00789,0
coveranalysis,train,W_114745,P_226249,17009,0.0,0
coveranalysis,train,W_126617,P_226682,10969,0.01176,0
coveranalysis,train,W_126646,P_226807,13551,0.0186,0
coveranalysis,train,W_125184,P_226956,15009,0.02219,0
coveranalysis,train,W_126687,P_226981,26326,0.00011,0
coveranalysis,train,W_126687,P_226982,27942,0.01281,0
coveranalysis,train,W_22715,P_22715,11746,0.03686,0
coveranalysis,train,W_105312,P_227249,23594,0.00335,0
coveranalysis,train,W_22748,P_22749,21971,0.0,0
coveranalysis,train,W_65683,P_227509,10361,0.0084,0
coveranalysis,train,W_65683,P_227513,11436,0.0244,0
coveranalysis,train,W_12680,P_22767,20047,0.0,0
coveranalysis,train,W_55898,P_227729,21165,0.00293,0
coveranalysis,train,W_91963,P_229133,12116,0.00091,0
coveranalysis,train,W_127058,P_229519,11865,0.00177,0
coveranalysis,train,W_3068,P_230899,16629,0.00301,0
coveranalysis,train,W_127152,P_230910,18267,0.02086,0
coveranalysis,train,W_66815,P_231513,14297,0.00511,0
coveranalysis,train,W_23198,P_23198,35404,0.00045,0
coveranalysis,train,W_127245,P_232198,25861,0.00557,0
coveranalysis,train,W_127245,P_232236,13026,0.00177,0
coveranalysis,train,W_127251,P_232260,15765,0.0071,0
coveranalysis,train,W_127251,P_232264,22308,0.02802,0
coveranalysis,train,W_61914,P_232777,24262,0.00536,0
coveranalysis,train,W_127316,P_232800,21567,0.00422,0
coveranalysis,train,W_127316,P_232802,19723,0.00061,0
coveranalysis,train,W_127288,P_232970,13493,0.00378,0
coveranalysis,train,W_2331,P_2331,18116,0.01027,0
coveranalysis,train,W_67094,P_233429,16285,0.02045,0
coveranalysis,train,W_127534,P_234812,17270,0.00214,0
coveranalysis,train,W_127534,P_234838,18391,0.01658,0
coveranalysis,train,W_64339,P_234894,16020,0.0,0
coveranalysis,train,W_127585,P_235356,20388,0.00025,0
coveranalysis,train,W_127585,P_235357,20698,0.00908,0
coveranalysis,train,W_127587,P_235385,20245,0.0,0
coveranalysis,train,W_127587,P_235387,19447,0.00473,0
coveranalysis,train,W_76140,P_236191,17105,6e-05,0
coveranalysis,train,W_127868,P_237156,16202,0.0,0
coveranalysis,train,W_128058,P_238096,15037,0.01829,0
coveranalysis,train,W_128058,P_238097,16334,0.00024,0
coveranalysis,train,W_46131,P_238469,17880,0.0,0
coveranalysis,train,W_23891,P_23894,22756,0.0,0
coveranalysis,train,W_11827,P_239900,12749,0.00086,0
coveranalysis,train,W_128280,P_240124,17150,0.03767,0
coveranalysis,train,W_128280,P_240134,17286,0.00017,0
coveranalysis,train,W_33815,P_240263,18143,0.03792,0
coveranalysis,train,W_128345,P_240598,16801,0.00345,0
coveranalysis,train,W_126365,P_240638,22794,0.00662,0
coveranalysis,train,W_24100,P_24100,20061,0.0001,0
coveranalysis,train,W_114660,P_241311,12627,0.00578,0
coveranalysis,train,W_24135,P_24135,13541,0.0257,0
coveranalysis,train,W_35486,P_241426,19522,0.0022,0
coveranalysis,train,W_113610,P_241440,15035,0.07775,0
coveranalysis,train,W_26219,P_241452,23951,0.01808,0
coveranalysis,train,W_128539,P_241534,20006,0.07358,0
coveranalysis,train,W_128539,P_241536,12616,0.00991,0
coveranalysis,train,W_40437,P_241674,20732,0.01134,0
coveranalysis,train,W_2421,P_2421,23758,0.0205,0
coveranalysis,train,W_128728,P_242162,20843,0.00475,0
coveranalysis,train,W_128765,P_242370,12066,0.04185,0
coveranalysis,train,W_128765,P_242371,12261,0.00155,0
coveranalysis,train,W_24660,P_242556,18246,0.00088,0
coveranalysis,train,W_62595,P_242567,27913,0.00609,0
coveranalysis,train,W_38950,P_242573,19375,0.0,0
coveranalysis,train,W_128967,P_243704,13880,0.0103,0
coveranalysis,train,W_129057,P_244280,30361,0.01841,0
coveranalysis,train,W_129206,P_245045,29575,0.00081,0
coveranalysis,train,W_129206,P_245046,37212,0.01126,0
coveranalysis,train,W_129321,P_245888,23262,0.01113,0
coveranalysis,train,W_129321,P_245889,28137,0.00021,0
coveranalysis,train,W_129342,P_246131,14260,0.00344,0
coveranalysis,train,W_129342,P_246133,15220,0.00053,0
coveranalysis,train,W_70160,P_246253,18037,0.01647,0
coveranalysis,train,W_129370,P_246343,35304,0.00448,0
coveranalysis,train,W_129391,P_246480,17621,0.00091,0
coveranalysis,train,W_55485,P_246934,15855,0.0263,0
coveranalysis,train,W_129370,P_247104,26173,8e-05,0
coveranalysis,train,W_129441,P_247191,23129,0.00052,0
coveranalysis,train,W_129441,P_247192,24971,0.0,0
coveranalysis,train,W_129462,P_247365,15815,0.00089,0
coveranalysis,train,W_129462,P_247366,17456,0.02406,0
coveranalysis,train,W_129501,P_247581,15518,0.00032,0
coveranalysis,train,W_129501,P_247582,15447,0.00699,0
coveranalysis,train,W_5977,P_247675,18917,0.0,0
coveranalysis,train,W_129628,P_248348,22360,0.00013,0
coveranalysis,train,W_129628,P_248349,20417,0.00833,0
coveranalysis,train,W_14428,P_249127,20512,0.00717,0
coveranalysis,train,W_129738,P_249277,14995,0.00727,0
coveranalysis,train,W_129777,P_249647,19292,0.00021,0
coveranalysis,train,W_67883,P_249708,31103,0.00627,0
coveranalysis,train,W_129811,P_250203,28111,0.00662,0
coveranalysis,train,W_129821,P_250258,14326,0.00524,0
coveranalysis,train,W_129874,P_250788,19233,0.04664,0
coveranalysis,train,W_129920,P_251305,12879,0.03315,0
coveranalysis,train,W_129920,P_251306,14612,0.01376,0
coveranalysis,train,W_129931,P_251615,20087,0.0,0
coveranalysis,train,W_9490,P_252379,11894,0.00639,0
coveranalysis,train,W_125684,P_252404,12609,0.0,0
coveranalysis,train,W_117193,P_252580,13525,0.00022,0
coveranalysis,train,W_5464,P_252617,20430,0.0093,0
coveranalysis,train,W_8343,P_253144,17663,0.0,0
coveranalysis,train,W_26210,P_253272,19662,0.04186,0
coveranalysis,train,W_3115,P_254214,17187,0.0046,0
coveranalysis,train,W_68502,P_254500,14915,0.0,0
coveranalysis,train,W_130312,P_254950,13371,0.01862,0
coveranalysis,train,W_130325,P_255073,12397,0.0171,0
coveranalysis,train,W_26222,P_255099,25758,0.10381,0
coveranalysis,train,W_130428,P_255487,14043,7e-05,0
coveranalysis,train,W_130428,P_255488,13611,0.01528,0
coveranalysis,train,W_130561,P_256381,15922,0.00421,0
coveranalysis,train,W_130625,P_256790,11619,0.03262,0
coveranalysis,train,W_130625,P_256791,15255,0.0179,0
coveranalysis,train,W_127058,P_257013,16399,6e-05,0
coveranalysis,train,W_130823,P_258383,21077,0.0,0
coveranalysis,train,W_130823,P_258384,18937,0.0019,0
coveranalysis,train,W_130956,P_259169,12258,0.03899,0
coveranalysis,train,W_130959,P_259175,19589,0.00133,0
coveranalysis,train,W_130959,P_259176,18265,0.04489,0
coveranalysis,train,W_27474,P_259362,29315,0.00072,0
coveranalysis,train,W_10947,P_259655,16959,0.002,0
coveranalysis,train,W_63900,P_259834,25409,0.01,0
coveranalysis,train,W_26050,P_26050,15681,0.00057,0
coveranalysis,train,W_131164,P_260929,19157,5e-05,0
coveranalysis,train,W_108357,P_261179,19130,0.00021,0
coveranalysis,train,W_131287,P_262046,19351,0.00413,0
coveranalysis,train,W_26219,P_26219,27984,0.0,0
coveranalysis,train,W_26222,P_26222,25075,0.00411,0
coveranalysis,train,W_131312,P_262254,19737,0.04271,0
coveranalysis,train,W_131350,P_262433,11686,0.01421,0
coveranalysis,train,W_131350,P_262434,10855,0.0,0
coveranalysis,train,W_99767,P_262856,19019,0.02292,0
coveranalysis,train,W_99984,P_262877,15625,0.04282,0
coveranalysis,train,W_131418,P_263233,13073,8e-05,0
coveranalysis,train,W_131430,P_263313,17960,0.00045,0
coveranalysis,train,W_131430,P_263314,18365,0.06556,0
coveranalysis,train,W_101010,P_263395,17088,0.00152,0
coveranalysis,train,W_131466,P_263464,19775,0.05421,0
coveranalysis,train,W_131466,P_263465,22883,0.00725,0
coveranalysis,train,W_26358,P_26358,18696,0.00289,0
coveranalysis,train,W_131504,P_263743,20304,0.0,0
coveranalysis,train,W_131556,P_264090,26258,0.00769,0
coveranalysis,train,W_26421,P_26421,20911,0.00889,0
coveranalysis,train,W_26421,P_26422,20797,0.00067,0
coveranalysis,train,W_131584,P_264233,14770,0.00244,0
coveranalysis,train,W_26452,P_26453,19254,0.0095,0
coveranalysis,train,W_123119,P_264539,31010,0.00761,0
coveranalysis,train,W_124706,P_265059,12221,0.0,0
coveranalysis,train,W_131769,P_265137,23181,0.0,0
coveranalysis,train,W_131769,P_265138,15876,0.0,0
coveranalysis,train,W_131793,P_265228,23923,0.0015,0
coveranalysis,train,W_131794,P_265231,20721,0.00232,0
coveranalysis,train,W_8832,P_26563,24357,0.00854,0
coveranalysis,train,W_83859,P_266202,23738,0.0,0
coveranalysis,train,W_131956,P_266229,17243,0.00093,0
coveranalysis,train,W_114660,P_268155,11332,0.03583,0
coveranalysis,train,W_24677,P_268182,14434,0.00021,0
coveranalysis,train,W_131164,P_268598,26719,7e-05,0
coveranalysis,train,W_132415,P_269386,23523,0.00701,0
coveranalysis,train,W_132415,P_269387,25124,0.0115,0
coveranalysis,train,W_55972,P_269638,14367,0.0,0
coveranalysis,train,W_26303,P_270668,18963,0.01392,0
coveranalysis,train,W_132692,P_271292,19185,0.01173,0
coveranalysis,train,W_132779,P_272025,14835,0.0029,0
coveranalysis,train,W_132795,P_272118,19089,0.00073,0
coveranalysis,train,W_132905,P_272845,20020,0.00325,0
coveranalysis,train,W_132905,P_272846,17085,0.02183,0
coveranalysis,train,W_2729,P_2729,24539,0.0,0
coveranalysis,train,W_2729,P_2730,20097,0.02548,0
coveranalysis,train,W_131504,P_273317,14047,0.00819,0
coveranalysis,train,W_132994,P_273630,20603,0.00097,0
coveranalysis,train,W_133000,P_273703,21053,0.01202,0
coveranalysis,train,W_133000,P_273704,16321,0.0,0
coveranalysis,train,W_114745,P_273738,20454,0.00083,0
coveranalysis,train,W_115160,P_274105,22489,0.00382,0
coveranalysis,train,W_133183,P_274851,17954,0.0054,0
coveranalysis,train,W_2751,P_2751,15014,0.06927,0
coveranalysis,train,W_95201,P_275231,18093,0.00492,0
coveranalysis,train,W_116452,P_275407,12761,0.00071,0
coveranalysis,train,W_133279,P_275425,12119,0.00305,0
coveranalysis,train,W_133478,P_276651,23862,0.00599,0
coveranalysis,train,W_133490,P_276787,23725,0.0169,0
coveranalysis,train,W_133489,P_276791,28223,0.02052,0
coveranalysis,train,W_133503,P_276932,18013,0.00311,0
coveranalysis,train,W_133511,P_277007,16797,0.00202,0
coveranalysis,train,W_50219,P_277090,17516,0.00314,0
coveranalysis,train,W_27730,P_27731,21769,0.03785,0
coveranalysis,train,W_119691,P_277367,15186,0.0,0
coveranalysis,train,W_132094,P_277779,19209,0.0,0
coveranalysis,train,W_133511,P_278037,15123,0.00026,0
coveranalysis,train,W_133707,P_279266,27159,0.00184,0
coveranalysis,train,W_133707,P_279267,20633,0.01687,0
coveranalysis,train,W_133723,P_279422,17893,0.01079,0
coveranalysis,train,W_93281,P_280002,15083,0.00013,0
coveranalysis,train,W_26303,P_280242,27461,0.01897,0
coveranalysis,train,W_64339,P_280625,14731,0.00855,0
coveranalysis,train,W_133851,P_280877,14886,0.01935,0
coveranalysis,train,W_22026,P_280915,21952,0.0,0
coveranalysis,train,W_133873,P_281050,12205,0.0,0
coveranalysis,train,W_133873,P_281054,12258,0.01501,0
coveranalysis,train,W_133829,P_281187,15919,0.02079,0
coveranalysis,train,W_133975,P_281492,20600,0.00524,0
coveranalysis,train,W_133992,P_281638,17267,0.00788,0
coveranalysis,train,W_134002,P_281748,18033,0.0,0
coveranalysis,train,W_134002,P_281751,19571,0.03337,0
coveranalysis,train,W_40275,P_282069,13906,0.00489,0
coveranalysis,train,W_91416,P_282310,27405,0.00449,0
coveranalysis,train,W_6579,P_283108,14541,0.00296,0
coveranalysis,train,W_134106,P_283125,20509,5e-05,0
coveranalysis,train,W_55043,P_283716,27497,0.01317,0
coveranalysis,train,W_12424,P_28410,19781,0.01122,0
coveranalysis,train,W_134198,P_284275,25029,0.00791,0
coveranalysis,train,W_134198,P_284277,20949,0.01489,0
coveranalysis,train,W_134209,P_284378,19517,0.01173,0
coveranalysis,train,W_6638,P_284700,15124,0.00013,0
coveranalysis,train,W_134264,P_285090,15869,0.00044,0
coveranalysis,train,W_28602,P_28602,11011,0.00436,0
coveranalysis,train,W_28602,P_28603,17237,0.00087,0
coveranalysis,train,W_134448,P_286690,24001,0.00617,0
coveranalysis,train,W_134448,P_286700,26538,0.00045,0
coveranalysis,train,W_154534,P_286929,17333,0.01633,0
coveranalysis,train,W_38146,P_287283,13894,0.0013,0
coveranalysis,train,W_134550,P_287763,28554,0.00091,0
coveranalysis,train,W_134550,P_287781,16853,0.01317,0
coveranalysis,train,W_134613,P_288136,17962,0.04047,0
coveranalysis,train,W_134613,P_288137,24987,0.00012,0
coveranalysis,train,W_134650,P_288442,17505,0.00268,0
coveranalysis,train,W_134650,P_288444,17592,0.0,0
coveranalysis,train,W_134653,P_288449,11574,0.00475,0
coveranalysis,train,W_134653,P_288450,17506,0.0,0
coveranalysis,train,W_134657,P_288465,30535,0.01379,0
coveranalysis,train,W_134657,P_288466,24155,0.0159,0
coveranalysis,train,W_127288,P_288591,14538,0.00021,0
coveranalysis,train,W_2121,P_288933,25929,8e-05,0
coveranalysis,train,W_30571,P_289702,13405,0.0,0
coveranalysis,train,W_113779,P_290227,14197,0.01902,0
coveranalysis,train,W_10178,P_290228,14831,0.00027,0
coveranalysis,train,W_3274,P_291682,20626,0.00136,0
coveranalysis,train,W_135060,P_291691,23235,0.00026,0
coveranalysis,train,W_11008,P_291975,16885,0.00397,0
coveranalysis,train,W_135146,P_292502,12581,0.01232,0
coveranalysis,train,W_135146,P_292504,13185,0.00341,0
coveranalysis,train,W_135169,P_292739,13108,0.0,0
coveranalysis,train,W_29282,P_29282,17590,0.00227,0
coveranalysis,train,W_29282,P_29283,17270,0.00185,0
coveranalysis,train,W_129777,P_293695,26561,0.0,0
coveranalysis,train,W_133723,P_293989,18489,0.00492,0
coveranalysis,train,W_135381,P_294731,20861,0.00029,0
coveranalysis,train,W_135381,P_294732,15211,0.0,0
coveranalysis,train,W_135416,P_294942,15994,0.01257,0
coveranalysis,train,W_41634,P_294992,17405,0.0058,0
coveranalysis,train,W_83151,P_295067,32981,0.00643,0
coveranalysis,train,W_135494,P_295494,20181,0.0002,0
coveranalysis,train,W_135494,P_295495,17297,0.00942,0
coveranalysis,train,W_2486,P_295539,18890,0.01128,0
coveranalysis,train,W_29579,P_29579,13223,0.0214,0
coveranalysis,train,W_29579,P_29581,14878,0.00901,0
coveranalysis,train,W_132795,P_295848,11216,0.0,0
coveranalysis,train,W_135528,P_295875,15054,0.01302,0
coveranalysis,train,W_29589,P_29589,11933,0.0,0
coveranalysis,train,W_35930,P_297280,14309,0.00042,0
coveranalysis,train,W_35930,P_297288,17050,0.0139,0
coveranalysis,train,W_114989,P_297338,34922,0.00192,0
coveranalysis,train,W_81019,P_297392,13700,0.00015,0
coveranalysis,train,W_104494,P_297705,15955,0.0277,0
coveranalysis,train,W_135705,P_297887,19198,0.00745,0
coveranalysis,train,W_135705,P_297891,17515,0.0,0
coveranalysis,train,W_100158,P_297976,21405,0.00453,0
coveranalysis,train,W_29807,P_29808,18446,0.00211,0
coveranalysis,train,W_118403,P_298221,17126,0.0,0
coveranalysis,train,W_135734,P_298249,12816,0.0,0
coveranalysis,train,W_31761,P_298395,13617,0.02056,0
coveranalysis,train,W_135762,P_298439,13275,0.01303,0
coveranalysis,train,W_135768,P_298484,15827,0.06634,0
coveranalysis,train,W_135768,P_298488,16620,0.00277,0
coveranalysis,train,W_96041,P_298691,16805,0.0003,0
coveranalysis,train,W_5158,P_298704,14822,0.00837,0
coveranalysis,train,W_135893,P_299467,13884,0.01851,0
coveranalysis,train,W_40997,P_299928,11487,0.0,0
coveranalysis,train,W_136082,P_301150,30869,0.00826,0
coveranalysis,train,W_136086,P_301193,31175,0.0001,0
coveranalysis,train,W_136086,P_301208,30918,0.00818,0
coveranalysis,train,W_92340,P_301631,16613,0.00758,0
coveranalysis,train,W_18506,P_302278,19787,0.01476,0
coveranalysis,train,W_136249,P_302877,17491,0.0028,0
coveranalysis,train,W_136249,P_302878,19351,0.00021,0
coveranalysis,train,W_30307,P_30307,20581,0.01579,0
coveranalysis,train,W_30320,P_30320,21236,0.00603,0
coveranalysis,train,W_22748,P_303595,23000,0.0,0
coveranalysis,train,W_136301,P_303611,13864,0.0,0
coveranalysis,train,W_136325,P_303864,17067,0.01482,0
coveranalysis,train,W_136332,P_303962,28078,0.00655,0
coveranalysis,train,W_136332,P_303965,19160,0.00052,0
coveranalysis,train,W_41793,P_304172,12363,0.01877,0
coveranalysis,train,W_123921,P_304266,21023,0.00276,0
coveranalysis,train,W_136368,P_304506,38097,0.0,0
coveranalysis,train,W_30501,P_30510,23109,0.03492,0
coveranalysis,train,W_112478,P_305213,11955,0.01472,0
coveranalysis,train,W_112478,P_305216,11423,0.02162,0
coveranalysis,train,W_136428,P_305233,20984,0.00148,0
coveranalysis,train,W_136428,P_305262,11953,0.03121,0
coveranalysis,train,W_136473,P_305810,15315,0.00738,0
coveranalysis,train,W_136489,P_305992,14220,0.0244,0
coveranalysis,train,W_30687,P_30687,21680,0.00217,0
coveranalysis,train,W_133503,P_306962,14330,0.00167,0
coveranalysis,train,W_136620,P_307124,17689,0.04166,0
coveranalysis,train,W_136620,P_307125,16905,0.01041,0
coveranalysis,train,W_54231,P_307189,16907,0.00319,0
coveranalysis,train,W_49270,P_307569,20481,0.00044,0
coveranalysis,train,W_136678,P_307632,17664,0.00017,0
coveranalysis,train,W_136678,P_307633,14709,0.01367,0
coveranalysis,train,W_117968,P_307674,20871,0.0011,0
coveranalysis,train,W_30274,P_307877,19691,0.00899,0
coveranalysis,train,W_136746,P_307940,13270,0.00211,0
coveranalysis,train,W_136746,P_307941,19210,0.0,0
coveranalysis,train,W_120259,P_308060,16563,0.00018,0
coveranalysis,train,W_112623,P_308366,14011,0.00707,0
coveranalysis,train,W_136875,P_308985,13789,0.04243,0
coveranalysis,train,W_136875,P_308987,14342,0.00021,0
coveranalysis,train,W_10770,P_309604,16354,0.00813,0
coveranalysis,train,W_137007,P_309844,12363,0.0,0
coveranalysis,train,W_137043,P_310102,18090,0.01282,0
coveranalysis,train,W_137007,P_310176,17003,0.00941,0
coveranalysis,train,W_32455,P_31066,14659,0.01528,0
coveranalysis,train,W_118818,P_312285,13631,0.008,0
coveranalysis,train,W_48985,P_312413,16368,0.07368,0
coveranalysis,train,W_2486,P_312480,11733,0.0,0
coveranalysis,train,W_137407,P_312720,34921,0.0,0
coveranalysis,train,W_4808,P_312947,14174,0.00226,0
coveranalysis,train,W_137571,P_313993,11174,0.00036,0
coveranalysis,train,W_137571,P_313994,11140,0.00341,0
coveranalysis,train,W_137610,P_314168,14525,0.00248,0
coveranalysis,train,W_137610,P_314177,13086,0.00122,0
coveranalysis,train,W_127732,P_314225,16791,0.0,0
coveranalysis,train,W_137043,P_314638,18607,0.05525,0
coveranalysis,train,W_31468,P_31466,14534,0.01823,0
coveranalysis,train,W_31468,P_31468,12570,0.00573,0
coveranalysis,train,W_137667,P_314752,25745,0.00194,0
coveranalysis,train,W_137667,P_314753,26879,0.03471,0
coveranalysis,train,W_137686,P_314849,14307,0.0,0
coveranalysis,train,W_137686,P_314850,18033,0.0325,0
coveranalysis,train,W_81451,P_314883,19718,0.0,0
coveranalysis,train,W_74044,P_314903,15510,6e-05,0
coveranalysis,train,W_137709,P_314976,20997,0.02486,0
coveranalysis,train,W_40437,P_314979,17627,0.00023,0
coveranalysis,train,W_137728,P_315092,18145,0.08862,0
coveranalysis,train,W_137728,P_315093,14605,0.01143,0
coveranalysis,train,W_133829,P_315320,33086,0.01753,0
coveranalysis,train,W_59975,P_316234,13550,0.01476,0
coveranalysis,train,W_8763,P_31629,27591,0.00174,0
coveranalysis,train,W_138003,P_316911,11468,0.0,0
coveranalysis,train,W_138003,P_316912,18779,0.00016,0
coveranalysis,train,W_138025,P_317033,16344,0.00135,0
coveranalysis,train,W_138094,P_317487,14226,0.00605,0
coveranalysis,train,W_138094,P_317493,13785,0.0119,0
coveranalysis,train,W_138125,P_317623,19514,0.0,0
coveranalysis,train,W_138158,P_317852,14285,0.00231,0
coveranalysis,train,W_138158,P_317856,21270,0.00014,0
coveranalysis,train,W_49335,P_318289,30537,0.0056,0
coveranalysis,train,W_33896,P_318879,34237,0.00348,0
coveranalysis,train,W_138299,P_319253,12581,0.00246,0
coveranalysis,train,W_138299,P_319268,16274,0.01137,0
coveranalysis,train,W_138326,P_319401,13725,0.00102,0
coveranalysis,train,W_138326,P_319403,15807,0.03404,0
coveranalysis,train,W_31949,P_31955,15538,0.00232,0
coveranalysis,train,W_37827,P_319638,19131,0.05326,0
coveranalysis,train,W_138358,P_319723,22855,0.00346,0
coveranalysis,train,W_31989,P_31990,19921,0.00868,0
coveranalysis,train,W_138389,P_319917,23251,0.0,0
coveranalysis,train,W_138389,P_319923,11644,0.01391,0
coveranalysis,train,W_138397,P_319930,22442,0.00334,0
coveranalysis,train,W_138397,P_319931,21458,0.00885,0
coveranalysis,train,W_122649,P_320321,26022,0.00219,0
coveranalysis,train,W_138729,P_321938,16323,0.00025,0
coveranalysis,train,W_138729,P_321939,18108,0.06715,0
coveranalysis,train,W_138780,P_322362,22621,0.00455,0
coveranalysis,train,W_102852,P_322468,13009,0.0,0
coveranalysis,train,W_138840,P_322695,21401,0.00364,0
coveranalysis,train,W_138840,P_322696,19145,0.00104,0
coveranalysis,train,W_12990,P_322759,20807,0.00024,0
coveranalysis,train,W_138868,P_322935,11037,0.001,0
coveranalysis,train,W_138868,P_322939,13378,0.01697,0
coveranalysis,train,W_138880,P_322983,16633,0.0,0
coveranalysis,train,W_138880,P_322984,17412,0.00017,0
coveranalysis,train,W_138912,P_323069,19466,0.01402,0
coveranalysis,train,W_3232,P_3232,19299,0.12343,0
coveranalysis,train,W_2084,P_323202,13712,0.00335,0
coveranalysis,train,W_3232,P_3233,16976,0.00106,0
coveranalysis,train,W_132777,P_323385,32789,0.00589,0
coveranalysis,train,W_10665,P_32351,14003,0.0,0
coveranalysis,train,W_31949,P_323946,11634,0.00026,0
coveranalysis,train,W_139051,P_323983,17054,0.00223,0
coveranalysis,train,W_139051,P_324008,17991,0.02651,0
coveranalysis,train,W_139083,P_324311,15826,0.01081,0
coveranalysis,train,W_132450,P_324322,12324,0.00998,0
coveranalysis,train,W_32455,P_32455,12898,0.01155,0
coveranalysis,train,W_96429,P_324843,13205,0.00825,0
coveranalysis,train,W_75690,P_324949,18085,0.02035,0
coveranalysis,train,W_139141,P_324985,12910,0.00062,0
coveranalysis,train,W_139157,P_325206,21845,5e-05,0
coveranalysis,train,W_139157,P_325209,15706,0.01031,0
coveranalysis,train,W_97394,P_325237,12708,0.00299,0
coveranalysis,train,W_42835,P_325862,13568,0.00265,0
coveranalysis,train,W_32602,P_32602,11894,0.01211,0
coveranalysis,train,W_139245,P_326330,10747,0.02401,0
coveranalysis,train,W_138990,P_326400,26209,0.02217,0
coveranalysis,train,W_32685,P_32685,32533,0.01359,0
coveranalysis,train,W_32685,P_32686,11904,0.01378,0
coveranalysis,train,W_1147,P_326896,28426,0.00668,0
coveranalysis,train,W_81451,P_327042,26530,8e-05,0
coveranalysis,train,W_21985,P_32721,27339,0.0026,0
coveranalysis,train,W_139346,P_327235,39273,0.00041,0
coveranalysis,train,W_139380,P_327433,16679,0.00444,0
coveranalysis,train,W_92047,P_327841,11773,0.0175,0
coveranalysis,train,W_62809,P_327865,18605,0.00038,0
coveranalysis,train,W_57296,P_328766,27046,0.00163,0
coveranalysis,train,W_139543,P_329097,10993,0.01492,0
coveranalysis,train,W_139543,P_329098,15115,0.01065,0
coveranalysis,train,W_139579,P_329497,17973,0.00028,0
coveranalysis,train,W_139579,P_329498,19300,0.01751,0
coveranalysis,train,W_3819,P_33074,19770,0.0265,0
coveranalysis,train,W_10181,P_330853,16657,0.00078,0
coveranalysis,train,W_139779,P_331375,11203,0.00384,0
coveranalysis,train,W_3315,P_3315,18884,0.00228,0
coveranalysis,train,W_57073,P_331577,27819,0.00345,0
coveranalysis,train,W_70385,P_331796,18376,0.0,0
coveranalysis,train,W_139779,P_332408,10872,0.00561,0
coveranalysis,train,W_38305,P_332530,16728,0.01453,0
coveranalysis,train,W_140225,P_333793,13621,0.02988,0
coveranalysis,train,W_140225,P_333795,17263,0.00927,0
coveranalysis,train,W_140273,P_334178,15528,0.01217,0
coveranalysis,train,W_140273,P_334179,15151,0.01947,0
coveranalysis,train,W_140301,P_334537,14089,0.01718,0
coveranalysis,train,W_140301,P_334544,14874,0.0004,0
coveranalysis,train,W_126787,P_334581,14132,0.00042,0
coveranalysis,train,W_126787,P_334695,15098,0.02318,0
coveranalysis,train,W_22026,P_334725,16675,0.0,0
coveranalysis,train,W_140374,P_335045,15507,0.0385,0
coveranalysis,train,W_140417,P_335153,12473,0.01171,0
coveranalysis,train,W_3315,P_335547,16888,0.01303,0
coveranalysis,train,W_140468,P_335720,18781,0.02226,0
coveranalysis,train,W_140488,P_335878,10863,0.02614,0
coveranalysis,train,W_140488,P_335879,13385,0.01225,0
coveranalysis,train,W_50219,P_336140,18105,0.0042,0
coveranalysis,train,W_140570,P_336455,25017,0.0,0
coveranalysis,train,W_36554,P_337438,14260,0.05126,0
coveranalysis,train,W_140766,P_337700,26980,0.00815,0
coveranalysis,train,W_140766,P_337701,20365,0.00393,0
coveranalysis,train,W_135893,P_338576,14426,0.01913,0
coveranalysis,train,W_140884,P_338581,27630,0.00156,0
coveranalysis,train,W_140884,P_338582,24606,0.00443,0
coveranalysis,train,W_29195,P_338686,19469,0.00123,0
coveranalysis,train,W_129821,P_338858,35015,0.00945,0
coveranalysis,train,W_33896,P_33896,18887,0.01387,0
coveranalysis,train,W_141032,P_339648,31781,0.01032,0
coveranalysis,train,W_141032,P_339649,29461,0.0039,0
coveranalysis,train,W_128345,P_339951,22922,0.00711,0
coveranalysis,train,W_115771,P_340517,18695,0.01792,0
coveranalysis,train,W_141150,P_340966,19817,0.01968,0
coveranalysis,train,W_141150,P_340967,13245,0.0,0
coveranalysis,train,W_37083,P_341039,16719,0.01513,0
coveranalysis,train,W_141167,P_341091,23147,0.00367,0
coveranalysis,train,W_141167,P_341092,21768,0.00221,0
coveranalysis,train,W_141173,P_341144,22154,0.00014,0
coveranalysis,train,W_34142,P_34144,11634,0.01083,0
coveranalysis,train,W_19840,P_341715,14007,0.00293,0
coveranalysis,train,W_11764,P_34180,29654,0.0,0
coveranalysis,train,W_141263,P_341813,20147,0.0072,0
coveranalysis,train,W_141263,P_341844,15451,0.0,0
coveranalysis,train,W_141331,P_342459,21240,0.01078,0
coveranalysis,train,W_34341,P_34341,20264,0.0,0
coveranalysis,train,W_26050,P_34461,37398,0.00019,0
coveranalysis,train,W_34650,P_344679,17675,0.00011,0
coveranalysis,train,W_34650,P_344681,15079,0.0002,0
coveranalysis,train,W_141638,P_344903,20853,0.00144,0
coveranalysis,train,W_141638,P_345003,20317,0.01693,0
coveranalysis,train,W_37676,P_345083,21558,0.00162,0
coveranalysis,train,W_34531,P_34531,21060,0.02023,0
coveranalysis,train,W_8346,P_345342,15018,0.01531,0
coveranalysis,train,W_34531,P_34538,19816,0.0113,0
coveranalysis,train,W_131556,P_345789,29862,0.00054,0
coveranalysis,train,W_34583,P_34588,20652,0.0,0
coveranalysis,train,W_71095,P_346187,23517,0.0139,0
coveranalysis,train,W_141847,P_346500,22529,4e-05,0
coveranalysis,train,W_141847,P_346501,22110,0.0,0
coveranalysis,train,W_34706,P_34707,13187,0.00978,0
coveranalysis,train,W_141974,P_347295,15318,0.00026,0
coveranalysis,train,W_113689,P_347631,13106,0.00015,0
coveranalysis,train,W_142007,P_347759,11481,0.0,0
coveranalysis,train,W_142007,P_347760,11013,0.00045,0
coveranalysis,train,W_59470,P_347988,20317,0.00162,0
coveranalysis,train,W_142125,P_348685,23579,0.00679,0
coveranalysis,train,W_142125,P_348690,19567,0.00077,0
coveranalysis,train,W_142137,P_348832,18486,0.0,0
coveranalysis,train,W_118128,P_349846,18410,0.02727,0
coveranalysis,train,W_34997,P_34998,17991,0.00156,0
coveranalysis,train,W_137028,P_350588,14737,0.0,0
coveranalysis,train,W_92609,P_350840,17275,0.08324,0
coveranalysis,train,W_142382,P_350872,24127,0.0005,0
coveranalysis,train,W_35096,P_35096,23305,0.00339,0
coveranalysis,train,W_142443,P_351345,16203,6e-05,0
coveranalysis,train,W_142443,P_351359,11054,0.00109,0
coveranalysis,train,W_69028,P_351705,21369,0.0,0
coveranalysis,train,W_141872,P_351911,22895,0.0,0
coveranalysis,train,W_39716,P_351922,16293,6e-05,0
coveranalysis,train,W_124539,P_352643,15142,0.0,0
coveranalysis,train,W_35332,P_35332,18093,0.00182,0
coveranalysis,train,W_142843,P_353866,11551,0.01783,0
coveranalysis,train,W_142895,P_354117,14743,0.09828,0
coveranalysis,train,W_142987,P_354534,21242,0.01262,0
coveranalysis,train,W_143065,P_354986,17245,0.0,0
coveranalysis,train,W_143065,P_354987,17748,0.02406,0
coveranalysis,train,W_140939,P_355574,10417,0.0,0
coveranalysis,train,W_143245,P_355995,17366,0.0076,0
coveranalysis,train,W_143252,P_356017,14723,0.01983,0
coveranalysis,train,W_143252,P_356030,15362,0.04954,0
coveranalysis,train,W_143374,P_356718,13706,0.01124,0
coveranalysis,train,W_115074,P_358082,13313,0.00886,0
coveranalysis,train,W_35838,P_35838,30048,0.01731,0
coveranalysis,train,W_35846,P_35846,23635,0.00038,0
coveranalysis,train,W_143639,P_358460,12037,0.01379,0
coveranalysis,train,W_143639,P_358461,12092,8e-05,0
coveranalysis,train,W_72173,P_359019,20333,0.03659,0
coveranalysis,train,W_4198,P_360471,18891,0.00021,0
coveranalysis,train,W_83494,P_360710,19388,0.01372,0
coveranalysis,train,W_28178,P_360789,19256,0.004,0
coveranalysis,train,W_144004,P_360910,32933,0.0078,0
coveranalysis,train,W_144004,P_360911,24754,0.00562,0
coveranalysis,train,W_144084,P_361529,11894,0.00555,0
coveranalysis,train,W_76538,P_361650,16626,0.0065,0
coveranalysis,train,W_144084,P_361654,11332,0.02021,0
coveranalysis,train,W_141331,P_361737,22702,0.0052,0
coveranalysis,train,W_144151,P_362163,19178,0.00063,0
coveranalysis,train,W_144157,P_362202,17660,0.00057,0
coveranalysis,train,W_144157,P_362203,19720,0.02399,0
coveranalysis,train,W_144158,P_362204,12514,0.00975,0
coveranalysis,train,W_7073,P_362555,28176,0.0,0
coveranalysis,train,W_82144,P_362941,20769,0.02484,0
coveranalysis,train,W_41910,P_363206,13487,0.0,0
coveranalysis,train,W_144217,P_363458,11923,0.00881,0
coveranalysis,train,W_144217,P_363484,14030,0.03165,0
coveranalysis,train,W_144295,P_363580,17059,0.06108,0
coveranalysis,train,W_144295,P_363584,13946,0.00022,0
coveranalysis,train,W_36368,P_36369,18395,0.00603,0
coveranalysis,train,W_62376,P_364300,13744,0.00713,0
coveranalysis,train,W_122298,P_364516,18593,0.01113,0
coveranalysis,train,W_129391,P_365083,23350,0.00377,0
coveranalysis,train,W_144472,P_365206,15819,0.02415,0
coveranalysis,train,W_144472,P_365208,10377,0.01918,0
coveranalysis,train,W_130864,P_365229,23005,0.06242,0
coveranalysis,train,W_131391,P_366341,22366,0.00022,0
coveranalysis,train,W_144724,P_367026,14404,0.0,0
coveranalysis,train,W_144732,P_367036,12501,0.00152,0
coveranalysis,train,W_144732,P_367047,18290,0.00853,0
coveranalysis,train,W_144724,P_367080,14657,0.00027,0
coveranalysis,train,W_119349,P_367744,22139,0.0,0
coveranalysis,train,W_131537,P_368187,13477,0.0,0
coveranalysis,train,W_115887,P_368210,13826,0.00759,0
coveranalysis,train,W_144967,P_368252,23699,0.0,0
coveranalysis,train,W_144967,P_368253,13827,0.0034,0
coveranalysis,train,W_145057,P_368662,14992,0.01021,0
coveranalysis,train,W_145057,P_368672,15105,0.0,0
coveranalysis,train,W_4198,P_368819,24127,0.00991,0
coveranalysis,train,W_145199,P_369634,11269,0.00053,0
coveranalysis,train,W_145264,P_370118,12537,0.00271,0
coveranalysis,train,W_145266,P_370125,19350,0.0,0
coveranalysis,train,W_37083,P_37083,17243,0.01253,0
coveranalysis,train,W_145484,P_371249,11177,0.00018,0
coveranalysis,train,W_145484,P_371250,21432,0.0,0
coveranalysis,train,W_145507,P_371413,17261,0.00017,0
coveranalysis,train,W_12680,P_37181,11631,0.0,0
coveranalysis,train,W_145584,P_371844,18195,0.00731,0
coveranalysis,train,W_145630,P_372066,11373,0.00026,0
coveranalysis,train,W_112971,P_372335,28350,0.00487,0
coveranalysis,train,W_145786,P_373003,12906,0.0,0
coveranalysis,train,W_145786,P_373004,12155,0.0088,0
coveranalysis,train,W_120611,P_373020,13309,0.00368,0
coveranalysis,train,W_123360,P_373387,12171,0.0,0
coveranalysis,train,W_133228,P_373461,24495,0.00237,0
coveranalysis,train,W_145892,P_374040,13601,0.00044,0
coveranalysis,train,W_145909,P_374132,11883,0.03088,0
coveranalysis,train,W_145909,P_374151,11284,0.00576,0
coveranalysis,train,W_963,P_37456,17256,0.07667,0
coveranalysis,train,W_146006,P_374789,17502,0.00109,0
coveranalysis,train,W_26210,P_37481,22957,0.01154,0
coveranalysis,train,W_146006,P_374815,15512,0.0,0
coveranalysis,train,W_145892,P_374986,12819,8e-05,0
coveranalysis,train,W_30571,P_375431,12666,0.00182,0
coveranalysis,train,W_14476,P_375852,16138,0.0409,0
coveranalysis,train,W_146124,P_375932,11996,0.0,0
coveranalysis,train,W_146124,P_375943,12569,0.01575,0
coveranalysis,train,W_22607,P_376371,22093,0.02168,0
coveranalysis,train,W_114989,P_376525,14210,0.00978,0
coveranalysis,train,W_37676,P_37676,30825,0.00026,0
coveranalysis,train,W_146265,P_376980,26034,0.00346,0
coveranalysis,train,W_37827,P_37827,12387,0.0,0
coveranalysis,train,W_51071,P_378458,12619,0.02409,0
coveranalysis,train,W_123921,P_379317,22333,0.00058,0
coveranalysis,train,W_146669,P_379567,33341,0.01599,0
coveranalysis,train,W_146669,P_379569,17543,0.00011,0
coveranalysis,train,W_146676,P_379625,12135,0.00066,0
coveranalysis,train,W_146761,P_380151,14537,0.00709,0
coveranalysis,train,W_146761,P_380152,15165,0.00343,0
coveranalysis,train,W_121500,P_380779,13790,0.00312,0
coveranalysis,train,W_121500,P_380780,12521,0.00391,0
coveranalysis,train,W_139083,P_380997,24981,0.01229,0
coveranalysis,train,W_125901,P_381114,11040,0.00534,0
coveranalysis,train,W_129811,P_381241,24029,0.0,0
coveranalysis,train,W_147024,P_381862,19163,0.00031,0
coveranalysis,train,W_147024,P_381863,20423,0.0212,0
coveranalysis,train,W_10339,P_38201,20974,0.00496,0
coveranalysis,train,W_38146,P_382731,21787,0.00028,0
coveranalysis,train,W_114786,P_382911,15870,0.00939,0
coveranalysis,train,W_52679,P_383136,13237,0.00914,0
coveranalysis,train,W_147237,P_383163,17787,0.00658,0
coveranalysis,train,W_6430,P_38422,18098,6e-05,0
coveranalysis,train,W_147778,P_385849,16419,0.00018,0
coveranalysis,train,W_147778,P_385850,17222,0.0,0
coveranalysis,train,W_13238,P_386054,25323,0.00561,0
coveranalysis,train,W_147882,P_386479,13902,0.00568,0
coveranalysis,train,W_147882,P_386480,13913,0.04097,0
coveranalysis,train,W_3865,P_3866,24771,0.00702,0
coveranalysis,train,W_80875,P_386775,25229,0.0,0
coveranalysis,train,W_147949,P_386971,38405,0.00034,0
coveranalysis,train,W_120164,P_388127,22540,0.02161,0
coveranalysis,train,W_77274,P_388183,22279,0.00072,0
coveranalysis,train,W_123074,P_388563,17844,0.00807,0
coveranalysis,train,W_132779,P_388567,15955,0.00633,0
coveranalysis,train,W_56554,P_388637,15954,0.0,0
coveranalysis,train,W_30392,P_388670,16396,0.01982,0
coveranalysis,train,W_105308,P_388715,10373,0.0054,0
coveranalysis,train,W_1147,P_38888,21775,0.0,0
coveranalysis,train,W_131312,P_389214,19024,0.0,0
coveranalysis,train,W_38930,P_38930,20515,0.0018,0
coveranalysis,train,W_148248,P_389536,20340,5e-05,0
coveranalysis,train,W_148373,P_390509,11334,0.00291,0
coveranalysis,train,W_148373,P_390510,13617,0.00162,0
coveranalysis,train,W_128,P_3908,26545,0.00704,0
coveranalysis,train,W_717,P_391006,10553,0.02378,0
coveranalysis,train,W_116183,P_391134,26308,0.0,0
coveranalysis,train,W_3684,P_391270,18398,0.01332,0
coveranalysis,train,W_107459,P_391765,14304,0.0,0
coveranalysis,train,W_148499,P_391999,21101,0.0,0
coveranalysis,train,W_148530,P_392294,18744,0.0055,0
coveranalysis,train,W_148530,P_392295,19747,0.01084,0
coveranalysis,train,W_114738,P_392484,11377,0.0,0
coveranalysis,train,W_95242,P_392507,16804,0.0006,0
coveranalysis,train,W_148574,P_392789,19217,5e-05,0
coveranalysis,train,W_148574,P_392790,21155,0.00024,0
coveranalysis,train,W_20707,P_393240,13750,0.00073,0
coveranalysis,train,W_41730,P_393341,35343,0.09934,0
coveranalysis,train,W_148646,P_393647,14205,0.00021,0
coveranalysis,train,W_142843,P_394367,17325,0.00017,0
coveranalysis,train,W_135169,P_394386,12187,0.00016,0
coveranalysis,train,W_113116,P_395867,18985,0.02707,0
coveranalysis,train,W_73277,P_395910,11751,0.00026,0
coveranalysis,train,W_56904,P_396587,18967,0.00127,0
coveranalysis,train,W_148997,P_396654,16509,0.00806,0
coveranalysis,train,W_148997,P_396655,14393,0.00452,0
coveranalysis,train,W_75145,P_396656,15466,6e-05,0
coveranalysis,train,W_112477,P_397005,13837,0.00643,0
coveranalysis,train,W_122820,P_397262,34835,0.00528,0
coveranalysis,train,W_11041,P_397299,22742,0.0,0
coveranalysis,train,W_120079,P_397332,10642,0.02443,0
coveranalysis,train,W_149073,P_397540,15334,0.01963,0
coveranalysis,train,W_149099,P_397749,12879,0.025,0
coveranalysis,train,W_133279,P_397756,15680,0.0,0
coveranalysis,train,W_149099,P_397759,14778,0.00244,0
coveranalysis,train,W_149103,P_397774,18350,0.00049,0
coveranalysis,train,W_149106,P_397911,12423,0.01248,0
coveranalysis,train,W_129300,P_397971,21966,0.00742,0
coveranalysis,train,W_3986,P_3987,15311,0.01078,0
coveranalysis,train,W_3990,P_3990,22105,0.00385,0
coveranalysis,train,W_3990,P_3991,23362,0.0018,0
coveranalysis,train,W_133472,P_399232,15310,0.01091,0
coveranalysis,train,W_144166,P_399550,22187,0.10655,0
coveranalysis,train,W_35838,P_399581,13955,0.00179,0
coveranalysis,train,W_149308,P_400140,20895,0.01493,0
coveranalysis,train,W_149308,P_400141,20767,0.01724,0
coveranalysis,train,W_149327,P_400487,17227,0.0007,0
coveranalysis,train,W_9613,P_400513,17105,0.00047,0
coveranalysis,train,W_81584,P_400574,32831,0.00222,0
coveranalysis,train,W_22883,P_400662,17661,0.0,0
coveranalysis,train,W_12752,P_400980,14315,0.0,0
coveranalysis,train,W_149400,P_401321,11362,0.01408,0
coveranalysis,train,W_149400,P_401322,16397,0.00256,0
coveranalysis,train,W_6990,P_40163,18577,0.00345,0
coveranalysis,train,W_149434,P_401664,18699,0.00021,0
coveranalysis,train,W_149464,P_401991,14760,0.00034,0
coveranalysis,train,W_149464,P_402083,13676,0.0215,0
coveranalysis,train,W_40213,P_40213,20344,0.00374,0
coveranalysis,train,W_15261,P_40262,23782,0.00151,0
coveranalysis,train,W_149533,P_403353,20765,0.0,0
coveranalysis,train,W_40422,P_40422,20179,0.00947,0
coveranalysis,train,W_149609,P_404443,12686,0.00733,0
coveranalysis,train,W_149611,P_404464,21173,0.00302,0
coveranalysis,train,W_149611,P_404466,17638,0.00924,0
coveranalysis,train,W_133851,P_404518,15098,0.01768,0
coveranalysis,train,W_148727,P_404658,13257,0.00015,0
coveranalysis,train,W_59253,P_404659,19385,0.0,0
coveranalysis,train,W_149609,P_404826,13157,0.02409,0
coveranalysis,train,W_4051,P_4051,16259,0.00344,0
coveranalysis,train,W_149103,P_405202,24613,0.00073,0
coveranalysis,train,W_149652,P_405269,20097,0.0,0
coveranalysis,train,W_149652,P_405270,22215,0.00284,0
coveranalysis,train,W_149654,P_405297,20259,0.00123,0
coveranalysis,train,W_149654,P_405299,21291,0.00296,0
coveranalysis,train,W_963,P_40560,21849,0.0292,0
coveranalysis,train,W_149668,P_405814,14477,7e-05,0
coveranalysis,train,W_149757,P_406979,15942,0.00056,0
coveranalysis,train,W_149757,P_407059,14365,0.0,0
coveranalysis,train,W_40831,P_40832,18418,0.00065,0
coveranalysis,train,W_149868,P_408711,14599,0.02959,0
coveranalysis,train,W_149911,P_409291,10622,0.00367,0
coveranalysis,train,W_32602,P_409759,14054,0.01117,0
coveranalysis,train,W_74067,P_410672,15058,0.00611,0
coveranalysis,train,W_2331,P_411046,23635,0.00317,0
coveranalysis,train,W_11008,P_411076,12418,0.00242,0
coveranalysis,train,W_100202,P_411537,20848,0.0001,0
coveranalysis,train,W_150161,P_411893,20459,0.00132,0
coveranalysis,train,W_105475,P_413535,15337,0.00293,0
coveranalysis,train,W_103399,P_413890,13160,0.00068,0
coveranalysis,train,W_124823,P_414036,16284,0.00682,0
coveranalysis,train,W_150317,P_414365,13441,0.01019,0
coveranalysis,train,W_131537,P_414622,11826,0.0,0
coveranalysis,train,W_29195,P_414694,22008,0.00141,0
coveranalysis,train,W_150348,P_414722,15175,0.0,0
coveranalysis,train,W_150348,P_414723,13189,8e-05,0
coveranalysis,train,W_150357,P_414865,13677,0.0,0
coveranalysis,train,W_132777,P_414932,17925,0.00619,0
coveranalysis,train,W_150393,P_415407,10414,0.0266,0
coveranalysis,train,W_44096,P_415684,15513,0.01263,0
coveranalysis,train,W_41634,P_41634,13812,0.0,0
coveranalysis,train,W_150461,P_416382,13105,0.00084,0
coveranalysis,train,W_41676,P_41676,27064,0.00122,0
coveranalysis,train,W_43999,P_416990,35667,0.0,0
coveranalysis,train,W_150531,P_417430,14771,0.01252,0
coveranalysis,train,W_150531,P_417476,20509,0.00102,0
coveranalysis,train,W_140939,P_417673,11979,0.00109,0
coveranalysis,train,W_41793,P_41793,18542,0.01564,0
coveranalysis,train,W_146676,P_417974,14610,0.01793,0
coveranalysis,train,W_41865,P_41870,19151,0.00047,0
coveranalysis,train,W_150609,P_418751,18188,0.00363,0
coveranalysis,train,W_150609,P_418752,18945,0.00707,0
coveranalysis,train,W_51744,P_419978,14769,0.0067,0
coveranalysis,train,W_420,P_420,12061,0.0,0
coveranalysis,train,W_150825,P_421394,20678,0.0,0
coveranalysis,train,W_150861,P_421881,25523,0.00811,0
coveranalysis,train,W_132120,P_421889,16599,0.01187,0
coveranalysis,train,W_150861,P_421904,22718,0.01092,0
coveranalysis,train,W_150898,P_422687,22544,0.03469,0
coveranalysis,train,W_90747,P_423240,23988,0.00025,0
coveranalysis,train,W_151028,P_424182,14545,0.02956,0
coveranalysis,train,W_6722,P_424801,17073,0.00018,0
coveranalysis,train,W_151135,P_425409,16759,0.01313,0
coveranalysis,train,W_151145,P_425427,11729,0.00733,0
coveranalysis,train,W_151145,P_425428,11747,0.00264,0
coveranalysis,train,W_151290,P_427244,18586,0.03696,0
coveranalysis,train,W_151290,P_427245,18856,0.00557,0
coveranalysis,train,W_19911,P_427308,16246,0.01976,0
coveranalysis,train,W_151342,P_427557,15095,0.01517,0
coveranalysis,train,W_151342,P_427558,15440,0.00214,0
coveranalysis,train,W_118128,P_42756,13058,0.0,0
coveranalysis,train,W_42759,P_42759,11510,0.02459,0
coveranalysis,train,W_151378,P_427984,19810,0.0,0
coveranalysis,train,W_151378,P_427988,25307,0.00032,0
coveranalysis,train,W_151381,P_428042,14899,0.01134,0
coveranalysis,train,W_151390,P_428118,13562,0.00155,0
coveranalysis,train,W_151390,P_428122,24479,0.01793,0
coveranalysis,train,W_42835,P_42835,13689,0.00015,0
coveranalysis,train,W_3684,P_428697,14598,0.00151,0
coveranalysis,train,W_151480,P_429687,19918,0.0002,0
coveranalysis,train,W_151480,P_429690,18419,0.0,0
coveranalysis,train,W_151481,P_429693,18227,0.00159,0
coveranalysis,train,W_151481,P_429694,28110,0.0,0
coveranalysis,train,W_43078,P_43079,11742,0.00145,0
coveranalysis,train,W_43078,P_43080,11365,0.01971,0
coveranalysis,train,W_43149,P_43149,36391,0.0,0
coveranalysis,train,W_43149,P_43150,19360,0.00015,0
coveranalysis,train,W_1268,P_431589,20792,0.0,0
coveranalysis,train,W_151588,P_431771,19319,0.0,0
coveranalysis,train,W_56904,P_432036,17950,0.00986,0
coveranalysis,train,W_49595,P_432170,19356,0.01457,0
coveranalysis,train,W_14476,P_432706,21022,0.00842,0
coveranalysis,train,W_38930,P_432867,16143,0.06145,0
coveranalysis,train,W_151694,P_433039,20585,0.00015,0
coveranalysis,train,W_151710,P_433490,18741,0.02364,0
coveranalysis,train,W_135416,P_434281,12337,0.00511,0
coveranalysis,train,W_151028,P_434302,14091,0.00816,0
coveranalysis,train,W_29807,P_434533,13263,0.00136,0
coveranalysis,train,W_151820,P_434849,13391,0.0177,0
coveranalysis,train,W_151820,P_434905,21263,0.0,0
coveranalysis,train,W_151862,P_435446,15896,0.01359,0
coveranalysis,train,W_132094,P_435489,23593,0.01272,0
coveranalysis,train,W_151864,P_435490,15803,0.00158,0
coveranalysis,train,W_30392,P_435584,22989,0.02414,0
coveranalysis,train,W_145199,P_436720,16316,0.0,0
coveranalysis,train,W_117882,P_437053,26948,0.00085,0
coveranalysis,train,W_151957,P_437068,12768,0.0,0
coveranalysis,train,W_151957,P_437069,18890,0.03737,0
coveranalysis,train,W_93393,P_437415,22907,0.00314,0
coveranalysis,train,W_43748,P_43751,23646,0.00719,0
coveranalysis,train,W_148364,P_437586,14377,0.0,0
coveranalysis,train,W_43748,P_43848,23831,0.0,0
coveranalysis,train,W_43875,P_43877,25694,0.06196,0
coveranalysis,train,W_30307,P_43901,28492,0.00025,0
coveranalysis,train,W_116207,P_439828,19103,0.0,0
coveranalysis,train,W_152117,P_440219,26707,0.00442,0
coveranalysis,train,W_152117,P_440221,18862,0.00467,0
coveranalysis,train,W_152136,P_440558,11682,0.01558,0
coveranalysis,train,W_152136,P_440560,11829,0.00913,0
coveranalysis,train,W_152188,P_441250,15558,0.0,0
coveranalysis,train,W_138497,P_441303,10874,0.02501,0
coveranalysis,train,W_148364,P_441482,22922,0.00851,0
coveranalysis,train,W_44156,P_44156,17466,0.00023,0
coveranalysis,train,W_130864,P_441673,15164,0.00284,0
coveranalysis,train,W_9893,P_442035,17779,0.00332,0
coveranalysis,train,W_27841,P_44227,19459,0.00689,0
coveranalysis,train,W_35798,P_44282,32254,0.00264,0
coveranalysis,train,W_442,P_443,23183,0.01976,0
coveranalysis,train,W_152318,P_443074,20190,0.0001,0
coveranalysis,train,W_152318,P_443075,20442,0.00024,0
coveranalysis,train,W_81019,P_443079,13293,0.0,0
coveranalysis,train,W_152333,P_443195,13669,0.01836,0
coveranalysis,train,W_112842,P_443519,14733,0.00095,0
coveranalysis,train,W_140374,P_443691,17407,0.0031,0
coveranalysis,train,W_152526,P_445483,18810,0.0,0
coveranalysis,train,W_152526,P_445484,16903,0.00976,0
coveranalysis,train,W_98701,P_446047,14015,0.00585,0
coveranalysis,train,W_152597,P_446272,20839,0.00801,0
coveranalysis,train,W_152626,P_446646,15943,0.00972,0
coveranalysis,train,W_152626,P_446647,14191,0.0,0
coveranalysis,train,W_113681,P_446658,11605,9e-05,0
coveranalysis,train,W_68502,P_446721,20681,0.01842,0
coveranalysis,train,W_98701,P_446942,11451,0.00716,0
coveranalysis,train,W_124853,P_447349,12813,8e-05,0
coveranalysis,train,W_152829,P_448204,15579,0.02125,0
coveranalysis,train,W_151135,P_448312,12493,8e-05,0
coveranalysis,train,W_152873,P_448615,12508,0.03046,0
coveranalysis,train,W_152873,P_448617,12418,0.00628,0
coveranalysis,train,W_152921,P_448785,13462,0.0101,0
coveranalysis,train,W_152921,P_448797,13251,0.0126,0
coveranalysis,train,W_133478,P_448965,20764,0.0,0
coveranalysis,train,W_152943,P_448971,12860,0.0,0
coveranalysis,train,W_152943,P_448984,25796,0.00167,0
coveranalysis,train,W_9527,P_449744,17660,0.0,0
coveranalysis,train,W_45013,P_45013,21311,0.00235,0
coveranalysis,train,W_45013,P_45015,20598,0.01656,0
coveranalysis,train,W_42795,P_45122,11717,0.00418,0
coveranalysis,train,W_48113,P_451767,21930,0.0,0
coveranalysis,train,W_47879,P_452171,24507,0.00702,0
coveranalysis,train,W_153147,P_452360,22037,0.00132,0
coveranalysis,train,W_153147,P_452365,18029,0.02768,0
coveranalysis,train,W_153153,P_452498,18295,0.00077,0
coveranalysis,train,W_141974,P_452654,14815,0.00189,0
coveranalysis,train,W_2817,P_452744,19647,0.00998,0
coveranalysis,train,W_124706,P_452788,18010,0.0,0
coveranalysis,train,W_54812,P_453593,26147,0.01014,0
coveranalysis,train,W_153241,P_453908,17873,0.00095,0
coveranalysis,train,W_153298,P_455110,20093,0.00179,0
coveranalysis,train,W_153298,P_455111,18958,0.02595,0
coveranalysis,train,W_50600,P_455267,27613,0.00308,0
coveranalysis,train,W_47186,P_455790,18736,0.01372,0
coveranalysis,train,W_153416,P_456783,22330,0.00013,0
coveranalysis,train,W_153416,P_456784,25426,0.00016,0
coveranalysis,train,W_138780,P_457289,10421,0.05268,0
coveranalysis,train,W_153500,P_457873,24521,0.01162,0
coveranalysis,train,W_135247,P_457917,24638,0.00061,0
coveranalysis,train,W_153503,P_458090,14446,0.0,0
coveranalysis,train,W_153503,P_458092,12458,0.00562,0
coveranalysis,train,W_153679,P_459392,17674,0.00023,0
coveranalysis,train,W_153679,P_459393,14622,0.0,0
coveranalysis,train,W_3810,P_45964,15050,0.0,0
coveranalysis,train,W_5897,P_459703,30426,0.00053,0
coveranalysis,train,W_153812,P_460513,21751,0.00437,0
coveranalysis,train,W_153812,P_460515,24668,0.01873,0
coveranalysis,train,W_136235,P_461484,13647,0.00813,0
coveranalysis,train,W_128,P_4617,30331,0.00425,0
coveranalysis,train,W_123077,P_461878,19666,0.01231,0
coveranalysis,train,W_46205,P_46207,18207,0.00494,0
coveranalysis,train,W_149911,P_463454,12059,0.00058,0
coveranalysis,train,W_50349,P_463811,15930,0.01048,0
coveranalysis,train,W_154312,P_463864,16030,0.03219,0
coveranalysis,train,W_154312,P_463865,15510,0.03946,0
coveranalysis,train,W_7430,P_464363,21468,0.0,0
coveranalysis,train,W_154404,P_464531,13761,0.01715,0
coveranalysis,train,W_144166,P_464535,14789,0.00602,0
coveranalysis,train,W_151381,P_464650,11981,0.0,0
coveranalysis,train,W_154462,P_464816,13498,7e-05,0
coveranalysis,train,W_154462,P_464817,11056,0.02044,0
coveranalysis,train,W_33066,P_46493,23109,0.00039,0
coveranalysis,train,W_154534,P_465275,15165,0.01932,0
coveranalysis,train,W_154579,P_465444,18102,0.01784,0
coveranalysis,train,W_154579,P_465445,18807,0.00032,0
coveranalysis,train,W_142987,P_465640,16285,0.02008,0
coveranalysis,train,W_17965,P_466166,26584,0.00019,0
coveranalysis,train,W_30878,P_468921,14127,0.00764,0
coveranalysis,train,W_30878,P_468951,18903,0.01476,0
coveranalysis,train,W_155050,P_469297,13145,0.00213,0
coveranalysis,train,W_155050,P_469299,15791,0.01583,0
coveranalysis,train,W_152464,P_469312,18189,0.0177,0
coveranalysis,train,W_150461,P_469346,13377,0.0702,0
coveranalysis,train,W_46941,P_46941,13509,0.01843,0
coveranalysis,train,W_46941,P_46942,13906,0.02272,0
coveranalysis,train,W_155136,P_469774,12322,0.00227,0
coveranalysis,train,W_46976,P_46978,12258,0.00033,0
coveranalysis,train,W_155139,P_469797,17677,0.01861,0
coveranalysis,train,W_155136,P_469818,15014,0.00047,0
coveranalysis,train,W_92609,P_469866,13791,0.04351,0
coveranalysis,train,W_131584,P_469919,14314,0.01781,0
coveranalysis,train,W_36754,P_470154,14746,0.00156,0
coveranalysis,train,W_154943,P_470183,15828,0.01605,0
coveranalysis,train,W_135762,P_470648,12066,0.00995,0
coveranalysis,train,W_54971,P_470692,17487,0.00492,0
coveranalysis,train,W_126896,P_470723,29550,0.00206,0
coveranalysis,train,W_66957,P_470847,17299,0.0004,0
coveranalysis,train,W_121736,P_470899,19385,5e-05,0
coveranalysis,train,W_155356,P_471137,20077,0.0,0
coveranalysis,train,W_155356,P_471138,18702,0.00171,0
coveranalysis,train,W_155454,P_471702,21175,0.00335,0
coveranalysis,train,W_155454,P_471703,19166,0.00021,0
coveranalysis,train,W_47186,P_47186,18094,0.00028,0
coveranalysis,train,W_155551,P_472279,21652,0.0,0
coveranalysis,train,W_155551,P_472280,21738,0.02236,0
coveranalysis,train,W_121460,P_472351,20301,0.01074,0
coveranalysis,train,W_130561,P_472377,13668,0.0,0
coveranalysis,train,W_116113,P_472871,16279,0.01941,0
coveranalysis,train,W_13219,P_473147,15675,0.00217,0
coveranalysis,train,W_4734,P_4734,11468,0.01779,0
coveranalysis,train,W_155775,P_473644,24653,0.00746,0
coveranalysis,train,W_114665,P_473864,12708,0.00834,0
coveranalysis,train,W_133648,P_473868,12924,0.00023,0
coveranalysis,train,W_148646,P_473970,13917,0.00467,0
coveranalysis,train,W_155821,P_473981,16798,0.01,0
coveranalysis,train,W_155821,P_473982,13882,0.0072,0
coveranalysis,train,W_155139,P_474040,17595,0.0,0
coveranalysis,train,W_155873,P_474456,17756,0.0,0
coveranalysis,train,W_155873,P_474458,17756,0.0,0
coveranalysis,train,W_155885,P_474510,11577,0.00346,0
coveranalysis,train,W_155885,P_474512,10862,0.00157,0
coveranalysis,train,W_135734,P_475380,15641,0.00364,0
coveranalysis,train,W_90052,P_475616,15689,0.00019,0
coveranalysis,train,W_156012,P_475774,14422,0.00208,0
coveranalysis,train,W_156012,P_475775,19325,0.00036,0
coveranalysis,train,W_100961,P_475786,22229,0.00373,0
coveranalysis,train,W_101988,P_476431,14131,0.01578,0
coveranalysis,train,W_156114,P_477086,27866,0.0,0
coveranalysis,train,W_156114,P_477177,23129,0.01621,0
coveranalysis,train,W_7385,P_478236,12911,0.01216,0
coveranalysis,train,W_152333,P_478287,13525,0.01701,0
coveranalysis,train,W_116012,P_478950,15163,0.00033,0
coveranalysis,train,W_117478,P_478998,13683,0.0,0
coveranalysis,train,W_47907,P_47908,37202,0.01156,0
coveranalysis,train,W_126896,P_479265,14596,0.00514,0
coveranalysis,train,W_46205,P_479930,17396,0.00247,0
coveranalysis,train,W_120077,P_480276,17317,0.00976,0
coveranalysis,train,W_4808,P_4808,15827,0.0146,0
coveranalysis,train,W_156457,P_480815,21000,0.01567,0
coveranalysis,train,W_138990,P_481264,40008,7e-05,0
coveranalysis,train,W_3701,P_48160,13590,0.02252,0
coveranalysis,train,W_442,P_481920,13435,0.00037,0
coveranalysis,train,W_149106,P_482221,11426,0.01112,0
coveranalysis,train,W_130117,P_482264,16291,0.00792,0
coveranalysis,train,W_156592,P_482337,15077,0.00172,0
coveranalysis,train,W_105595,P_482667,26070,0.0,0
coveranalysis,train,W_135733,P_482752,23951,0.00084,0
coveranalysis,train,W_156614,P_482761,16263,0.00111,0
coveranalysis,train,W_156614,P_482763,14999,0.00527,0
coveranalysis,train,W_156684,P_483480,25411,0.0,0
coveranalysis,train,W_156684,P_483510,24725,0.00036,0
coveranalysis,train,W_114843,P_483614,18352,0.00311,0
coveranalysis,train,W_44156,P_483645,13634,0.00037,0
coveranalysis,train,W_156733,P_484042,16602,0.02229,0
coveranalysis,train,W_156733,P_484049,17155,0.00017,0
coveranalysis,train,W_55972,P_484450,15765,0.01199,0
coveranalysis,train,W_156803,P_484678,33283,0.01088,0
coveranalysis,train,W_87299,P_485045,14242,0.00688,0
coveranalysis,train,W_146265,P_485104,22107,0.00018,0
coveranalysis,train,W_156592,P_485422,18487,0.0,0
coveranalysis,train,W_132994,P_486058,19974,0.00531,0
coveranalysis,train,W_138497,P_486412,18818,0.0,0
coveranalysis,train,W_95019,P_486589,14790,0.02921,0
coveranalysis,train,W_48681,P_48682,15790,0.00057,0
coveranalysis,train,W_157022,P_487354,23746,0.00034,0
coveranalysis,train,W_22883,P_487587,24809,0.00625,0
coveranalysis,train,W_148876,P_487731,15293,0.00013,0
coveranalysis,train,W_428,P_488576,20093,0.0,0
coveranalysis,train,W_48878,P_48878,22414,0.00027,0
coveranalysis,train,W_58758,P_488824,36873,0.00548,0
coveranalysis,train,W_3974,P_489752,15592,0.0,0
coveranalysis,train,W_48985,P_48985,16684,0.0,0
coveranalysis,train,W_23129,P_490050,16781,0.0,0
coveranalysis,train,W_150161,P_490095,15252,0.008,0
coveranalysis,train,W_126132,P_490167,13125,0.0205,0
coveranalysis,train,W_49026,P_49026,16429,0.00901,0
coveranalysis,train,W_23129,P_490397,17884,0.00011,0
coveranalysis,train,W_1843,P_490459,13157,0.02751,0
coveranalysis,train,W_78833,P_490523,26417,0.00011,0
coveranalysis,train,W_83151,P_490832,31372,0.00711,0
coveranalysis,train,W_157368,P_491309,18579,0.0007,0
coveranalysis,train,W_118197,P_492250,20922,0.00913,0
coveranalysis,train,W_129300,P_492552,19354,0.00791,0
coveranalysis,train,W_147951,P_492554,19274,0.00451,0
coveranalysis,train,W_3115,P_492630,19906,0.0002,0
coveranalysis,train,W_1561,P_492986,14532,0.0031,0
coveranalysis,train,W_61982,P_493205,16685,0.00036,0
coveranalysis,train,W_49335,P_49335,22331,0.00842,0
coveranalysis,train,W_49337,P_49337,11401,0.0,0
coveranalysis,train,W_61266,P_493501,18675,0.009,0
coveranalysis,train,W_157687,P_493708,23459,0.00226,0
coveranalysis,train,W_157687,P_493709,15251,0.00767,0
coveranalysis,train,W_171,P_493857,21368,0.01994,0
coveranalysis,train,W_147237,P_494449,25930,0.00775,0
coveranalysis,train,W_157754,P_494456,18576,0.00549,0
coveranalysis,train,W_157754,P_494457,16167,0.0,0
coveranalysis,train,W_151694,P_494478,20834,0.0,0
coveranalysis,train,W_151710,P_494491,15899,0.00031,0
coveranalysis,train,W_102643,P_495179,20017,0.00964,0
coveranalysis,train,W_145584,P_495244,16212,0.03405,0
coveranalysis,train,W_118818,P_495524,17222,0.0,0
coveranalysis,train,W_157881,P_496349,16954,0.01587,0
coveranalysis,train,W_157881,P_496354,17357,0.00035,0
coveranalysis,train,W_10178,P_496402,19359,0.0,0
coveranalysis,train,W_27474,P_496942,18217,0.0454,0
coveranalysis,train,W_158034,P_498422,19362,0.02464,0
coveranalysis,train,W_122261,P_498488,11351,0.01894,0
coveranalysis,train,W_122320,P_498547,32702,0.02553,0
coveranalysis,train,W_54864,P_499243,19460,0.00062,0
coveranalysis,train,W_12752,P_499279,26963,0.01335,0
coveranalysis,train,W_59122,P_499452,18081,0.01438,0
coveranalysis,train,W_49969,P_49969,22225,0.0,0
coveranalysis,train,W_49978,P_49978,16822,0.06052,0
coveranalysis,train,W_49988,P_49988,29809,0.00483,0
coveranalysis,train,W_50031,P_50031,12585,0.00024,0
coveranalysis,train,W_50031,P_50032,21401,0.00397,0
coveranalysis,train,W_158211,P_500641,19471,0.00472,0
coveranalysis,train,W_158211,P_500642,20685,0.0,0
coveranalysis,train,W_52225,P_500955,17543,0.00148,0
coveranalysis,train,W_194,P_501175,19298,0.0,0
coveranalysis,train,W_158312,P_501774,26657,0.01531,0
coveranalysis,train,W_158312,P_501775,23360,0.00895,0
coveranalysis,train,W_154404,P_501885,13519,0.00229,0
coveranalysis,train,W_158344,P_502157,14094,0.0,0
coveranalysis,train,W_22054,P_50225,22373,0.0,0
coveranalysis,train,W_158356,P_502273,34013,0.00141,0
coveranalysis,train,W_158356,P_502274,33181,0.0016,0
coveranalysis,train,W_82470,P_502668,22983,0.0,0
coveranalysis,train,W_158397,P_502782,13790,0.0,0
coveranalysis,train,W_135060,P_502810,21157,0.03011,0
coveranalysis,train,W_158452,P_503379,27853,0.0,0
coveranalysis,train,W_50349,P_50349,17968,0.00607,0
coveranalysis,train,W_158452,P_503494,24840,0.00185,0
coveranalysis,train,W_158496,P_503556,13369,0.07233,0
coveranalysis,train,W_158496,P_503557,17779,0.0,0
coveranalysis,train,W_19083,P_503699,38101,0.00556,0
coveranalysis,train,W_1258,P_503846,17239,6e-05,0
coveranalysis,train,W_158566,P_504300,12504,0.0016,0
coveranalysis,train,W_158566,P_504302,11728,0.00546,0
coveranalysis,train,W_158639,P_504957,12736,0.0,0
coveranalysis,train,W_158671,P_505254,19174,5e-05,0
coveranalysis,train,W_158671,P_505255,20512,0.00371,0
coveranalysis,train,W_158736,P_505973,19201,0.00141,0
coveranalysis,train,W_27174,P_50665,22267,0.00341,0
coveranalysis,train,W_11764,P_506680,25817,8e-05,0
coveranalysis,train,W_124813,P_507230,13360,0.02687,0
coveranalysis,train,W_158886,P_507337,19913,5e-05,0
coveranalysis,train,W_158886,P_507338,15841,0.00442,0
coveranalysis,train,W_158639,P_508315,13988,0.00265,0
coveranalysis,train,W_156915,P_508345,30758,0.01629,0
coveranalysis,train,W_159055,P_508387,20229,0.00885,0
coveranalysis,train,W_129931,P_508637,12394,0.01162,0
coveranalysis,train,W_159105,P_508991,13332,0.0003,0
coveranalysis,train,W_159105,P_509779,15293,0.02387,0
coveranalysis,train,W_159217,P_510161,17033,0.01585,0
coveranalysis,train,W_159236,P_510275,18498,0.0,0
coveranalysis,train,W_159236,P_510281,40718,0.00128,0
coveranalysis,train,W_35846,P_510563,19604,5e-05,0
coveranalysis,train,W_133472,P_510729,21123,0.00814,0
coveranalysis,train,W_5111,P_5111,14073,0.00924,0
coveranalysis,train,W_107459,P_511212,14050,0.0,0
coveranalysis,train,W_159413,P_511844,18199,0.00016,0
coveranalysis,train,W_159413,P_511845,23465,0.00631,0
coveranalysis,train,W_137028,P_512009,16542,0.0,0
coveranalysis,train,W_159217,P_512029,17142,0.00117,0
coveranalysis,train,W_159442,P_512031,20586,0.01501,0
coveranalysis,train,W_159442,P_512032,18893,0.00201,0
coveranalysis,train,W_159458,P_512169,22270,0.00418,0
coveranalysis,train,W_159459,P_512170,18114,0.02672,0
coveranalysis,train,W_159459,P_512171,17692,0.00531,0
coveranalysis,train,W_51246,P_51246,26082,0.0,0
coveranalysis,train,W_159671,P_513576,10751,0.02418,0
coveranalysis,train,W_51071,P_51367,17774,0.01007,0
coveranalysis,train,W_51369,P_51369,18201,0.0,0
coveranalysis,train,W_159723,P_513924,18669,0.00021,0
coveranalysis,train,W_159723,P_513925,20615,0.05802,0
coveranalysis,train,W_159724,P_513946,21283,0.02114,0
coveranalysis,train,W_159724,P_513947,18367,0.00789,0
coveranalysis,train,W_38305,P_51534,39274,0.0,0
coveranalysis,train,W_159877,P_515396,25671,0.00358,0
coveranalysis,train,W_133183,P_516079,17177,0.00763,0
coveranalysis,train,W_160031,P_516802,19885,0.00538,0
coveranalysis,train,W_160031,P_516804,23174,0.0,0
coveranalysis,train,W_160063,P_517043,15608,0.0025,0
coveranalysis,train,W_160063,P_517044,13955,0.00079,0
coveranalysis,train,W_152829,P_518172,12105,0.02123,0
coveranalysis,train,W_160202,P_518329,22102,0.00072,0
coveranalysis,train,W_160202,P_518331,21717,0.01036,0
coveranalysis,train,W_135180,P_518341,26160,0.02966,0
coveranalysis,train,W_160220,P_518519,13349,0.0,0
coveranalysis,train,W_160362,P_519330,25072,0.01695,0
coveranalysis,train,W_160362,P_519331,14532,0.00158,0
coveranalysis,train,W_160381,P_519373,25938,0.03832,0
coveranalysis,train,W_160381,P_519374,17462,0.0,0
coveranalysis,train,W_126506,P_519589,10620,0.00433,0
coveranalysis,train,W_49978,P_519614,25834,0.00859,0
coveranalysis,train,W_160438,P_519745,13119,0.00259,0
coveranalysis,train,W_160438,P_519746,12010,0.02773,0
coveranalysis,train,W_160457,P_519856,21233,0.01856,0
coveranalysis,train,W_160457,P_519857,15527,0.00077,0
coveranalysis,train,W_160500,P_520155,15653,0.00019,0
coveranalysis,train,W_160500,P_520159,15605,0.00026,0
coveranalysis,train,W_75623,P_520589,18340,0.0,0
coveranalysis,train,W_49337,P_520871,17264,0.03904,0
coveranalysis,train,W_160601,P_520876,30743,0.0,0
coveranalysis,train,W_160601,P_520877,30199,0.00285,0
coveranalysis,train,W_144158,P_521604,13448,0.00885,0
coveranalysis,train,W_76140,P_522382,17270,0.02056,0
coveranalysis,train,W_19497,P_522462,18898,0.00021,0
coveranalysis,train,W_19497,P_522463,20875,0.0,0
coveranalysis,train,W_156457,P_523140,18009,0.00616,0
coveranalysis,train,W_160995,P_523697,25523,0.0,0
coveranalysis,train,W_160995,P_523714,29087,3e-05,0
coveranalysis,train,W_161023,P_524101,24067,0.00673,0
coveranalysis,train,W_161023,P_524104,23100,0.00848,0
coveranalysis,train,W_120611,P_524322,17243,0.0,0
coveranalysis,train,W_153153,P_524360,19203,0.01307,0
coveranalysis,train,W_130312,P_524812,17407,0.00063,0
coveranalysis,train,W_60010,P_524860,13559,0.0191,0
coveranalysis,train,W_158034,P_525251,21427,0.06151,0
coveranalysis,train,W_161242,P_525774,16419,0.01791,0
coveranalysis,train,W_142137,P_526004,18185,0.0138,0
coveranalysis,train,W_116183,P_526117,16585,0.00151,0
coveranalysis,train,W_12990,P_526240,15509,0.00361,0
coveranalysis,train,W_129874,P_526484,10426,0.00834,0
coveranalysis,train,W_161465,P_527192,22426,0.01949,0
coveranalysis,train,W_16,P_5272,15711,0.00331,0
coveranalysis,train,W_134209,P_527405,18180,0.0291,0
coveranalysis,train,W_161544,P_527574,19040,0.0,0
coveranalysis,train,W_161544,P_527575,19601,0.00862,0
coveranalysis,train,W_161550,P_527600,20245,0.01892,0
coveranalysis,train,W_161550,P_527601,20197,0.00782,0
coveranalysis,train,W_128791,P_527873,16843,0.0,0
coveranalysis,train,W_161705,P_528633,18193,0.00038,0
coveranalysis,train,W_161705,P_528634,19224,0.00016,0
coveranalysis,train,W_128791,P_528761,20599,0.01519,0
coveranalysis,train,W_85255,P_529026,31746,0.00025,0
coveranalysis,train,W_18696,P_529501,11717,0.0,0
coveranalysis,train,W_161465,P_529532,23393,0.00222,0
coveranalysis,train,W_161839,P_529861,14707,0.0,0
coveranalysis,train,W_161839,P_529862,15950,0.00194,0
coveranalysis,train,W_161868,P_530056,12668,0.01153,0
coveranalysis,train,W_115447,P_530181,13798,0.02392,0
coveranalysis,train,W_133480,P_530868,21970,0.0386,0
coveranalysis,train,W_134264,P_530874,17293,6e-05,0
coveranalysis,train,W_14479,P_531866,15492,0.0,0
coveranalysis,train,W_47802,P_531932,22961,0.0,0
coveranalysis,train,W_162118,P_532492,19817,0.02372,0
coveranalysis,train,W_162118,P_532499,18455,0.00065,0
coveranalysis,train,W_53296,P_53296,15927,0.0,0
coveranalysis,train,W_162215,P_533227,12981,0.00778,0
coveranalysis,train,W_162215,P_533229,17545,0.0,0
coveranalysis,train,W_5339,P_5339,17595,0.0004,0
coveranalysis,train,W_162310,P_533972,14119,0.0136,0
coveranalysis,train,W_162310,P_533975,15565,0.07832,0
coveranalysis,train,W_162334,P_534140,12669,0.04223,0
coveranalysis,train,W_162334,P_534141,15513,0.00844,0
coveranalysis,train,W_162380,P_534490,15813,0.00266,0
coveranalysis,train,W_53461,P_53461,16102,0.0005,0
coveranalysis,train,W_53461,P_53462,18350,0.00147,0
coveranalysis,train,W_162411,P_534733,23679,0.00017,0
coveranalysis,train,W_162414,P_534745,14593,0.0172,0
coveranalysis,train,W_162431,P_534839,12493,0.0,0
coveranalysis,train,W_162431,P_534876,11551,0.0,0
coveranalysis,train,W_162529,P_535549,21009,0.00628,0
coveranalysis,train,W_148727,P_535961,13385,0.0074,0
coveranalysis,train,W_162597,P_536155,11354,0.11547,0
coveranalysis,train,W_162649,P_536671,14594,0.00219,0
coveranalysis,train,W_57758,P_536699,26792,0.00146,0
coveranalysis,train,W_150898,P_537607,23663,0.00697,0
coveranalysis,train,W_162529,P_538618,31702,0.00101,0
coveranalysis,train,W_151862,P_538757,25325,4e-05,0
coveranalysis,train,W_161242,P_539624,16406,0.00439,0
coveranalysis,train,W_43875,P_53989,18881,0.0,0
coveranalysis,train,W_77428,P_539920,33710,0.01296,0
coveranalysis,train,W_163154,P_540730,13010,0.00123,0
coveranalysis,train,W_163154,P_540731,19138,0.00345,0
coveranalysis,train,W_22715,P_54077,18264,0.00542,0
coveranalysis,train,W_163164,P_540796,21149,0.02355,0
coveranalysis,train,W_20553,P_541193,34211,0.00862,0
coveranalysis,train,W_163220,P_541318,19241,0.00655,0
coveranalysis,train,W_163387,P_542647,23500,0.03315,0
coveranalysis,train,W_163387,P_542648,23028,0.0,0
coveranalysis,train,W_163461,P_543106,17865,0.00896,0
coveranalysis,train,W_163461,P_543107,18557,0.00113,0
coveranalysis,train,W_54311,P_54312,14653,0.02314,0
coveranalysis,train,W_163467,P_543178,20589,0.00102,0
coveranalysis,train,W_163467,P_543179,22202,0.0009,0
coveranalysis,train,W_54371,P_54371,15007,0.00766,0
coveranalysis,train,W_54371,P_54372,12058,0.0,0
coveranalysis,train,W_163573,P_543901,19830,0.02451,0
coveranalysis,train,W_163573,P_543902,18835,0.00027,0
coveranalysis,train,W_69054,P_543964,27983,0.0,0
coveranalysis,train,W_163650,P_544331,20594,0.0,0
coveranalysis,train,W_138125,P_544490,20574,0.00637,0
coveranalysis,train,W_41676,P_544590,33227,0.00223,0
coveranalysis,train,W_42052,P_544901,22198,0.00793,0
coveranalysis,train,W_126132,P_545552,13181,0.00046,0
coveranalysis,train,W_136235,P_546223,11475,0.05891,0
coveranalysis,train,W_40422,P_546278,23629,0.01498,0
coveranalysis,train,W_5464,P_5464,17789,0.0,0
coveranalysis,train,W_163925,P_546599,38291,0.00475,0
coveranalysis,train,W_163992,P_547131,15227,0.01189,0
coveranalysis,train,W_163992,P_547140,16723,0.00012,0
coveranalysis,train,W_111933,P_547596,23659,0.0003,0
coveranalysis,train,W_131793,P_548570,14542,0.00468,0
coveranalysis,train,W_163650,P_548609,22039,0.04646,0
coveranalysis,train,W_54864,P_54864,19190,0.01183,0
coveranalysis,train,W_69221,P_548918,14782,0.00345,0
coveranalysis,train,W_116157,P_548968,23895,0.01268,0
coveranalysis,train,W_164215,P_548976,17818,0.00135,0
coveranalysis,train,W_164215,P_548977,17390,0.0,0
coveranalysis,train,W_164216,P_548989,18675,0.01655,0
coveranalysis,train,W_164216,P_548990,18719,0.0054,0
coveranalysis,train,W_42777,P_549405,11894,0.0,0
coveranalysis,train,W_164358,P_550379,26716,0.0,0
coveranalysis,train,W_164358,P_550380,16982,0.01207,0
coveranalysis,train,W_164532,P_551935,15485,0.00032,0
coveranalysis,train,W_164532,P_551943,13485,0.01691,0
coveranalysis,train,W_149188,P_551992,19291,0.0154,0
coveranalysis,train,W_55208,P_55208,12167,0.00723,0
coveranalysis,train,W_164634,P_553176,18445,0.00016,0
coveranalysis,train,W_164634,P_553177,14674,0.00702,0
coveranalysis,train,W_128977,P_553208,24905,0.01522,0
coveranalysis,train,W_164666,P_553326,19382,0.00758,0
coveranalysis,train,W_164661,P_553334,37065,0.0,0
coveranalysis,train,W_164661,P_553351,29715,0.00276,0
coveranalysis,train,W_55375,P_55375,12151,0.00025,0
coveranalysis,train,W_41730,P_553807,13819,0.05688,0
coveranalysis,train,W_55485,P_55490,16885,0.0,0
coveranalysis,train,W_164806,P_554929,19617,0.005,0
coveranalysis,train,W_123074,P_554961,13872,0.0,0
coveranalysis,train,W_55516,P_55516,16618,0.00018,0
coveranalysis,train,W_55516,P_55517,16609,0.00488,0
coveranalysis,train,W_164861,P_555293,26587,0.01177,0
coveranalysis,train,W_136301,P_555572,14201,0.00458,0
coveranalysis,train,W_136368,P_555919,32358,0.00223,0
coveranalysis,train,W_164931,P_555978,25157,0.00405,0
coveranalysis,train,W_165180,P_558211,19957,0.0,0
coveranalysis,train,W_165180,P_558212,23771,0.00013,0
coveranalysis,train,W_1754,P_558708,17286,6e-05,0
coveranalysis,train,W_55877,P_55877,13548,0.01875,0
coveranalysis,train,W_55898,P_55898,15902,0.00673,0
coveranalysis,train,W_49026,P_55905,16333,0.0,0
coveranalysis,train,W_128967,P_559125,15407,0.00402,0
coveranalysis,train,W_153500,P_559311,21545,0.02581,0
coveranalysis,train,W_165385,P_559441,11603,0.00078,0
coveranalysis,train,W_165385,P_559445,11261,0.00044,0
coveranalysis,train,W_165394,P_559516,22519,0.0,0
coveranalysis,train,W_165394,P_559518,21607,0.00014,0
coveranalysis,train,W_48113,P_560291,20673,0.00227,0
coveranalysis,train,W_56051,P_56067,14378,0.01725,0
coveranalysis,train,W_39716,P_56092,13634,0.00066,0
coveranalysis,train,W_36754,P_561039,15537,0.0,0
coveranalysis,train,W_165618,P_561159,28993,0.00031,0
coveranalysis,train,W_165618,P_561161,19659,0.00071,0
coveranalysis,train,W_56117,P_56117,11162,0.00233,0
coveranalysis,train,W_56117,P_56122,11549,0.00814,0
coveranalysis,train,W_154943,P_561284,19880,5e-05,0
coveranalysis,train,W_165683,P_561851,12394,0.00065,0
coveranalysis,train,W_165683,P_561872,13700,0.00036,0
coveranalysis,train,W_54231,P_562233,21723,0.00189,0
coveranalysis,train,W_40831,P_562543,16026,0.02402,0
coveranalysis,train,W_6889,P_563097,24164,0.01448,0
coveranalysis,train,W_39435,P_563483,18062,0.00111,0
coveranalysis,train,W_56359,P_56359,27212,0.0018,0
coveranalysis,train,W_165947,P_563966,29921,0.01979,0
coveranalysis,train,W_165947,P_563968,17612,0.01726,0
coveranalysis,train,W_165949,P_563981,17881,0.0,0
coveranalysis,train,W_165949,P_563982,23572,0.00153,0
coveranalysis,train,W_116157,P_564221,18696,0.00198,0
coveranalysis,train,W_130956,P_564843,11635,0.00791,0
coveranalysis,train,W_56554,P_56556,17827,0.0,0
coveranalysis,train,W_75377,P_565574,14586,0.04813,0
coveranalysis,train,W_166313,P_566026,23440,0.01259,0
coveranalysis,train,W_166313,P_566028,21087,9e-05,0
coveranalysis,train,W_135166,P_566038,21783,0.00161,0
coveranalysis,train,W_150825,P_566279,20515,0.00088,0
coveranalysis,train,W_163164,P_566332,20332,0.00177,0
coveranalysis,train,W_34833,P_566497,24209,0.0,0
coveranalysis,train,W_166369,P_566604,17027,0.00987,0
coveranalysis,train,W_166369,P_566605,20537,0.00166,0
coveranalysis,train,W_61998,P_566622,20942,0.0001,0
coveranalysis,train,W_166374,P_566635,14118,0.01912,0
coveranalysis,train,W_166374,P_566636,19302,0.00844,0
coveranalysis,train,W_166381,P_566710,29389,0.0,0
coveranalysis,train,W_166381,P_566711,18222,0.01317,0
coveranalysis,train,W_161868,P_566899,15045,0.01994,0
coveranalysis,train,W_56728,P_56728,21436,0.0,0
coveranalysis,train,W_56728,P_56737,19321,0.02407,0
coveranalysis,train,W_145630,P_567533,13881,0.03026,0
coveranalysis,train,W_166527,P_567889,21755,0.04422,0
coveranalysis,train,W_166527,P_567890,16633,0.00138,0
coveranalysis,train,W_166597,P_568479,18243,0.03695,0
coveranalysis,train,W_166597,P_568480,20271,0.01845,0
coveranalysis,train,W_56855,P_56855,19386,0.0034,0
coveranalysis,train,W_155775,P_568651,22619,0.00765,0
coveranalysis,train,W_57007,P_57007,20458,0.00024,0
coveranalysis,train,W_94572,P_570390,18633,0.00816,0
coveranalysis,train,W_133228,P_571338,31518,0.00114,0
coveranalysis,train,W_167258,P_572401,15101,0.0,0
coveranalysis,train,W_167258,P_572404,16561,0.00103,0
coveranalysis,train,W_167267,P_572486,26828,0.0,0
coveranalysis,train,W_57296,P_57297,32749,0.00944,0
coveranalysis,train,W_133490,P_573288,14447,0.01696,0
coveranalysis,train,W_167358,P_573376,18906,0.00011,0
coveranalysis,train,W_167358,P_573377,30239,0.00579,0
coveranalysis,train,W_167410,P_573804,15061,0.00319,0
coveranalysis,train,W_167410,P_573805,13759,0.01483,0
coveranalysis,train,W_167421,P_573950,19596,0.0,0
coveranalysis,train,W_125890,P_574247,17325,0.00017,0
coveranalysis,train,W_57433,P_57433,34882,0.00069,0
coveranalysis,train,W_57433,P_57435,29159,0.00538,0
coveranalysis,train,W_138843,P_574362,14150,0.01223,0
coveranalysis,train,W_162649,P_574378,13393,0.04458,0
coveranalysis,train,W_126506,P_574397,27337,0.00026,0
coveranalysis,train,W_152188,P_574914,14903,0.00322,0
coveranalysis,train,W_167559,P_575140,19178,0.00052,0
coveranalysis,train,W_167559,P_575141,18301,0.00535,0
coveranalysis,train,W_167561,P_575143,25627,0.0,0
coveranalysis,train,W_167561,P_575147,23041,0.0,0
coveranalysis,train,W_167569,P_575264,15475,0.02074,0
coveranalysis,train,W_126617,P_575280,12742,0.00031,0
coveranalysis,train,W_116231,P_575825,15157,0.0099,0
coveranalysis,train,W_167718,P_576225,23764,0.0,0
coveranalysis,train,W_93393,P_577350,13355,0.01685,0
coveranalysis,train,W_57758,P_57758,20450,0.00572,0
coveranalysis,train,W_167996,P_578240,16057,0.00019,0
coveranalysis,train,W_168042,P_578493,34692,0.01435,0
coveranalysis,train,W_47802,P_578544,24731,0.00441,0
coveranalysis,train,W_99984,P_578751,14362,0.00042,0
coveranalysis,train,W_133480,P_578910,28555,0.00721,0
coveranalysis,train,W_168162,P_579123,18134,0.0,0
coveranalysis,train,W_48878,P_579211,27178,0.00092,0
coveranalysis,train,W_167267,P_579244,11578,0.0203,0
coveranalysis,train,W_168201,P_579443,31143,0.00671,0
coveranalysis,train,W_168201,P_579446,19401,0.00938,0
coveranalysis,train,W_19674,P_57954,28843,0.00555,0
coveranalysis,train,W_168217,P_579587,25208,0.00639,0
coveranalysis,train,W_168217,P_579588,23986,0.00017,0
coveranalysis,train,W_168220,P_579594,21225,0.01088,0
coveranalysis,train,W_168220,P_579595,18011,0.00977,0
coveranalysis,train,W_168430,P_580610,29041,0.0,0
coveranalysis,train,W_168430,P_580611,29205,0.0052,0
coveranalysis,train,W_159458,P_580720,19318,0.02252,0
coveranalysis,train,W_168503,P_580887,11303,0.0384,0
coveranalysis,train,W_168503,P_580888,20395,0.04521,0
coveranalysis,train,W_58143,P_58143,12680,0.00946,0
coveranalysis,train,W_35854,P_581488,22328,0.03484,0
coveranalysis,train,W_58143,P_58162,18060,0.00122,0
coveranalysis,train,W_58254,P_58254,38774,5e-05,0
coveranalysis,train,W_169024,P_583735,15769,0.01611,0
coveranalysis,train,W_169024,P_583736,24729,0.0023,0
coveranalysis,train,W_169042,P_583828,27216,0.02385,0
coveranalysis,train,W_169042,P_583830,21465,0.0,0
coveranalysis,train,W_58373,P_58384,13010,0.00523,0
coveranalysis,train,W_169053,P_583894,13493,0.03239,0
coveranalysis,train,W_58373,P_58391,11184,0.0,0
coveranalysis,train,W_58398,P_58398,25510,0.00941,0
coveranalysis,train,W_58398,P_58400,26187,0.0,0
coveranalysis,train,W_169075,P_584022,21164,0.0,0
coveranalysis,train,W_169075,P_584023,27855,0.00226,0
coveranalysis,train,W_136489,P_584029,13022,0.02626,0
coveranalysis,train,W_169290,P_585493,13559,0.00022,0
coveranalysis,train,W_169290,P_585571,17246,0.00261,0
coveranalysis,train,W_169300,P_585642,17042,0.0,0
coveranalysis,train,W_169300,P_585644,19638,0.01059,0
coveranalysis,train,W_94113,P_586322,20378,0.00201,0
coveranalysis,train,W_139334,P_586444,10756,0.0013,0
coveranalysis,train,W_133840,P_586766,18449,0.00119,0
coveranalysis,train,W_167569,P_586769,14280,0.00077,0
coveranalysis,train,W_58814,P_58814,14595,0.00021,0
coveranalysis,train,W_169621,P_588183,19213,0.0127,0
coveranalysis,train,W_58814,P_58819,13886,0.00871,0
coveranalysis,train,W_169665,P_589131,17075,0.00252,0
coveranalysis,train,W_169665,P_589132,14999,0.00053,0
coveranalysis,train,W_58915,P_58915,11282,0.00035,0
coveranalysis,train,W_58915,P_58916,10965,0.0,0
coveranalysis,train,W_164806,P_589201,19569,0.00199,0
coveranalysis,train,W_170079,P_591246,16459,0.00899,0
coveranalysis,train,W_170097,P_591289,19934,0.00206,0
coveranalysis,train,W_170097,P_591290,22736,0.00088,0
coveranalysis,train,W_170171,P_591632,18739,0.00235,0
coveranalysis,train,W_170171,P_591882,16247,0.0152,0
coveranalysis,train,W_101464,P_591892,14852,0.0,0
coveranalysis,train,W_168817,P_591926,22156,0.00072,0
coveranalysis,train,W_170237,P_591967,27955,0.0,0
coveranalysis,train,W_170237,P_591971,21126,0.00454,0
coveranalysis,train,W_59237,P_59249,17477,0.0,0
coveranalysis,train,W_133836,P_592545,22898,0.0,0
coveranalysis,train,W_62595,P_593478,12485,0.04517,0
coveranalysis,train,W_59394,P_59394,31056,0.00583,0
coveranalysis,train,W_170601,P_594035,13349,0.01259,0
coveranalysis,train,W_170601,P_594039,12603,0.01579,0
coveranalysis,train,W_163166,P_594150,22103,0.0,0
coveranalysis,train,W_160220,P_594154,17696,0.0,0
coveranalysis,train,W_163166,P_594494,19998,0.004,0
coveranalysis,train,W_4051,P_594731,15733,0.00133,0
coveranalysis,train,W_170938,P_595510,16467,0.01233,0
coveranalysis,train,W_170938,P_595512,14650,0.06082,0
coveranalysis,train,W_133648,P_595589,16032,0.00574,0
coveranalysis,train,W_170986,P_595659,11786,0.03572,0
coveranalysis,train,W_170986,P_595661,10978,0.0,0
coveranalysis,train,W_171074,P_596033,16311,0.00037,0
coveranalysis,train,W_171074,P_596036,15611,6e-05,0
coveranalysis,train,W_59697,P_59697,20439,0.0273,0
coveranalysis,train,W_169621,P_597518,11219,0.00455,0
coveranalysis,train,W_171391,P_597822,11273,0.00186,0
coveranalysis,train,W_171391,P_597825,25561,0.00516,0
coveranalysis,train,W_73780,P_598186,17194,0.00448,0
coveranalysis,train,W_137407,P_598763,16715,0.00012,0
coveranalysis,train,W_137287,P_599061,17718,0.07636,0
coveranalysis,train,W_61894,P_599071,16451,0.00012,0
coveranalysis,train,W_171605,P_599137,17929,0.0,0
coveranalysis,train,W_171605,P_599149,15549,0.00013,0
coveranalysis,train,W_171623,P_599273,19052,0.0,0
coveranalysis,train,W_171623,P_599274,28124,0.0,0
coveranalysis,train,W_59946,P_59946,13821,0.00174,0
coveranalysis,train,W_59946,P_59948,10839,0.02408,0
coveranalysis,train,W_59975,P_59975,13725,0.00124,0
coveranalysis,train,W_163265,P_599920,16263,0.00012,0
coveranalysis,train,W_60010,P_60010,13585,0.0064,0
coveranalysis,train,W_171709,P_600141,14233,0.04166,0
coveranalysis,train,W_171709,P_600143,15202,0.02855,0
coveranalysis,train,W_167996,P_600615,15574,0.00334,0
coveranalysis,train,W_14853,P_600802,16062,0.00473,0
coveranalysis,train,W_140468,P_600826,14321,0.00035,0
coveranalysis,train,W_171833,P_600832,24543,0.00403,0
coveranalysis,train,W_131418,P_600880,14987,0.00013,0
coveranalysis,train,W_171943,P_601311,16323,0.0,0
coveranalysis,train,W_51744,P_601476,14058,0.00256,0
coveranalysis,train,W_40083,P_601586,12941,0.02875,0
coveranalysis,train,W_172055,P_601812,16927,0.0,0
coveranalysis,train,W_172055,P_601815,19333,0.0,0
coveranalysis,train,W_172076,P_601906,14732,0.00713,0
coveranalysis,train,W_172137,P_602149,12062,0.0354,0
coveranalysis,train,W_172137,P_602151,40241,0.00606,0
coveranalysis,train,W_92545,P_602158,16353,0.0255,0
coveranalysis,train,W_172533,P_604777,37185,0.04862,0
coveranalysis,train,W_154252,P_604781,16129,0.00093,0
coveranalysis,train,W_60480,P_60481,16910,0.00035,0
coveranalysis,train,W_171943,P_604916,20675,0.04663,0
coveranalysis,train,W_172656,P_605472,22621,0.00491,0
coveranalysis,train,W_73375,P_605474,15982,0.00044,0
coveranalysis,train,W_30541,P_605760,15227,0.00033,0
coveranalysis,train,W_14,P_60604,10497,0.01953,0
coveranalysis,train,W_172751,P_606048,13741,0.0,0
coveranalysis,train,W_172873,P_606802,30352,0.00418,0
coveranalysis,train,W_172873,P_606803,20788,0.00308,0
coveranalysis,train,W_8630,P_606871,19487,0.00067,0
coveranalysis,train,W_172902,P_606969,15420,0.00279,0
coveranalysis,train,W_172902,P_606970,14488,0.06467,0
coveranalysis,train,W_172076,P_607499,16698,0.0,0
coveranalysis,train,W_172751,P_607573,27314,0.00791,0
coveranalysis,train,W_173325,P_609617,20450,0.01379,0
coveranalysis,train,W_173325,P_609618,20310,0.00487,0
coveranalysis,train,W_108357,P_609880,23174,0.00017,0
coveranalysis,train,W_135247,P_610108,16726,6e-05,0
coveranalysis,train,W_173425,P_610401,11222,0.0,0
coveranalysis,train,W_173425,P_610402,11378,0.00097,0
coveranalysis,train,W_173442,P_610671,26553,0.01668,0
coveranalysis,train,W_173442,P_610674,19200,0.0,0
coveranalysis,train,W_173705,P_612340,15216,0.03135,0
coveranalysis,train,W_173705,P_612378,12161,0.00066,0
coveranalysis,train,W_61266,P_61266,15609,0.0,0
coveranalysis,train,W_35854,P_612848,14627,0.00014,0
coveranalysis,train,W_173787,P_612860,18073,0.00216,0
coveranalysis,train,W_173787,P_612861,26382,0.01042,0
coveranalysis,train,W_173797,P_612919,28182,0.0154,0
coveranalysis,train,W_173835,P_613319,24842,0.00129,0
coveranalysis,train,W_173835,P_613320,22351,0.00094,0
coveranalysis,train,W_129867,P_613381,25842,0.01803,0
coveranalysis,train,W_124688,P_613566,34628,0.0,0
coveranalysis,train,W_147951,P_613639,20784,5e-05,0
coveranalysis,train,W_173872,P_613782,20888,0.00321,0
coveranalysis,train,W_173872,P_613783,18105,0.00348,0
coveranalysis,train,W_173880,P_613854,11889,0.0053,0
coveranalysis,train,W_173880,P_613858,11205,0.00196,0
coveranalysis,train,W_138843,P_614877,22245,0.00742,0
coveranalysis,train,W_43110,P_615004,13962,0.0005,0
coveranalysis,train,W_116156,P_615392,25668,0.00023,0
coveranalysis,train,W_134106,P_615701,15076,0.0006,0
coveranalysis,train,W_38950,P_616164,19793,0.00808,0
coveranalysis,train,W_174239,P_616269,20303,0.00049,0
coveranalysis,train,W_174239,P_616292,23521,0.0017,0
coveranalysis,train,W_127868,P_617134,16300,0.0,0
coveranalysis,train,W_132940,P_617135,11967,0.0,0
coveranalysis,train,W_17923,P_617753,14613,0.07021,0
coveranalysis,train,W_104029,P_618072,21183,9e-05,0
coveranalysis,train,W_67473,P_618553,24125,0.0034,0
coveranalysis,train,W_101010,P_618946,10861,0.00912,0
coveranalysis,train,W_57073,P_619127,34797,6e-05,0
coveranalysis,train,W_157322,P_619141,16122,0.0,0
coveranalysis,train,W_20707,P_619890,14481,0.0134,0
coveranalysis,train,W_174785,P_619907,15084,0.01293,0
coveranalysis,train,W_174785,P_619908,11063,0.00542,0
coveranalysis,train,W_135733,P_620573,34803,0.02672,0
coveranalysis,train,W_24100,P_620929,19650,0.00366,0
coveranalysis,train,W_35076,P_62143,14757,0.0,0
coveranalysis,train,W_149434,P_622602,17574,0.0,0
coveranalysis,train,W_133416,P_623089,18173,0.00044,0
coveranalysis,train,W_52936,P_623305,13254,0.01132,0
coveranalysis,train,W_138358,P_623581,18634,0.00021,0
coveranalysis,train,W_60480,P_623959,16467,0.02854,0
coveranalysis,train,W_132120,P_623973,18507,0.00043,0
coveranalysis,train,W_115900,P_624712,39663,0.01271,0
coveranalysis,train,W_21951,P_625278,25760,0.00854,0
coveranalysis,train,W_62562,P_62562,27612,0.01677,0
coveranalysis,train,W_62562,P_62563,33422,0.00138,0
coveranalysis,train,W_138025,P_626569,13187,0.01335,0
coveranalysis,train,W_59449,P_626579,11765,0.01878,0
coveranalysis,train,W_2487,P_626654,24717,0.00142,0
coveranalysis,train,W_47907,P_626694,20209,0.01752,0
coveranalysis,train,W_2633,P_627601,17799,0.0,0
coveranalysis,train,W_167718,P_627902,39672,0.0,0
coveranalysis,train,W_175154,P_628275,15685,0.00931,0
coveranalysis,train,W_175154,P_628578,12320,0.0,0
coveranalysis,train,W_164861,P_629379,12847,0.0232,0
coveranalysis,train,W_63040,P_63040,13283,0.01732,0
coveranalysis,train,W_113607,P_631774,23690,0.00042,0
coveranalysis,train,W_3068,P_632392,18086,0.00863,0
coveranalysis,train,W_176422,P_632660,21920,0.0,0
coveranalysis,train,W_176522,P_633125,28638,0.00108,0
coveranalysis,train,W_176522,P_633127,29192,0.0175,0
coveranalysis,train,W_176556,P_633386,19817,0.00091,0
coveranalysis,train,W_176556,P_633388,22411,0.01035,0
coveranalysis,train,W_117648,P_633413,15258,0.0,0
coveranalysis,train,W_176665,P_634381,12973,8e-05,0
coveranalysis,train,W_176673,P_634418,26297,0.0,0
coveranalysis,train,W_176673,P_634419,32366,0.0,0
coveranalysis,train,W_118110,P_634904,32889,0.02898,0
coveranalysis,train,W_49595,P_635108,25316,0.00024,0
coveranalysis,train,W_159877,P_635438,31517,0.0,0
coveranalysis,train,W_61998,P_636717,20406,0.00936,0
coveranalysis,train,W_152426,P_636887,22403,0.0,0
coveranalysis,train,W_2421,P_636999,12243,0.02434,0
coveranalysis,train,W_150317,P_638187,17768,0.00045,0
coveranalysis,train,W_63900,P_63900,22248,0.00387,0
coveranalysis,train,W_167723,P_639024,14753,0.0286,0
coveranalysis,train,W_6396,P_6398,37433,0.0,0
coveranalysis,train,W_177285,P_639859,13954,0.00279,0
coveranalysis,train,W_177285,P_639861,13470,0.0,0
coveranalysis,train,W_140570,P_641485,16722,0.01591,0
coveranalysis,train,W_177542,P_641852,25141,0.0,0
coveranalysis,train,W_177542,P_641911,23707,0.02316,0
coveranalysis,train,W_177679,P_643034,10553,0.0,0
coveranalysis,train,W_177679,P_643035,12391,0.0,0
coveranalysis,train,W_177709,P_643471,20052,0.0,0
coveranalysis,train,W_177709,P_643486,21713,0.00336,0
coveranalysis,train,W_150981,P_643811,22461,0.0,0
coveranalysis,train,W_114487,P_644313,34571,0.0,0
coveranalysis,train,W_177626,P_644351,16460,0.03463,0
coveranalysis,train,W_177626,P_644352,19573,0.00439,0
coveranalysis,train,W_64444,P_64444,18856,0.0,0
coveranalysis,train,W_98346,P_644477,18141,0.01351,0
coveranalysis,train,W_6447,P_6448,25437,0.00389,0
coveranalysis,train,W_64469,P_64498,16899,0.0126,0
coveranalysis,train,W_64469,P_64499,17123,0.05034,0
coveranalysis,train,W_177895,P_645044,15805,0.02942,0
coveranalysis,train,W_19492,P_645319,15611,0.0,0
coveranalysis,train,W_177941,P_645461,16606,0.00066,0
coveranalysis,train,W_177941,P_645462,15969,0.0,0
coveranalysis,train,W_64583,P_64583,16385,0.00305,0
coveranalysis,train,W_19458,P_645976,12430,0.07152,0
coveranalysis,train,W_46690,P_646305,22747,0.0,0
coveranalysis,train,W_178069,P_646373,23857,0.0,0
coveranalysis,train,W_178069,P_646374,19461,0.0001,0
coveranalysis,train,W_14853,P_646932,27449,0.02171,0
coveranalysis,train,W_113090,P_646937,29317,0.00512,0
coveranalysis,train,W_35798,P_647043,15338,0.00717,0
coveranalysis,train,W_80290,P_647326,23233,0.00121,0
coveranalysis,train,W_80290,P_647329,18605,0.00881,0
coveranalysis,train,W_141173,P_647368,18852,0.00414,0
coveranalysis,train,W_64748,P_64748,14941,0.01178,0
coveranalysis,train,W_64748,P_64749,16586,0.00145,0
coveranalysis,train,W_178306,P_648229,12945,0.01367,0
coveranalysis,train,W_178306,P_648230,23377,0.0145,0
coveranalysis,train,W_157368,P_648280,12077,0.01598,0
coveranalysis,train,W_178319,P_648324,19185,0.0,0
coveranalysis,train,W_178326,P_648369,20002,5e-05,0
coveranalysis,train,W_153241,P_648372,19133,5e-05,0
coveranalysis,train,W_178326,P_648373,17999,0.0,0
coveranalysis,train,W_64583,P_64847,27962,0.00901,0
coveranalysis,train,W_111465,P_648587,13067,0.08594,0
coveranalysis,train,W_178369,P_648643,20110,0.0,0
coveranalysis,train,W_178369,P_648644,20375,0.00054,0
coveranalysis,train,W_159613,P_648744,15943,0.01173,0
coveranalysis,train,W_147069,P_649060,25462,0.0,0
coveranalysis,train,W_167139,P_649073,14725,0.00217,0
coveranalysis,train,W_178454,P_649133,26191,0.04712,0
coveranalysis,train,W_62375,P_649230,19135,0.0127,0
coveranalysis,train,W_105312,P_649355,31357,0.00622,0
coveranalysis,train,W_54839,P_649439,26799,0.00631,0
coveranalysis,train,W_65,P_65,21470,0.0,0
coveranalysis,train,W_65003,P_65003,17950,0.00563,0
coveranalysis,train,W_178560,P_650061,16375,0.0138,0
coveranalysis,train,W_178560,P_650062,20957,0.0,0
coveranalysis,train,W_178528,P_650067,28278,0.0,0
coveranalysis,train,W_178528,P_650072,28721,0.0,0
coveranalysis,train,W_65037,P_65037,25123,0.00896,0
coveranalysis,train,W_6522,P_6522,25205,0.00183,0
coveranalysis,train,W_178454,P_652382,21988,0.0,0
coveranalysis,train,W_149533,P_652466,25756,0.00769,0
coveranalysis,train,W_178941,P_652584,19889,0.0,0
coveranalysis,train,W_178987,P_652911,11562,0.00977,0
coveranalysis,train,W_178987,P_652934,15587,0.0,0
coveranalysis,train,W_179013,P_653215,17422,0.0004,0
coveranalysis,train,W_121460,P_653282,15749,0.01118,0
coveranalysis,train,W_179306,P_654968,33557,3e-05,0
coveranalysis,train,W_169053,P_654998,10793,0.01399,0
coveranalysis,train,W_179406,P_655354,21550,0.0084,0
coveranalysis,train,W_179406,P_655357,17140,0.00128,0
coveranalysis,train,W_149073,P_656230,19827,0.01523,0
coveranalysis,train,W_168225,P_657076,22360,0.01078,0
coveranalysis,train,W_168225,P_657077,18630,0.00252,0
coveranalysis,train,W_168014,P_658308,15109,0.00788,0
coveranalysis,train,W_27174,P_658459,19865,0.00282,0
coveranalysis,train,W_113457,P_658466,14665,0.0058,0
coveranalysis,train,W_12424,P_65910,18277,0.00082,0
coveranalysis,train,W_179869,P_659107,21867,0.00137,0
coveranalysis,train,W_179869,P_659108,20172,0.01155,0
coveranalysis,train,W_111636,P_659460,19935,0.0007,0
coveranalysis,train,W_65,P_66,18713,0.0,0
coveranalysis,train,W_133836,P_660127,19521,0.0001,0
coveranalysis,train,W_179994,P_660352,17718,0.00367,0
coveranalysis,train,W_179994,P_660353,17409,0.01109,0
coveranalysis,train,W_114665,P_660566,13124,0.01181,0
coveranalysis,train,W_121662,P_660877,19149,0.00245,0
coveranalysis,train,W_24660,P_66089,21249,0.06796,0
coveranalysis,train,W_180147,P_661120,17553,0.00678,0
coveranalysis,train,W_180147,P_661121,14394,0.00104,0
coveranalysis,train,W_180172,P_661315,24679,0.0,0
coveranalysis,train,W_180182,P_661409,19385,0.02951,0
coveranalysis,train,W_180182,P_661410,15079,0.00033,0
coveranalysis,train,W_180219,P_661762,20545,0.00326,0
coveranalysis,train,W_180219,P_661769,22581,0.01156,0
coveranalysis,train,W_132450,P_662199,11774,0.0,0
coveranalysis,train,W_17359,P_662381,23462,0.01245,0
coveranalysis,train,W_178319,P_662386,20386,0.01629,0
coveranalysis,train,W_180271,P_662627,16515,0.00018,0
coveranalysis,train,W_148248,P_662815,13316,0.0,0
coveranalysis,train,W_139334,P_662953,32691,0.00355,0
coveranalysis,train,W_162414,P_663507,19786,0.00126,0
coveranalysis,train,W_180351,P_663572,18430,0.00119,0
coveranalysis,train,W_6638,P_6638,16207,0.06022,0
coveranalysis,train,W_82338,P_664059,11174,0.00027,0
coveranalysis,train,W_8630,P_664177,10921,0.08561,0
coveranalysis,train,W_428,P_6642,19734,0.00988,0
coveranalysis,train,W_180416,P_664364,17146,0.01668,0
coveranalysis,train,W_66457,P_66457,16127,0.0,0
coveranalysis,train,W_180472,P_665292,21542,0.00339,0
coveranalysis,train,W_180472,P_665302,22641,0.0,0
coveranalysis,train,W_180539,P_665929,16419,0.00761,0
coveranalysis,train,W_180539,P_665930,15767,0.00032,0
coveranalysis,train,W_180622,P_666240,21927,0.01596,0
coveranalysis,train,W_180622,P_666241,20504,0.01878,0
coveranalysis,train,W_78429,P_666317,15631,0.0,0
coveranalysis,train,W_180601,P_666406,22842,0.00241,0
coveranalysis,train,W_180601,P_666422,19885,0.00116,0
coveranalysis,train,W_180702,P_666690,14744,0.0,0
coveranalysis,train,W_11041,P_666722,24477,0.0393,0
coveranalysis,train,W_180717,P_666846,26831,0.0003,0
coveranalysis,train,W_180717,P_666847,20163,0.0,0
coveranalysis,train,W_180724,P_666901,20506,0.00722,0
coveranalysis,train,W_180724,P_666906,14704,0.0,0
coveranalysis,train,W_179382,P_667264,14163,0.0,0
coveranalysis,train,W_180416,P_667502,12855,0.03625,0
coveranalysis,train,W_180271,P_667922,11704,0.0,0
coveranalysis,train,W_179382,P_669083,14163,0.0,0
coveranalysis,train,W_66957,P_66957,11681,0.00248,0
coveranalysis,train,W_114041,P_669784,23452,0.00435,0
coveranalysis,train,W_181228,P_669797,13918,0.00022,0
coveranalysis,train,W_181228,P_669798,17253,0.0251,0
coveranalysis,train,W_1268,P_670010,19942,0.0,0
coveranalysis,train,W_181141,P_670559,17393,0.01012,0
coveranalysis,train,W_181141,P_670561,20933,0.00205,0
coveranalysis,train,W_181420,P_670994,25161,0.00338,0
coveranalysis,train,W_181420,P_670995,28445,0.00534,0
coveranalysis,train,W_67101,P_67101,17791,0.00219,0
coveranalysis,train,W_181428,P_671010,20866,0.00685,0
coveranalysis,train,W_181428,P_671019,29555,0.00464,0
coveranalysis,train,W_67101,P_67105,19735,0.00137,0
coveranalysis,train,W_67106,P_67108,16846,0.00724,0
coveranalysis,train,W_181443,P_671090,22503,0.00071,0
coveranalysis,train,W_181443,P_671091,18886,0.00503,0
coveranalysis,train,W_67297,P_671186,16957,0.0,0
coveranalysis,train,W_181474,P_671412,21240,0.0,0
coveranalysis,train,W_181474,P_671413,18373,0.0,0
coveranalysis,train,W_137709,P_671670,10743,0.00735,0
coveranalysis,train,W_120497,P_671839,13638,0.00088,0
coveranalysis,train,W_181581,P_672534,13556,0.03659,0
coveranalysis,train,W_181581,P_672535,14736,0.00041,0
coveranalysis,train,W_181584,P_672546,23355,0.02531,0
coveranalysis,train,W_181584,P_672547,28878,0.00419,0
coveranalysis,train,W_157509,P_672759,19923,0.00402,0
coveranalysis,train,W_67297,P_67297,21627,0.01993,0
coveranalysis,train,W_42795,P_673498,22426,0.0041,0
coveranalysis,train,W_70806,P_673706,13015,0.01191,0
coveranalysis,train,W_181714,P_673815,14021,0.02996,0
coveranalysis,train,W_181714,P_673984,17663,0.02066,0
coveranalysis,train,W_181750,P_674205,10588,0.0,0
coveranalysis,train,W_181750,P_674228,21191,0.0,0
coveranalysis,train,W_62425,P_674255,15833,0.00632,0
coveranalysis,train,W_181778,P_674670,21153,0.0,0
coveranalysis,train,W_181778,P_674671,22202,0.0,0
coveranalysis,train,W_67470,P_67470,38747,0.00681,0
coveranalysis,train,W_181768,P_674727,11953,0.01171,0
coveranalysis,train,W_181794,P_674787,19097,0.00016,0
coveranalysis,train,W_181794,P_674788,20261,0.01663,0
coveranalysis,train,W_181768,P_674859,14113,0.03238,0
coveranalysis,train,W_181816,P_675046,11737,0.03553,0
coveranalysis,train,W_181816,P_675047,25972,0.0,0
coveranalysis,train,W_34833,P_675364,21509,0.01692,0
coveranalysis,train,W_152597,P_675483,16350,0.01994,0
coveranalysis,train,W_181126,P_675670,25763,0.01289,0
coveranalysis,train,W_181126,P_675673,20956,0.03784,0
coveranalysis,train,W_153895,P_676041,16929,0.0101,0
coveranalysis,train,W_5897,P_676080,17751,0.00935,0
coveranalysis,train,W_133489,P_676853,22707,0.03127,0
coveranalysis,train,W_180351,P_677468,22805,0.03841,0
coveranalysis,train,W_9274,P_677494,16155,0.00136,0
coveranalysis,train,W_182312,P_678926,15597,0.0159,0
coveranalysis,train,W_182312,P_678968,14663,0.00048,0
coveranalysis,train,W_182429,P_679441,14993,7e-05,0
coveranalysis,train,W_182429,P_679443,19677,0.03115,0
coveranalysis,train,W_145264,P_679734,13573,0.0,0
coveranalysis,train,W_133840,P_679832,18551,0.00016,0
coveranalysis,train,W_22054,P_67988,26074,0.00633,0
coveranalysis,train,W_182602,P_680507,24087,0.00133,0
coveranalysis,train,W_182602,P_680577,23393,0.00398,0
coveranalysis,train,W_182692,P_681094,16383,0.0,0
coveranalysis,train,W_182759,P_681434,23934,0.0,0
coveranalysis,train,W_182759,P_681439,24517,0.00718,0
coveranalysis,train,W_182829,P_681650,21541,0.00353,0
coveranalysis,train,W_182829,P_681651,17546,0.0,0
coveranalysis,train,W_182851,P_681824,20342,0.0001,0
coveranalysis,train,W_182851,P_681826,18804,0.01478,0
coveranalysis,train,W_57106,P_681934,16126,0.00081,0
coveranalysis,train,W_62376,P_681946,12575,0.00016,0
coveranalysis,train,W_62375,P_681950,13079,0.03571,0
coveranalysis,train,W_182917,P_682110,21011,0.0,0
coveranalysis,train,W_182917,P_682111,22577,0.00492,0
coveranalysis,train,W_148876,P_682593,12694,0.00055,0
coveranalysis,train,W_183043,P_682893,17232,0.00609,0
coveranalysis,train,W_183043,P_682894,16175,0.0,0
coveranalysis,train,W_135528,P_683350,13024,8e-05,0
coveranalysis,train,W_34583,P_68345,10609,0.0,0
coveranalysis,train,W_183186,P_683678,16342,0.01487,0
coveranalysis,train,W_183186,P_683679,16529,0.00805,0
coveranalysis,train,W_131794,P_683717,22179,0.07782,0
coveranalysis,train,W_183202,P_683751,14453,0.01418,0
coveranalysis,train,W_183202,P_683752,15543,0.03468,0
coveranalysis,train,W_183265,P_684084,18093,6e-05,0
coveranalysis,train,W_183265,P_684085,23841,0.00013,0
coveranalysis,train,W_183269,P_684098,12926,0.02267,0
coveranalysis,train,W_183269,P_684102,13713,7e-05,0
coveranalysis,train,W_159055,P_684108,20610,0.00136,0
coveranalysis,train,W_182345,P_684891,18821,0.00128,0
coveranalysis,train,W_182345,P_684892,17198,0.00017,0
coveranalysis,train,W_130117,P_685005,15839,0.00253,0
coveranalysis,train,W_183521,P_685285,22571,0.01591,0
coveranalysis,train,W_183521,P_685286,17793,0.0077,0
coveranalysis,train,W_183665,P_685897,19406,0.0018,0
coveranalysis,train,W_33,P_685920,11060,0.0,0
coveranalysis,train,W_183766,P_686226,19625,0.03022,0
coveranalysis,train,W_183766,P_686228,22322,0.00103,0
coveranalysis,train,W_183768,P_686242,16351,0.00991,0
coveranalysis,train,W_183768,P_686243,16540,0.00955,0
coveranalysis,train,W_183806,P_686407,19654,0.01867,0
coveranalysis,train,W_183806,P_686424,24740,0.00028,0
coveranalysis,train,W_121378,P_687568,11067,0.03054,0
coveranalysis,train,W_183987,P_687769,20715,0.0098,0
coveranalysis,train,W_183987,P_687770,20241,0.00015,0
coveranalysis,train,W_6430,P_687773,21470,5e-05,0
coveranalysis,train,W_145266,P_687964,17789,0.00219,0
coveranalysis,train,W_183544,P_688275,15297,0.01039,0
coveranalysis,train,W_183544,P_688278,16387,0.00061,0
coveranalysis,train,W_184145,P_688434,12426,0.0,0
coveranalysis,train,W_184145,P_688452,13550,0.00878,0
coveranalysis,train,W_168162,P_688486,19010,0.0,0
coveranalysis,train,W_183701,P_688651,17637,0.02217,0
coveranalysis,train,W_183701,P_688653,21173,5e-05,0
coveranalysis,train,W_184337,P_689524,24610,0.0,0
coveranalysis,train,W_184337,P_689546,20261,0.01145,0
coveranalysis,train,W_184350,P_689640,25829,0.00043,0
coveranalysis,train,W_184350,P_689641,24359,0.00078,0
coveranalysis,train,W_156803,P_690147,18890,0.00873,0
coveranalysis,train,W_69028,P_69029,23036,0.00017,0
coveranalysis,train,W_184474,P_690782,14051,7e-05,0
coveranalysis,train,W_184474,P_690797,14298,0.0407,0
coveranalysis,train,W_184668,P_691415,12489,0.0,0
coveranalysis,train,W_184668,P_691416,18438,0.00022,0
coveranalysis,train,W_112477,P_691523,19315,0.00839,0
coveranalysis,train,W_52646,P_691688,18501,0.00157,0
coveranalysis,train,W_184717,P_691838,24995,0.01212,0
coveranalysis,train,W_184717,P_691839,28093,0.02349,0
coveranalysis,train,W_184610,P_692049,25989,0.0,0
coveranalysis,train,W_184799,P_692139,22553,0.0219,0
coveranalysis,train,W_184799,P_692140,18562,0.00016,0
coveranalysis,train,W_184877,P_692497,24739,0.0,0
coveranalysis,train,W_183769,P_692998,17143,0.0,0
coveranalysis,train,W_183769,P_692999,17446,0.00934,0
coveranalysis,train,W_132692,P_693079,18805,0.00016,0
coveranalysis,train,W_185032,P_693105,22882,0.00647,0
coveranalysis,train,W_185032,P_693142,19591,0.00036,0
coveranalysis,train,W_185071,P_693256,23440,0.01766,0
coveranalysis,train,W_185071,P_693257,25997,0.00165,0
coveranalysis,train,W_185141,P_693668,16411,0.00975,0
coveranalysis,train,W_185140,P_693772,16661,0.00816,0
coveranalysis,train,W_185140,P_693778,36609,0.00172,0
coveranalysis,train,W_52646,P_693816,14951,0.00421,0
coveranalysis,train,W_67473,P_694145,25617,0.04114,0
coveranalysis,train,W_185174,P_694297,18376,0.00441,0
coveranalysis,train,W_185174,P_694300,20938,0.00315,0
coveranalysis,train,W_2084,P_694334,13033,0.00997,0
coveranalysis,train,W_185321,P_694501,12237,0.01929,0
coveranalysis,train,W_185321,P_694502,10999,0.01382,0
coveranalysis,train,W_184877,P_694786,26117,0.00605,0
coveranalysis,train,W_176422,P_694790,21918,0.0,0
coveranalysis,train,W_185141,P_694791,16141,0.00019,0
coveranalysis,train,W_168817,P_695027,19883,0.00075,0
coveranalysis,train,W_185495,P_695307,20808,0.01547,0
coveranalysis,train,W_185495,P_695308,18759,0.00027,0
coveranalysis,train,W_3701,P_695519,12287,0.00041,0
coveranalysis,train,W_185577,P_695670,16027,0.01279,0
coveranalysis,train,W_185600,P_696218,16331,0.0,0
coveranalysis,train,W_185600,P_696220,19670,0.03945,0
coveranalysis,train,W_69652,P_69652,20813,0.01312,0
coveranalysis,train,W_69652,P_69654,23189,0.00121,0
coveranalysis,train,W_185902,P_696719,18400,0.00598,0
coveranalysis,train,W_185902,P_696720,17178,0.01537,0
coveranalysis,train,W_121494,P_697353,18425,0.0,0
coveranalysis,train,W_186097,P_697375,16285,0.028,0
coveranalysis,train,W_186097,P_697378,16357,0.0,0
coveranalysis,train,W_185991,P_697481,22476,0.00685,0
coveranalysis,train,W_185991,P_697482,25175,0.00699,0
coveranalysis,train,W_186301,P_698339,23081,0.00022,0
coveranalysis,train,W_186301,P_698341,22342,0.00027,0
coveranalysis,train,W_182692,P_698636,16600,0.01404,0
coveranalysis,train,W_186342,P_698685,13786,0.00044,0
coveranalysis,train,W_186342,P_698689,13808,0.03404,0
coveranalysis,train,W_135180,P_698867,18591,0.00011,0
coveranalysis,train,W_186412,P_698906,19592,0.0,0
coveranalysis,train,W_186412,P_698907,19277,0.00026,0
coveranalysis,train,W_186428,P_698940,16028,0.0,0
coveranalysis,train,W_6990,P_6990,15613,0.00538,0
coveranalysis,train,W_186534,P_699460,24394,0.02201,0
coveranalysis,train,W_186534,P_699461,21589,0.00014,0
coveranalysis,train,W_131899,P_699839,26649,0.00878,0
coveranalysis,train,W_101988,P_699862,11989,0.00876,0
coveranalysis,train,W_41865,P_700140,16411,0.00768,0
coveranalysis,train,W_140417,P_701210,15608,0.0,0
coveranalysis,train,W_186917,P_701608,20078,0.00483,0
coveranalysis,train,W_186917,P_701609,19034,0.00016,0
coveranalysis,train,W_70160,P_70177,12205,0.00787,0
coveranalysis,train,W_107130,P_701987,26181,0.0,0
coveranalysis,train,W_187119,P_702580,16493,0.00534,0
coveranalysis,train,W_187119,P_702583,16093,0.00435,0
coveranalysis,train,W_185744,P_702725,33841,0.00402,0
coveranalysis,train,W_185744,P_702726,17646,0.03485,0
coveranalysis,train,W_187189,P_702864,20137,0.0,0
coveranalysis,train,W_187189,P_702872,38271,0.00055,0
coveranalysis,train,W_139346,P_703126,34417,0.0,0
coveranalysis,train,W_187396,P_703721,12134,0.0014,0
coveranalysis,train,W_187396,P_703722,13098,0.01275,0
coveranalysis,train,W_187397,P_703723,19011,0.00731,0
coveranalysis,train,W_187397,P_703724,18814,0.00893,0
coveranalysis,train,W_70385,P_70385,19586,0.0001,0
coveranalysis,train,W_187548,P_704582,13689,0.00964,0
coveranalysis,train,W_187548,P_704583,14623,0.01163,0
coveranalysis,train,W_99942,P_704830,18045,0.0077,0
coveranalysis,train,W_131391,P_704843,15517,0.01521,0
coveranalysis,train,W_187633,P_704939,18437,0.0109,0
coveranalysis,train,W_187633,P_704941,21439,0.0,0
coveranalysis,train,W_185711,P_704988,14602,0.00486,0
coveranalysis,train,W_185711,P_704989,16196,0.0,0
coveranalysis,train,W_149327,P_705048,20883,0.03012,0
coveranalysis,train,W_93937,P_705466,20847,0.00638,0
coveranalysis,train,W_185781,P_706443,27473,0.0004,0
coveranalysis,train,W_185781,P_706444,22862,0.00066,0
coveranalysis,train,W_188023,P_706868,17584,0.00813,0
coveranalysis,train,W_188023,P_706869,18172,0.0066,0
coveranalysis,train,W_188079,P_707123,18718,0.00358,0
coveranalysis,train,W_188079,P_707124,20227,0.00035,0
coveranalysis,train,W_19937,P_707250,15680,0.0,0
coveranalysis,train,W_187619,P_707373,12290,0.00171,0
coveranalysis,train,W_187619,P_707374,13873,0.00418,0
coveranalysis,train,W_1258,P_707382,21383,0.00028,0
coveranalysis,train,W_117831,P_707394,24475,0.00131,0
coveranalysis,train,W_188205,P_707669,21489,0.0,0
coveranalysis,train,W_188205,P_707670,13441,0.03169,0
coveranalysis,train,W_70806,P_70807,17233,0.0,0
coveranalysis,train,W_182554,P_708322,21213,0.00768,0
coveranalysis,train,W_157322,P_708904,11103,0.00567,0
coveranalysis,train,W_188478,P_709097,24702,0.00733,0
coveranalysis,train,W_188478,P_709098,29131,0.00031,0
coveranalysis,train,W_116231,P_709173,17525,0.02693,0
coveranalysis,train,W_154910,P_709291,18324,0.01332,0
coveranalysis,train,W_114738,P_709451,18410,0.01054,0
coveranalysis,train,W_162380,P_710613,16506,0.0046,0
coveranalysis,train,W_113230,P_710717,12305,0.0,0
coveranalysis,train,W_162630,P_710791,19602,0.01806,0
coveranalysis,train,W_188716,P_710810,19865,0.00342,0
coveranalysis,train,W_188716,P_710811,19885,0.0091,0
coveranalysis,train,W_71095,P_71095,20388,0.00211,0
coveranalysis,train,W_188899,P_711832,16895,0.00166,0
coveranalysis,train,W_188899,P_711833,27719,0.0,0
coveranalysis,train,W_117193,P_712311,17122,0.00012,0
coveranalysis,train,W_188984,P_712360,18953,0.03704,0
coveranalysis,train,W_188984,P_712361,16807,0.00595,0
coveranalysis,train,W_142382,P_712465,21821,0.0,0
coveranalysis,train,W_168947,P_713332,20207,0.00663,0
coveranalysis,train,W_189143,P_713686,17540,0.00029,0
coveranalysis,train,W_189143,P_713689,29277,0.0,0
coveranalysis,train,W_189158,P_713821,24044,0.02196,0
coveranalysis,train,W_189158,P_713822,10965,0.01933,0
coveranalysis,train,W_189160,P_713837,17002,0.00412,0
coveranalysis,train,W_189160,P_713838,14907,0.00678,0
coveranalysis,train,W_189164,P_713857,11951,0.00368,0
coveranalysis,train,W_189164,P_713858,12367,0.00849,0
coveranalysis,train,W_189238,P_714204,27651,0.00213,0
coveranalysis,train,W_189238,P_714205,18007,0.00666,0
coveranalysis,train,W_52936,P_714597,13890,0.00029,0
coveranalysis,train,W_138282,P_714698,18425,0.00488,0
coveranalysis,train,W_171833,P_714819,19874,0.0,0
coveranalysis,train,W_136325,P_714845,25541,0.00607,0
coveranalysis,train,W_189471,P_715217,16886,0.00018,0
coveranalysis,train,W_189471,P_715225,15518,0.00683,0
coveranalysis,train,W_189506,P_715370,11502,0.01148,0
coveranalysis,train,W_189522,P_715462,30706,0.00889,0
coveranalysis,train,W_189522,P_715463,28386,0.0,0
coveranalysis,train,W_119611,P_715574,22899,0.00301,0
coveranalysis,train,W_178941,P_715600,27686,0.00058,0
coveranalysis,train,W_158344,P_715638,13645,0.00066,0
coveranalysis,train,W_27730,P_715785,17932,0.00067,0
coveranalysis,train,W_172656,P_715835,21827,0.0,0
coveranalysis,train,W_168042,P_716129,19135,0.0001,0
coveranalysis,train,W_164931,P_716198,25099,0.01773,0
coveranalysis,train,W_189674,P_716210,20064,0.0,0
coveranalysis,train,W_189674,P_716211,20993,0.0091,0
coveranalysis,train,W_139380,P_716282,16197,0.005,0
coveranalysis,train,W_57106,P_716512,25057,0.0196,0
coveranalysis,train,W_151864,P_717078,12906,0.02658,0
coveranalysis,train,W_189835,P_717137,31809,0.0,0
coveranalysis,train,W_40213,P_717277,20591,0.00709,0
coveranalysis,train,W_157509,P_717317,23758,0.00627,0
coveranalysis,train,W_40275,P_71738,14125,0.0,0
coveranalysis,train,W_75157,P_717705,15093,0.0,0
coveranalysis,train,W_5482,P_717768,18636,0.0,0
coveranalysis,train,W_176665,P_717955,12401,0.02968,0
coveranalysis,train,W_159613,P_718010,14635,0.0,0
coveranalysis,train,W_190078,P_718211,17531,0.01877,0
coveranalysis,train,W_190078,P_718213,13385,0.01009,0
coveranalysis,train,W_190091,P_718258,20249,0.0,0
coveranalysis,train,W_190091,P_718259,19326,0.01832,0
coveranalysis,train,W_87595,P_718379,29406,0.00418,0
coveranalysis,train,W_190162,P_718597,19312,0.0,0
coveranalysis,train,W_190162,P_718598,15697,0.00714,0
coveranalysis,train,W_133992,P_718645,15303,0.00098,0
coveranalysis,train,W_13219,P_718670,22403,0.01125,0
coveranalysis,train,W_190206,P_718838,25973,0.01505,0
coveranalysis,train,W_190206,P_719068,26854,0.00875,0
coveranalysis,train,W_186013,P_719195,16186,0.00315,0
coveranalysis,train,W_282,P_719197,19234,0.00208,0
coveranalysis,train,W_186013,P_719201,16175,0.02689,0
coveranalysis,train,W_190376,P_719404,16801,0.0047,0
coveranalysis,train,W_190376,P_719541,13449,0.01539,0
coveranalysis,train,W_61894,P_719698,16544,0.00774,0
coveranalysis,train,W_35076,P_719919,13942,0.01219,0
coveranalysis,train,W_34997,P_720242,21033,0.0,0
coveranalysis,train,W_190684,P_720573,20139,0.0004,0
coveranalysis,train,W_190684,P_720574,20663,0.00702,0
coveranalysis,train,W_190686,P_720604,21787,0.01382,0
coveranalysis,train,W_190686,P_720606,21639,0.00656,0
coveranalysis,train,W_190696,P_720690,38390,0.00016,0
coveranalysis,train,W_190696,P_720691,33539,3e-05,0
coveranalysis,train,W_190708,P_720796,16665,0.0,0
coveranalysis,train,W_134382,P_720804,19173,0.00876,0
coveranalysis,train,W_134382,P_720868,25456,0.00632,0
coveranalysis,train,W_138282,P_720874,10971,0.00046,0
coveranalysis,train,W_185577,P_721169,12769,0.00204,0
coveranalysis,train,W_119676,P_721699,14257,0.00428,0
coveranalysis,train,W_148499,P_721705,23119,0.00744,0
coveranalysis,train,W_72173,P_72174,16862,0.00652,0
coveranalysis,train,W_114843,P_721894,15844,0.0,0
coveranalysis,train,W_190876,P_721921,23426,0.10087,0
coveranalysis,train,W_190876,P_721922,18255,0.0006,0
coveranalysis,train,W_190884,P_721944,30647,0.00065,0
coveranalysis,train,W_190884,P_721945,33202,0.00217,0
coveranalysis,train,W_190885,P_721946,36391,0.00137,0
coveranalysis,train,W_190885,P_721947,22704,0.0026,0
coveranalysis,train,W_31035,P_722080,20520,0.00039,0
coveranalysis,train,W_89572,P_722109,31118,0.00055,0
coveranalysis,train,W_72217,P_72217,27822,0.00352,0
coveranalysis,train,W_190941,P_722236,15645,0.00352,0
coveranalysis,train,W_190941,P_722237,16443,0.01952,0
coveranalysis,train,W_190968,P_722364,15341,0.01669,0
coveranalysis,train,W_190968,P_722365,13884,0.01203,0
coveranalysis,train,W_191030,P_722557,17936,0.01578,0
coveranalysis,train,W_191030,P_722558,20693,0.00575,0
coveranalysis,train,W_191036,P_722579,18639,0.01449,0
coveranalysis,train,W_191036,P_722580,16765,6e-05,0
coveranalysis,train,W_64444,P_722611,13446,0.01718,0
coveranalysis,train,W_163220,P_722626,19294,0.00627,0
coveranalysis,train,W_190585,P_722670,26987,0.00267,0
coveranalysis,train,W_190585,P_722686,29118,0.0,0
coveranalysis,train,W_191111,P_722790,23346,0.0,0
coveranalysis,train,W_191111,P_722792,18758,0.0064,0
coveranalysis,train,W_191122,P_722826,15209,0.00026,0
coveranalysis,train,W_191129,P_722855,21449,0.05795,0
coveranalysis,train,W_191129,P_722856,19604,0.00709,0
coveranalysis,train,W_191122,P_723143,13049,0.01916,0
coveranalysis,train,W_8439,P_723264,15194,0.0,0
coveranalysis,train,W_191229,P_723320,25241,0.00341,0
coveranalysis,train,W_191229,P_723321,32546,0.0,0
coveranalysis,train,W_191235,P_723378,18383,0.00201,0
coveranalysis,train,W_191235,P_723381,20463,0.00459,0
coveranalysis,train,W_47879,P_723846,23007,0.00995,0
coveranalysis,train,W_131287,P_724022,19731,0.01936,0
coveranalysis,train,W_59237,P_724761,15611,0.00512,0
coveranalysis,train,W_135166,P_724892,26059,4e-05,0
coveranalysis,train,W_153895,P_725037,21927,0.00223,0
coveranalysis,train,W_191704,P_725343,14201,0.00521,0
coveranalysis,train,W_191704,P_725369,26151,0.00084,0
coveranalysis,train,W_191717,P_725480,19817,0.0001,0
coveranalysis,train,W_191717,P_725481,38807,0.00544,0
coveranalysis,train,W_71634,P_725984,27281,0.0,0
coveranalysis,train,W_157022,P_726762,21220,0.0,0
coveranalysis,train,W_83494,P_726806,14691,0.00939,0
coveranalysis,train,W_192054,P_726881,13140,0.00487,0
coveranalysis,train,W_192054,P_726928,13575,7e-05,0
coveranalysis,train,W_192232,P_727490,10509,0.0314,0
coveranalysis,train,W_75623,P_727505,13930,0.01328,0
coveranalysis,train,W_192232,P_727767,11765,0.00017,0
coveranalysis,train,W_66457,P_727821,16058,0.00965,0
coveranalysis,train,W_192318,P_727922,25213,0.03062,0
coveranalysis,train,W_192318,P_727923,23908,8e-05,0
coveranalysis,train,W_141872,P_728235,22918,0.02579,0
coveranalysis,train,W_192442,P_728659,12898,0.00016,0
coveranalysis,train,W_192442,P_728660,11893,0.01118,0
coveranalysis,train,W_159903,P_728712,16157,0.0,0
coveranalysis,train,W_159903,P_728823,19685,0.0,0
coveranalysis,train,W_192509,P_729054,26069,0.00368,0
coveranalysis,train,W_192509,P_729055,22143,0.0075,0
coveranalysis,train,W_192518,P_729081,25354,0.00635,0
coveranalysis,train,W_192518,P_729082,18106,0.00017,0
coveranalysis,train,W_168014,P_729296,21009,0.00762,0
coveranalysis,train,W_192598,P_729765,16331,0.0038,0
coveranalysis,train,W_192598,P_729767,13105,0.00717,0
coveranalysis,train,W_192628,P_729921,16687,0.01013,0
coveranalysis,train,W_162411,P_729957,23245,0.0,0
coveranalysis,train,W_192640,P_730029,18522,0.00373,0
coveranalysis,train,W_192658,P_730156,32501,0.00031,0
coveranalysis,train,W_192658,P_730157,25598,0.00328,0
coveranalysis,train,W_1190,P_730342,23289,0.0,0
coveranalysis,train,W_192746,P_730588,27389,0.01048,0
coveranalysis,train,W_192746,P_730589,25441,0.00621,0
coveranalysis,train,W_192774,P_730765,28349,0.03591,0
coveranalysis,train,W_192774,P_730766,25367,0.00773,0
coveranalysis,train,W_62809,P_730915,37478,5e-05,0
coveranalysis,train,W_30687,P_731103,24065,0.00386,0
coveranalysis,train,W_192928,P_731301,21522,0.00585,0
coveranalysis,train,W_192928,P_731302,19659,0.00229,0
coveranalysis,train,W_184610,P_731452,20242,0.00247,0
coveranalysis,train,W_30501,P_731756,16013,0.06595,0
coveranalysis,train,W_67883,P_731763,17760,0.00073,0
coveranalysis,train,W_30541,P_731769,15703,0.00057,0
coveranalysis,train,W_135671,P_731796,13783,0.00029,0
coveranalysis,train,W_135671,P_731804,14642,7e-05,0
coveranalysis,train,W_189835,P_732485,31014,0.0,0
coveranalysis,train,W_73277,P_73277,13614,0.00279,0
coveranalysis,train,W_191513,P_732778,22675,0.00128,0
coveranalysis,train,W_188876,P_732809,17787,0.02277,0
coveranalysis,train,W_188876,P_732810,18185,0.04471,0
coveranalysis,train,W_193260,P_733042,20071,0.01061,0
coveranalysis,train,W_193260,P_733043,21070,0.00883,0
coveranalysis,train,W_145507,P_733149,21367,0.00281,0
coveranalysis,train,W_193325,P_733362,35722,0.00649,0
coveranalysis,train,W_193325,P_733363,38033,0.0,0
coveranalysis,train,W_193408,P_733677,26359,0.0,0
coveranalysis,train,W_193408,P_733680,26134,0.01634,0
coveranalysis,train,W_193414,P_733698,27680,0.0,0
coveranalysis,train,W_193414,P_733699,29321,0.0088,0
coveranalysis,train,W_73375,P_73375,15934,0.00176,0
coveranalysis,train,W_193482,P_733983,30994,0.00849,0
coveranalysis,train,W_193482,P_733984,30467,0.00791,0
coveranalysis,train,W_193497,P_734051,21382,0.01871,0
coveranalysis,train,W_193497,P_734052,20562,0.00302,0
coveranalysis,train,W_59470,P_734100,24756,0.00731,0
coveranalysis,train,W_193545,P_734349,25772,0.00535,0
coveranalysis,train,W_193545,P_734350,27568,0.00015,0
coveranalysis,train,W_193784,P_735483,15191,0.01001,0
coveranalysis,train,W_193784,P_735484,15326,0.02108,0
coveranalysis,train,W_72217,P_735557,28037,0.00599,0
coveranalysis,train,W_193836,P_735711,24870,8e-05,0
coveranalysis,train,W_193836,P_735714,23346,0.0018,0
coveranalysis,train,W_193862,P_735821,22170,9e-05,0
coveranalysis,train,W_193862,P_735822,20213,0.00069,0
coveranalysis,train,W_192091,P_736018,21602,0.00662,0
coveranalysis,train,W_192091,P_736042,25394,0.00142,0
coveranalysis,train,W_14333,P_736065,35480,3e-05,0
coveranalysis,train,W_193947,P_736175,29093,0.00777,0
coveranalysis,train,W_193947,P_736176,27229,0.00646,0
coveranalysis,train,W_115900,P_736665,27034,0.0,0
coveranalysis,train,W_190708,P_736678,16483,0.00012,0
coveranalysis,train,W_144151,P_736738,24466,0.00396,0
coveranalysis,train,W_194085,P_736834,17022,0.06321,0
coveranalysis,train,W_194085,P_736836,15485,0.0135,0
coveranalysis,train,W_188744,P_737044,17455,0.00235,0
coveranalysis,train,W_194135,P_737097,19186,0.00386,0
coveranalysis,train,W_194135,P_737098,20583,0.00126,0
coveranalysis,train,W_194148,P_737153,15769,0.01459,0
coveranalysis,train,W_194148,P_737154,12550,0.0,0
coveranalysis,train,W_194162,P_737205,20340,0.0,0
coveranalysis,train,W_194162,P_737206,16253,0.00886,0
coveranalysis,train,W_154910,P_737294,18507,0.00475,0
coveranalysis,train,W_17941,P_737335,24555,0.0,0
coveranalysis,train,W_194252,P_737512,18330,0.00093,0
coveranalysis,train,W_194252,P_737521,18617,0.00059,0
coveranalysis,train,W_194258,P_737546,21921,0.00078,0
coveranalysis,train,W_194258,P_737552,22281,0.00772,0
coveranalysis,train,W_188744,P_737606,16447,0.0,0
coveranalysis,train,W_182554,P_737638,24521,4e-05,0
coveranalysis,train,W_73780,P_73780,15927,0.0017,0
coveranalysis,train,W_194526,P_738649,18991,0.00627,0
coveranalysis,train,W_194526,P_738660,19506,0.00328,0
coveranalysis,train,W_71486,P_738684,20761,0.00679,0
coveranalysis,train,W_105308,P_738950,12872,0.01942,0
coveranalysis,train,W_194732,P_739362,16013,0.01355,0
coveranalysis,train,W_194732,P_739363,25803,0.0107,0
coveranalysis,train,W_173797,P_739497,20646,0.00441,0
coveranalysis,train,W_142895,P_739688,21440,0.00014,0
coveranalysis,train,W_122320,P_739822,36389,0.00918,0
coveranalysis,train,W_74003,P_74004,39462,0.00522,0
coveranalysis,train,W_116116,P_740162,14527,0.0,0
coveranalysis,train,W_46690,P_740165,26101,0.0,0
coveranalysis,train,W_194949,P_740358,28079,0.00848,0
coveranalysis,train,W_194949,P_740359,16310,0.00497,0
coveranalysis,train,W_74044,P_74047,22054,0.0,0
coveranalysis,train,W_149668,P_740823,17120,0.01379,0
coveranalysis,train,W_150393,P_740827,26273,0.00944,0
coveranalysis,train,W_149868,P_742433,22556,0.0,0
coveranalysis,train,W_133416,P_742565,17035,0.05624,0
coveranalysis,train,W_59449,P_742680,18902,0.0,0
coveranalysis,train,W_58254,P_742877,41294,0.0039,0
coveranalysis,train,W_139245,P_743363,16886,0.0,0
coveranalysis,train,W_67094,P_743515,26019,0.00753,0
coveranalysis,train,W_420,P_743703,19580,0.0,0
coveranalysis,train,W_3865,P_74464,30138,3e-05,0
coveranalysis,train,W_136473,P_744975,14255,7e-05,0
coveranalysis,train,W_195735,P_745815,15561,0.0,0
coveranalysis,train,W_195735,P_745822,33631,0.00372,0
coveranalysis,train,W_195866,P_746554,14227,0.02362,0
coveranalysis,train,W_195866,P_746555,16371,0.0,0
coveranalysis,train,W_194658,P_746851,16100,0.0,0
coveranalysis,train,W_194658,P_746852,17822,0.00634,0
coveranalysis,train,W_97639,P_746927,18295,0.0,0
coveranalysis,train,W_195968,P_747015,18263,0.00153,0
coveranalysis,train,W_195973,P_747060,22255,0.0053,0
coveranalysis,train,W_195973,P_747061,17489,0.00017,0
coveranalysis,train,W_83859,P_747134,20707,0.00063,0
coveranalysis,train,W_131956,P_747147,17865,0.0,0
coveranalysis,train,W_195968,P_747535,11372,0.0,0
coveranalysis,train,W_117828,P_747567,23641,0.01853,0
coveranalysis,train,W_196044,P_747575,16224,0.0,0
coveranalysis,train,W_196045,P_747576,14387,0.0,0
coveranalysis,train,W_196045,P_747578,18263,0.01254,0
coveranalysis,train,W_196044,P_747605,24071,0.00012,0
coveranalysis,train,W_196057,P_747639,23264,0.01831,0
coveranalysis,train,W_196057,P_747640,28955,0.0,0
coveranalysis,train,W_117968,P_747664,11234,0.0332,0
coveranalysis,train,W_282,P_74772,19165,0.0,0
coveranalysis,train,W_159671,P_747743,11495,0.00035,0
coveranalysis,train,W_196164,P_748188,28409,0.00116,0
coveranalysis,train,W_196164,P_748189,29475,0.00509,0
coveranalysis,train,W_196202,P_748266,40081,0.0234,0
coveranalysis,train,W_71486,P_748289,38537,0.00433,0
coveranalysis,train,W_196202,P_748520,38859,0.00474,0
coveranalysis,train,W_196263,P_748599,17671,0.0,0
coveranalysis,train,W_196263,P_748600,19901,0.0,0
coveranalysis,train,W_194592,P_748770,15955,0.00765,0
coveranalysis,train,W_194592,P_748772,16578,0.00682,0
coveranalysis,train,W_180172,P_748781,20189,0.0,0
coveranalysis,train,W_177895,P_749192,15491,0.00013,0
coveranalysis,train,W_128977,P_749200,20793,0.01424,0
coveranalysis,train,W_194508,P_749884,13269,0.01846,0
coveranalysis,train,W_194508,P_749886,13273,0.00814,0
coveranalysis,train,W_132940,P_749939,19856,0.00881,0
coveranalysis,train,W_129057,P_750262,12305,0.00024,0
coveranalysis,train,W_147069,P_750463,18467,0.01375,0
coveranalysis,train,W_196609,P_750998,34391,0.0,0
coveranalysis,train,W_196609,P_750999,21207,0.00269,0
coveranalysis,train,W_47335,P_751259,16715,0.00191,0
coveranalysis,train,W_179306,P_751386,38927,0.00021,0
coveranalysis,train,W_75145,P_75145,14605,0.0,0
coveranalysis,train,W_116966,P_751747,23693,0.00739,0
coveranalysis,train,W_66815,P_752125,10515,0.0001,0
coveranalysis,train,W_194,P_75213,22502,0.00667,0
coveranalysis,train,W_119676,P_75229,15002,0.0,0
coveranalysis,train,W_162630,P_752423,18503,0.00903,0
coveranalysis,train,W_104494,P_752574,12653,0.0,0
coveranalysis,train,W_107149,P_752575,20072,0.07553,0
coveranalysis,train,W_196902,P_753021,14657,0.00041,0
coveranalysis,train,W_196902,P_753022,14470,0.01458,0
coveranalysis,train,W_196933,P_753450,12785,0.00156,0
coveranalysis,train,W_196933,P_753451,19961,0.01227,0
coveranalysis,train,W_75377,P_75377,11371,0.01618,0
coveranalysis,train,W_5977,P_753992,24617,0.0,0
coveranalysis,train,W_131899,P_754127,21281,0.00085,0
coveranalysis,train,W_24678,P_754262,17031,0.0,0
coveranalysis,train,W_48406,P_754407,21902,0.0195,0
coveranalysis,train,W_14428,P_754502,22427,0.0012,0
coveranalysis,train,W_197038,P_754510,16830,0.00018,0
coveranalysis,train,W_197038,P_754511,19388,0.0,0
coveranalysis,train,W_3986,P_755068,20361,0.00079,0
coveranalysis,train,W_197099,P_755090,34233,0.00982,0
coveranalysis,train,W_197099,P_755092,27091,0.01543,0
coveranalysis,train,W_25491,P_755106,38676,0.0039,0
coveranalysis,train,W_197127,P_755495,17416,0.00075,0
coveranalysis,train,W_197127,P_755496,18196,0.00698,0
coveranalysis,train,W_156915,P_755873,30735,0.0,0
coveranalysis,train,W_143245,P_756078,15093,0.0,0
coveranalysis,train,W_42052,P_756086,13753,7e-05,0
coveranalysis,train,W_17424,P_75650,25465,0.00082,0
coveranalysis,train,W_75690,P_75690,13103,0.00046,0
coveranalysis,train,W_56359,P_757034,27854,0.01691,0
coveranalysis,train,W_197367,P_757038,26062,0.0193,0
coveranalysis,train,W_197367,P_757040,25272,0.00012,0
coveranalysis,train,W_197458,P_757648,22125,0.00809,0
coveranalysis,train,W_197458,P_757795,16813,0.00089,0
coveranalysis,train,W_197531,P_758192,15963,0.02174,0
coveranalysis,train,W_197531,P_758205,27864,0.0,0
coveranalysis,train,W_17941,P_758401,16229,0.00647,0
coveranalysis,train,W_197592,P_758527,15433,6e-05,0
coveranalysis,train,W_197592,P_758528,18353,0.02185,0
coveranalysis,train,W_118547,P_758592,11496,0.05889,0
coveranalysis,train,W_75865,P_75865,14163,0.00621,0
coveranalysis,train,W_180702,P_759150,20261,0.00054,0
coveranalysis,train,W_197775,P_759585,13975,0.00043,0
coveranalysis,train,W_197775,P_759620,13859,0.02424,0
coveranalysis,train,W_194631,P_759623,18725,0.00134,0
coveranalysis,train,W_194631,P_759625,21107,0.0,0
coveranalysis,train,W_179013,P_759843,17904,0.00028,0
coveranalysis,train,W_138912,P_760250,14761,0.0,0
coveranalysis,train,W_43999,P_760507,17803,0.00758,0
coveranalysis,train,W_197885,P_760590,12234,0.00057,0
coveranalysis,train,W_197885,P_760592,12537,0.00024,0
coveranalysis,train,W_197907,P_760968,25782,0.00954,0
coveranalysis,train,W_160292,P_761810,39798,0.01224,0
coveranalysis,train,W_160292,P_761814,30714,0.02566,0
coveranalysis,train,W_198062,P_761877,27394,0.0,0
coveranalysis,train,W_198062,P_761887,30025,0.0007,0
coveranalysis,train,W_6722,P_761930,14645,0.02008,0
coveranalysis,train,W_197578,P_762308,15155,7e-05,0
coveranalysis,train,W_197578,P_762309,14641,0.00622,0
coveranalysis,train,W_198168,P_762738,15861,0.03505,0
coveranalysis,train,W_198168,P_762751,17543,0.00274,0
coveranalysis,train,W_198196,P_762952,12650,0.0019,0
coveranalysis,train,W_198196,P_762954,11131,0.0,0
coveranalysis,train,W_198247,P_763444,16480,0.01657,0
coveranalysis,train,W_198247,P_763445,16458,0.00049,0
coveranalysis,train,W_17965,P_763611,24489,0.00208,0
coveranalysis,train,W_154252,P_763961,15151,0.00013,0
coveranalysis,train,W_21955,P_764086,20978,0.00043,0
coveranalysis,train,W_7863,P_764854,17210,0.00087,0
coveranalysis,train,W_74003,P_764863,19126,0.0022,0
coveranalysis,train,W_198435,P_764875,15519,0.00393,0
coveranalysis,train,W_198435,P_764876,12553,0.01537,0
coveranalysis,train,W_56051,P_764891,11979,0.00025,0
coveranalysis,train,W_66091,P_764980,20017,0.0,0
coveranalysis,train,W_172533,P_765263,21026,0.01351,0
coveranalysis,train,W_76538,P_76538,14279,0.02318,0
coveranalysis,train,W_198492,P_765450,33122,0.0,0
coveranalysis,train,W_198492,P_765452,34073,0.01332,0
coveranalysis,train,W_49988,P_765491,33005,0.00167,0
coveranalysis,train,W_198506,P_765645,25879,0.00502,0
coveranalysis,train,W_198506,P_765647,14753,0.00332,0
coveranalysis,train,W_150357,P_766271,14585,0.00768,0
coveranalysis,train,W_19674,P_766675,22493,0.0,0
coveranalysis,train,W_2222,P_767430,29291,0.00963,0
coveranalysis,train,W_198711,P_767492,14779,0.0,0
coveranalysis,train,W_18696,P_767645,12773,0.00399,0
coveranalysis,train,W_198711,P_767657,14549,0.0,0
coveranalysis,train,W_198805,P_768103,35504,0.0,0
coveranalysis,train,W_198805,P_768141,32834,9e-05,0
coveranalysis,train,W_189506,P_768395,15797,0.0,0
coveranalysis,train,W_192628,P_768532,18787,0.0,0
coveranalysis,train,W_197539,P_768700,16920,0.00284,0
coveranalysis,train,W_197539,P_768701,17233,0.00505,0
coveranalysis,train,W_137287,P_769279,20153,0.01727,0
coveranalysis,train,W_198994,P_769663,21662,0.02017,0
coveranalysis,train,W_198994,P_769668,19442,0.00725,0
coveranalysis,train,W_183665,P_769724,20279,0.00108,0
coveranalysis,train,W_114176,P_769904,15140,0.00059,0
coveranalysis,train,W_199066,P_770267,17811,0.0,0
coveranalysis,train,W_199066,P_770353,16712,0.01221,0
coveranalysis,train,W_199083,P_770419,14873,0.03483,0
coveranalysis,train,W_199083,P_770420,17430,0.00126,0
coveranalysis,train,W_199089,P_770454,22232,0.01071,0
coveranalysis,train,W_197580,P_770699,16076,0.00703,0
coveranalysis,train,W_197580,P_770700,19327,0.00771,0
coveranalysis,train,W_199131,P_770847,21767,0.00243,0
coveranalysis,train,W_199131,P_770848,27014,0.00777,0
coveranalysis,train,W_199089,P_771288,18326,0.00982,0
coveranalysis,train,W_199221,P_771306,16202,0.02068,0
coveranalysis,train,W_199221,P_771307,16565,0.01008,0
coveranalysis,train,W_112842,P_771475,24104,0.03759,0
coveranalysis,train,W_199107,P_771825,22482,0.02171,0
coveranalysis,train,W_199107,P_771826,19632,0.0,0
coveranalysis,train,W_93980,P_772640,25039,0.00779,0
coveranalysis,train,W_77274,P_77274,16971,0.00878,0
coveranalysis,train,W_167139,P_772806,14993,0.00013,0
coveranalysis,train,W_199487,P_772810,12941,0.01329,0
coveranalysis,train,W_199487,P_772811,14862,0.0,0
coveranalysis,train,W_199518,P_773022,23377,0.00086,0
coveranalysis,train,W_199518,P_773024,30425,0.00233,0
coveranalysis,train,W_199646,P_773934,21574,0.01279,0
coveranalysis,train,W_199646,P_773935,16899,0.0,0
coveranalysis,train,W_12694,P_77399,11835,0.06869,0
coveranalysis,train,W_77428,P_77428,13845,0.01271,0
coveranalysis,train,W_199680,P_774335,17021,0.00012,0
coveranalysis,train,W_62425,P_774361,14042,0.00328,0
coveranalysis,train,W_199680,P_774362,13127,0.00175,0
coveranalysis,train,W_23891,P_774438,33215,0.00409,0
coveranalysis,train,W_23198,P_77466,18367,0.0,0
coveranalysis,train,W_82836,P_775035,11213,0.00027,0
coveranalysis,train,W_199788,P_775155,14319,0.00028,0
coveranalysis,train,W_199788,P_775157,31188,0.0,0
coveranalysis,train,W_4734,P_775363,22085,0.0,0
coveranalysis,train,W_199822,P_775437,21726,0.0127,0
coveranalysis,train,W_199822,P_775451,21301,0.05652,0
coveranalysis,train,W_2633,P_775704,18551,0.00943,0
coveranalysis,train,W_24135,P_77608,11393,0.00483,0
coveranalysis,train,W_167723,P_776601,15393,0.00253,0
coveranalysis,train,W_199948,P_776606,20614,0.00015,0
coveranalysis,train,W_199948,P_776608,27171,0.02175,0
coveranalysis,train,W_199636,P_777121,18902,0.00101,0
coveranalysis,train,W_199636,P_777122,19858,0.00846,0
coveranalysis,train,W_129738,P_777644,16382,0.01526,0
coveranalysis,train,W_127152,P_778257,18270,0.03974,0
coveranalysis,train,W_126646,P_778514,14129,0.08415,0
coveranalysis,train,W_200276,P_778908,12925,0.08441,0
coveranalysis,train,W_200276,P_778909,22601,0.00327,0
coveranalysis,train,W_172200,P_779027,16554,0.01069,0
coveranalysis,train,W_172200,P_779028,34358,0.0,0
coveranalysis,train,W_200400,P_779472,14911,0.00054,0
coveranalysis,train,W_200400,P_779473,15337,0.02289,0
coveranalysis,train,W_133975,P_779528,11717,0.01792,0
coveranalysis,train,W_117909,P_779564,25656,0.00055,0
coveranalysis,train,W_158397,P_780342,22415,0.00834,0
coveranalysis,train,W_200517,P_780466,14236,0.01503,0
coveranalysis,train,W_200517,P_780467,14067,0.01479,0
coveranalysis,train,W_113230,P_780641,14907,0.01114,0
coveranalysis,train,W_200559,P_780819,15145,0.0173,0
coveranalysis,train,W_200559,P_780820,13989,0.00207,0
coveranalysis,train,W_127732,P_781706,17407,0.0,0
coveranalysis,train,W_163265,P_782562,23021,0.0,0
coveranalysis,train,W_102852,P_782594,11607,0.01706,0
coveranalysis,train,W_200866,P_782709,17932,6e-05,0
coveranalysis,train,W_200866,P_782710,19146,0.02721,0
coveranalysis,train,W_199304,P_782819,24284,0.0,0
coveranalysis,train,W_199304,P_782827,17608,0.0008,0
coveranalysis,train,W_14817,P_782954,10425,0.02235,0
coveranalysis,train,W_143374,P_782970,12495,0.00536,0
coveranalysis,train,W_192640,P_783118,18211,0.0,0
coveranalysis,train,W_151588,P_783157,13533,0.00015,0
coveranalysis,train,W_26452,P_783696,22907,0.00013,0
coveranalysis,train,W_150981,P_783994,19829,0.01417,0
coveranalysis,train,W_52679,P_784167,17381,0.00012,0
coveranalysis,train,W_201070,P_784210,19699,0.00096,0
coveranalysis,train,W_201070,P_784213,24123,0.00327,0
coveranalysis,train,W_201074,P_784222,12401,0.00089,0
coveranalysis,train,W_201074,P_784223,14882,0.00027,0
coveranalysis,train,W_201079,P_784240,16733,0.00902,0
coveranalysis,train,W_201079,P_784241,18923,0.0,0
coveranalysis,train,W_199890,P_784294,35944,0.00459,0
coveranalysis,train,W_199890,P_784296,32044,6e-05,0
coveranalysis,train,W_78429,P_78430,12147,0.00099,0
coveranalysis,train,W_117853,P_784494,16835,0.00119,0
coveranalysis,train,W_201136,P_784726,26131,0.01232,0
coveranalysis,train,W_201136,P_784728,20677,0.01112,0
coveranalysis,train,W_201156,P_784752,29205,0.0,0
coveranalysis,train,W_201156,P_784753,23115,0.00074,0
coveranalysis,train,W_93395,P_784781,23309,0.00026,0
coveranalysis,train,W_152464,P_784983,15104,0.01112,0
coveranalysis,train,W_55375,P_785256,13611,0.0,0
coveranalysis,train,W_42759,P_785653,33293,0.0531,0
coveranalysis,train,W_201239,P_785660,30237,0.0585,0
coveranalysis,train,W_201239,P_785693,25265,0.01195,0
coveranalysis,train,W_201284,P_785929,21815,0.0,0
coveranalysis,train,W_201284,P_785930,20106,0.01059,0
coveranalysis,train,W_201289,P_785975,35704,0.0,0
coveranalysis,train,W_201289,P_785976,15342,0.00482,0
coveranalysis,train,W_150982,P_786056,17525,0.03064,0
coveranalysis,train,W_7863,P_7863,17441,0.00017,0
coveranalysis,train,W_130325,P_786457,25931,0.00336,0
coveranalysis,train,W_200744,P_786499,23776,0.00471,0
coveranalysis,train,W_200744,P_786505,27707,0.00032,0
coveranalysis,train,W_116207,P_787007,23879,0.00586,0
coveranalysis,train,W_201506,P_787337,15826,0.00588,0
coveranalysis,train,W_201506,P_787338,23078,0.0,0
coveranalysis,train,W_51369,P_787368,20891,0.0001,0
coveranalysis,train,W_201566,P_787824,17753,0.0,0
coveranalysis,train,W_201566,P_787825,22403,0.0,0
coveranalysis,train,W_126358,P_787958,23373,0.00599,0
coveranalysis,train,W_71699,P_788000,29653,0.00614,0
coveranalysis,train,W_74067,P_788323,32825,0.00079,0
coveranalysis,train,W_201731,P_788884,19385,0.04457,0
coveranalysis,train,W_201731,P_788885,22135,0.00773,0
coveranalysis,train,W_201732,P_788889,17726,0.00017,0
coveranalysis,train,W_201732,P_788891,14588,0.0,0
coveranalysis,train,W_201788,P_789409,22033,0.00595,0
coveranalysis,train,W_201788,P_789417,21794,0.00119,0
coveranalysis,train,W_15495,P_789832,16901,0.0,0
coveranalysis,train,W_113353,P_789862,17602,0.0,0
coveranalysis,train,W_53041,P_789864,18535,0.00529,0
coveranalysis,train,W_158736,P_790025,19423,0.00098,0
coveranalysis,train,W_163925,P_790036,38711,0.00021,0
coveranalysis,train,W_201881,P_790346,23352,0.00244,0
coveranalysis,train,W_201881,P_790348,21679,0.00171,0
coveranalysis,train,W_201903,P_790721,13419,0.04695,0
coveranalysis,train,W_162597,P_790822,11189,0.00465,0
coveranalysis,train,W_186428,P_791025,15902,0.0017,0
coveranalysis,train,W_201903,P_791365,12056,0.03799,0
coveranalysis,train,W_147949,P_791785,28158,0.02337,0
coveranalysis,train,W_120259,P_791913,16267,0.00719,0
coveranalysis,train,W_33066,P_792097,21710,0.01064,0
coveranalysis,train,W_202120,P_792211,19706,0.0,0
coveranalysis,train,W_202120,P_792212,19585,0.0122,0
coveranalysis,train,W_116012,P_792227,16281,0.00092,0
coveranalysis,train,W_128728,P_792311,16885,0.00219,0
coveranalysis,train,W_129867,P_792401,22921,0.00144,0
coveranalysis,train,W_112874,P_793039,20355,0.00211,0
coveranalysis,train,W_168947,P_793297,16139,0.00155,0
coveranalysis,train,W_99767,P_793544,23159,0.0,0
coveranalysis,train,W_125890,P_793731,20306,0.00867,0
coveranalysis,train,W_24350,P_793995,21790,0.01762,0
coveranalysis,train,W_109709,P_794283,14418,0.00992,0
coveranalysis,train,W_25491,P_794565,21669,0.0,0
coveranalysis,train,W_152426,P_795162,19604,0.00765,0
coveranalysis,train,W_120234,P_795400,13986,0.00014,0
coveranalysis,train,W_117478,P_795523,10722,0.00047,0
coveranalysis,train,W_202938,P_796387,16671,0.00102,0
coveranalysis,train,W_202938,P_796388,16617,0.00259,0
coveranalysis,train,W_202209,P_796593,12249,0.00947,0
coveranalysis,train,W_202209,P_796594,14516,0.0,0
coveranalysis,train,W_197907,P_796595,17679,0.00634,0
coveranalysis,train,W_170079,P_796899,20890,0.0,0
coveranalysis,train,W_203047,P_797011,26445,0.00945,0
coveranalysis,train,W_203047,P_797012,24302,0.00029,0
coveranalysis,train,W_149188,P_797119,18494,0.00384,0
coveranalysis,train,W_203053,P_797167,12701,0.0,0
coveranalysis,train,W_203053,P_797172,11559,0.00035,0
coveranalysis,train,W_139141,P_797263,13763,0.00211,0
coveranalysis,train,W_167421,P_797332,17011,0.00076,0
coveranalysis,train,W_164666,P_797676,14163,0.01483,0
coveranalysis,train,W_19384,P_798173,34418,0.00941,0
coveranalysis,train,W_52225,P_798404,26525,0.01022,0
coveranalysis,train,W_6522,P_798478,26435,0.0,0
coveranalysis,train,W_203300,P_798574,18972,0.01033,0
coveranalysis,train,W_123846,P_798660,19831,0.0,0
coveranalysis,train,W_136082,P_798856,35493,0.0,0
coveranalysis,train,W_150982,P_798896,18076,0.00929,0
coveranalysis,train,W_203300,P_799217,12983,0.0114,0
coveranalysis,train,W_203390,P_799228,32636,0.00981,0
coveranalysis,train,W_203390,P_799229,23105,0.00541,0
coveranalysis,train,W_191513,P_799436,20374,0.06872,0
coveranalysis,train,W_201858,P_799516,30530,0.01684,0
coveranalysis,train,W_201858,P_799517,25812,0.0,0
coveranalysis,train,W_5339,P_799646,18065,0.02696,0
coveranalysis,train,W_19083,P_79969,35922,0.00148,0
coveranalysis,train,W_203434,P_799693,18280,0.00536,0
coveranalysis,train,W_203434,P_799694,19234,0.01367,0
coveranalysis,train,W_202410,P_799776,18787,0.00777,0
coveranalysis,train,W_202410,P_799778,19114,0.00267,0
coveranalysis,train,W_203466,P_799811,34606,0.00035,0
coveranalysis,train,W_203466,P_799817,23681,0.00659,0
coveranalysis,train,W_113607,P_799954,24278,4e-05,0
coveranalysis,train,W_34706,P_80398,11089,0.0,0
coveranalysis,train,W_7430,P_80745,18907,0.00032,0
coveranalysis,train,W_80875,P_80876,16733,0.00114,0
coveranalysis,train,W_80889,P_80889,11737,0.01355,0
coveranalysis,train,W_81584,P_81584,16151,0.00211,0
coveranalysis,train,W_40997,P_81708,18141,0.07668,0
coveranalysis,train,W_81859,P_81859,14400,0.00236,0
coveranalysis,train,W_81859,P_81862,12186,0.01173,0
coveranalysis,train,W_28358,P_82018,35873,0.00619,0
coveranalysis,train,W_82144,P_82144,19720,0.0,0
coveranalysis,train,W_82280,P_82280,12387,0.00501,0
coveranalysis,train,W_82280,P_82281,12871,0.02377,0
coveranalysis,train,W_82338,P_82341,12151,0.01317,0
coveranalysis,train,W_82470,P_82470,28294,7e-05,0
coveranalysis,train,W_8278,P_8278,19898,0.00075,0
coveranalysis,train,W_82836,P_82838,16431,0.00012,0
coveranalysis,train,W_35482,P_82951,23415,0.00154,0
coveranalysis,train,W_82993,P_82993,18998,0.04395,0
coveranalysis,train,W_82993,P_82994,23570,0.00335,0
coveranalysis,train,W_14749,P_83059,19302,0.00466,0
coveranalysis,train,W_83407,P_83407,18170,0.00132,0
coveranalysis,train,W_83407,P_83410,20809,0.00298,0
coveranalysis,train,W_8343,P_8344,14393,0.00563,0
coveranalysis,train,W_71634,P_83455,26447,0.00253,0
coveranalysis,train,W_125184,P_83473,17121,0.03475,0
coveranalysis,train,W_83505,P_83505,23831,0.00659,0
coveranalysis,train,W_83505,P_83509,18469,0.0059,0
coveranalysis,train,W_46976,P_83960,16754,0.0,0
coveranalysis,train,W_85255,P_85255,26915,0.0,0
coveranalysis,train,W_59394,P_85526,17826,0.01862,0
coveranalysis,train,W_1548,P_85686,14477,0.0,0
coveranalysis,train,W_85745,P_85745,18197,0.01555,0
coveranalysis,train,W_85745,P_85748,31357,0.00367,0
coveranalysis,train,W_62033,P_85847,11306,0.00044,0
coveranalysis,train,W_36,P_8600,14502,0.03296,0
coveranalysis,train,W_86073,P_86073,27064,0.00384,0
coveranalysis,train,W_86073,P_86074,18178,0.01073,0
coveranalysis,train,W_59681,P_86172,20332,0.00054,0
coveranalysis,train,W_87299,P_87299,14844,0.00667,0
coveranalysis,train,W_87349,P_87349,10586,0.00066,0
coveranalysis,train,W_87595,P_87605,21714,0.00129,0
coveranalysis,train,W_8763,P_8763,29310,7e-05,0
coveranalysis,train,W_87842,P_87842,14807,0.0,0
coveranalysis,train,W_87842,P_87844,13791,0.01073,0
coveranalysis,train,W_88014,P_88014,12359,0.01262,0
coveranalysis,train,W_88014,P_88015,12785,0.00172,0
coveranalysis,train,W_8842,P_8842,13785,0.01821,0
coveranalysis,train,W_8842,P_8843,18650,0.01035,0
coveranalysis,train,W_49270,P_88548,28683,0.0007,0
coveranalysis,train,W_89572,P_89572,24900,0.00205,0
coveranalysis,train,W_8952,P_8962,13317,0.02043,0
coveranalysis,train,W_89754,P_89754,28007,0.00721,0
coveranalysis,train,W_89754,P_89774,24195,0.01761,0
coveranalysis,train,W_90052,P_90073,14561,0.03427,0
coveranalysis,train,W_90747,P_90747,13803,0.0,0
coveranalysis,train,W_39458,P_90871,16717,0.00018,0
coveranalysis,train,W_54311,P_91081,22946,0.0054,0
coveranalysis,train,W_91416,P_91416,27417,0.01798,0
coveranalysis,train,W_91587,P_91587,14026,0.02339,0
coveranalysis,train,W_91587,P_91588,16033,0.03069,0
coveranalysis,train,W_91613,P_91613,16965,0.00088,0
coveranalysis,train,W_91963,P_91963,17163,0.00798,0
coveranalysis,train,W_92047,P_92048,15807,0.00051,0
coveranalysis,train,W_54971,P_92114,13875,0.0005,0
coveranalysis,train,W_92340,P_92340,16634,0.01112,0
coveranalysis,train,W_26416,P_92365,19610,0.00342,0
coveranalysis,train,W_92366,P_92366,23707,0.0,0
coveranalysis,train,W_92366,P_92367,19810,0.01055,0
coveranalysis,train,W_26358,P_92435,12303,0.00073,0
coveranalysis,train,W_92545,P_92545,17269,0.00452,0
coveranalysis,train,W_44096,P_92674,12218,0.00025,0
coveranalysis,train,W_67470,P_93327,20713,0.00468,0
coveranalysis,train,W_93281,P_93360,16031,0.00069,0
coveranalysis,train,W_62033,P_93709,18257,0.00077,0
coveranalysis,train,W_93937,P_93942,19714,0.00081,0
coveranalysis,train,W_93980,P_93980,20922,0.00922,0
coveranalysis,train,W_94113,P_94113,21501,0.0126,0
coveranalysis,train,W_94154,P_94154,16392,0.00561,0
coveranalysis,train,W_94154,P_94157,18028,0.00555,0
coveranalysis,train,W_94195,P_94195,15574,0.02106,0
coveranalysis,train,W_94195,P_94196,17083,0.00205,0
coveranalysis,train,W_19253,P_94443,14505,0.0071,0
coveranalysis,train,W_94572,P_94572,17747,0.00011,0
coveranalysis,train,W_22193,P_94677,20668,0.0001,0
coveranalysis,train,W_9490,P_9490,10905,0.0011,0
coveranalysis,train,W_95019,P_95020,12924,0.0,0
coveranalysis,train,W_95201,P_95201,15439,0.0,0
coveranalysis,train,W_9527,P_9527,17752,0.0,0
coveranalysis,train,W_61914,P_95395,21798,0.00729,0
coveranalysis,train,W_96041,P_96041,19857,0.0,0
coveranalysis,train,W_96056,P_96056,18205,0.00879,0
coveranalysis,train,W_96056,P_96057,20691,0.00135,0
coveranalysis,train,W_9613,P_9613,17157,0.03503,0
coveranalysis,train,W_96429,P_96435,11383,0.00167,0
coveranalysis,train,W_7385,P_96463,15277,0.01002,0
coveranalysis,train,W_22193,P_96793,20526,0.01379,0
coveranalysis,train,W_54812,P_96800,23175,0.00086,0
coveranalysis,train,W_96833,P_96834,23397,0.1001,0
coveranalysis,train,W_35096,P_97189,30167,0.07657,0
coveranalysis,train,W_97394,P_97394,10461,0.00143,0
coveranalysis,train,W_97639,P_97639,19817,0.02281,0
coveranalysis,train,W_24350,P_97887,23513,0.06907,0
coveranalysis,train,W_28178,P_98025,19842,0.00096,0
coveranalysis,train,W_98346,P_98346,14893,0.01101,0
coveranalysis,train,W_9752,P_9857,14549,0.00887,0
coveranalysis,train,W_9887,P_9887,14595,0.02364,0
coveranalysis,train,W_9891,P_9891,11640,0.00919,0
coveranalysis,train,W_99189,P_99189,19443,0.00093,0
coveranalysis,train,W_99295,P_99295,22554,0.00572,0
coveranalysis,train,W_99295,P_99296,21474,0.0013,0
coveranalysis,train,W_49969,P_99619,18373,0.0,0
coveranalysis,train,W_5111,P_99900,29289,0.01127,0
