query_pid,query_wid,fold,p_no_cover_oof,y_no_cover
P_100,W_100,4,0.119548,0
P_1002,W_1002,3,0.475765,0
P_100518,W_5549,1,0.205967,0
P_10081,W_48,0,0.790205,1
P_101001,W_101001,4,0.761033,1
P_101081,W_5071,4,0.224925,0
P_10129,W_10129,1,0.189303,0
P_101399,W_55442,0,0.148246,1
P_101400,W_103,2,0.281633,0
P_101419,W_10212,3,0.51996,0
P_10144,W_10144,4,0.028732,0
P_101442,W_63854,0,0.64405,0
P_101515,W_2393,1,0.354931,0
P_101520,W_3162,2,0.186335,0
P_101529,W_10788,1,0.263425,0
P_101533,W_15519,4,0.301146,0
P_101534,W_3177,2,0.820267,1
P_101536,W_22451,3,0.686171,0
P_1017,W_1017,2,0.217419,0
P_101853,W_28493,4,0.783748,1
P_102024,W_2673,1,0.260634,0
P_102104,W_6676,3,0.175296,1
P_10212,W_10212,3,0.470725,0
P_10216,W_10216,1,0.755947,1
P_102166,W_2976,2,0.808669,1
P_102167,W_2974,3,0.431788,0
P_102171,W_100,4,0.357006,0
P_102273,W_7495,0,0.406346,0
P_10229,W_167,1,0.16256,0
P_102343,W_40034,1,0.544922,0
P_10237,W_10237,3,0.253019,0
P_102396,W_31003,3,0.24612,1
P_10242,W_10237,3,0.393249,0
P_102435,W_9626,2,0.199555,1
P_102458,W_11817,2,0.485493,1
P_102471,W_10717,0,0.411754,0
P_102472,W_841,1,0.403354,0
P_102474,W_12992,4,0.178387,0
P_10253,W_10253,3,0.232437,0
P_102533,W_27906,0,0.711696,1
P_10257,W_100,4,0.411218,1
P_102577,W_102577,1,0.66812,1
P_10259,W_2768,4,0.34427,0
P_102602,W_51980,1,0.643292,0
P_10261,W_10253,3,0.681419,1
P_102624,W_11794,2,0.677114,1
P_102627,W_75372,1,0.755592,1
P_102651,W_3097,1,0.211687,0
P_102653,W_33804,0,0.181053,0
P_102710,W_10144,4,0.258387,0
P_102746,W_1033,0,0.730548,1
P_102802,W_20610,2,0.108228,0
P_102917,W_5231,0,0.616225,1
P_102950,W_3092,1,0.109572,0
P_102984,W_4865,4,0.280778,0
P_102987,W_175,2,0.604428,1
P_103,W_103,2,0.327366,0
P_103143,W_103129,0,0.136067,1
P_10317,W_13523,4,0.515154,0
P_103197,W_53687,2,0.742623,0
P_103216,W_10717,0,0.558089,0
P_103233,W_272,0,0.017491,0
P_103277,W_11471,2,0.693076,0
P_103279,W_39438,2,0.590808,1
P_1033,W_1033,0,0.514962,0
P_103374,W_5363,4,0.214499,1
P_103376,W_2966,4,0.473677,0
P_10338,W_10338,4,0.02609,0
P_103433,W_1282,2,0.174717,0
P_103452,W_35206,0,0.629128,1
P_103454,W_4884,3,0.779771,1
P_103473,W_10906,4,0.690342,1
P_103475,W_4884,3,0.599919,0
P_103476,W_86939,4,0.551592,1
P_103478,W_7257,3,0.770847,1
P_103533,W_25000,4,0.075343,0
P_103557,W_21695,1,0.381492,0
P_103571,W_43997,4,0.293381,1
P_10360,W_4833,4,0.12925,0
P_103622,W_20049,1,0.466143,0
P_103682,W_4835,2,0.404573,0
P_103687,W_42453,1,0.563904,0
P_103737,W_625,0,0.598803,1
P_103766,W_21695,1,0.269374,0
P_103771,W_103771,3,0.481189,0
P_103772,W_103771,3,0.31565,0
P_103808,W_28784,2,0.423228,1
P_103809,W_4655,2,0.546237,0
P_103845,W_5549,1,0.226451,0
P_104,W_103,2,0.370545,0
P_10401,W_4687,2,0.697182,1
P_104042,W_80336,0,0.455535,0
P_104063,W_31003,3,0.450326,1
P_10408,W_5440,3,0.591726,1
P_104213,W_8202,2,0.158634,0
P_104226,W_2110,1,0.332531,0
P_104258,W_7776,3,0.518495,1
P_10428,W_10428,3,0.444512,0
P_104314,W_98770,4,0.62255,0
P_104315,W_4779,2,0.323758,0
P_104317,W_4646,3,0.747803,0
P_104320,W_20122,4,0.745967,0
P_104353,W_3221,0,0.600564,1
P_104354,W_6102,0,0.668681,0
P_104357,W_26939,0,0.716048,0
P_10436,W_2768,4,0.455975,0
P_104365,W_1055,2,0.279392,1
P_10437,W_2110,1,0.453664,0
P_10441,W_4945,3,0.218291,0
P_104429,W_9560,4,0.338313,1
P_104437,W_76174,2,0.68918,1
P_104513,W_2558,3,0.285301,1
P_10456,W_2976,2,0.416245,0
P_104604,W_11014,1,0.698689,1
P_104659,W_2673,1,0.518717,1
P_104683,W_19789,1,0.312307,0
P_104689,W_22556,4,0.354011,1
P_104716,W_27790,3,0.231131,0
P_104733,W_10237,3,0.247409,0
P_104734,W_3270,0,0.252751,1
P_10476,W_3964,1,0.352717,0
P_104780,W_5388,1,0.33763,0
P_104788,W_9560,4,0.381571,1
P_104791,W_7577,0,0.777772,1
P_10483,W_10472,0,0.092,0
P_104834,W_22581,3,0.142953,0
P_104838,W_1983,3,0.544446,1
P_104854,W_462,2,0.197606,0
P_10488,W_6616,4,0.126969,0
P_10492,W_6602,2,0.223831,0
P_10500,W_6676,3,0.173301,0
P_105004,W_24222,4,0.182268,0
P_105015,W_886,1,0.394175,0
P_105019,W_13440,2,0.331667,0
P_105030,W_34791,0,0.361016,0
P_10504,W_430,3,0.12522,0
P_105053,W_3063,0,0.532266,0
P_105082,W_8202,2,0.357302,1
P_105086,W_19955,2,0.65762,1
P_105107,W_2558,3,0.206771,1
P_105113,W_1454,0,0.278575,0
P_105142,W_97414,3,0.469877,0
P_105227,W_24473,2,0.101906,0
P_105231,W_148,4,0.645177,1
P_105233,W_97414,3,0.794164,0
P_10533,W_1130,2,0.73999,1
P_105417,W_3162,2,0.414865,0
P_105418,W_1282,2,0.606751,1
P_105420,W_15519,4,0.301469,0
P_105421,W_6437,3,0.152134,1
P_105424,W_2083,2,0.069058,0
P_105425,W_9133,4,0.180299,1
P_105434,W_20122,4,0.588688,1
P_105438,W_28687,0,0.295435,0
P_10546,W_625,0,0.691543,1
P_1055,W_1055,2,0.284354,0
P_105563,W_10581,3,0.735971,1
P_105702,W_47101,0,0.42726,0
P_105724,W_882,0,0.356594,0
P_105740,W_2768,4,0.579231,1
P_105746,W_8850,2,0.64585,0
P_105753,W_1812,4,0.177981,0
P_10577,W_10577,3,0.237912,0
P_10582,W_29380,0,0.689746,0
P_105840,W_87469,0,0.38148,0
P_105843,W_42934,3,0.686723,0
P_105885,W_5319,3,0.230867,0
P_105887,W_6549,2,0.261254,0
P_105890,W_5141,0,0.399528,0
P_10603,W_10603,4,0.52025,0
P_106062,W_10237,3,0.316526,0
P_106203,W_30552,2,0.267951,0
P_106207,W_27641,3,0.325901,0
P_10641,W_10641,3,0.554654,0
P_106560,W_82877,4,0.367862,1
P_10662,W_10526,0,0.304826,0
P_106674,W_932,4,0.617739,0
P_106678,W_1456,1,0.268384,1
P_106837,W_2696,3,0.331327,0
P_10685,W_10685,2,0.65415,0
P_106883,W_106883,4,0.459916,1
P_106922,W_52963,2,0.24956,0
P_106924,W_13208,1,0.063527,0
P_106946,W_6807,3,0.171768,0
P_106970,W_92417,1,0.654985,1
P_10717,W_10717,0,0.200411,0
P_107170,W_61207,0,0.659253,0
P_107205,W_40034,1,0.208953,1
P_107498,W_10577,3,0.267826,0
P_107502,W_10577,3,0.429714,1
P_107520,W_30668,4,0.780966,0
P_107524,W_19945,4,0.752717,1
P_107529,W_81722,2,0.734444,1
P_107531,W_7213,0,0.669347,1
P_107555,W_5231,0,0.554885,1
P_10758,W_2474,1,0.513548,1
P_107595,W_3928,4,0.025124,0
P_10761,W_4642,1,0.488361,1
P_10762,W_1305,2,0.111682,0
P_10766,W_4642,1,0.607004,1
P_10767,W_4642,1,0.211709,1
P_107684,W_9626,2,0.203664,0
P_107727,W_373,0,0.415927,1
P_10774,W_10528,3,0.534616,1
P_107781,W_46851,0,0.622887,0
P_10784,W_10781,0,0.598419,0
P_10785,W_10781,0,0.701334,1
P_107872,W_7550,2,0.106286,0
P_10788,W_10788,1,0.470731,0
P_10799,W_3552,4,0.787755,1
P_108072,W_35472,2,0.363832,0
P_108134,W_10154,4,0.2922,0
P_108135,W_47639,0,0.274801,0
P_108150,W_8202,2,0.036686,0
P_108182,W_10907,3,0.676412,0
P_108218,W_32595,1,0.152514,0
P_108237,W_53997,1,0.438683,1
P_108259,W_68472,3,0.756099,1
P_108282,W_29078,1,0.729365,0
P_108286,W_1378,4,0.672206,0
P_108327,W_5461,4,0.7461,1
P_108364,W_47639,0,0.316866,0
P_108372,W_10154,4,0.355223,0
P_108376,W_1278,0,0.029551,0
P_10838,W_10838,2,0.743784,1
P_108434,W_4916,0,0.639878,0
P_108449,W_5216,1,0.189807,0
P_108458,W_19748,1,0.478168,0
P_10846,W_10846,1,0.546271,1
P_108465,W_31003,3,0.10813,1
P_108473,W_101220,0,0.775326,1
P_108475,W_101220,0,0.680497,0
P_10848,W_10848,3,0.805159,0
P_10849,W_10849,2,0.64274,0
P_108509,W_14501,0,0.37142,0
P_108518,W_30209,0,0.270121,1
P_108526,W_39055,4,0.656177,1
P_108548,W_375,4,0.740329,1
P_108588,W_4244,4,0.365062,1
P_108686,W_20539,3,0.317214,0
P_108687,W_7580,4,0.590619,1
P_108690,W_98770,4,0.723531,1
P_108692,W_108692,1,0.675438,0
P_108693,W_25489,1,0.736952,1
P_108694,W_108692,1,0.533899,0
P_108697,W_4939,4,0.652403,0
P_108698,W_108692,1,0.64495,0
P_108700,W_108692,1,0.506231,0
P_108752,W_4755,3,0.085618,0
P_108867,W_98311,3,0.573966,1
P_108939,W_13549,0,0.616341,1
P_108951,W_32711,2,0.658819,1
P_10901,W_10901,2,0.638618,1
P_10902,W_10902,1,0.63848,0
P_10905,W_4829,4,0.655056,1
P_10907,W_10907,3,0.648198,1
P_109089,W_89492,2,0.4872,0
P_109122,W_109122,1,0.520794,1
P_109124,W_109122,1,0.72157,0
P_10913,W_10913,1,0.539382,1
P_109138,W_62475,2,0.122483,0
P_10914,W_10914,1,0.820402,1
P_109217,W_56781,0,0.229849,0
P_10932,W_10931,1,0.21915,1
P_109377,W_13691,1,0.560209,0
P_109386,W_28184,1,0.772075,1
P_109435,W_32531,0,0.04373,0
P_109440,W_2558,3,0.338928,0
P_109597,W_1894,0,0.140085,1
P_10964,W_6753,3,0.06618,0
P_109642,W_109642,2,0.47572,1
P_109643,W_109642,2,0.605259,1
P_109644,W_109642,2,0.59622,1
P_109646,W_109642,2,0.58874,1
P_109985,W_8872,4,0.207349,0
P_110044,W_2407,2,0.469914,0
P_11006,W_11006,2,0.716613,0
P_110123,W_102577,1,0.767871,1
P_110124,W_9665,2,0.699399,0
P_110128,W_40671,4,0.297486,1
P_110134,W_54466,2,0.550874,1
P_11014,W_11014,1,0.182718,0
P_110161,W_34086,3,0.063449,0
P_110236,W_26111,3,0.778786,0
P_110279,W_68472,3,0.240058,0
P_110345,W_627,2,0.642448,1
P_110384,W_10528,3,0.280928,1
P_110437,W_63101,3,0.726256,1
P_11045,W_4689,3,0.816075,1
P_11048,W_4689,3,0.657487,0
P_11051,W_11051,3,0.131023,0
P_11054,W_11054,3,0.260037,0
P_110549,W_2673,1,0.300369,0
P_11067,W_11054,3,0.253086,0
P_110726,W_26461,3,0.282624,1
P_110727,W_26461,3,0.285396,0
P_1108,W_1108,3,0.135524,0
P_1109,W_1108,3,0.447066,1
P_110919,W_35206,0,0.760071,0
P_110932,W_99743,2,0.689995,1
P_110956,W_11823,4,0.669671,1
P_11096,W_167,1,0.080406,0
P_110964,W_64593,1,0.802658,1
P_110965,W_13687,3,0.706867,1
P_111009,W_32062,0,0.177549,0
P_111106,W_9571,2,0.362568,1
P_111108,W_29299,0,0.577828,0
P_111226,W_6715,2,0.652802,0
P_111338,W_20120,1,0.668758,1
P_111341,W_28094,0,0.619872,1
P_111343,W_76498,4,0.629065,1
P_111432,W_642,3,0.030619,0
P_111666,W_111408,0,0.740574,1
P_111674,W_111408,0,0.754685,1
P_111734,W_9576,4,0.697066,0
P_111747,W_5958,0,0.463356,0
P_111763,W_11657,1,0.444365,1
P_111787,W_15521,2,0.55141,0
P_111932,W_111510,2,0.588307,0
P_111944,W_27790,3,0.24673,0
P_11197,W_6784,3,0.307418,0
P_112043,W_111535,0,0.144637,0
P_112044,W_111535,0,0.050843,0
P_11215,W_51980,1,0.646849,1
P_11221,W_272,0,0.021831,0
P_112288,W_111535,0,0.170591,0
P_11235,W_272,0,0.027351,0
P_112416,W_5515,3,0.209046,0
P_11242,W_272,0,0.151168,0
P_11243,W_272,0,0.040721,0
P_11246,W_272,0,0.080482,0
P_112482,W_9644,4,0.185181,0
P_11249,W_11249,0,0.255093,0
P_112523,W_32062,0,0.117386,0
P_112559,W_3266,0,0.716065,0
P_112560,W_111656,0,0.753551,1
P_112580,W_7247,2,0.386792,0
P_112613,W_111408,0,0.603864,0
P_112686,W_13208,1,0.191795,0
P_11275,W_272,0,0.088317,0
P_112944,W_20639,4,0.113973,0
P_113059,W_706,0,0.478892,0
P_113175,W_30246,1,0.238599,0
P_113226,W_3858,0,0.341789,0
P_113253,W_39520,2,0.206039,0
P_11333,W_961,0,0.144351,0
P_11334,W_1456,1,0.209373,0
P_113409,W_7489,0,0.345941,0
P_113472,W_22581,3,0.065004,0
P_11358,W_11358,1,0.622045,1
P_113609,W_20414,1,0.228592,1
P_11365,W_2658,1,0.726104,1
P_11366,W_5095,4,0.320618,0
P_113701,W_111854,2,0.658519,1
P_113702,W_111854,2,0.719615,1
P_113703,W_111854,2,0.780953,1
P_113704,W_111854,2,0.650416,1
P_113713,W_111854,2,0.712042,1
P_113724,W_954,4,0.074967,0
P_113964,W_111906,1,0.611362,1
P_113966,W_111906,1,0.679206,0
P_113976,W_52177,2,0.848345,0
P_114054,W_111906,1,0.784636,1
P_114055,W_20088,1,0.8069,1
P_114056,W_101220,0,0.653329,0
P_114057,W_4696,4,0.691617,0
P_114060,W_4810,1,0.69095,1
P_114061,W_7584,0,0.726722,0
P_114062,W_4814,4,0.78885,1
P_114063,W_11833,1,0.632505,1
P_114082,W_106883,4,0.696715,1
P_11411,W_1276,4,0.391671,0
P_114131,W_86795,4,0.767633,1
P_114132,W_86795,4,0.695528,1
P_114133,W_111906,1,0.774856,1
P_114153,W_111906,1,0.712625,1
P_114215,W_111952,3,0.638037,0
P_114217,W_111952,3,0.810729,0
P_114218,W_111952,3,0.715981,0
P_114228,W_111952,3,0.829757,1
P_1143,W_1143,1,0.140217,0
P_114331,W_1769,0,0.725753,0
P_114485,W_6616,4,0.032981,0
P_114486,W_430,3,0.255129,0
P_114490,W_6676,3,0.226255,0
P_114491,W_6602,2,0.243762,0
P_114525,W_10526,0,0.16749,0
P_114559,W_9576,4,0.545983,1
P_114587,W_27913,2,0.804253,1
P_114588,W_27913,2,0.743822,1
P_114590,W_27913,2,0.84594,0
P_114603,W_27913,2,0.794031,1
P_114605,W_9671,0,0.610815,1
P_114679,W_111991,0,0.504775,0
P_114680,W_111991,0,0.615519,0
P_114682,W_111991,0,0.390158,0
P_11471,W_11471,2,0.756642,1
P_11473,W_11473,3,0.606878,0
P_11485,W_11485,4,0.027589,0
P_11488,W_11485,4,0.05649,0
P_114908,W_2911,0,0.593664,0
P_114909,W_4820,4,0.625697,0
P_114927,W_112006,2,0.682753,1
P_114935,W_112006,2,0.686622,0
P_115006,W_112006,2,0.440111,1
P_115029,W_58781,1,0.421443,1
P_115030,W_65049,3,0.700403,0
P_115032,W_7581,1,0.562599,1
P_115033,W_25511,4,0.784156,0
P_115034,W_93655,0,0.376734,0
P_115055,W_40971,2,0.462828,1
P_115064,W_11472,4,0.782149,1
P_115080,W_112006,2,0.613418,1
P_115095,W_2427,4,0.482832,0
P_115096,W_10144,4,0.181426,1
P_115102,W_102577,1,0.661837,1
P_115133,W_11652,0,0.785361,1
P_115135,W_56239,3,0.749265,1
P_115137,W_11473,3,0.79363,1
P_115139,W_58781,1,0.819016,1
P_115142,W_22154,4,0.701233,1
P_115143,W_22154,4,0.509079,1
P_11516,W_11516,4,0.467549,0
P_115176,W_7202,3,0.519778,0
P_115177,W_5915,0,0.714146,1
P_115178,W_9290,4,0.540821,1
P_115179,W_27911,0,0.719414,1
P_115180,W_4687,2,0.645427,0
P_115182,W_76498,4,0.728637,1
P_115203,W_38517,4,0.533931,1
P_115210,W_1305,2,0.112812,1
P_115250,W_6693,0,0.170592,1
P_1153,W_1153,3,0.290271,0
P_115446,W_3237,4,0.41001,0
P_115455,W_31003,3,0.278161,1
P_115475,W_21352,3,0.543162,0
P_11552,W_11552,4,0.4339,0
P_115534,W_112097,3,0.655503,1
P_11554,W_11552,4,0.484269,0
P_115556,W_112097,3,0.752336,1
P_115612,W_7253,2,0.51507,1
P_115616,W_27164,2,0.6573,1
P_115829,W_26687,1,0.377367,0
P_116008,W_111656,0,0.673439,0
P_116022,W_59319,4,0.626121,1
P_116151,W_30668,4,0.709654,0
P_116159,W_4685,2,0.832338,1
P_116166,W_30668,4,0.58523,1
P_116172,W_13873,4,0.680567,1
P_116173,W_97632,1,0.742279,1
P_116175,W_5438,3,0.721868,1
P_116176,W_4689,3,0.803025,0
P_116183,W_23772,3,0.715622,1
P_116188,W_77841,3,0.660274,0
P_116190,W_25621,3,0.744214,1
P_116197,W_19748,1,0.606219,1
P_116200,W_30668,4,0.697156,0
P_116201,W_112097,3,0.731134,0
P_116220,W_56781,0,0.362613,0
P_116234,W_7581,1,0.54804,1
P_116238,W_38495,2,0.570598,1
P_116255,W_101220,0,0.628645,0
P_116259,W_9158,1,0.588631,1
P_116264,W_7584,0,0.759562,0
P_116273,W_20049,1,0.701805,1
P_116274,W_12795,0,0.649639,0
P_116281,W_706,0,0.568523,0
P_116320,W_106883,4,0.789075,1
P_116367,W_20257,1,0.526776,1
P_116418,W_12159,4,0.752952,1
P_116420,W_42997,4,0.682287,0
P_116432,W_1347,4,0.555673,1
P_116438,W_87425,0,0.58322,1
P_11649,W_11649,1,0.637845,1
P_116508,W_22965,1,0.714271,1
P_116543,W_22965,1,0.708905,1
P_116552,W_39785,4,0.604571,1
P_116624,W_112241,2,0.556251,1
P_116625,W_112241,2,0.74965,1
P_116630,W_35395,2,0.663844,1
P_116635,W_112241,2,0.691699,0
P_116636,W_112241,2,0.759065,1
P_116638,W_93655,0,0.525856,1
P_116640,W_112241,2,0.592632,0
P_116641,W_112241,2,0.727361,1
P_116653,W_112241,2,0.596282,1
P_11667,W_11667,3,0.547075,1
P_116742,W_9158,1,0.529817,0
P_116752,W_9297,4,0.526989,0
P_116768,W_20162,3,0.670857,1
P_116787,W_20414,1,0.33165,0
P_116816,W_1278,0,0.210083,1
P_116825,W_9133,4,0.034418,0
P_116835,W_15519,4,0.04113,0
P_116865,W_20122,4,0.649812,1
P_116877,W_5388,1,0.266975,0
P_116924,W_55442,0,0.275938,1
P_116990,W_706,0,0.336855,0
P_117093,W_4833,4,0.057295,0
P_117233,W_7312,2,0.609583,0
P_117235,W_2658,1,0.290999,0
P_117330,W_4642,1,0.061849,0
P_117823,W_401,2,0.192376,0
P_117844,W_7264,3,0.543516,1
P_117849,W_69914,4,0.758843,1
P_11785,W_11785,3,0.710197,0
P_11787,W_11785,3,0.3829,0
P_117885,W_161,2,0.222918,0
P_117925,W_20084,4,0.624693,1
P_117939,W_24473,2,0.478652,0
P_11794,W_11794,2,0.493323,1
P_11796,W_9376,4,0.555312,1
P_11798,W_11798,3,0.636677,1
P_11801,W_10528,3,0.343524,0
P_118037,W_19353,0,0.530694,0
P_118057,W_4820,4,0.600922,1
P_11806,W_3321,2,0.243788,0
P_118164,W_12140,0,0.531361,0
P_11817,W_11817,2,0.69084,1
P_11818,W_11817,2,0.810074,0
P_118180,W_22926,4,0.728069,0
P_118182,W_4829,4,0.701968,1
P_118184,W_4801,4,0.793043,0
P_118185,W_98152,3,0.662462,0
P_118186,W_19417,4,0.595321,1
P_118187,W_13540,3,0.772697,0
P_11819,W_11819,0,0.750035,1
P_11820,W_11819,0,0.398721,1
P_118204,W_9571,2,0.408935,0
P_11821,W_11819,0,0.567942,1
P_11823,W_11823,4,0.641154,1
P_11824,W_11823,4,0.648003,1
P_11837,W_9571,2,0.612437,1
P_118381,W_3904,1,0.778666,0
P_11841,W_11841,4,0.233027,0
P_118419,W_7762,4,0.703133,1
P_11842,W_11841,4,0.149176,0
P_118476,W_20049,1,0.496858,1
P_118586,W_375,4,0.308267,1
P_118603,W_20088,1,0.700129,1
P_118604,W_31725,2,0.565154,1
P_118672,W_12255,4,0.729148,1
P_11871,W_1409,4,0.155404,0
P_118729,W_35389,4,0.744349,0
P_118730,W_7581,1,0.726863,0
P_11874,W_6093,0,0.099611,0
P_118763,W_4681,1,0.163739,1
P_118772,W_35389,4,0.739604,1
P_118773,W_34604,1,0.752911,1
P_118774,W_4685,2,0.653535,0
P_118776,W_101001,4,0.677126,1
P_118801,W_50379,1,0.749943,1
P_118879,W_12542,1,0.192779,0
P_11889,W_1130,2,0.688496,1
P_118905,W_112640,1,0.13689,0
P_118912,W_112640,1,0.228901,0
P_118916,W_28687,0,0.275198,1
P_118921,W_112640,1,0.164687,0
P_11898,W_11898,0,0.26999,0
P_11900,W_11898,0,0.453841,0
P_11902,W_10526,0,0.334328,0
P_119041,W_8696,0,0.150458,1
P_11905,W_11898,0,0.541483,0
P_119239,W_3744,2,0.636445,0
P_119242,W_10253,3,0.399291,0
P_119272,W_11387,1,0.206205,0
P_11928,W_48,0,0.215592,1
P_119303,W_731,2,0.647743,1
P_119313,W_79329,3,0.765853,1
P_11936,W_303,3,0.155964,0
P_119455,W_373,0,0.249035,0
P_119457,W_7312,2,0.417649,1
P_11953,W_954,4,0.183143,0
P_119553,W_86795,4,0.741977,1
P_119555,W_42488,0,0.538447,0
P_119560,W_11006,2,0.684804,0
P_119561,W_11006,2,0.618778,0
P_119562,W_11006,2,0.763004,1
P_119568,W_2968,4,0.766695,1
P_119569,W_82985,4,0.668323,1
P_119577,W_11474,2,0.586376,0
P_11958,W_954,4,0.217586,0
P_119585,W_13208,1,0.123374,0
P_11959,W_954,4,0.567133,0
P_119683,W_383,3,0.307411,1
P_119701,W_2658,1,0.537271,1
P_119706,W_6102,0,0.364285,0
P_119727,W_20610,2,0.097805,0
P_119734,W_4749,1,0.27711,0
P_119766,W_40971,2,0.608716,1
P_119767,W_40971,2,0.580571,0
P_119768,W_40971,2,0.603476,0
P_119777,W_3497,1,0.718094,1
P_119840,W_30552,2,0.75676,1
P_119866,W_8872,4,0.079726,0
P_11990,W_10528,3,0.083584,1
P_119937,W_11535,0,0.804186,1
P_11997,W_954,4,0.430452,0
P_11998,W_954,4,0.303031,1
P_120078,W_4884,3,0.71653,1
P_12017,W_5958,0,0.142307,0
P_120174,W_11785,3,0.488987,0
P_12018,W_623,4,0.491809,1
P_12021,W_48,0,0.274536,0
P_12022,W_48,0,0.518434,1
P_12024,W_1456,1,0.088945,0
P_120303,W_13208,1,0.061691,0
P_120309,W_9576,4,0.874075,1
P_12031,W_12031,1,0.707458,1
P_120310,W_11474,2,0.683673,1
P_120324,W_42488,0,0.442824,0
P_120330,W_112910,4,0.560258,0
P_120331,W_112910,4,0.60733,1
P_120333,W_112910,4,0.586029,0
P_120334,W_18505,1,0.6165,0
P_120336,W_112910,4,0.732658,0
P_120337,W_112910,4,0.656484,0
P_120352,W_28495,3,0.70372,1
P_120356,W_8203,4,0.727089,1
P_12037,W_9507,1,0.274412,0
P_120419,W_10907,3,0.472108,0
P_12043,W_4354,3,0.254653,0
P_120442,W_4843,1,0.787174,1
P_120523,W_38476,0,0.213362,1
P_120528,W_5697,2,0.159278,0
P_12053,W_5368,3,0.265138,1
P_12058,W_961,0,0.261762,0
P_120600,W_932,4,0.167684,1
P_120628,W_4887,1,0.668978,1
P_120649,W_1443,0,0.189629,0
P_120652,W_4751,3,0.499631,0
P_120661,W_109122,1,0.616281,0
P_120709,W_367,1,0.296489,0
P_120946,W_28221,2,0.66219,1
P_121047,W_4692,0,0.69206,0
P_121048,W_1650,3,0.443421,0
P_121064,W_9004,2,0.261248,0
P_121202,W_2930,3,0.382335,0
P_121203,W_961,0,0.180209,0
P_121206,W_1478,1,0.251472,0
P_121297,W_97414,3,0.542231,0
P_121338,W_4277,0,0.04645,0
P_121348,W_2083,2,0.403032,0
P_12135,W_12135,4,0.530214,1
P_121389,W_102577,1,0.815616,1
P_12140,W_12140,0,0.422413,1
P_121402,W_4812,1,0.726081,0
P_121424,W_15521,2,0.445127,1
P_121427,W_14501,0,0.071854,0
P_121428,W_4775,3,0.432693,0
P_121429,W_12972,4,0.62741,0
P_121488,W_10848,3,0.700378,1
P_121498,W_11667,3,0.435798,1
P_121500,W_102577,1,0.747536,1
P_121547,W_2855,4,0.769495,0
P_121599,W_19912,3,0.588567,1
P_12168,W_12168,0,0.13022,0
P_12179,W_4217,3,0.649327,1
P_12180,W_5500,4,0.557558,1
P_121803,W_112241,2,0.503084,0
P_12182,W_3270,0,0.711526,1
P_121822,W_4683,2,0.630632,1
P_121823,W_5438,3,0.771257,0
P_121824,W_4683,2,0.642062,1
P_121851,W_3839,2,0.578097,0
P_121871,W_12317,3,0.739612,0
P_121989,W_38429,4,0.797181,0
P_122011,W_19903,3,0.142294,0
P_122031,W_42117,0,0.374169,0
P_122038,W_30209,0,0.65986,0
P_122096,W_4865,4,0.491133,1
P_122162,W_31327,2,0.496845,0
P_122231,W_373,0,0.456535,0
P_122263,W_11652,0,0.742691,1
P_122300,W_4829,4,0.764869,1
P_122303,W_9703,3,0.646783,1
P_122353,W_575,4,0.324527,1
P_122484,W_15521,2,0.31116,0
P_122525,W_1002,3,0.13502,0
P_122530,W_10428,3,0.277789,0
P_122534,W_11898,0,0.33814,0
P_12255,W_12255,4,0.728531,0
P_122588,W_111535,0,0.080111,0
P_122654,W_3928,4,0.027076,0
P_122676,W_16560,3,0.19571,0
P_12269,W_886,1,0.509709,1
P_12270,W_932,4,0.306008,0
P_122902,W_6210,3,0.560534,1
P_122916,W_35395,2,0.27856,1
P_122933,W_83873,2,0.386587,0
P_122934,W_83881,4,0.511182,0
P_122935,W_83871,4,0.315701,0
P_12317,W_12317,3,0.639337,0
P_123187,W_23239,4,0.787223,1
P_123223,W_1812,4,0.274637,0
P_123481,W_799,4,0.120382,0
P_124019,W_11841,4,0.258256,0
P_124036,W_83881,4,0.511182,0
P_124040,W_13127,4,0.371865,0
P_12406,W_642,3,0.034072,0
P_124071,W_13208,1,0.156778,1
P_124173,W_32058,1,0.180132,0
P_12429,W_3673,0,0.263265,1
P_12433,W_12168,0,0.239808,0
P_124468,W_9133,4,0.049078,0
P_124470,W_1409,4,0.137017,0
P_124516,W_12992,4,0.128278,0
P_124579,W_21013,2,0.572795,0
P_12460,W_12460,1,0.246565,0
P_124644,W_34086,3,0.064893,0
P_124661,W_3321,2,0.518069,1
P_124676,W_3321,2,0.34343,0
P_124681,W_3321,2,0.606044,1
P_12470,W_886,1,0.782196,1
P_12476,W_10685,2,0.466335,0
P_12478,W_10790,1,0.137638,0
P_12484,W_26,3,0.312541,0
P_12486,W_4749,1,0.133796,0
P_124892,W_679,2,0.175192,0
P_124895,W_1282,2,0.44898,0
P_124896,W_2393,1,0.237336,0
P_125119,W_34791,0,0.459973,1
P_125122,W_1894,0,0.123005,0
P_125125,W_113615,4,0.048409,0
P_125330,W_13875,4,0.685337,1
P_125333,W_25511,4,0.709375,1
P_125339,W_6031,2,0.369478,0
P_12545,W_12542,1,0.165384,0
P_12547,W_12542,1,0.139279,0
P_12548,W_12542,1,0.049281,0
P_125846,W_113724,0,0.057695,0
P_125847,W_113724,0,0.284656,1
P_126067,W_1650,3,0.074157,0
P_12611,W_3978,1,0.096449,1
P_12618,W_4922,0,0.201694,0
P_126221,W_13552,4,0.613213,0
P_126241,W_19985,2,0.471913,0
P_126372,W_13687,3,0.488373,1
P_126395,W_27477,3,0.423559,0
P_126396,W_5095,4,0.594058,0
P_126409,W_7818,4,0.780575,1
P_126431,W_7213,0,0.699223,0
P_126432,W_10901,2,0.672261,1
P_126434,W_4816,2,0.652704,0
P_126445,W_9626,2,0.481062,0
P_126446,W_9626,2,0.12552,1
P_126451,W_6292,2,0.377006,1
P_12656,W_662,2,0.161264,0
P_12658,W_9103,1,0.546041,1
P_12659,W_2301,3,0.198755,0
P_126898,W_21828,3,0.096877,0
P_126951,W_3497,1,0.683202,0
P_127072,W_8339,0,0.52592,1
P_127089,W_13208,1,0.157421,0
P_127142,W_3995,4,0.063541,0
P_127302,W_94,3,0.280225,0
P_127327,W_7550,2,0.245781,0
P_127330,W_94,3,0.204611,1
P_127410,W_3074,2,0.055683,0
P_127420,W_48,0,0.182769,1
P_127428,W_10685,2,0.475218,1
P_127489,W_4775,3,0.318718,0
P_127491,W_4012,3,0.595155,0
P_1276,W_1276,4,0.075413,0
P_1278,W_1278,0,0.051106,0
P_12784,W_3321,2,0.623879,0
P_12786,W_3904,1,0.818221,1
P_127887,W_11850,0,0.712725,1
P_127888,W_11850,0,0.589737,1
P_1279,W_1278,0,0.229738,0
P_127907,W_1308,0,0.562948,0
P_127917,W_14354,0,0.483066,0
P_12792,W_12792,3,0.593476,0
P_127921,W_32711,2,0.697795,1
P_128034,W_5368,3,0.211544,0
P_128187,W_69970,2,0.167241,0
P_128283,W_3529,2,0.487104,0
P_1283,W_1282,2,0.232502,0
P_128365,W_179,3,0.338468,1
P_128392,W_113615,4,0.084571,0
P_128395,W_3964,1,0.208947,0
P_12858,W_1108,3,0.139242,0
P_12861,W_2145,0,0.743948,1
P_12864,W_11841,4,0.144157,0
P_128673,W_82985,4,0.490149,1
P_128674,W_2968,4,0.664271,1
P_128709,W_31725,2,0.785405,0
P_12877,W_6616,4,0.305029,1
P_128782,W_14809,2,0.293018,0
P_1288,W_625,0,0.103148,1
P_128902,W_55861,0,0.421271,0
P_129019,W_47901,1,0.375467,0
P_129045,W_93644,0,0.788647,0
P_129070,W_20710,2,0.607819,1
P_129086,W_2083,2,0.358109,1
P_129091,W_1002,3,0.700654,1
P_129093,W_343,4,0.203093,1
P_129127,W_109122,1,0.538102,1
P_129373,W_114394,1,0.631069,0
P_129386,W_114394,1,0.832431,1
P_129391,W_114394,1,0.716806,0
P_129393,W_114394,1,0.710692,1
P_129396,W_114394,1,0.795432,1
P_129467,W_56366,4,0.694422,1
P_129468,W_62086,3,0.66231,1
P_129504,W_114408,2,0.65779,0
P_129505,W_114408,2,0.727687,1
P_129521,W_83881,4,0.705628,1
P_129538,W_9350,2,0.691537,0
P_129541,W_114408,2,0.765492,1
P_129553,W_114408,2,0.752305,1
P_129653,W_4277,0,0.327019,0
P_12968,W_12968,4,0.295147,0
P_12972,W_12972,4,0.659884,1
P_12974,W_12972,4,0.75052,0
P_129865,W_114490,1,0.638732,1
P_129867,W_114490,1,0.657777,1
P_129914,W_22945,0,0.279003,0
P_12992,W_12992,4,0.086223,0
P_129935,W_87758,0,0.325139,0
P_12997,W_6417,3,0.281073,0
P_130017,W_78838,3,0.653537,1
P_130024,W_35395,2,0.569043,1
P_13005,W_1924,2,0.19529,0
P_130151,W_10906,4,0.680856,1
P_130257,W_13204,0,0.731253,1
P_130260,W_1033,0,0.184268,1
P_130313,W_20036,0,0.72692,1
P_130388,W_10581,3,0.582837,1
P_130389,W_20120,1,0.707532,0
P_130499,W_13549,0,0.828226,0
P_1305,W_1305,2,0.130586,0
P_130543,W_2976,2,0.527328,0
P_130565,W_5616,3,0.369457,0
P_130750,W_34568,3,0.271116,1
P_130754,W_34568,3,0.623114,1
P_130755,W_34568,3,0.17251,0
P_130766,W_546,1,0.67932,1
P_130821,W_114606,2,0.774128,0
P_130822,W_114606,2,0.774532,1
P_130828,W_114608,4,0.666425,1
P_130829,W_114608,4,0.733298,0
P_130921,W_11641,0,0.714067,0
P_131025,W_30235,3,0.810027,1
P_131026,W_7229,1,0.750603,1
P_131028,W_34907,3,0.432334,1
P_131030,W_10852,4,0.78074,1
P_13114,W_167,1,0.160738,0
P_131172,W_30235,3,0.768205,1
P_13118,W_5917,2,0.178147,0
P_131220,W_6216,3,0.181329,1
P_131221,W_7312,2,0.342934,0
P_13127,W_13127,4,0.365151,0
P_131288,W_10847,1,0.684925,1
P_131290,W_10847,1,0.669108,0
P_131292,W_10847,1,0.689578,0
P_131293,W_10847,1,0.681182,1
P_131295,W_10847,1,0.783004,1
P_131296,W_92417,1,0.795379,1
P_131298,W_35395,2,0.525661,1
P_131300,W_10847,1,0.604289,1
P_13132,W_5917,2,0.113885,0
P_131376,W_2081,0,0.128845,0
P_131379,W_9358,4,0.570694,0
P_131398,W_68897,1,0.358802,1
P_131511,W_51980,1,0.740171,0
P_13159,W_5917,2,0.310781,0
P_131630,W_1276,4,0.254366,0
P_131738,W_13208,1,0.302914,0
P_131813,W_34568,3,0.139249,0
P_131859,W_4887,1,0.652451,1
P_131874,W_706,0,0.58565,0
P_131927,W_114742,2,0.586109,0
P_131929,W_114742,2,0.710207,0
P_131936,W_114742,2,0.796322,1
P_131960,W_114606,2,0.600402,0
P_131965,W_114742,2,0.737863,0
P_131984,W_114742,2,0.687626,1
P_13204,W_13204,0,0.177424,0
P_132041,W_114742,2,0.73868,1
P_132045,W_114742,2,0.59012,1
P_132049,W_114742,2,0.755513,1
P_132051,W_9158,1,0.629599,0
P_132052,W_20088,1,0.826803,1
P_132053,W_4814,4,0.746657,1
P_132071,W_64372,3,0.757522,1
P_13216,W_13216,3,0.396753,0
P_132182,W_64593,1,0.599439,0
P_13222,W_13222,0,0.165642,0
P_132245,W_114742,2,0.621885,1
P_13232,W_2085,3,0.120758,0
P_132368,W_62433,0,0.572738,1
P_132412,W_40034,1,0.155788,1
P_132413,W_68472,3,0.296177,1
P_132436,W_1769,0,0.362167,0
P_132470,W_9704,2,0.618447,0
P_132518,W_1033,0,0.368996,0
P_132570,W_34907,3,0.630572,1
P_132577,W_9263,3,0.796017,0
P_132584,W_4916,0,0.692297,1
P_132586,W_68063,2,0.662246,1
P_132649,W_4922,0,0.597397,1
P_132656,W_112097,3,0.821926,1
P_132657,W_79329,3,0.749051,1
P_132660,W_114810,0,0.690441,1
P_132663,W_114810,0,0.792695,0
P_132758,W_4012,3,0.447396,0
P_132979,W_4681,1,0.714193,1
P_132996,W_5216,1,0.308417,1
P_13302,W_4755,3,0.055668,0
P_133129,W_19789,1,0.544124,1
P_133357,W_4749,1,0.090202,0
P_133519,W_4702,2,0.667886,1
P_133523,W_4694,4,0.418548,1
P_133524,W_8543,3,0.804178,1
P_133785,W_40971,2,0.295322,1
P_133831,W_656,1,0.041183,0
P_133832,W_4267,0,0.096909,0
P_133833,W_25000,4,0.009477,0
P_133836,W_7245,0,0.147011,0
P_13385,W_167,1,0.359847,0
P_133941,W_1939,1,0.808564,1
P_133946,W_27894,2,0.810492,1
P_133981,W_55068,4,0.117734,0
P_133982,W_12972,4,0.640099,1
P_134053,W_55068,4,0.494774,1
P_134120,W_3097,1,0.546167,1
P_134125,W_14238,2,0.445028,0
P_134144,W_4681,1,0.749377,1
P_134145,W_3266,0,0.384387,1
P_134175,W_10838,2,0.763496,0
P_13421,W_5555,3,0.510919,0
P_134245,W_5102,0,0.693231,0
P_13425,W_5555,3,0.18975,0
P_134250,W_9719,0,0.181137,1
P_134258,W_10914,1,0.636378,1
P_134262,W_55068,4,0.151442,1
P_13431,W_5555,3,0.025618,0
P_134349,W_22,0,0.41697,0
P_134352,W_13440,2,0.676666,1
P_134355,W_114947,1,0.497569,1
P_13440,W_13440,2,0.438887,0
P_134414,W_87758,0,0.337983,1
P_13447,W_4468,0,0.251125,0
P_134476,W_4681,1,0.616808,1
P_134587,W_1795,3,0.26209,0
P_134660,W_4217,3,0.624679,1
P_134661,W_4829,4,0.69981,1
P_134662,W_4687,2,0.60486,1
P_134695,W_625,0,0.384152,0
P_1347,W_1347,4,0.656608,0
P_134711,W_55068,4,0.106469,0
P_134730,W_4681,1,0.811533,0
P_134742,W_4690,0,0.773991,1
P_134764,W_55068,4,0.156176,0
P_134765,W_55068,4,0.285038,1
P_134767,W_55068,4,0.146718,1
P_134783,W_50939,2,0.323573,0
P_1348,W_1347,4,0.65716,1
P_135031,W_7245,0,0.134685,0
P_135060,W_21826,2,0.472276,1
P_135061,W_50523,2,0.659306,1
P_135084,W_45948,4,0.611272,0
P_13513,W_2271,1,0.467253,0
P_13522,W_3063,0,0.730966,1
P_13523,W_13523,4,0.436544,0
P_1353,W_1353,0,0.54974,0
P_13552,W_13552,4,0.627686,0
P_135528,W_11358,1,0.357539,0
P_135595,W_10901,2,0.798153,1
P_135628,W_115054,1,0.199213,0
P_135643,W_115054,1,0.159532,0
P_13566,W_4762,3,0.164929,0
P_135668,W_10902,1,0.66265,1
P_135670,W_4689,3,0.6729,1
P_135672,W_1033,0,0.422399,0
P_135675,W_5440,3,0.534991,1
P_135677,W_4849,1,0.661964,1
P_135695,W_18505,1,0.635503,0
P_135738,W_18505,1,0.508398,0
P_135759,W_18505,1,0.716052,1
P_135793,W_18505,1,0.643982,1
P_1359,W_1353,0,0.497658,1
P_135935,W_303,3,0.259747,0
P_136020,W_9262,1,0.728651,1
P_136132,W_18505,1,0.647995,0
P_136182,W_52177,2,0.745283,0
P_136185,W_26461,3,0.666895,1
P_136233,W_18505,1,0.444761,0
P_136281,W_1278,0,0.092891,0
P_1364,W_1364,3,0.705456,0
P_136457,W_1443,0,0.302095,0
P_13658,W_4012,3,0.244835,1
P_1367,W_1364,3,0.714903,0
P_136809,W_3270,0,0.420332,0
P_13687,W_13687,3,0.424237,1
P_136870,W_6807,3,0.496788,0
P_136908,W_24522,3,0.695561,1
P_13695,W_13695,1,0.248547,0
P_13698,W_13698,1,0.685137,1
P_137291,W_115249,2,0.77515,1
P_137292,W_115249,2,0.702376,1
P_137293,W_115249,2,0.761239,1
P_137294,W_115249,2,0.71742,0
P_137296,W_115249,2,0.723367,1
P_137375,W_115251,3,0.571225,1
P_137414,W_10914,1,0.423287,1
P_137485,W_994,2,0.194274,0
P_137537,W_29060,0,0.769433,0
P_137556,W_11484,3,0.631439,1
P_137558,W_9576,4,0.510605,0
P_137588,W_53351,4,0.726812,1
P_137590,W_115249,2,0.604541,0
P_1376,W_1376,1,0.269358,0
P_137629,W_5233,4,0.598501,1
P_137708,W_103771,3,0.741608,1
P_137716,W_74245,4,0.595554,0
P_137740,W_11649,1,0.733369,0
P_137764,W_40199,4,0.473029,1
P_1378,W_1378,4,0.775528,0
P_13805,W_1409,4,0.303422,1
P_13807,W_1308,0,0.180824,0
P_138093,W_42631,3,0.430666,0
P_138116,W_3599,1,0.348341,1
P_138156,W_10907,3,0.438361,0
P_13831,W_7032,0,0.058896,0
P_13832,W_6536,2,0.225457,0
P_138459,W_3599,1,0.710541,0
P_138491,W_103,2,0.195537,0
P_138508,W_10216,1,0.751042,1
P_138614,W_2271,1,0.146848,0
P_138652,W_27913,2,0.795797,0
P_13869,W_2911,0,0.503566,0
P_138718,W_5071,4,0.495731,0
P_138719,W_8824,2,0.402166,1
P_138721,W_4354,3,0.226077,0
P_138722,W_3061,1,0.488634,1
P_138727,W_5216,1,0.158353,0
P_138731,W_40419,2,0.724438,0
P_13888,W_3170,4,0.316861,1
P_13895,W_1130,2,0.572836,1
P_138967,W_32595,1,0.120422,0
P_139000,W_9665,2,0.58746,1
P_13908,W_3211,3,0.200265,0
P_139092,W_3599,1,0.540923,0
P_139161,W_3599,1,0.451025,0
P_139304,W_6730,0,0.557741,0
P_139305,W_6730,0,0.420172,0
P_139401,W_4217,3,0.68842,0
P_139431,W_11823,4,0.666936,0
P_139457,W_299,1,0.435695,1
P_139673,W_111952,3,0.683761,1
P_139768,W_3599,1,0.736228,0
P_139835,W_32408,2,0.479647,0
P_139969,W_22084,1,0.22239,0
P_140021,W_7279,4,0.13109,0
P_140023,W_2976,2,0.503751,0
P_140165,W_3599,1,0.590147,1
P_140166,W_65381,2,0.35713,1
P_14019,W_14019,3,0.510135,0
P_140200,W_45675,2,0.204045,0
P_140236,W_64445,2,0.330948,0
P_140237,W_113724,0,0.100565,1
P_140253,W_113615,4,0.337289,0
P_140376,W_3599,1,0.535866,0
P_14040,W_14019,3,0.369424,0
P_140410,W_3599,1,0.445222,0
P_140445,W_2145,0,0.656619,0
P_140473,W_29078,1,0.785044,1
P_140475,W_3599,1,0.549754,0
P_140478,W_115692,2,0.711209,0
P_140479,W_40924,0,0.546755,1
P_140497,W_546,1,0.455057,0
P_140587,W_42488,0,0.599328,0
P_140598,W_115707,2,0.650255,1
P_140737,W_28493,4,0.828167,1
P_140792,W_115728,4,0.14138,0
P_140793,W_115728,4,0.107061,0
P_140865,W_115249,2,0.756037,0
P_140874,W_4685,2,0.822679,1
P_140886,W_43012,3,0.706297,0
P_140894,W_115707,2,0.415774,1
P_1409,W_1409,4,0.153864,0
P_141062,W_115707,2,0.599766,1
P_141084,W_19417,4,0.795019,1
P_141095,W_10848,3,0.780364,0
P_141097,W_11473,3,0.725137,1
P_1411,W_994,2,0.470568,1
P_141101,W_10847,1,0.66422,1
P_1412,W_1412,1,0.476888,0
P_141269,W_115814,2,0.226495,0
P_141280,W_58783,4,0.596018,1
P_141284,W_5440,3,0.511635,1
P_14137,W_8387,2,0.242747,0
P_141458,W_115707,2,0.562382,0
P_141475,W_20122,4,0.674107,1
P_141499,W_82985,4,0.821382,1
P_141562,W_9703,3,0.559497,0
P_141563,W_23116,0,0.533121,1
P_141592,W_11785,3,0.177887,0
P_141593,W_22286,0,0.138402,0
P_141594,W_9132,3,0.207439,0
P_141597,W_5071,4,0.295785,0
P_141604,W_10528,3,0.485008,1
P_141608,W_12542,1,0.240865,0
P_141619,W_12542,1,0.205434,0
P_141718,W_7279,4,0.325651,0
P_141768,W_26939,0,0.431435,0
P_141912,W_9262,1,0.776158,1
P_141972,W_10852,4,0.478251,1
P_141976,W_11859,4,0.745001,1
P_14198,W_10144,4,0.066017,0
P_141991,W_4843,1,0.828093,1
P_141996,W_20049,1,0.748922,1
P_14204,W_623,4,0.098976,0
P_14205,W_11898,0,0.372962,1
P_142111,W_73656,0,0.517683,1
P_142176,W_23116,0,0.747607,1
P_14225,W_226,3,0.029916,0
P_142330,W_3858,0,0.189954,0
P_14238,W_14238,2,0.468746,0
P_14251,W_14238,2,0.332396,0
P_14254,W_14238,2,0.6543,0
P_14261,W_14238,2,0.233701,1
P_14263,W_14238,2,0.451796,1
P_14264,W_10141,4,0.135706,0
P_14272,W_14238,2,0.642024,0
P_142727,W_7116,4,0.390639,1
P_14273,W_14238,2,0.388061,0
P_142740,W_7084,0,0.568119,0
P_14275,W_14238,2,0.540742,0
P_142804,W_1362,1,0.608102,1
P_142968,W_115054,1,0.220422,0
P_143115,W_5697,2,0.201356,0
P_143186,W_6939,1,0.433362,0
P_143322,W_113724,0,0.219923,1
P_14342,W_5388,1,0.22051,0
P_14348,W_4468,0,0.302983,0
P_14349,W_4468,0,0.214973,0
P_14350,W_4468,0,0.447946,0
P_14352,W_6403,3,0.403411,0
P_14354,W_14354,0,0.652057,1
P_14355,W_14354,0,0.643012,1
P_143552,W_1983,3,0.449492,0
P_14356,W_14354,0,0.289219,0
P_143634,W_10581,3,0.548111,0
P_143647,W_7257,3,0.612164,1
P_143653,W_21826,2,0.602831,1
P_143661,W_11817,2,0.66283,1
P_143672,W_30326,0,0.62147,1
P_143699,W_30326,0,0.631456,1
P_143752,W_13208,1,0.039639,0
P_143757,W_22084,1,0.158912,0
P_14379,W_14379,0,0.23529,1
P_143796,W_111535,0,0.117243,0
P_14380,W_14379,0,0.229016,0
P_14387,W_3978,1,0.171556,0
P_143960,W_115728,4,0.276457,0
P_144067,W_115054,1,0.160546,0
P_144097,W_11471,2,0.825734,1
P_144099,W_375,4,0.472315,0
P_144115,W_10154,4,0.400606,0
P_14414,W_1278,0,0.092067,0
P_1443,W_1443,0,0.149554,0
P_144383,W_40419,2,0.531239,1
P_14446,W_1033,0,0.302943,0
P_144503,W_31360,2,0.832958,0
P_144666,W_4692,0,0.250441,1
P_144682,W_2768,4,0.430894,1
P_144706,W_10788,1,0.393449,1
P_144724,W_3170,4,0.377044,0
P_144727,W_6102,0,0.270756,0
P_144774,W_209,0,0.189076,0
P_144786,W_3237,4,0.668566,1
P_144811,W_14969,1,0.620621,1
P_144815,W_3673,0,0.860434,1
P_144821,W_9508,3,0.571999,1
P_144822,W_2474,1,0.880142,1
P_14485,W_14485,3,0.045301,0
P_14486,W_14485,3,0.03441,0
P_144862,W_679,2,0.272107,0
P_144863,W_679,2,0.245512,1
P_144864,W_679,2,0.271115,0
P_144869,W_679,2,0.273872,0
P_144877,W_867,3,0.139125,0
P_144916,W_100,4,0.380547,1
P_145006,W_53687,2,0.702653,1
P_14501,W_14501,0,0.163994,0
P_14502,W_14501,0,0.248773,0
P_14504,W_14501,0,0.538055,0
P_145056,W_53687,2,0.369719,1
P_145071,W_5616,3,0.728093,0
P_145072,W_1002,3,0.177592,0
P_145075,W_49809,4,0.265658,1
P_145078,W_1278,0,0.201392,1
P_1453,W_22,0,0.757294,0
P_145396,W_10576,2,0.651988,0
P_145397,W_13873,4,0.715251,0
P_145401,W_9290,4,0.489586,0
P_145429,W_87425,0,0.820869,1
P_145430,W_11667,3,0.802083,1
P_145432,W_5440,3,0.746601,1
P_1455,W_1454,0,0.403427,1
P_14560,W_5118,4,0.102142,0
P_145667,W_9290,4,0.539509,0
P_145670,W_4841,1,0.59593,0
P_145673,W_10851,4,0.642112,1
P_145678,W_5552,4,0.794057,1
P_145822,W_116516,4,0.143835,0
P_145830,W_116516,4,0.108802,1
P_145834,W_116516,4,0.565352,1
P_145842,W_9560,4,0.369703,0
P_145853,W_116516,4,0.673495,1
P_145855,W_89492,2,0.310803,0
P_14590,W_6549,2,0.304912,0
P_14597,W_6549,2,0.280218,0
P_146000,W_1454,0,0.411793,0
P_146160,W_1983,3,0.800863,1
P_146163,W_27477,3,0.356373,0
P_146166,W_5162,4,0.520224,1
P_146236,W_114490,1,0.851466,1
P_146238,W_4689,3,0.780567,1
P_146239,W_50379,1,0.752956,1
P_146241,W_26111,3,0.779807,1
P_146242,W_23772,3,0.738893,1
P_146243,W_12137,0,0.722985,0
P_146255,W_114810,0,0.723892,0
P_146256,W_44137,3,0.699384,1
P_146257,W_11484,3,0.771653,0
P_146359,W_116565,3,0.774854,1
P_146419,W_116565,3,0.880048,1
P_146422,W_12137,0,0.799868,1
P_146423,W_53262,1,0.559108,1
P_146437,W_116565,3,0.713145,1
P_146454,W_116565,3,0.785673,0
P_146514,W_116565,3,0.694591,1
P_146558,W_116565,3,0.679893,0
P_146573,W_35472,2,0.388064,0
P_146607,W_40702,2,0.686852,1
P_146608,W_65609,2,0.71686,1
P_146609,W_64372,3,0.85105,1
P_146610,W_97460,2,0.530843,0
P_146615,W_7580,4,0.611195,0
P_14662,W_14662,4,0.36062,0
P_146629,W_9131,0,0.630796,1
P_146650,W_6394,2,0.575685,1
P_146664,W_3174,2,0.219361,0
P_146721,W_28784,2,0.475255,0
P_146723,W_11249,0,0.437883,0
P_146748,W_53997,1,0.780998,1
P_146873,W_27320,2,0.75447,1
P_146931,W_5534,4,0.187063,1
P_147084,W_82146,3,0.57343,1
P_147150,W_116622,0,0.826594,1
P_147220,W_38517,4,0.708556,1
P_147244,W_116622,0,0.767761,1
P_147267,W_7577,0,0.768277,1
P_147478,W_10576,2,0.698702,1
P_147529,W_116622,0,0.845544,0
P_147562,W_10577,3,0.81451,1
P_147563,W_116622,0,0.660448,1
P_14775,W_1308,0,0.643162,0
P_1478,W_1478,1,0.089124,0
P_147868,W_82146,3,0.618965,0
P_147869,W_14599,4,0.681706,1
P_1479,W_1478,1,0.534956,0
P_148,W_148,4,0.631195,0
P_1481,W_1478,1,0.129378,1
P_148173,W_69970,2,0.315522,0
P_148223,W_11657,1,0.301745,1
P_148308,W_10065,3,0.491676,0
P_148343,W_67609,1,0.268984,0
P_148486,W_67609,1,0.29354,0
P_148487,W_13549,0,0.684374,1
P_1485,W_1478,1,0.281087,0
P_14857,W_1153,3,0.38169,0
P_14871,W_4726,0,0.08408,0
P_148743,W_67609,1,0.46612,1
P_148744,W_5515,3,0.307719,1
P_148747,W_40120,3,0.488108,1
P_148754,W_44137,3,0.760549,1
P_14877,W_594,1,0.309353,0
P_148804,W_69970,2,0.63559,0
P_148848,W_67609,1,0.616221,0
P_148855,W_67609,1,0.769528,1
P_148858,W_42997,4,0.797552,1
P_148894,W_4655,2,0.639291,1
P_148940,W_5294,1,0.660057,0
P_148989,W_12317,3,0.831597,1
P_149024,W_8202,2,0.478933,0
P_149044,W_4267,0,0.210506,0
P_149188,W_5958,0,0.571205,1
P_149191,W_46288,2,0.298697,0
P_149229,W_42488,0,0.686442,1
P_149230,W_67609,1,0.495837,1
P_149275,W_115692,2,0.813394,1
P_149282,W_1616,3,0.167268,0
P_149391,W_3260,0,0.31111,0
P_149448,W_4267,0,0.37658,1
P_1495,W_662,2,0.59012,0
P_149570,W_1153,3,0.112166,0
P_14958,W_9092,4,0.626816,0
P_149614,W_13873,4,0.619147,1
P_14963,W_3177,2,0.199242,0
P_149688,W_6464,3,0.438102,0
P_14970,W_14969,1,0.122292,0
P_149738,W_5515,3,0.242996,0
P_1498,W_954,4,0.23287,0
P_150054,W_5438,3,0.808761,1
P_1501,W_594,1,0.097262,0
P_150105,W_7253,2,0.647947,0
P_150129,W_5162,4,0.259421,1
P_150158,W_399,2,0.052848,0
P_150193,W_35389,4,0.693715,1
P_150194,W_35389,4,0.670077,1
P_150198,W_882,0,0.256301,1
P_150244,W_35389,4,0.738197,1
P_150246,W_35389,4,0.811144,1
P_150247,W_35389,4,0.740108,1
P_150454,W_42521,4,0.805406,0
P_150621,W_54816,3,0.625602,1
P_150629,W_82877,4,0.460182,0
P_150730,W_32202,2,0.176077,0
P_150853,W_5231,0,0.414356,1
P_150902,W_23142,1,0.187207,0
P_150964,W_4884,3,0.718826,0
P_15103,W_1130,2,0.239806,0
P_151056,W_4762,3,0.253116,0
P_1511,W_662,2,0.634504,1
P_151133,W_9263,3,0.802426,1
P_151148,W_6394,2,0.259113,0
P_151153,W_3928,4,0.034678,0
P_151165,W_21025,2,0.564503,1
P_151245,W_6394,2,0.206831,0
P_151354,W_4158,0,0.48827,0
P_151356,W_52851,4,0.249347,0
P_151399,W_6031,2,0.774151,1
P_1515,W_662,2,0.672598,1
P_151500,W_20036,0,0.539837,1
P_151512,W_59319,4,0.697119,1
P_151604,W_6031,2,0.582954,0
P_151609,W_7578,1,0.823567,1
P_151666,W_7213,0,0.608249,1
P_151669,W_4694,4,0.755263,1
P_151834,W_6031,2,0.722844,1
P_151846,W_4939,4,0.75204,0
P_151873,W_94,3,0.626655,1
P_151876,W_13204,0,0.753021,0
P_151877,W_26687,1,0.635926,0
P_151884,W_37513,1,0.282423,0
P_151902,W_30246,1,0.191027,0
P_151903,W_30246,1,0.61101,1
P_151938,W_117403,2,0.806275,1
P_152125,W_1812,4,0.160001,0
P_15223,W_15223,3,0.617666,1
P_15224,W_15223,3,0.730236,1
P_152300,W_34086,3,0.105512,0
P_152324,W_1153,3,0.315724,1
P_152366,W_6807,3,0.381767,1
P_152375,W_731,2,0.229497,0
P_152439,W_3858,0,0.476343,1
P_152442,W_6453,1,0.236105,0
P_152446,W_28687,0,0.479775,0
P_152460,W_3237,4,0.443986,0
P_152536,W_4689,3,0.809144,0
P_152589,W_117450,0,0.647044,0
P_152595,W_117450,0,0.40558,0
P_152601,W_6292,2,0.184684,0
P_152609,W_55068,4,0.196477,0
P_152838,W_10781,0,0.57959,1
P_152840,W_10846,1,0.660777,1
P_152901,W_161,2,0.440107,0
P_152902,W_3170,4,0.078349,1
P_15300,W_15300,2,0.203783,0
P_153025,W_3928,4,0.037505,0
P_153123,W_4655,2,0.498841,0
P_153124,W_1276,4,0.073672,0
P_153276,W_32058,1,0.218417,1
P_153520,W_36064,4,0.529927,0
P_153755,W_18507,4,0.715265,1
P_153775,W_9262,1,0.647014,1
P_15385,W_15385,4,0.23381,0
P_153923,W_86795,4,0.580531,1
P_153936,W_12968,4,0.851745,1
P_153947,W_4801,4,0.637939,1
P_153951,W_25511,4,0.829863,1
P_153988,W_4884,3,0.618532,0
P_154035,W_54461,0,0.385668,0
P_154064,W_31003,3,0.478645,0
P_15415,W_2928,1,0.128484,0
P_154332,W_209,0,0.198261,0
P_154337,W_886,1,0.69703,0
P_15435,W_19789,1,0.202958,0
P_154494,W_1276,4,0.068663,0
P_154497,W_5216,1,0.238642,0
P_154639,W_29060,0,0.651017,1
P_154782,W_6031,2,0.481142,0
P_154936,W_284,2,0.682735,0
P_155009,W_7446,1,0.127855,0
P_155069,W_9576,4,0.693349,0
P_155071,W_40876,3,0.805854,1
P_155073,W_7816,2,0.595693,1
P_155074,W_27913,2,0.722801,1
P_15519,W_15519,4,0.111374,0
P_15533,W_15519,4,0.235402,0
P_155602,W_6485,3,0.282309,0
P_155621,W_117791,2,0.426623,1
P_155623,W_117791,2,0.547924,1
P_155751,W_209,0,0.316221,0
P_155865,W_71702,3,0.672329,0
P_155869,W_40702,2,0.623221,0
P_155884,W_41946,2,0.477858,0
P_155948,W_117791,2,0.745481,1
P_155982,W_117849,1,0.59315,1
P_155983,W_117849,1,0.442394,1
P_155995,W_117849,1,0.194529,0
P_155998,W_117849,1,0.229207,0
P_156011,W_117849,1,0.376552,0
P_156080,W_117849,1,0.382377,0
P_156207,W_42488,0,0.707853,1
P_156209,W_26542,4,0.777406,1
P_156258,W_51980,1,0.400489,1
P_156281,W_117883,0,0.455299,1
P_156285,W_117883,0,0.786285,1
P_156374,W_52851,4,0.21268,0
P_156441,W_10913,1,0.612326,1
P_156442,W_117883,0,0.578844,1
P_156497,W_117883,0,0.491676,1
P_156506,W_117883,0,0.659089,1
P_156613,W_117883,0,0.729623,1
P_156747,W_1055,2,0.667706,1
P_156801,W_22948,0,0.631809,0
P_156802,W_117883,0,0.309295,1
P_156817,W_103771,3,0.369853,1
P_156818,W_117883,0,0.603204,1
P_156946,W_46288,2,0.711183,1
P_157027,W_50379,1,0.356624,0
P_157095,W_20710,2,0.662063,0
P_157216,W_22084,1,0.297559,0
P_157280,W_23165,2,0.262584,1
P_157328,W_2911,0,0.545969,0
P_1574,W_303,3,0.363636,0
P_15743,W_677,0,0.396679,0
P_157630,W_65049,3,0.630375,1
P_157631,W_4843,1,0.657441,0
P_157750,W_4158,0,0.175974,1
P_157815,W_19985,2,0.383645,1
P_157890,W_7284,1,0.682089,1
P_157900,W_7284,1,0.502652,1
P_157962,W_6403,3,0.546119,0
P_158109,W_5958,0,0.252681,0
P_158111,W_6097,3,0.190998,0
P_158121,W_9643,0,0.541123,0
P_158183,W_5283,4,0.754659,1
P_1583,W_303,3,0.267455,0
P_158367,W_12542,1,0.215617,1
P_158406,W_22084,1,0.182976,0
P_158417,W_1596,1,0.366897,0
P_158428,W_76174,2,0.713608,1
P_158493,W_12031,1,0.814634,1
P_158494,W_7284,1,0.766384,0
P_158503,W_5655,3,0.402729,1
P_158511,W_7284,1,0.423313,1
P_158531,W_65609,2,0.788259,0
P_158532,W_2901,0,0.773218,1
P_158621,W_656,1,0.026049,0
P_158635,W_167,1,0.107879,0
P_158718,W_9560,4,0.245954,0
P_158810,W_32595,1,0.62011,1
P_158947,W_841,1,0.176062,0
P_158972,W_1650,3,0.326739,0
P_159107,W_7284,1,0.643927,1
P_159108,W_7284,1,0.488273,1
P_159109,W_115251,3,0.604141,1
P_159133,W_42521,4,0.553932,1
P_159281,W_7762,4,0.771145,1
P_159367,W_17866,2,0.222608,0
P_159403,W_87758,0,0.090247,1
P_159437,W_7284,1,0.712816,1
P_159439,W_27911,0,0.768333,0
P_159440,W_64593,1,0.685395,1
P_159441,W_97460,2,0.589347,0
P_159444,W_22961,4,0.700666,1
P_159445,W_21958,1,0.682821,1
P_159446,W_12140,0,0.345268,0
P_159463,W_22148,1,0.236158,0
P_159474,W_7816,2,0.776088,0
P_1596,W_1596,1,0.21223,0
P_159650,W_20185,3,0.674665,1
P_159652,W_11471,2,0.754401,1
P_159680,W_13698,1,0.717718,0
P_159689,W_5616,3,0.393249,0
P_1597,W_1596,1,0.301453,0
P_1600,W_1596,1,0.270785,1
P_160072,W_4829,4,0.62632,1
P_160085,W_114490,1,0.781024,1
P_160086,W_4814,4,0.826046,1
P_160087,W_11472,4,0.696868,1
P_160088,W_10847,1,0.590352,0
P_160089,W_27919,1,0.793003,0
P_160090,W_7284,1,0.61807,1
P_160098,W_7284,1,0.515812,0
P_160134,W_4541,3,0.562356,1
P_160135,W_4541,3,0.630429,0
P_160153,W_101220,0,0.815142,0
P_160380,W_118399,2,0.657819,1
P_160405,W_7818,4,0.554545,0
P_160406,W_11794,2,0.567975,0
P_160407,W_101220,0,0.587284,0
P_160492,W_24522,3,0.824807,1
P_160508,W_5102,0,0.537849,1
P_160536,W_46851,0,0.525453,0
P_1606,W_1596,1,0.442742,1
P_160621,W_47674,1,0.125589,1
P_160966,W_3203,1,0.354258,1
P_161,W_161,2,0.507813,0
P_1610,W_1596,1,0.632215,1
P_16115,W_200724,2,0.132064,0
P_161163,W_6485,3,0.552394,1
P_161224,W_1378,4,0.762709,0
P_161294,W_882,0,0.643765,0
P_161328,W_23627,1,0.401922,1
P_161345,W_2901,0,0.793559,1
P_161358,W_22,0,0.679588,1
P_161424,W_118543,4,0.098202,0
P_161465,W_118399,2,0.523142,1
P_161470,W_998,4,0.574531,1
P_161475,W_6437,3,0.713385,0
P_161479,W_1278,0,0.077086,0
P_161480,W_19789,1,0.497027,1
P_161481,W_462,2,0.399361,0
P_161490,W_6807,3,0.173139,0
P_161503,W_6870,3,0.514638,0
P_161507,W_20036,0,0.649234,1
P_161531,W_4698,1,0.773002,1
P_161807,W_99743,2,0.650515,1
P_161809,W_6939,1,0.501632,1
P_161821,W_7279,4,0.279984,0
P_161825,W_6939,1,0.497755,0
P_161853,W_3260,0,0.591785,1
P_161922,W_19903,3,0.134469,0
P_161961,W_76174,2,0.435575,0
P_162009,W_4354,3,0.793389,1
P_162012,W_2696,3,0.358588,0
P_162068,W_27894,2,0.744777,1
P_162069,W_26111,3,0.738562,0
P_162144,W_22286,0,0.413725,0
P_162278,W_677,0,0.153563,1
P_162284,W_8387,2,0.307203,0
P_162302,W_12168,0,0.070491,0
P_162303,W_30246,1,0.105508,0
P_162323,W_17662,1,0.331585,0
P_162336,W_12317,3,0.642515,0
P_162337,W_27320,2,0.62648,1
P_162348,W_39055,4,0.196481,0
P_162352,W_40199,4,0.500317,0
P_162423,W_118713,2,0.568763,1
P_162437,W_118713,2,0.803345,1
P_162438,W_11473,3,0.848012,1
P_16245,W_3237,4,0.331329,0
P_16246,W_1894,0,0.161357,0
P_162474,W_29130,3,0.321924,0
P_162673,W_58781,1,0.275011,1
P_162676,W_25511,4,0.863429,1
P_162694,W_67609,1,0.390476,0
P_162721,W_7253,2,0.586822,1
P_162819,W_1812,4,0.166312,0
P_163020,W_118713,2,0.605194,0
P_163033,W_118713,2,0.575128,0
P_163123,W_64445,2,0.102426,0
P_163126,W_10472,0,0.099039,0
P_163134,W_21828,3,0.11855,0
P_163141,W_14485,3,0.087579,0
P_163152,W_6602,2,0.207054,0
P_163156,W_118849,3,0.047427,0
P_163184,W_113615,4,0.111474,0
P_163356,W_42338,0,0.461539,1
P_163431,W_6464,3,0.014126,0
P_163489,W_4829,4,0.703085,0
P_163527,W_1443,0,0.293665,0
P_163733,W_118823,4,0.749881,1
P_163736,W_23627,1,0.579656,1
P_163775,W_6441,4,0.562397,1
P_163931,W_115707,2,0.471504,1
P_163933,W_63854,0,0.599944,1
P_163946,W_7249,0,0.746405,1
P_164095,W_1616,3,0.122576,0
P_164102,W_23772,3,0.503825,0
P_164106,W_20069,2,0.496245,1
P_164111,W_63854,0,0.574807,1
P_164116,W_10313,0,0.648242,1
P_164138,W_118399,2,0.654878,1
P_164141,W_3264,4,0.295151,1
P_164389,W_30552,2,0.676676,1
P_164393,W_53040,3,0.643329,1
P_164394,W_3245,3,0.742634,1
P_164402,W_39438,2,0.583442,1
P_164461,W_28547,4,0.453245,0
P_164481,W_20069,2,0.556753,1
P_164484,W_13549,0,0.638086,1
P_164490,W_34353,3,0.595312,0
P_164537,W_27641,3,0.667472,0
P_164730,W_119158,1,0.536725,1
P_164733,W_119158,1,0.708307,0
P_164734,W_119158,1,0.435493,0
P_164785,W_119158,1,0.703155,0
P_164872,W_6939,1,0.082672,0
P_164895,W_119158,1,0.829941,1
P_164896,W_119158,1,0.530887,1
P_164902,W_20185,3,0.560047,0
P_164961,W_42311,0,0.734146,0
P_1650,W_1650,3,0.101966,0
P_165140,W_11859,4,0.771771,1
P_165141,W_27919,1,0.682599,1
P_165143,W_13698,1,0.498355,1
P_165356,W_58781,1,0.615579,0
P_165357,W_4854,1,0.421549,1
P_165359,W_6031,2,0.568138,0
P_165362,W_4837,4,0.501428,1
P_165417,W_33804,0,0.623246,1
P_165422,W_8387,2,0.567378,1
P_165536,W_5912,3,0.534752,0
P_16560,W_16560,3,0.117446,0
P_16561,W_16560,3,0.153123,0
P_1657,W_564,4,0.529973,0
P_165769,W_22,0,0.496329,0
P_165834,W_18,0,0.139941,0
P_165904,W_118543,4,0.15081,1
P_166048,W_272,0,0.103312,0
P_166086,W_118713,2,0.754291,0
P_166100,W_14229,3,0.533371,1
P_166104,W_9276,3,0.336777,1
P_166122,W_118713,2,0.755035,1
P_166132,W_30209,0,0.641691,0
P_166184,W_76174,2,0.574079,1
P_166223,W_37947,2,0.318529,0
P_166225,W_886,1,0.412999,0
P_166378,W_2901,0,0.778294,1
P_166424,W_27911,0,0.654454,1
P_166443,W_115814,2,0.195715,0
P_166495,W_7116,4,0.724094,1
P_166500,W_76174,2,0.723596,1
P_166501,W_78838,3,0.358059,0
P_166595,W_10717,0,0.732627,0
P_166597,W_5912,3,0.539646,0
P_166610,W_4767,4,0.467768,1
P_166621,W_367,1,0.675594,1
P_166641,W_4267,0,0.138786,0
P_166680,W_17053,4,0.072434,0
P_166755,W_6093,0,0.1225,0
P_166788,W_2083,2,0.360312,0
P_166886,W_20036,0,0.327703,1
P_166942,W_119473,3,0.793655,1
P_166951,W_119473,3,0.918411,1
P_166999,W_119473,3,0.786166,0
P_167,W_167,1,0.053332,0
P_167107,W_7116,4,0.470704,1
P_167153,W_53040,3,0.763567,1
P_16717,W_28547,4,0.468871,0
P_16718,W_28547,4,0.405092,0
P_16719,W_28547,4,0.369227,0
P_167232,W_10931,1,0.334109,0
P_167248,W_118713,2,0.651075,1
P_16731,W_6536,2,0.179529,0
P_167310,W_5118,4,0.151468,0
P_167358,W_7583,1,0.411628,1
P_167380,W_7257,3,0.454857,1
P_16740,W_6536,2,0.165437,0
P_167552,W_20257,1,0.331743,0
P_167554,W_39438,2,0.622146,1
P_167556,W_12159,4,0.631644,0
P_167558,W_12137,0,0.660266,0
P_167560,W_27894,2,0.741103,0
P_1676,W_1616,3,0.291994,0
P_167603,W_11534,3,0.521848,1
P_167748,W_76574,3,0.66214,1
P_167825,W_55861,0,0.544772,0
P_167916,W_42997,4,0.506669,0
P_168050,W_56239,3,0.640568,1
P_168054,W_4867,0,0.751096,1
P_168057,W_9671,0,0.537299,0
P_168058,W_9006,2,0.649446,0
P_168059,W_7202,3,0.44278,1
P_168066,W_119680,1,0.248805,0
P_168117,W_10902,1,0.756878,1
P_16813,W_1276,4,0.101255,0
P_168130,W_119680,1,0.690641,1
P_168132,W_119680,1,0.213195,0
P_168134,W_119680,1,0.496526,0
P_168135,W_119680,1,0.5767,0
P_168186,W_119695,2,0.747762,0
P_168189,W_119695,2,0.449323,0
P_168391,W_26542,4,0.74742,1
P_168394,W_115814,2,0.206241,0
P_168397,W_31360,2,0.808221,1
P_16846,W_14485,3,0.057166,0
P_16849,W_14485,3,0.067847,0
P_16854,W_14485,3,0.150278,0
P_168609,W_118713,2,0.639539,0
P_16895,W_2673,1,0.224609,0
P_168957,W_18507,4,0.638916,1
P_169006,W_43997,4,0.642917,1
P_169263,W_7816,2,0.310381,1
P_169566,W_106883,4,0.760371,1
P_169573,W_20110,3,0.77876,0
P_169654,W_6485,3,0.609165,1
P_169946,W_9560,4,0.571346,1
P_16997,W_7446,1,0.094838,0
P_170014,W_117791,2,0.553903,0
P_170020,W_119695,2,0.622952,0
P_170075,W_119695,2,0.693328,0
P_170134,W_8824,2,0.168831,0
P_170283,W_114947,1,0.467797,0
P_170284,W_117791,2,0.61937,1
P_170285,W_119695,2,0.661958,1
P_170294,W_119695,2,0.326391,0
P_170295,W_119695,2,0.68216,0
P_170345,W_26111,3,0.628146,1
P_170349,W_119695,2,0.506172,0
P_170361,W_91786,2,0.612747,0
P_170414,W_119996,3,0.615127,1
P_170418,W_119996,3,0.824183,1
P_170429,W_119996,3,0.687654,1
P_170461,W_119996,3,0.750144,1
P_170463,W_20049,1,0.692993,1
P_170481,W_10902,1,0.765905,0
P_170484,W_4916,0,0.679806,0
P_170488,W_119996,3,0.625455,0
P_1705,W_1616,3,0.169875,0
P_170503,W_10216,1,0.682732,0
P_170506,W_7116,4,0.511756,0
P_17053,W_17053,4,0.126192,0
P_17054,W_17053,4,0.047573,0
P_170621,W_6441,4,0.746757,1
P_170623,W_119996,3,0.796458,1
P_170746,W_119996,3,0.741082,1
P_170771,W_97632,1,0.759427,1
P_170847,W_119996,3,0.348276,1
P_170893,W_10472,0,0.124173,0
P_170900,W_4762,3,0.420461,1
P_170905,W_3245,3,0.779356,0
P_170912,W_119996,3,0.650433,0
P_17092,W_8673,1,0.190406,0
P_170936,W_119996,3,0.643079,1
P_171047,W_114490,1,0.72825,1
P_171343,W_10906,4,0.519578,1
P_171386,W_27894,2,0.745518,0
P_171387,W_1939,1,0.805237,1
P_171462,W_1792,3,0.674269,1
P_171525,W_6602,2,0.185088,0
P_171728,W_10216,1,0.798187,1
P_172133,W_209,0,0.280923,0
P_172153,W_68472,3,0.531027,1
P_17229,W_7284,1,0.711273,0
P_172563,W_4841,1,0.648075,0
P_172586,W_1812,4,0.69721,0
P_172607,W_31938,2,0.490443,0
P_172637,W_27320,2,0.58937,1
P_172641,W_111510,2,0.525357,1
P_172645,W_4685,2,0.675221,0
P_17274,W_17274,1,0.82141,1
P_17275,W_17274,1,0.580488,0
P_172807,W_5141,0,0.463312,0
P_172836,W_272,0,0.235466,1
P_172916,W_2768,4,0.433311,0
P_172939,W_22084,1,0.396823,0
P_173303,W_19903,3,0.60521,1
P_173394,W_10931,1,0.254517,1
P_173553,W_39520,2,0.322542,0
P_173740,W_5342,3,0.667213,1
P_173804,W_5549,1,0.152446,1
P_173891,W_7249,0,0.359952,0
P_173896,W_14019,3,0.344553,1
P_173956,W_10237,3,0.842547,1
P_174082,W_5388,1,0.128519,0
P_17412,W_9271,2,0.233583,0
P_174140,W_6093,0,0.388901,1
P_174185,W_4846,1,0.837105,1
P_174266,W_9508,3,0.340548,1
P_174340,W_6163,1,0.791509,1
P_174400,W_299,1,0.196957,0
P_174440,W_9508,3,0.279245,1
P_174451,W_6210,3,0.696543,1
P_17446,W_11051,3,0.057504,0
P_17453,W_4354,3,0.121326,0
P_174555,W_886,1,0.157332,1
P_174564,W_93655,0,0.789499,1
P_174607,W_2759,3,0.716901,1
P_174614,W_7762,4,0.708157,1
P_174782,W_19945,4,0.450349,1
P_174783,W_9131,0,0.652606,0
P_174802,W_3414,4,0.476435,1
P_174835,W_5724,1,0.09753,0
P_174934,W_284,2,0.78238,1
P_174935,W_20541,3,0.608908,0
P_17498,W_12968,4,0.377214,0
P_175,W_175,2,0.484985,0
P_17500,W_1305,2,0.121408,0
P_175004,W_6417,3,0.397327,0
P_175016,W_5396,1,0.084651,0
P_175200,W_119996,3,0.724621,1
P_175206,W_28221,2,0.607133,1
P_175207,W_102577,1,0.437092,1
P_175212,W_564,4,0.286218,1
P_175269,W_114608,4,0.761594,1
P_175297,W_102577,1,0.775092,1
P_175303,W_25150,2,0.430552,0
P_175304,W_12795,0,0.750005,1
P_175362,W_83296,4,0.759521,1
P_175439,W_102577,1,0.719046,0
P_175441,W_29380,0,0.683103,0
P_175444,W_22926,4,0.747193,1
P_17565,W_10338,4,0.085726,0
P_17567,W_10338,4,0.365844,1
P_175718,W_39438,2,0.686763,1
P_175739,W_5549,1,0.327133,0
P_175751,W_14485,3,0.108281,0
P_176058,W_97632,1,0.700289,1
P_176165,W_20064,1,0.126972,0
P_176167,W_167,1,0.23574,0
P_176193,W_1443,0,0.281861,0
P_176259,W_10472,0,0.103596,0
P_176320,W_882,0,0.28196,0
P_176363,W_11054,3,0.517735,0
P_176512,W_91786,2,0.644546,0
P_176594,W_9665,2,0.609573,0
P_17671,W_17671,0,0.087349,1
P_17672,W_17671,0,0.362541,1
P_176790,W_3497,1,0.617255,1
P_1768,W_1650,3,0.221934,0
P_176876,W_23165,2,0.331932,0
P_1769,W_1769,0,0.73533,1
P_17690,W_14379,0,0.160658,0
P_176961,W_119680,1,0.163399,0
P_177008,W_10846,1,0.473163,1
P_177097,W_10237,3,0.449168,1
P_177324,W_10685,2,0.544711,1
P_177348,W_9560,4,0.435629,1
P_177395,W_39520,2,0.253101,0
P_177469,W_9103,1,0.207271,0
P_177515,W_226,3,0.090018,0
P_177566,W_656,1,0.233453,1
P_177568,W_25113,0,0.301998,0
P_17757,W_704,3,0.153201,0
P_177570,W_13222,0,0.078091,0
P_177572,W_9644,4,0.238429,0
P_177634,W_42054,1,0.404103,0
P_177637,W_13693,4,0.239452,0
P_177664,W_4244,4,0.112488,0
P_177665,W_4244,4,0.098833,0
P_177671,W_4244,4,0.139157,1
P_177688,W_4244,4,0.186367,0
P_177689,W_4244,4,0.099242,1
P_177698,W_4244,4,0.100583,0
P_177712,W_4244,4,0.17566,0
P_17772,W_367,1,0.167769,0
P_177753,W_662,2,0.305002,0
P_177896,W_64648,2,0.771857,1
P_177960,W_8213,1,0.488692,0
P_177996,W_5534,4,0.14132,1
P_178035,W_9358,4,0.418301,0
P_178176,W_53351,4,0.721918,1
P_178187,W_6417,3,0.300574,0
P_178265,W_1153,3,0.242376,0
P_178281,W_1153,3,0.044191,0
P_178356,W_26,3,0.120875,0
P_17840,W_7116,4,0.602722,1
P_17845,W_10745,1,0.680404,1
P_17846,W_3978,1,0.325314,0
P_178622,W_40251,0,0.321379,0
P_17866,W_17866,2,0.24361,0
P_17869,W_17866,2,0.291555,0
P_17876,W_51980,1,0.654591,1
P_178922,W_27894,2,0.760154,1
P_178954,W_367,1,0.172297,0
P_178962,W_32595,1,0.314584,1
P_179,W_179,3,0.102603,0
P_179022,W_5233,4,0.662875,1
P_1792,W_1792,3,0.577989,0
P_179391,W_20084,4,0.676364,1
P_179405,W_10313,0,0.708138,1
P_179572,W_9704,2,0.558088,0
P_179575,W_118399,2,0.619587,1
P_179588,W_101220,0,0.789019,1
P_1796,W_1795,3,0.242868,0
P_179667,W_6464,3,0.011135,0
P_179743,W_30552,2,0.762202,1
P_179759,W_10846,1,0.636755,1
P_179763,W_28493,4,0.737215,0
P_179764,W_10846,1,0.585819,0
P_179765,W_92417,1,0.71762,1
P_179767,W_9574,1,0.815096,1
P_179782,W_10846,1,0.732085,1
P_179792,W_10846,1,0.600285,1
P_180,W_179,3,0.254737,0
P_180386,W_4726,0,0.233639,0
P_180421,W_199,1,0.24348,1
P_180565,W_5368,3,0.182732,0
P_180591,W_62475,2,0.23211,1
P_180632,W_121182,0,0.366321,0
P_180633,W_121182,0,0.366321,0
P_180701,W_383,3,0.633702,1
P_180729,W_10846,1,0.520783,0
P_180878,W_64627,4,0.558694,1
P_181014,W_115814,2,0.166784,0
P_181101,W_26988,2,0.37574,0
P_1812,W_1812,4,0.165435,0
P_181263,W_22084,1,0.624227,1
P_181292,W_71702,3,0.685155,0
P_181318,W_102577,1,0.743519,0
P_181424,W_121296,2,0.733619,1
P_181425,W_121296,2,0.38783,1
P_181534,W_6939,1,0.43429,0
P_181554,W_69943,4,0.696816,0
P_181557,W_69943,4,0.596569,0
P_181574,W_4704,4,0.718341,0
P_181577,W_112910,4,0.47623,1
P_181693,W_39525,3,0.018229,0
P_181818,W_5616,3,0.21882,0
P_181822,W_5954,3,0.559925,0
P_181869,W_35206,0,0.696041,1
P_181870,W_886,1,0.733037,0
P_181882,W_34086,3,0.432715,0
P_181883,W_34086,3,0.091604,0
P_181942,W_111408,0,0.681647,0
P_181969,W_18505,1,0.49677,0
P_181970,W_121182,0,0.398017,1
P_181972,W_18505,1,0.483316,0
P_182041,W_10576,2,0.640074,0
P_182220,W_121360,1,0.461839,0
P_182233,W_10154,4,0.281847,1
P_182308,W_121360,1,0.42109,0
P_182310,W_121360,1,0.21418,0
P_182341,W_3353,4,0.479296,0
P_182346,W_9376,4,0.632168,0
P_182366,W_121360,1,0.576019,0
P_182452,W_121360,1,0.403894,0
P_182503,W_119473,3,0.83779,0
P_182510,W_1055,2,0.373008,1
P_182620,W_39785,4,0.409066,1
P_182642,W_1376,1,0.349288,1
P_182644,W_3061,1,0.267306,1
P_182666,W_1276,4,0.173995,0
P_182728,W_209,0,0.193112,0
P_182750,W_121401,4,0.644388,1
P_182751,W_121401,4,0.660216,1
P_182752,W_121401,4,0.646262,1
P_1828,W_1650,3,0.456531,0
P_182904,W_2976,2,0.459911,1
P_182916,W_4726,0,0.091097,0
P_183019,W_115054,1,0.225914,0
P_183038,W_3858,0,0.198755,0
P_183104,W_20622,0,0.681767,0
P_183113,W_7247,2,0.366388,0
P_183117,W_43195,4,0.581502,0
P_183144,W_9644,4,0.691386,1
P_183167,W_118543,4,0.685217,1
P_183226,W_43997,4,0.46831,0
P_183318,W_11798,3,0.616777,0
P_183344,W_121495,2,0.063447,0
P_183395,W_121504,2,0.307854,0
P_183396,W_121504,2,0.287252,1
P_18345,W_11516,4,0.572846,0
P_183461,W_119695,2,0.494732,1
P_18353,W_3145,2,0.166591,0
P_183532,W_53997,1,0.534593,0
P_183548,W_40876,3,0.591803,1
P_183549,W_40876,3,0.721518,0
P_183550,W_40876,3,0.741033,1
P_183551,W_40876,3,0.499438,1
P_183552,W_40876,3,0.492573,0
P_183565,W_115251,3,0.553969,0
P_183589,W_45948,4,0.437648,0
P_183590,W_56781,0,0.403933,0
P_183611,W_5368,3,0.531326,0
P_18364,W_3092,1,0.322873,0
P_183720,W_40924,0,0.717587,1
P_18374,W_10526,0,0.558963,1
P_18379,W_10685,2,0.523503,1
P_183870,W_3858,0,0.243288,0
P_183891,W_121296,2,0.571602,1
P_183996,W_121360,1,0.391371,0
P_184,W_184,4,0.10728,0
P_184130,W_121548,0,0.181746,1
P_184133,W_121548,0,0.288334,1
P_184186,W_7961,3,0.537911,0
P_184189,W_5534,4,0.197802,0
P_184241,W_59150,0,0.186152,0
P_184307,W_121548,0,0.616345,1
P_184314,W_4852,1,0.707208,1
P_184376,W_3858,0,0.682875,1
P_184465,W_10847,1,0.633298,0
P_184474,W_9358,4,0.725337,1
P_184483,W_10577,3,0.547195,1
P_184492,W_114742,2,0.744228,0
P_184502,W_22154,4,0.707632,1
P_184504,W_18507,4,0.718621,0
P_184512,W_38171,4,0.78095,1
P_184546,W_10851,4,0.721005,1
P_184570,W_40702,2,0.704052,0
P_184571,W_10838,2,0.75198,0
P_184572,W_19912,3,0.641964,1
P_184576,W_21695,1,0.661394,1
P_184592,W_11794,2,0.640736,1
P_184618,W_23772,3,0.481727,0
P_184626,W_48320,1,0.561047,0
P_184662,W_3858,0,0.24811,0
P_184667,W_98770,4,0.627333,0
P_184680,W_20257,1,0.65943,1
P_184683,W_28784,2,0.805368,1
P_184684,W_6870,3,0.512763,0
P_184704,W_91786,2,0.430236,1
P_184844,W_9132,3,0.493396,0
P_18507,W_18507,4,0.52997,1
P_185207,W_3744,2,0.4124,0
P_185279,W_113615,4,0.098389,0
P_185307,W_117417,4,0.275673,0
P_18535,W_10129,1,0.136667,0
P_185369,W_59150,0,0.508035,1
P_185370,W_59150,0,0.518138,1
P_185374,W_59150,0,0.118423,0
P_185505,W_11485,4,0.123156,0
P_185506,W_6784,3,0.29169,0
P_185516,W_4698,1,0.733343,1
P_185645,W_98311,3,0.668228,1
P_18568,W_932,4,0.241022,0
P_185708,W_10129,1,0.108395,1
P_185800,W_20036,0,0.563328,1
P_185899,W_35206,0,0.48231,0
P_185903,W_4217,3,0.783786,1
P_185929,W_9671,0,0.557903,0
P_185954,W_226,3,0.163065,0
P_185956,W_54466,2,0.373314,0
P_185957,W_3092,1,0.230136,0
P_186004,W_117450,0,0.767568,1
P_186037,W_6870,3,0.303132,0
P_186046,W_10154,4,0.292319,0
P_186102,W_886,1,0.463245,0
P_186116,W_117417,4,0.630547,1
P_18625,W_10685,2,0.554982,0
P_186439,W_3092,1,0.062639,0
P_186582,W_246,1,0.164857,0
P_186633,W_299,1,0.351883,0
P_186652,W_19985,2,0.477246,1
P_186739,W_36064,4,0.469018,1
P_186784,W_3245,3,0.70396,1
P_186813,W_41771,1,0.805198,1
P_186824,W_56781,0,0.557805,0
P_18687,W_401,2,0.406441,0
P_187109,W_22286,0,0.081268,0
P_187155,W_73656,0,0.568503,1
P_187325,W_40971,2,0.480751,1
P_187331,W_25154,0,0.614311,0
P_187510,W_121360,1,0.758813,1
P_187655,W_10907,3,0.541402,1
P_187698,W_3170,4,0.264638,1
P_187700,W_2930,3,0.337248,0
P_187741,W_42054,1,0.576382,0
P_187752,W_5102,0,0.138261,0
P_187809,W_20610,2,0.168016,0
P_187812,W_10577,3,0.237912,0
P_1879,W_1108,3,0.206394,0
P_187902,W_121852,2,0.524339,1
P_187903,W_59952,4,0.778788,1
P_187914,W_1795,3,0.727334,1
P_187995,W_5396,1,0.331823,1
P_188071,W_121548,0,0.237619,1
P_188197,W_121852,2,0.613669,1
P_188464,W_12792,3,0.484923,1
P_188469,W_42488,0,0.762436,1
P_188521,W_121852,2,0.745143,1
P_188548,W_121852,2,0.517261,1
P_188549,W_12159,4,0.522881,1
P_188729,W_114947,1,0.602244,0
P_188795,W_121852,2,0.428042,1
P_188809,W_121852,2,0.613467,1
P_188810,W_1364,3,0.691587,0
P_188856,W_14662,4,0.415978,0
P_1889,W_1108,3,0.220485,0
P_188902,W_108692,1,0.699662,0
P_188906,W_61933,3,0.374738,1
P_188908,W_42054,1,0.422157,0
P_189004,W_24522,3,0.695234,1
P_189024,W_4012,3,0.682954,1
P_18913,W_3061,1,0.176456,0
P_189232,W_7584,0,0.661313,1
P_189238,W_10914,1,0.756329,1
P_189372,W_11667,3,0.67781,1
P_189373,W_12031,1,0.543788,1
P_189404,W_1130,2,0.733318,1
P_189419,W_7213,0,0.728723,1
P_18947,W_14229,3,0.234071,1
P_189525,W_114490,1,0.748744,1
P_18953,W_6807,3,0.24672,1
P_189567,W_59150,0,0.195906,0
P_189574,W_25154,0,0.690115,1
P_189725,W_100,4,0.618012,1
P_18978,W_22,0,0.322791,1
P_18988,W_13695,1,0.262687,0
P_189927,W_26941,1,0.143213,0
P_189928,W_10237,3,0.340295,0
P_189931,W_6464,3,0.014125,0
P_189979,W_121360,1,0.373158,0
P_190175,W_10338,4,0.075755,0
P_190202,W_33251,0,0.158326,0
P_190379,W_243,0,0.578091,1
P_190406,W_6097,3,0.637298,0
P_190491,W_15519,4,0.210332,0
P_190511,W_42934,3,0.61636,1
P_190513,W_42934,3,0.415535,1
P_190514,W_42934,3,0.751187,1
P_190515,W_42934,3,0.544446,1
P_190516,W_42934,3,0.514163,1
P_190518,W_42934,3,0.587892,0
P_190519,W_42934,3,0.756156,0
P_190520,W_42934,3,0.506901,0
P_190521,W_42934,3,0.552061,0
P_190529,W_43012,3,0.602417,1
P_190598,W_122183,2,0.520052,0
P_190599,W_122183,2,0.74799,1
P_190704,W_122183,2,0.632834,0
P_190707,W_122183,2,0.527,0
P_190715,W_122183,2,0.574427,0
P_190720,W_122183,2,0.731652,1
P_190770,W_122183,2,0.795767,1
P_190786,W_122183,2,0.470788,1
P_190905,W_119473,3,0.68146,1
P_190921,W_12792,3,0.747243,1
P_190987,W_42311,0,0.714139,0
P_191114,W_56366,4,0.630402,0
P_191122,W_5440,3,0.68573,1
P_191123,W_5440,3,0.821127,1
P_191143,W_4655,2,0.539564,0
P_191230,W_115728,4,0.331498,0
P_191344,W_122254,2,0.664259,1
P_191347,W_122254,2,0.808258,0
P_191352,W_122254,2,0.80223,1
P_191376,W_20049,1,0.674161,0
P_191383,W_65609,2,0.624082,1
P_191387,W_122254,2,0.741457,1
P_191424,W_122254,2,0.680517,1
P_191608,W_53262,1,0.50982,1
P_191636,W_11823,4,0.545684,1
P_191761,W_9263,3,0.599088,0
P_191768,W_4843,1,0.486011,1
P_191806,W_83871,4,0.758342,1
P_191874,W_11006,2,0.39897,1
P_191937,W_27477,3,0.304328,0
P_191943,W_1443,0,0.25595,0
P_191973,W_27579,0,0.314473,0
P_191974,W_27579,0,0.836576,1
P_192143,W_184,4,0.336466,0
P_192155,W_2110,1,0.125832,0
P_192160,W_3061,1,0.189292,0
P_192173,W_8202,2,0.148129,0
P_192178,W_32531,0,0.11735,0
P_192179,W_3270,0,0.152386,0
P_192199,W_22926,4,0.782423,1
P_192212,W_38171,4,0.753922,1
P_1924,W_1924,2,0.121056,0
P_192560,W_32062,0,0.080193,0
P_192561,W_43088,2,0.013463,0
P_192594,W_39525,3,0.240412,0
P_192595,W_7249,0,0.446028,1
P_192611,W_32408,2,0.590399,0
P_192667,W_994,2,0.151326,0
P_192821,W_7580,4,0.664616,1
P_192834,W_5316,0,0.869167,1
P_192835,W_5316,0,0.823658,1
P_192836,W_5316,0,0.640279,0
P_192842,W_5316,0,0.769787,1
P_192847,W_10913,1,0.560845,1
P_193069,W_18507,4,0.710122,0
P_193099,W_209,0,0.5289,0
P_193298,W_6549,2,0.478952,0
P_1933,W_1924,2,0.36335,0
P_1934,W_1924,2,0.228384,0
P_1936,W_1924,2,0.208195,0
P_193626,W_21817,0,0.438434,0
P_19365,W_6403,3,0.230948,0
P_193689,W_32202,2,0.312672,0
P_193762,W_34699,3,0.586659,0
P_193900,W_9266,1,0.570782,0
P_193902,W_3245,3,0.785883,1
P_193903,W_11641,0,0.732617,1
P_194100,W_9665,2,0.632606,0
P_194103,W_111408,0,0.534764,1
P_19419,W_11014,1,0.169467,0
P_19420,W_1812,4,0.157005,0
P_19425,W_13208,1,0.369873,0
P_1944,W_1939,1,0.734769,1
P_194421,W_122499,0,0.717627,0
P_194422,W_122499,0,0.699838,1
P_194423,W_122499,0,0.453043,1
P_194456,W_2427,4,0.277703,0
P_194458,W_122499,0,0.672532,0
P_194509,W_122499,0,0.447961,0
P_194514,W_122499,0,0.628585,1
P_194572,W_1055,2,0.387719,0
P_194725,W_75372,1,0.615465,1
P_194781,W_10914,1,0.616935,0
P_194786,W_10852,4,0.596119,0
P_194822,W_53687,2,0.766738,1
P_194824,W_53687,2,0.67214,1
P_194831,W_53687,2,0.366734,0
P_195006,W_12031,1,0.463879,1
P_195007,W_11779,3,0.822049,1
P_19508,W_19508,0,0.194803,1
P_19509,W_19508,0,0.284239,1
P_19510,W_19508,0,0.6654,1
P_195107,W_20088,1,0.686845,1
P_195138,W_424,1,0.449657,1
P_195262,W_2673,1,0.347428,0
P_195327,W_52851,4,0.661038,1
P_195352,W_2901,0,0.731831,0
P_195353,W_20257,1,0.623385,1
P_195412,W_20049,1,0.55121,0
P_195556,W_98770,4,0.632541,0
P_19558,W_19558,3,0.335563,0
P_195743,W_122602,0,0.408512,1
P_195879,W_22556,4,0.201149,0
P_195926,W_112910,4,0.775745,1
P_195937,W_14229,3,0.174674,0
P_195972,W_113724,0,0.335899,1
P_1960,W_1924,2,0.084691,0
P_196009,W_122602,0,0.739385,1
P_196025,W_122602,0,0.467949,1
P_1961,W_1924,2,0.244307,0
P_196143,W_119473,3,0.831444,0
P_196148,W_122602,0,0.632272,1
P_196236,W_4835,2,0.445931,0
P_1963,W_1924,2,0.172629,0
P_196363,W_8850,2,0.644646,0
P_196370,W_122602,0,0.380048,1
P_196380,W_122602,0,0.637526,1
P_196529,W_7816,2,0.847523,0
P_196676,W_29380,0,0.621716,0
P_196679,W_45783,3,0.642075,1
P_196711,W_122709,2,0.099716,0
P_196788,W_35188,3,0.56074,1
P_196904,W_10472,0,0.085682,0
P_19698,W_2158,3,0.751511,0
P_197002,W_4681,1,0.583391,0
P_197014,W_7578,1,0.449208,1
P_197016,W_7577,0,0.496371,0
P_197025,W_10745,1,0.688191,1
P_197166,W_46851,0,0.692949,1
P_197167,W_71702,3,0.737216,1
P_197318,W_55861,0,0.57884,0
P_197337,W_56072,0,0.084184,0
P_197341,W_21828,3,0.061201,0
P_197402,W_21721,1,0.726161,0
P_197418,W_7257,3,0.750728,1
P_197419,W_6441,4,0.54258,1
P_197450,W_7818,4,0.671651,0
P_197456,W_121182,0,0.641276,0
P_19748,W_19748,1,0.808271,1
P_19749,W_4694,4,0.361526,1
P_197511,W_9092,4,0.55703,0
P_197559,W_9006,2,0.775202,0
P_197562,W_7762,4,0.609475,1
P_197563,W_92417,1,0.578152,1
P_197625,W_39785,4,0.43891,0
P_197651,W_69943,4,0.642137,1
P_197654,W_19353,0,0.740862,1
P_197710,W_80336,0,0.275915,0
P_197718,W_21013,2,0.414173,0
P_197859,W_9262,1,0.513745,0
P_197898,W_29045,2,0.739737,1
P_197900,W_119473,3,0.836549,1
P_197902,W_122815,1,0.654432,1
P_197904,W_122815,1,0.472031,0
P_19791,W_19789,1,0.323855,0
P_197917,W_122815,1,0.726079,0
P_19792,W_19789,1,0.346556,0
P_197936,W_2901,0,0.535574,1
P_197938,W_2901,0,0.75662,1
P_197940,W_111854,2,0.581053,1
P_198000,W_11516,4,0.830015,0
P_198050,W_10851,4,0.689227,0
P_198052,W_10851,4,0.647068,1
P_198053,W_10851,4,0.714712,1
P_198054,W_69914,4,0.523931,0
P_198055,W_10851,4,0.709518,1
P_198058,W_10851,4,0.602754,1
P_198060,W_10851,4,0.576804,1
P_198062,W_102577,1,0.812473,1
P_198079,W_122815,1,0.6978,0
P_198104,W_122729,0,0.439271,0
P_198136,W_122815,1,0.720198,1
P_198156,W_122815,1,0.721297,1
P_198254,W_50939,2,0.309948,0
P_198286,W_7584,0,0.761228,0
P_198294,W_10576,2,0.709443,1
P_198298,W_9131,0,0.782518,0
P_198301,W_122815,1,0.806231,1
P_198313,W_20539,3,0.605118,1
P_198343,W_69970,2,0.402561,0
P_198432,W_121296,2,0.643018,1
P_1985,W_1983,3,0.785215,1
P_198526,W_11471,2,0.690616,1
P_198532,W_34699,3,0.567955,0
P_198562,W_932,4,0.173765,0
P_198631,W_122815,1,0.717808,0
P_198869,W_856,2,0.561764,0
P_198887,W_4833,4,0.102394,0
P_198940,W_23767,0,0.691828,0
P_199,W_199,1,0.262985,0
P_19903,W_19903,3,0.038893,0
P_19909,W_19903,3,0.200075,0
P_19912,W_19912,3,0.677934,1
P_19927,W_2158,3,0.822048,1
P_199332,W_5552,4,0.682014,1
P_199348,W_1353,0,0.718258,1
P_199359,W_69943,4,0.613369,1
P_199360,W_97460,2,0.508649,1
P_199369,W_20084,4,0.441331,1
P_199379,W_114608,4,0.720717,0
P_199536,W_3964,1,0.400094,0
P_19955,W_19955,2,0.151836,0
P_19957,W_10428,3,0.328846,1
P_199684,W_1353,0,0.505774,1
P_19969,W_9571,2,0.438447,0
P_199726,W_22961,4,0.492831,1
P_19973,W_7084,0,0.192025,0
P_199739,W_2759,3,0.652214,1
P_199741,W_52227,4,0.647831,1
P_199753,W_7762,4,0.761784,1
P_19976,W_12168,0,0.381549,0
P_19977,W_13204,0,0.143433,0
P_199778,W_23770,4,0.723928,1
P_19979,W_7489,0,0.340945,0
P_19980,W_4767,4,0.262084,0
P_199866,W_4841,1,0.719742,1
P_199944,W_43997,4,0.47794,1
P_199979,W_731,2,0.118447,0
P_20005,W_20005,0,0.712362,0
P_200096,W_9006,2,0.629909,1
P_200098,W_34728,1,0.608147,0
P_200118,W_31725,2,0.637148,1
P_200119,W_5915,0,0.562478,1
P_200147,W_4158,0,0.32535,0
P_20015,W_20005,0,0.150262,0
P_200152,W_13222,0,0.113328,0
P_200223,W_10216,1,0.698845,0
P_2003,W_1983,3,0.588107,1
P_200315,W_5500,4,0.49542,1
P_20036,W_20036,0,0.522721,1
P_200390,W_7245,0,0.231728,1
P_200397,W_74362,3,0.62417,0
P_20049,W_20049,1,0.493236,0
P_200542,W_575,4,0.356385,0
P_20064,W_20064,1,0.170423,0
P_200647,W_2393,1,0.448251,1
P_200667,W_28547,4,0.376818,0
P_20069,W_20069,2,0.662794,1
P_200838,W_9704,2,0.627721,1
P_20097,W_20097,3,0.094149,0
P_201132,W_59952,4,0.598706,1
P_201134,W_59952,4,0.422801,1
P_201137,W_59952,4,0.45648,0
P_201138,W_59952,4,0.482079,0
P_201140,W_59952,4,0.630874,0
P_20120,W_20120,1,0.704196,0
P_201270,W_7116,4,0.58573,0
P_201327,W_6210,3,0.676841,1
P_201388,W_10852,4,0.455659,0
P_201445,W_10528,3,0.42542,0
P_201544,W_2696,3,0.304284,1
P_201604,W_10781,0,0.540313,0
P_201605,W_10781,0,0.445159,0
P_201608,W_40675,1,0.823075,1
P_201618,W_14620,2,0.726831,1
P_20162,W_20162,3,0.643248,1
P_201621,W_117417,4,0.191286,0
P_201662,W_53687,2,0.604783,1
P_2018,W_1983,3,0.09857,1
P_20183,W_3839,2,0.615886,0
P_20186,W_20185,3,0.458461,0
P_201942,W_5294,1,0.646192,1
P_201957,W_18505,1,0.682741,0
P_201971,W_4775,3,0.34148,1
P_202083,W_9290,4,0.755006,1
P_202092,W_6676,3,0.240437,0
P_202129,W_6602,2,0.151694,0
P_202224,W_10745,1,0.610591,0
P_20226,W_9092,4,0.65063,1
P_202264,W_70887,0,0.70343,1
P_2024,W_1983,3,0.272698,0
P_20240,W_7247,2,0.23515,1
P_20254,W_20254,0,0.822093,1
P_20257,W_20257,1,0.458485,1
P_202853,W_39785,4,0.560286,0
P_202898,W_4843,1,0.842972,1
P_20298,W_6859,1,0.420442,0
P_20299,W_8203,4,0.744688,0
P_202996,W_20769,4,0.630367,1
P_20300,W_5440,3,0.683087,1
P_20301,W_5438,3,0.771371,1
P_20321,W_10576,2,0.704995,1
P_20325,W_11850,0,0.514314,1
P_2034,W_1983,3,0.405939,0
P_203442,W_11054,3,0.358965,0
P_203479,W_85332,0,0.306561,0
P_2036,W_1983,3,0.253452,1
P_203605,W_20036,0,0.783042,1
P_203606,W_1353,0,0.675272,1
P_203609,W_74245,4,0.39759,1
P_203610,W_121182,0,0.774174,1
P_203614,W_10902,1,0.757559,1
P_203690,W_85332,0,0.562202,0
P_203691,W_19558,3,0.296724,0
P_203693,W_85332,0,0.406355,1
P_203700,W_69073,2,0.58089,1
P_203702,W_69073,2,0.738646,1
P_203810,W_233,4,0.296335,0
P_203852,W_5363,4,0.501638,1
P_203922,W_47901,1,0.556486,1
P_203975,W_3270,0,0.437296,0
P_203977,W_22,0,0.355595,0
P_204065,W_7116,4,0.672182,1
P_204067,W_2759,3,0.880958,1
P_20414,W_20414,1,0.368041,0
P_20415,W_20414,1,0.669503,1
P_20421,W_2158,3,0.577745,1
P_204276,W_21817,0,0.775994,1
P_20442,W_5461,4,0.624747,1
P_204551,W_117849,1,0.205366,0
P_204626,W_3995,4,0.062082,0
P_204721,W_62086,3,0.373722,0
P_204723,W_62086,3,0.356991,1
P_204730,W_62086,3,0.38404,0
P_204841,W_9006,2,0.756956,0
P_205027,W_77841,3,0.51813,1
P_20524,W_4775,3,0.339572,0
P_205374,W_11649,1,0.424286,1
P_20539,W_20539,3,0.841069,1
P_20541,W_20541,3,0.739199,1
P_20542,W_20541,3,0.471451,0
P_205433,W_10216,1,0.659802,1
P_20545,W_20541,3,0.641236,1
P_20546,W_9350,2,0.74696,1
P_205614,W_40675,1,0.693337,1
P_205741,W_32711,2,0.406484,1
P_205747,W_27790,3,0.089862,0
P_205812,W_4683,2,0.704561,0
P_205814,W_11667,3,0.725828,1
P_205819,W_123591,0,0.792575,0
P_205820,W_123591,0,0.510755,1
P_205824,W_123591,0,0.682544,0
P_205855,W_123591,0,0.619009,0
P_205891,W_46408,1,0.203173,0
P_205937,W_12992,4,0.137946,1
P_2060,W_817,0,0.419767,0
P_20601,W_7495,0,0.382023,0
P_206061,W_113981,2,0.45835,1
P_206063,W_111408,0,0.71883,1
P_206064,W_114394,1,0.391023,1
P_206088,W_4867,0,0.795442,1
P_206090,W_123591,0,0.618972,1
P_20610,W_20610,2,0.126963,0
P_20616,W_7495,0,0.706526,1
P_206186,W_6102,0,0.431886,1
P_20622,W_20622,0,0.423461,0
P_206295,W_59150,0,0.273666,0
P_20632,W_7495,0,0.428161,0
P_20639,W_20639,4,0.190113,0
P_206470,W_3260,0,0.604161,1
P_206514,W_123591,0,0.498369,0
P_20660,W_7552,2,0.363108,0
P_206789,W_8213,1,0.31727,0
P_206799,W_32531,0,0.671832,1
P_206854,W_11798,3,0.710748,1
P_206878,W_4642,1,0.026757,0
P_206887,W_4267,0,0.654958,1
P_207028,W_123591,0,0.689059,1
P_20710,W_20710,2,0.478766,1
P_207167,W_30678,1,0.474387,1
P_207296,W_5102,0,0.35858,0
P_207382,W_961,0,0.356936,0
P_207427,W_27913,2,0.808002,1
P_20745,W_3221,0,0.152208,1
P_207585,W_123840,1,0.723388,1
P_207654,W_13698,1,0.655589,0
P_207678,W_9286,2,0.556277,1
P_207683,W_101001,4,0.648794,1
P_207686,W_97460,2,0.640747,0
P_207688,W_11352,1,0.682451,1
P_20769,W_20769,4,0.575474,0
P_207690,W_12792,3,0.357355,0
P_207696,W_7257,3,0.530775,1
P_207709,W_3552,4,0.76091,0
P_207713,W_2928,1,0.311359,1
P_207782,W_8213,1,0.482845,0
P_207806,W_103,2,0.202935,0
P_207867,W_32595,1,0.277332,0
P_207900,W_8543,3,0.73035,1
P_207981,W_6602,2,0.114777,1
P_207986,W_6676,3,0.109506,0
P_208038,W_4683,2,0.773376,1
P_208050,W_11779,3,0.529632,1
P_208097,W_114394,1,0.529908,0
P_208120,W_13693,4,0.409006,1
P_208123,W_36064,4,0.641088,0
P_208126,W_13691,1,0.39689,0
P_208127,W_98311,3,0.698919,0
P_208132,W_7202,3,0.640152,0
P_208133,W_30678,1,0.510266,0
P_208134,W_31360,2,0.817178,1
P_208136,W_4696,4,0.832605,1
P_208137,W_11006,2,0.740879,1
P_208139,W_11473,3,0.240792,1
P_208144,W_30678,1,0.716513,0
P_2082,W_2081,0,0.136411,1
P_208276,W_10850,3,0.588951,1
P_208466,W_4158,0,0.533434,0
P_208519,W_117417,4,0.273495,0
P_208639,W_627,2,0.568423,1
P_208641,W_627,2,0.611943,0
P_208735,W_29078,1,0.479917,0
P_208777,W_2085,3,0.303845,1
P_208817,W_1769,0,0.30185,1
P_208968,W_53997,1,0.496274,0
P_209175,W_6093,0,0.283388,0
P_20921,W_677,0,0.253061,0
P_209345,W_87469,0,0.196309,0
P_209378,W_2673,1,0.450392,1
P_209413,W_28547,4,0.481056,0
P_209420,W_3447,4,0.491804,1
P_209468,W_731,2,0.263895,1
P_209481,W_30209,0,0.435397,1
P_20960,W_20960,1,0.222042,0
P_20962,W_20960,1,0.424943,1
P_209790,W_3599,1,0.500714,0
P_209812,W_12542,1,0.134042,1
P_20991,W_677,0,0.500434,0
P_209936,W_46408,1,0.07234,0
P_209995,W_10141,4,0.539778,0
P_210013,W_10141,4,0.340768,0
P_210150,W_4681,1,0.490384,0
P_210151,W_4702,2,0.517569,0
P_210232,W_35395,2,0.35518,1
P_21025,W_21025,2,0.38024,0
P_21037,W_6102,0,0.203734,0
P_21042,W_1443,0,0.342122,0
P_21053,W_1478,1,0.104517,0
P_21058,W_1894,0,0.069414,0
P_210636,W_124199,0,0.411238,1
P_210637,W_124199,0,0.826092,1
P_210638,W_124199,0,0.491728,1
P_21064,W_799,4,0.115395,0
P_210640,W_124199,0,0.76345,0
P_210684,W_7213,0,0.633795,1
P_21082,W_677,0,0.607304,0
P_210872,W_3414,4,0.318075,0
P_210895,W_14485,3,0.026453,0
P_210910,W_4779,2,0.385086,0
P_21095,W_8213,1,0.386927,0
P_210996,W_6437,3,0.568384,1
P_2110,W_2110,1,0.079224,0
P_211000,W_623,4,0.241222,1
P_211002,W_100,4,0.315356,1
P_211003,W_22451,3,0.682305,1
P_21105,W_677,0,0.290224,0
P_211099,W_19789,1,0.611639,1
P_211150,W_623,4,0.107153,0
P_211156,W_3414,4,0.457058,1
P_211170,W_2271,1,0.396778,1
P_211189,W_367,1,0.658481,1
P_211289,W_20639,4,0.508592,1
P_211326,W_34086,3,0.046617,0
P_21135,W_15519,4,0.292138,0
P_211393,W_87469,0,0.236911,1
P_211439,W_42054,1,0.591243,1
P_211441,W_9158,1,0.494898,1
P_211548,W_102577,1,0.764144,1
P_21162,W_6394,2,0.487824,1
P_211730,W_76574,3,0.525228,0
P_21189,W_19508,0,0.174815,0
P_211902,W_9297,4,0.554296,0
P_21199,W_5342,3,0.119349,0
P_212160,W_31938,2,0.405044,0
P_212165,W_12460,1,0.494663,0
P_212175,W_42521,4,0.663308,1
P_212303,W_47639,0,0.52556,1
P_212385,W_74362,3,0.335991,0
P_212386,W_121360,1,0.59019,0
P_212410,W_88508,0,0.688304,1
P_21247,W_2081,0,0.456992,0
P_212500,W_1364,3,0.763422,0
P_212512,W_1364,3,0.741816,1
P_212569,W_7249,0,0.350555,1
P_212587,W_15300,2,0.239443,0
P_21263,W_11249,0,0.298556,0
P_21264,W_11249,0,0.504407,1
P_21266,W_11249,0,0.482728,0
P_212666,W_7261,3,0.169305,0
P_212667,W_114394,1,0.680691,0
P_21268,W_11249,0,0.327871,0
P_21269,W_11249,0,0.546769,0
P_212737,W_31003,3,0.305691,1
P_212758,W_3063,0,0.300794,1
P_212759,W_20064,1,0.344215,0
P_21277,W_5396,1,0.015048,1
P_21287,W_10428,3,0.507197,0
P_212897,W_10846,1,0.575182,1
P_212971,W_6870,3,0.524463,0
P_212976,W_6870,3,0.23385,1
P_213016,W_5319,3,0.379168,1
P_21302,W_2696,3,0.524744,1
P_213046,W_10717,0,0.325087,1
P_213104,W_114712,0,0.464136,0
P_213105,W_114712,0,0.528884,0
P_213392,W_103,2,0.531984,0
P_213410,W_1130,2,0.627675,0
P_21352,W_21352,3,0.163126,0
P_21373,W_1378,4,0.196988,0
P_21374,W_8543,3,0.534365,1
P_21385,W_7816,2,0.783312,1
P_213893,W_5697,2,0.198639,0
P_213993,W_2454,3,0.435442,0
P_214001,W_184,4,0.284169,1
P_214036,W_2454,3,0.53638,0
P_214046,W_184,4,0.042746,1
P_214174,W_6870,3,0.526336,0
P_214183,W_998,4,0.597591,1
P_214466,W_124571,0,0.478801,1
P_214467,W_124571,0,0.65897,1
P_214472,W_124571,0,0.523369,1
P_214473,W_124571,0,0.644138,0
P_214506,W_124571,0,0.599172,1
P_214511,W_124571,0,0.823404,1
P_214512,W_124571,0,0.533589,1
P_214515,W_124571,0,0.528801,1
P_214519,W_63854,0,0.535297,0
P_214665,W_86939,4,0.771474,1
P_214666,W_83873,2,0.576161,0
P_214667,W_48320,1,0.540279,0
P_214685,W_5368,3,0.268202,0
P_214688,W_8521,2,0.099277,0
P_21469,W_15521,2,0.610149,0
P_21470,W_7247,2,0.449321,0
P_215049,W_61933,3,0.705806,1
P_215086,W_117450,0,0.748135,1
P_215089,W_11534,3,0.39001,1
P_215233,W_23239,4,0.692869,1
P_21527,W_9724,4,0.70029,1
P_21528,W_21528,1,0.667967,1
P_215391,W_10845,3,0.771012,0
P_215542,W_5162,4,0.290614,1
P_215605,W_10838,2,0.55982,1
P_2158,W_2158,3,0.718611,1
P_215853,W_19508,0,0.241083,1
P_215876,W_43195,4,0.264314,0
P_215909,W_124745,0,0.723226,0
P_215918,W_124745,0,0.695036,1
P_216005,W_42054,1,0.25039,1
P_216183,W_10838,2,0.7417,1
P_216238,W_4810,1,0.630644,1
P_216240,W_68472,3,0.732399,1
P_216356,W_11817,2,0.544492,1
P_216484,W_4277,0,0.555531,0
P_216491,W_2110,1,0.107896,0
P_216658,W_12968,4,0.167209,1
P_216675,W_731,2,0.781786,1
P_216737,W_21828,3,0.050333,0
P_216883,W_30552,2,0.44988,1
P_21695,W_21695,1,0.454961,0
P_217161,W_125147,2,0.706805,1
P_2172,W_2158,3,0.67011,1
P_21720,W_51980,1,0.799788,1
P_21722,W_21721,1,0.78419,0
P_217265,W_373,0,0.213412,0
P_217414,W_10788,1,0.438968,1
P_217421,W_77841,3,0.689839,1
P_217530,W_125147,2,0.260055,1
P_21757,W_12168,0,0.292218,0
P_217603,W_4354,3,0.13279,0
P_217607,W_5216,1,0.40827,0
P_217622,W_20541,3,0.729427,0
P_21775,W_5912,3,0.636747,1
P_217766,W_14501,0,0.284279,0
P_217883,W_6485,3,0.257875,1
P_217884,W_3074,2,0.162579,0
P_217893,W_19748,1,0.598587,0
P_218105,W_662,2,0.464018,1
P_21817,W_21817,0,0.642165,0
P_218178,W_125147,2,0.760459,1
P_218179,W_125147,2,0.616032,0
P_218180,W_4887,1,0.798454,1
P_218216,W_125147,2,0.383637,1
P_218230,W_61921,0,0.645419,1
P_218231,W_50523,2,0.303041,0
P_21828,W_21828,3,0.051727,0
P_218361,W_7264,3,0.027685,0
P_21838,W_11249,0,0.622926,1
P_21841,W_13875,4,0.688357,1
P_21842,W_9128,2,0.180027,0
P_21843,W_11817,2,0.632644,1
P_218560,W_25511,4,0.734587,1
P_218561,W_7257,3,0.886879,1
P_2186,W_1894,0,0.135218,0
P_218626,W_167,1,0.355207,1
P_218681,W_1983,3,0.554756,0
P_219066,W_23165,2,0.058789,0
P_219288,W_9703,3,0.762229,1
P_219553,W_3177,2,0.506855,0
P_219571,W_10472,0,0.137324,0
P_219596,W_9643,0,0.188783,0
P_219608,W_20610,2,0.196789,0
P_219629,W_3061,1,0.092051,0
P_219678,W_7584,0,0.82738,1
P_219761,W_64766,0,0.088989,0
P_219764,W_64766,0,0.557148,1
P_219797,W_40876,3,0.792885,1
P_219847,W_121360,1,0.476949,0
P_219848,W_32534,2,0.761094,1
P_219849,W_32711,2,0.378103,1
P_219850,W_87425,0,0.682624,1
P_219855,W_4852,1,0.501359,0
P_219864,W_109642,2,0.47398,1
P_219865,W_4835,2,0.483879,0
P_22,W_22,0,0.323814,0
P_22053,W_22053,0,0.352628,0
P_22066,W_22053,0,0.364722,1
P_22078,W_8673,1,0.0244,0
P_220802,W_3203,1,0.15713,0
P_220803,W_13440,2,0.432669,0
P_22084,W_22084,1,0.569674,0
P_22085,W_22084,1,0.134464,0
P_22086,W_22084,1,0.250077,1
P_220880,W_383,3,0.397336,1
P_220910,W_13523,4,0.302854,0
P_220926,W_4012,3,0.648866,0
P_22111,W_22053,0,0.251299,1
P_221273,W_12542,1,0.323867,0
P_22129,W_5368,3,0.410353,0
P_221391,W_10428,3,0.639433,1
P_22147,W_22148,1,0.46029,0
P_22148,W_22148,1,0.169759,1
P_221513,W_125863,1,0.658148,0
P_22157,W_7116,4,0.383225,1
P_221641,W_12968,4,0.350241,1
P_221656,W_26687,1,0.336267,0
P_221659,W_26687,1,0.353571,0
P_221718,W_10902,1,0.77665,1
P_221719,W_114810,0,0.698383,1
P_221758,W_112910,4,0.708892,1
P_221763,W_2968,4,0.56064,1
P_221773,W_123591,0,0.688119,1
P_221797,W_27641,3,0.444401,0
P_221866,W_113981,2,0.550234,1
P_221869,W_42488,0,0.726706,0
P_22192,W_4267,0,0.147907,0
P_221923,W_64395,4,0.548025,1
P_222091,W_32062,0,0.140213,0
P_22210,W_5552,4,0.622194,1
P_22214,W_94,3,0.515331,0
P_22216,W_94,3,0.190822,0
P_222302,W_7776,3,0.341252,1
P_222508,W_3997,3,0.057856,0
P_222511,W_14229,3,0.52834,0
P_222590,W_76574,3,0.78345,1
P_22260,W_21817,0,0.568115,1
P_222658,W_11387,1,0.684773,0
P_222673,W_126096,4,0.653265,1
P_222678,W_10913,1,0.770258,1
P_222695,W_13540,3,0.648708,1
P_222702,W_126096,4,0.625714,1
P_22286,W_22286,0,0.238002,0
P_222878,W_11535,0,0.599682,0
P_222880,W_1409,4,0.544399,1
P_222887,W_11535,0,0.485952,1
P_22289,W_2393,1,0.214198,1
P_222890,W_21695,1,0.460488,0
P_222891,W_126096,4,0.832673,1
P_222897,W_64650,2,0.709944,0
P_222906,W_126096,4,0.740196,1
P_22310,W_625,0,0.252539,1
P_223228,W_126096,4,0.713867,0
P_223265,W_126096,4,0.692545,1
P_223271,W_126096,4,0.507654,0
P_223295,W_126096,4,0.720323,1
P_223314,W_126096,4,0.696995,1
P_223316,W_103771,3,0.491892,0
P_223350,W_5655,3,0.68926,0
P_223581,W_126096,4,0.696651,1
P_223588,W_39785,4,0.409009,0
P_223624,W_126096,4,0.577871,1
P_223817,W_9665,2,0.658667,0
P_22388,W_1282,2,0.151851,0
P_223911,W_25489,1,0.688986,1
P_224018,W_53997,1,0.513457,0
P_224025,W_20162,3,0.451519,1
P_224028,W_11474,2,0.683351,1
P_22406,W_575,4,0.198535,0
P_224251,W_97414,3,0.190289,0
P_224606,W_7961,3,0.486212,0
P_224609,W_54461,0,0.248353,0
P_22462,W_22451,3,0.658097,0
P_22463,W_375,4,0.445681,0
P_224666,W_75372,1,0.542059,1
P_224906,W_5616,3,0.497764,0
P_225069,W_5954,3,0.507348,0
P_22526,W_7264,3,0.444961,1
P_225297,W_775,0,0.219262,0
P_225467,W_126478,0,0.636436,1
P_22547,W_9128,2,0.15884,1
P_225483,W_126478,0,0.758526,1
P_225493,W_4767,4,0.752557,1
P_225497,W_4767,4,0.12563,0
P_22554,W_1143,1,0.154538,0
P_225541,W_55861,0,0.565177,0
P_225550,W_4812,1,0.745163,1
P_22557,W_22556,4,0.163019,1
P_225583,W_39520,2,0.116271,0
P_22559,W_22556,4,0.408957,1
P_225775,W_12968,4,0.436725,0
P_22581,W_22581,3,0.056894,0
P_22585,W_22581,3,0.230534,0
P_225875,W_7762,4,0.659908,0
P_225943,W_39785,4,0.597274,0
P_225946,W_4696,4,0.633626,1
P_225951,W_12137,0,0.772946,0
P_225957,W_92616,2,0.563708,1
P_225959,W_18505,1,0.566687,0
P_225991,W_5438,3,0.750969,1
P_226,W_226,3,0.049492,0
P_226016,W_28493,4,0.720911,0
P_226028,W_13687,3,0.720709,1
P_226035,W_5233,4,0.706702,1
P_226036,W_65381,2,0.527279,1
P_226039,W_10850,3,0.495735,0
P_226042,W_1939,1,0.723531,1
P_226046,W_22154,4,0.52341,1
P_226051,W_101001,4,0.541981,1
P_226065,W_7580,4,0.625887,1
P_226089,W_68897,1,0.172523,0
P_226141,W_113615,4,0.166934,0
P_226149,W_118849,3,0.265382,0
P_226156,W_10313,0,0.741988,1
P_226375,W_11006,2,0.77805,1
P_226403,W_62475,2,0.134035,0
P_226451,W_9576,4,0.494487,1
P_226468,W_122709,2,0.337263,0
P_226609,W_74245,4,0.472516,1
P_22661,W_20036,0,0.708774,1
P_226710,W_25150,2,0.6812,1
P_226969,W_11552,4,0.566813,1
P_226997,W_5440,3,0.703081,1
P_227053,W_114947,1,0.607308,0
P_2271,W_2271,1,0.119682,0
P_227182,W_52660,4,0.165093,1
P_227244,W_2271,1,0.166323,0
P_227447,W_32058,1,0.43018,0
P_227449,W_32062,0,0.125492,0
P_22760,W_22451,3,0.68612,1
P_227762,W_45675,2,0.593072,1
P_227799,W_29487,4,0.794417,0
P_228003,W_3170,4,0.269897,1
P_228033,W_3057,0,0.216091,0
P_228050,W_3997,3,0.140075,0
P_2283,W_2271,1,0.105317,0
P_22839,W_3061,1,0.340355,0
P_228633,W_6485,3,0.566642,1
P_228808,W_87758,0,0.338244,1
P_228881,W_52177,2,0.785759,0
P_228942,W_4826,3,0.615717,0
P_228945,W_114742,2,0.726034,0
P_228963,W_4700,1,0.782202,1
P_228984,W_42488,0,0.82787,1
P_22908,W_14379,0,0.076584,0
P_229095,W_11898,0,0.43659,0
P_229140,W_9271,2,0.48583,1
P_229229,W_1362,1,0.266895,0
P_22925,W_13540,3,0.615437,0
P_22927,W_22926,4,0.734513,0
P_22937,W_22936,0,0.669384,0
P_22944,W_19417,4,0.73124,1
P_229457,W_4779,2,0.466431,0
P_22946,W_22945,0,0.615023,0
P_22947,W_4814,4,0.805924,0
P_22952,W_4829,4,0.78912,1
P_22954,W_4806,4,0.61664,0
P_22955,W_3099,2,0.57511,1
P_229554,W_99751,2,0.323502,0
P_22962,W_22961,4,0.549728,0
P_22963,W_5915,0,0.457345,0
P_229672,W_68897,1,0.374403,1
P_22971,W_10577,3,0.655709,1
P_22974,W_12137,0,0.781413,1
P_229916,W_32062,0,0.257451,0
P_23,W_22,0,0.724077,0
P_230025,W_28094,0,0.444834,0
P_230101,W_14861,0,0.432585,0
P_230107,W_59319,4,0.630848,1
P_230110,W_22926,4,0.760061,1
P_23018,W_3997,3,0.190135,0
P_2302,W_2301,3,0.558659,0
P_230230,W_3077,4,0.672659,0
P_230280,W_175,2,0.241562,1
P_230405,W_40251,0,0.187656,0
P_230601,W_10902,1,0.51354,0
P_230610,W_116565,3,0.457947,1
P_230739,W_11474,2,0.770689,1
P_230985,W_4820,4,0.802651,1
P_231038,W_5655,3,0.695969,1
P_23107,W_117403,2,0.549376,0
P_231076,W_22286,0,0.038377,0
P_23111,W_10745,1,0.569798,0
P_23115,W_9286,2,0.584276,1
P_23117,W_23116,0,0.560164,0
P_23120,W_14501,0,0.521521,1
P_23127,W_161,2,0.211343,1
P_231334,W_52963,2,0.441582,1
P_23142,W_23142,1,0.289211,0
P_23153,W_94,3,0.214808,0
P_23154,W_1894,0,0.064356,0
P_23155,W_2658,1,0.34537,1
P_231574,W_117791,2,0.704536,1
P_231628,W_19748,1,0.710276,1
P_23165,W_23165,2,0.212039,0
P_2317,W_2301,3,0.580006,1
P_231781,W_23142,1,0.329134,1
P_231881,W_22945,0,0.69155,1
P_231916,W_55442,0,0.23816,0
P_231950,W_30552,2,0.388538,0
P_231958,W_10849,2,0.382624,0
P_232100,W_121182,0,0.638793,1
P_232148,W_10576,2,0.749145,1
P_232311,W_9263,3,0.652628,0
P_232312,W_70931,1,0.76479,0
P_23239,W_23239,4,0.683424,0
P_232531,W_42117,0,0.325546,1
P_232565,W_25511,4,0.694867,0
P_232585,W_17053,4,0.045994,0
P_232596,W_3174,2,0.345658,0
P_232720,W_3964,1,0.226183,1
P_232786,W_5233,4,0.589726,0
P_232788,W_1939,1,0.63338,1
P_232973,W_26542,4,0.743216,1
P_232992,W_7580,4,0.723664,1
P_233,W_233,4,0.249084,0
P_233011,W_114712,0,0.554447,1
P_233140,W_7580,4,0.601289,0
P_233192,W_19985,2,0.485442,0
P_233399,W_127392,1,0.681058,1
P_233405,W_127392,1,0.457578,0
P_233418,W_2145,0,0.715303,1
P_233428,W_32202,2,0.157047,0
P_233464,W_4810,1,0.509738,0
P_233537,W_5294,1,0.817974,0
P_233597,W_116565,3,0.742126,0
P_233671,W_24522,3,0.676616,1
P_233725,W_10914,1,0.679094,1
P_233845,W_10838,2,0.598178,0
P_234,W_233,4,0.234738,0
P_234166,W_704,3,0.574647,0
P_234293,W_12255,4,0.660038,1
P_234299,W_4837,4,0.450341,0
P_234319,W_21013,2,0.148347,1
P_23441,W_3497,1,0.620464,0
P_23452,W_3497,1,0.560371,1
P_23453,W_76174,2,0.735223,1
P_23455,W_8850,2,0.51928,0
P_234634,W_5118,4,0.458424,0
P_234649,W_9290,4,0.664468,1
P_234650,W_9290,4,0.621509,0
P_23483,W_10603,4,0.519071,1
P_23485,W_10603,4,0.629882,1
P_234850,W_13693,4,0.657049,1
P_23489,W_10603,4,0.520736,0
P_234951,W_7578,1,0.41068,1
P_234979,W_11833,1,0.822684,0
P_234980,W_19945,4,0.686526,1
P_234995,W_127547,3,0.866289,1
P_234996,W_127547,3,0.785226,0
P_235026,W_127547,3,0.796026,1
P_235027,W_127547,3,0.736906,1
P_235028,W_127547,3,0.726496,1
P_235045,W_127547,3,0.829476,1
P_235091,W_97460,2,0.457028,1
P_23515,W_6549,2,0.144846,0
P_23516,W_6102,0,0.413457,0
P_235183,W_119158,1,0.537311,0
P_23521,W_1456,1,0.094671,0
P_23526,W_23525,3,0.109991,0
P_2354,W_2301,3,0.13701,0
P_23544,W_23544,1,0.269188,0
P_235598,W_64652,1,0.692228,1
P_235612,W_4696,4,0.745483,0
P_235613,W_5655,3,0.639699,1
P_23563,W_642,3,0.053952,0
P_235635,W_20084,4,0.444128,1
P_235707,W_546,1,0.34089,0
P_235738,W_299,1,0.377181,0
P_23575,W_1033,0,0.1533,0
P_23586,W_4887,1,0.749553,0
P_23587,W_23116,0,0.619516,0
P_23588,W_4812,1,0.738435,0
P_23589,W_9263,3,0.54511,0
P_235957,W_20414,1,0.76245,0
P_236088,W_64395,4,0.625284,1
P_23623,W_7261,3,0.358642,1
P_23627,W_23627,1,0.352589,0
P_23628,W_23627,1,0.746066,1
P_236429,W_42311,0,0.687574,1
P_236534,W_9131,0,0.671628,1
P_236541,W_111656,0,0.715857,1
P_236599,W_11358,1,0.425814,0
P_236627,W_4867,0,0.706105,1
P_236628,W_4826,3,0.541082,0
P_236984,W_27919,1,0.780321,1
P_237127,W_21828,3,0.179623,1
P_23725,W_1055,2,0.201005,0
P_23737,W_1308,0,0.294035,0
P_23738,W_5102,0,0.545087,0
P_237423,W_20769,4,0.667027,1
P_237450,W_7578,1,0.609769,1
P_237457,W_20710,2,0.690917,1
P_23767,W_23767,0,0.484047,1
P_23772,W_23772,3,0.540767,1
P_237724,W_9266,1,0.684587,0
P_23776,W_7550,2,0.507205,1
P_237976,W_51980,1,0.608621,0
P_237977,W_4806,4,0.55338,1
P_237978,W_7577,0,0.631923,1
P_238008,W_31383,2,0.167443,0
P_238013,W_2393,1,0.241875,0
P_238296,W_299,1,0.408476,0
P_238441,W_19945,4,0.778684,1
P_238442,W_27911,0,0.098809,1
P_23846,W_5231,0,0.355426,0
P_238461,W_4806,4,0.737124,1
P_238540,W_87469,0,0.337557,0
P_238613,W_11484,3,0.815325,0
P_238705,W_13208,1,0.295099,0
P_238818,W_8203,4,0.547614,1
P_238887,W_119680,1,0.302621,0
P_238955,W_27913,2,0.724779,1
P_23907,W_841,1,0.286209,0
P_23912,W_21528,1,0.700407,1
P_23915,W_3092,1,0.14314,0
P_23917,W_10581,3,0.485577,0
P_23923,W_9128,2,0.096351,0
P_23924,W_1812,4,0.274403,0
P_23926,W_6715,2,0.507447,0
P_2393,W_2393,1,0.302041,0
P_23941,W_9719,0,0.619386,0
P_239452,W_34604,1,0.646848,1
P_23947,W_1443,0,0.137334,0
P_23948,W_9507,1,0.497709,0
P_23952,W_1443,0,0.201948,0
P_23955,W_1443,0,0.15196,0
P_239555,W_76574,3,0.686299,1
P_239573,W_40419,2,0.490252,1
P_239812,W_3266,0,0.583867,0
P_239901,W_17274,1,0.757129,1
P_239993,W_64648,2,0.763672,0
P_240006,W_3266,0,0.502026,0
P_240007,W_3266,0,0.484464,0
P_240197,W_4541,3,0.629608,0
P_240211,W_92417,1,0.441399,0
P_240389,W_10906,4,0.829778,1
P_240411,W_116565,3,0.85199,1
P_240468,W_52227,4,0.30427,0
P_240472,W_27328,1,0.328172,1
P_240548,W_3266,0,0.384934,1
P_240706,W_31091,0,0.840602,1
P_240801,W_121504,2,0.335192,0
P_240803,W_373,0,0.278202,0
P_240804,W_867,3,0.064213,0
P_240805,W_11485,4,0.028092,0
P_240811,W_7552,2,0.223804,0
P_240822,W_114947,1,0.388996,0
P_240926,W_13691,1,0.379239,1
P_241027,W_15300,2,0.475157,1
P_241193,W_546,1,0.382189,0
P_24143,W_6437,3,0.193727,0
P_241664,W_27919,1,0.737779,0
P_241665,W_114810,0,0.677929,1
P_241687,W_16560,3,0.122867,0
P_241818,W_4541,3,0.43108,0
P_241858,W_5440,3,0.7499,1
P_241920,W_3744,2,0.181619,0
P_242063,W_2970,1,0.131252,0
P_242082,W_128680,1,0.329585,0
P_242110,W_10216,1,0.748442,0
P_242120,W_128680,1,0.755048,0
P_242128,W_128680,1,0.381535,0
P_242171,W_116516,4,0.256865,1
P_24222,W_24222,4,0.121526,0
P_24223,W_24222,4,0.1067,0
P_242360,W_4751,3,0.826775,1
P_242464,W_7776,3,0.078009,0
P_242507,W_6485,3,0.225607,1
P_242510,W_89492,2,0.660918,0
P_242572,W_115728,4,0.607845,1
P_242615,W_20122,4,0.651983,1
P_242624,W_23772,3,0.522852,0
P_242636,W_4814,4,0.658404,1
P_2427,W_2427,4,0.229412,0
P_242723,W_5534,4,0.170633,0
P_242734,W_5534,4,0.191109,0
P_242735,W_125863,1,0.501563,0
P_242753,W_51795,4,0.481696,1
P_24280,W_8535,4,0.711725,0
P_242805,W_52963,2,0.584149,1
P_24282,W_8535,4,0.634399,1
P_242823,W_5534,4,0.129288,0
P_242828,W_5534,4,0.2732,0
P_24285,W_8535,4,0.722459,1
P_242880,W_43088,2,0.023576,0
P_243043,W_10528,3,0.52854,0
P_243047,W_19903,3,0.11402,0
P_243049,W_10253,3,0.391899,0
P_243075,W_706,0,0.759908,0
P_243103,W_128680,1,0.735106,1
P_243134,W_128680,1,0.631676,1
P_243323,W_128680,1,0.72779,0
P_243329,W_128680,1,0.677761,1
P_243332,W_128680,1,0.761571,0
P_243417,W_32058,1,0.206795,0
P_243541,W_2407,2,0.077028,1
P_243558,W_16560,3,0.155983,1
P_243599,W_3170,4,0.298725,0
P_243608,W_9576,4,0.755783,1
P_243612,W_13875,4,0.525948,1
P_243615,W_61921,0,0.621883,1
P_243672,W_31360,2,0.770726,1
P_243693,W_74245,4,0.702285,1
P_243786,W_39783,4,0.560365,1
P_243814,W_16560,3,0.142656,0
P_243850,W_15223,3,0.552494,1
P_243960,W_13687,3,0.665324,1
P_243961,W_40671,4,0.740547,1
P_243963,W_56239,3,0.659493,1
P_243964,W_4696,4,0.656411,1
P_243965,W_10577,3,0.50106,1
P_243966,W_65609,2,0.751144,0
P_243969,W_18505,1,0.434165,0
P_243996,W_41946,2,0.573652,1
P_244158,W_13687,3,0.64583,1
P_244159,W_123591,0,0.776252,1
P_244160,W_2968,4,0.637054,1
P_244163,W_40702,2,0.368631,0
P_244168,W_20162,3,0.536771,1
P_244177,W_115707,2,0.672513,0
P_244193,W_114810,0,0.736113,1
P_24428,W_8213,1,0.454772,0
P_244448,W_10603,4,0.726287,0
P_244467,W_29060,0,0.225774,1
P_24449,W_5071,4,0.230017,0
P_24451,W_4354,3,0.561645,1
P_24454,W_10253,3,0.444514,0
P_24455,W_3744,2,0.330471,0
P_244633,W_2393,1,0.113599,0
P_244649,W_383,3,0.298893,0
P_244666,W_4158,0,0.236602,1
P_244712,W_101001,4,0.572314,1
P_24473,W_24473,2,0.110862,0
P_24474,W_24473,2,0.242694,0
P_24475,W_24473,2,0.081625,0
P_24477,W_24473,2,0.528429,0
P_24479,W_24473,2,0.346266,0
P_244912,W_3964,1,0.432447,0
P_24499,W_24473,2,0.154472,0
P_24507,W_24473,2,0.478561,0
P_245161,W_10528,3,0.370774,0
P_24523,W_24522,3,0.580985,1
P_24527,W_24473,2,0.13862,0
P_245361,W_841,1,0.638513,0
P_2454,W_2454,3,0.430754,0
P_2455,W_2454,3,0.363138,0
P_245502,W_25000,4,0.026323,0
P_245544,W_129296,1,0.528738,0
P_245555,W_129296,1,0.710694,1
P_245559,W_129296,1,0.716148,1
P_245627,W_129296,1,0.822171,1
P_24565,W_9508,3,0.29882,0
P_245675,W_101001,4,0.726419,1
P_24570,W_10790,1,0.321729,0
P_24571,W_3074,2,0.290925,1
P_245847,W_129296,1,0.873269,1
P_245884,W_13873,4,0.628474,0
P_245886,W_124745,0,0.765581,0
P_245887,W_129296,1,0.665094,1
P_245935,W_129296,1,0.843903,1
P_245936,W_129296,1,0.633914,1
P_245937,W_129296,1,0.551527,0
P_246,W_246,1,0.163555,0
P_246061,W_4694,4,0.648264,0
P_246118,W_1305,2,0.23544,1
P_246183,W_17671,0,0.139535,1
P_246224,W_16560,3,0.111005,0
P_246511,W_34568,3,0.591764,1
P_246657,W_43997,4,0.65577,1
P_246773,W_123334,2,0.616972,1
P_246856,W_10129,1,0.065403,0
P_247037,W_129436,1,0.446529,1
P_247039,W_117791,2,0.551302,0
P_247169,W_1153,3,0.094259,0
P_247188,W_3063,0,0.556782,1
P_247195,W_64513,2,0.435133,0
P_247196,W_64648,2,0.798648,0
P_247381,W_86795,4,0.634479,0
P_24739,W_5363,4,0.600473,0
P_24743,W_4751,3,0.176404,0
P_24747,W_14662,4,0.240595,1
P_2475,W_2474,1,0.380356,1
P_247572,W_2427,4,0.204055,0
P_24758,W_12460,1,0.236957,0
P_247584,W_26,3,0.293639,0
P_24761,W_12460,1,0.192875,0
P_24763,W_12460,1,0.398365,0
P_247876,W_3145,2,0.314336,0
P_24788,W_12460,1,0.332151,0
P_248074,W_2970,1,0.516395,1
P_248075,W_3447,4,0.329587,0
P_248083,W_9103,1,0.179575,0
P_248084,W_10685,2,0.83796,1
P_248151,W_6715,2,0.478661,1
P_248154,W_6437,3,0.314843,0
P_248158,W_9133,4,0.0143,0
P_248165,W_9508,3,0.3311,0
P_248428,W_23770,4,0.711111,1
P_248491,W_9271,2,0.783747,0
P_248516,W_22556,4,0.135972,0
P_248559,W_856,2,0.112603,0
P_248628,W_111906,1,0.75131,1
P_248629,W_4916,0,0.679692,1
P_248648,W_13691,1,0.445472,1
P_248649,W_13691,1,0.619723,0
P_248747,W_29060,0,0.5041,1
P_248783,W_39520,2,0.15751,0
P_248785,W_3414,4,0.299397,1
P_24879,W_1454,0,0.216642,0
P_248800,W_10781,0,0.550719,1
P_24884,W_48,0,0.37464,0
P_24885,W_10788,1,0.618558,1
P_248852,W_55861,0,0.411446,0
P_24892,W_5954,3,0.315892,0
P_249041,W_22936,0,0.699423,1
P_249046,W_22936,0,0.486133,1
P_249067,W_97414,3,0.572884,0
P_249151,W_115054,1,0.117022,0
P_249154,W_4646,3,0.71738,0
P_249294,W_57375,3,0.468807,1
P_249300,W_40924,0,0.429748,0
P_24932,W_2085,3,0.044318,0
P_24938,W_3077,4,0.638851,1
P_249462,W_65049,3,0.820927,1
P_249468,W_15223,3,0.454991,0
P_249483,W_5655,3,0.493985,1
P_249505,W_35395,2,0.762276,1
P_249506,W_27641,3,0.508086,0
P_249509,W_42453,1,0.629738,1
P_249510,W_36064,4,0.613902,1
P_249511,W_3245,3,0.644764,0
P_24962,W_677,0,0.577725,1
P_24963,W_2081,0,0.332079,1
P_2497,W_1002,3,0.456569,1
P_24984,W_1409,4,0.103283,0
P_249858,W_20162,3,0.656962,0
P_249861,W_4694,4,0.674308,0
P_249933,W_10154,4,0.405607,1
P_249934,W_40419,2,0.412064,1
P_25002,W_25000,4,0.025079,0
P_25003,W_25000,4,0.011206,0
P_25005,W_25000,4,0.318051,0
P_25007,W_7550,2,0.272017,0
P_25010,W_25000,4,0.016987,0
P_25030,W_25030,1,0.132789,0
P_25031,W_25030,1,0.163871,0
P_25033,W_2930,3,0.164157,0
P_25043,W_4775,3,0.373196,0
P_250480,W_114408,2,0.80487,1
P_250538,W_961,0,0.174367,1
P_250642,W_3995,4,0.108285,0
P_25070,W_679,2,0.234605,0
P_250708,W_17671,0,0.166089,1
P_250722,W_4702,2,0.691082,0
P_250728,W_70931,1,0.794859,1
P_250746,W_42453,1,0.471756,0
P_25075,W_25030,1,0.07671,0
P_250764,W_546,1,0.427374,0
P_25077,W_14969,1,0.420843,0
P_250781,W_20036,0,0.818938,1
P_250818,W_5930,0,0.313716,0
P_250827,W_20097,3,0.056711,0
P_250830,W_76574,3,0.779178,1
P_250853,W_11473,3,0.590303,1
P_250856,W_40971,2,0.41311,1
P_250998,W_3099,2,0.699353,1
P_251004,W_115707,2,0.74178,1
P_25101,W_9133,4,0.02357,0
P_25102,W_25030,1,0.307366,0
P_25107,W_13440,2,0.218689,0
P_251088,W_12968,4,0.455365,0
P_25110,W_3174,2,0.307799,1
P_251106,W_4801,4,0.782356,1
P_251116,W_5233,4,0.760904,1
P_25113,W_25113,0,0.4074,0
P_25114,W_3057,0,0.17405,0
P_25115,W_7084,0,0.6401,0
P_25116,W_25113,0,0.468896,1
P_25131,W_7229,1,0.419711,0
P_251479,W_37947,2,0.749841,1
P_25150,W_25150,2,0.568672,1
P_25151,W_25150,2,0.570037,1
P_25154,W_25154,0,0.490477,1
P_251547,W_32202,2,0.066627,0
P_25155,W_25154,0,0.534161,1
P_25157,W_19945,4,0.473302,0
P_25159,W_4829,4,0.616366,1
P_25160,W_12792,3,0.678504,0
P_25163,W_4810,1,0.753529,0
P_25164,W_19943,3,0.841806,1
P_25166,W_4865,4,0.577129,1
P_25173,W_22965,1,0.777725,1
P_25174,W_4814,4,0.566846,0
P_251785,W_40675,1,0.716893,1
P_25180,W_4820,4,0.659881,1
P_25181,W_11859,4,0.694569,1
P_251896,W_99751,2,0.206343,0
P_251898,W_5697,2,0.127518,1
P_251900,W_5687,2,0.282554,0
P_25191,W_7257,3,0.57413,1
P_251944,W_31360,2,0.814685,1
P_251952,W_53687,2,0.594391,1
P_252351,W_3203,1,0.238741,0
P_252526,W_3074,2,0.182368,0
P_252532,W_9626,2,0.246765,0
P_252545,W_8202,2,0.360954,1
P_252625,W_4642,1,0.093774,0
P_252688,W_6216,3,0.598214,1
P_252711,W_126478,0,0.696544,1
P_25274,W_10790,1,0.317789,0
P_25276,W_4694,4,0.752096,1
P_252767,W_4887,1,0.736141,1
P_25304,W_4762,3,0.275193,1
P_253135,W_2407,2,0.298719,0
P_253177,W_1362,1,0.258081,0
P_253273,W_2271,1,0.17047,0
P_253330,W_21817,0,0.437124,0
P_253385,W_122254,2,0.5475,0
P_253491,W_125147,2,0.619741,1
P_253528,W_9286,2,0.595854,1
P_25365,W_3237,4,0.526382,0
P_25372,W_5954,3,0.50345,1
P_253772,W_40924,0,0.809381,1
P_25385,W_2930,3,0.666383,0
P_25386,W_2768,4,0.105853,0
P_25387,W_3162,2,0.242692,0
P_25388,W_5118,4,0.333333,1
P_253908,W_23767,0,0.756897,0
P_25391,W_8937,0,0.351276,0
P_25392,W_9508,3,0.307223,1
P_25393,W_2928,1,0.073366,0
P_254170,W_42117,0,0.486834,0
P_25428,W_21013,2,0.629596,0
P_254461,W_6676,3,0.388398,0
P_254520,W_383,3,0.254382,0
P_25467,W_7584,0,0.662315,1
P_25468,W_23772,3,0.436214,1
P_254731,W_2966,4,0.142485,0
P_254873,W_111510,2,0.655383,0
P_254880,W_29078,1,0.710729,0
P_2549,W_642,3,0.027822,0
P_255030,W_59952,4,0.468987,0
P_25511,W_25511,4,0.722682,0
P_255292,W_3203,1,0.588868,1
P_25538,W_5342,3,0.076002,1
P_25548,W_6464,3,0.020511,0
P_255604,W_57375,3,0.230148,1
P_255621,W_14861,0,0.777784,1
P_255634,W_115707,2,0.346026,1
P_2558,W_2558,3,0.249406,0
P_256121,W_1409,4,0.316269,0
P_25621,W_25621,3,0.738605,0
P_25622,W_5555,3,0.139081,0
P_256332,W_179,3,0.253715,0
P_256413,W_4698,1,0.606633,1
P_256415,W_4939,4,0.644485,0
P_25642,W_1305,2,0.090149,0
P_256439,W_122709,2,0.210935,0
P_25660,W_7027,0,0.09471,0
P_256715,W_68472,3,0.23279,1
P_256796,W_8213,1,0.66285,1
P_25680,W_23544,1,0.853553,0
P_25682,W_1650,3,0.161224,0
P_25685,W_7489,0,0.780719,0
P_256942,W_28094,0,0.557711,0
P_256985,W_106883,4,0.659107,1
P_257171,W_23767,0,0.527771,1
P_257184,W_7249,0,0.270619,0
P_257199,W_5461,4,0.360255,1
P_257548,W_1454,0,0.211187,0
P_257739,W_62086,3,0.385594,1
P_257993,W_1055,2,0.26336,0
P_258014,W_27477,3,0.463395,0
P_258337,W_8535,4,0.653752,1
P_258340,W_137560,3,0.5723,0
P_258360,W_20414,1,0.358017,0
P_25844,W_3978,1,0.415653,1
P_258642,W_5917,2,0.303511,0
P_258643,W_4066,1,0.229778,1
P_258726,W_30424,2,0.345131,0
P_258728,W_8521,2,0.574989,1
P_258730,W_20622,0,0.348197,0
P_258781,W_13204,0,0.154087,0
P_258799,W_2658,1,0.321478,0
P_258811,W_799,4,0.662466,1
P_258814,W_14662,4,0.662985,1
P_258913,W_7084,0,0.509387,0
P_259030,W_113981,2,0.531041,1
P_259058,W_34604,1,0.782961,1
P_259093,W_59954,2,0.511156,1
P_259143,W_6210,3,0.41032,1
P_259204,W_5162,4,0.184883,1
P_259330,W_35188,3,0.583041,1
P_259333,W_284,2,0.726227,1
P_259349,W_1616,3,0.145179,0
P_259356,W_284,2,0.706435,0
P_259420,W_284,2,0.347837,1
P_259431,W_7961,3,0.403841,0
P_259441,W_89492,2,0.373622,0
P_259629,W_35395,2,0.235676,1
P_259640,W_131020,0,0.719162,0
P_259651,W_131020,0,0.831659,1
P_259652,W_131020,0,0.91345,1
P_259662,W_131020,0,0.757432,1
P_259663,W_131020,0,0.501726,1
P_259664,W_131020,0,0.667284,1
P_259666,W_131020,0,0.26442,0
P_259671,W_38517,4,0.802332,1
P_259692,W_10851,4,0.682788,0
P_259977,W_131020,0,0.674648,1
P_26,W_26,3,0.257997,0
P_26002,W_13127,4,0.287164,0
P_260034,W_56781,0,0.157522,0
P_260050,W_131020,0,0.592346,1
P_260218,W_20185,3,0.337377,1
P_260259,W_7249,0,0.358731,1
P_260268,W_22148,1,0.224274,0
P_2603,W_1362,1,0.232279,1
P_26030,W_4158,0,0.072763,0
P_26037,W_6536,2,0.040011,0
P_260434,W_2696,3,0.400233,1
P_260536,W_114606,2,0.773342,1
P_260538,W_11552,4,0.229249,1
P_261102,W_9574,1,0.813318,1
P_261106,W_25511,4,0.75377,1
P_26111,W_26111,3,0.767676,1
P_261111,W_3260,0,0.699635,1
P_261112,W_10745,1,0.497209,0
P_26112,W_26111,3,0.775723,1
P_261202,W_22926,4,0.706823,1
P_26130,W_14485,3,0.054867,0
P_261340,W_103129,0,0.751001,1
P_261356,W_9263,3,0.732626,0
P_261448,W_10216,1,0.62917,1
P_261513,W_30424,2,0.411374,0
P_261521,W_124809,1,0.280605,0
P_261536,W_64650,2,0.615801,1
P_261542,W_10902,1,0.621464,0
P_26155,W_14354,0,0.71788,1
P_261708,W_15300,2,0.288752,0
P_261875,W_114712,0,0.470618,1
P_261902,W_11471,2,0.379744,0
P_262014,W_8535,4,0.629984,0
P_26203,W_2658,1,0.313567,0
P_262054,W_1276,4,0.064251,0
P_26212,W_2271,1,0.467425,1
P_262156,W_161,2,0.421029,0
P_262201,W_4865,4,0.372184,0
P_262210,W_5500,4,0.266193,1
P_262215,W_2083,2,0.188276,1
P_262482,W_6602,2,0.40663,0
P_262564,W_21352,3,0.164373,0
P_262600,W_21528,1,0.721996,0
P_262601,W_13440,2,0.419532,0
P_262605,W_119158,1,0.603731,0
P_262606,W_93644,0,0.703707,0
P_262685,W_11833,1,0.752426,1
P_262718,W_19748,1,0.779039,1
P_262746,W_5655,3,0.716756,1
P_262800,W_53040,3,0.457143,1
P_26283,W_6753,3,0.109549,0
P_263006,W_6753,3,0.456799,1
P_263092,W_9297,4,0.626945,1
P_263210,W_4922,0,0.145,0
P_263217,W_10838,2,0.777147,1
P_263293,W_5071,4,0.317931,0
P_26332,W_2454,3,0.257826,0
P_26334,W_2454,3,0.490121,0
P_26335,W_2454,3,0.517731,0
P_26336,W_19508,0,0.287219,1
P_263502,W_115251,3,0.494895,1
P_263564,W_122815,1,0.620882,0
P_263572,W_103129,0,0.79515,1
P_263668,W_12317,3,0.783571,0
P_26374,W_17671,0,0.27724,0
P_263986,W_7816,2,0.685844,1
P_264006,W_7878,4,0.432277,0
P_264037,W_103129,0,0.721466,1
P_264149,W_22154,4,0.562272,1
P_264176,W_11850,0,0.814333,1
P_264199,W_114947,1,0.611097,0
P_264332,W_12137,0,0.708237,1
P_264458,W_26,3,0.458945,1
P_26461,W_26461,3,0.297047,0
P_264676,W_13691,1,0.43897,1
P_264785,W_129436,1,0.508215,1
P_264816,W_233,4,0.271246,0
P_264967,W_27913,2,0.772485,1
P_264987,W_27913,2,0.739112,1
P_265281,W_3177,2,0.272279,0
P_265503,W_10144,4,0.104832,0
P_265508,W_2696,3,0.352699,0
P_26552,W_26542,4,0.588179,1
P_26553,W_26542,4,0.496015,0
P_265544,W_11534,3,0.344891,0
P_265545,W_111906,1,0.763612,1
P_265555,W_55861,0,0.434446,1
P_265558,W_87469,0,0.244133,0
P_265574,W_64766,0,0.141852,0
P_265611,W_10065,3,0.474352,0
P_265625,W_1812,4,0.188138,0
P_265637,W_34907,3,0.49524,1
P_265638,W_112241,2,0.566336,0
P_265642,W_7878,4,0.49964,0
P_265765,W_11798,3,0.521415,0
P_265808,W_93644,0,0.720745,1
P_265813,W_1939,1,0.6204,0
P_2659,W_2658,1,0.279758,0
P_265916,W_42117,0,0.335352,0
P_265918,W_3061,1,0.365839,0
P_265943,W_19903,3,0.065933,0
P_265944,W_5071,4,0.152765,0
P_265949,W_120968,2,0.264004,0
P_265988,W_124199,0,0.740642,1
P_266029,W_42521,4,0.851302,1
P_266050,W_123334,2,0.510313,0
P_266122,W_2393,1,0.712917,1
P_266139,W_3447,4,0.397298,0
P_266181,W_26111,3,0.765477,1
P_26629,W_6616,4,0.190151,0
P_266299,W_954,4,0.266828,0
P_266310,W_6784,3,0.382203,0
P_266326,W_1033,0,0.838288,1
P_26640,W_11898,0,0.330213,1
P_266501,W_109122,1,0.435006,1
P_266510,W_424,1,0.713071,1
P_266512,W_1454,0,0.353492,1
P_266515,W_5954,3,0.514119,1
P_266518,W_22926,4,0.731215,1
P_266519,W_25150,2,0.822899,1
P_266543,W_7577,0,0.610482,1
P_266556,W_1983,3,0.233062,1
P_266599,W_6102,0,0.422279,1
P_266601,W_1894,0,0.124383,0
P_266643,W_25030,1,0.073928,0
P_266682,W_4843,1,0.713202,0
P_266720,W_3858,0,0.358177,0
P_266731,W_3270,0,0.2909,0
P_266733,W_10253,3,0.589522,0
P_266736,W_3858,0,0.075076,0
P_266810,W_856,2,0.113909,0
P_266822,W_4854,1,0.486361,1
P_266829,W_17274,1,0.670749,0
P_26687,W_26687,1,0.309755,0
P_26689,W_26687,1,0.321923,0
P_2669,W_625,0,0.649503,0
P_26691,W_26687,1,0.373779,0
P_26693,W_26687,1,0.257106,1
P_266947,W_6031,2,0.567822,0
P_266948,W_4698,1,0.767925,0
P_266952,W_19943,3,0.601861,0
P_266956,W_119158,1,0.611141,0
P_266958,W_20110,3,0.598176,1
P_266993,W_15521,2,0.264083,0
P_266996,W_1650,3,0.182261,0
P_267009,W_40199,4,0.642835,1
P_267039,W_5162,4,0.326064,1
P_267040,W_12168,0,0.231491,1
P_267059,W_34791,0,0.917549,1
P_267077,W_5363,4,0.603574,0
P_267300,W_86795,4,0.630361,1
P_267332,W_30678,1,0.671389,1
P_267631,W_9004,2,0.097593,0
P_267873,W_5687,2,0.365125,0
P_267886,W_118399,2,0.623901,1
P_268032,W_1276,4,0.108354,0
P_268220,W_175,2,0.685512,1
P_268361,W_70887,0,0.672368,1
P_268366,W_70887,0,0.586426,1
P_26837,W_11649,1,0.446891,1
P_26838,W_4916,0,0.574963,0
P_26839,W_26839,4,0.289,1
P_26840,W_26839,4,0.695821,1
P_268407,W_401,2,0.156917,0
P_26842,W_26839,4,0.29932,0
P_268563,W_7552,2,0.325913,0
P_268572,W_31003,3,0.128695,1
P_268600,W_11054,3,0.20741,0
P_26862,W_19417,4,0.709923,0
P_268760,W_4217,3,0.461666,0
P_268761,W_4217,3,0.732835,1
P_268928,W_5294,1,0.681119,0
P_268935,W_43997,4,0.638202,1
P_269006,W_116565,3,0.801392,0
P_26921,W_11485,4,0.027972,0
P_269222,W_12140,0,0.693707,1
P_269229,W_12140,0,0.622108,0
P_26924,W_94,3,0.378265,0
P_269255,W_5294,1,0.594616,0
P_269272,W_30235,3,0.71153,1
P_269273,W_28184,1,0.711601,0
P_269274,W_70931,1,0.762665,0
P_269275,W_9263,3,0.648416,0
P_269278,W_9266,1,0.695318,0
P_269280,W_38171,4,0.692656,0
P_269316,W_10781,0,0.773467,1
P_269317,W_4801,4,0.748889,0
P_269319,W_65049,3,0.773541,1
P_269321,W_117450,0,0.726935,1
P_269326,W_19353,0,0.81764,1
P_269329,W_9262,1,0.690511,1
P_26934,W_1894,0,0.062416,0
P_26935,W_15385,4,0.230133,0
P_26939,W_26939,0,0.653813,0
P_269391,W_886,1,0.69036,1
P_26941,W_26941,1,0.134538,0
P_269415,W_99743,2,0.791545,0
P_269419,W_9724,4,0.661143,1
P_269430,W_132426,2,0.396195,1
P_269438,W_64651,0,0.709786,1
P_269472,W_99743,2,0.577093,1
P_269473,W_9724,4,0.699814,1
P_269496,W_117403,2,0.562831,1
P_269505,W_31360,2,0.775998,0
P_269510,W_31360,2,0.755643,1
P_269511,W_64651,0,0.533308,0
P_269514,W_31360,2,0.818324,0
P_269528,W_14620,2,0.585907,1
P_269549,W_78838,3,0.650501,0
P_269553,W_19558,3,0.533703,0
P_269555,W_5095,4,0.574763,0
P_269562,W_9724,4,0.745378,1
P_269576,W_132426,2,0.564845,0
P_2696,W_2696,3,0.3846,0
P_269647,W_121504,2,0.255441,0
P_269649,W_1443,0,0.174163,0
P_269652,W_5095,4,0.569994,0
P_269677,W_4835,2,0.556345,0
P_269690,W_47901,1,0.234077,0
P_2697,W_2696,3,0.469759,0
P_269701,W_19903,3,0.168319,0
P_269725,W_22148,1,0.714414,1
P_269727,W_4865,4,0.473741,0
P_269729,W_11535,0,0.734663,1
P_269733,W_35188,3,0.512373,1
P_269742,W_6102,0,0.346738,1
P_269787,W_85332,0,0.356019,0
P_26988,W_26988,2,0.119112,0
P_269893,W_40034,1,0.469433,1
P_269896,W_40034,1,0.610258,1
P_269904,W_132490,2,0.67571,0
P_269905,W_132490,2,0.764065,1
P_269906,W_132490,2,0.629189,1
P_269931,W_99743,2,0.626448,0
P_269947,W_64513,2,0.661975,0
P_270049,W_6859,1,0.43187,1
P_270065,W_64489,1,0.60027,1
P_270083,W_26839,4,0.350471,0
P_270097,W_55442,0,0.073696,0
P_270132,W_62782,2,0.588924,0
P_270134,W_19558,3,0.668017,0
P_270135,W_64650,2,0.585544,1
P_270170,W_132541,4,0.772243,1
P_270172,W_132541,4,0.695601,1
P_270176,W_122729,0,0.642686,1
P_270177,W_19558,3,0.624351,1
P_270178,W_64648,2,0.809102,1
P_270190,W_6097,3,0.290402,0
P_270216,W_59954,2,0.263298,1
P_270255,W_64651,0,0.821262,1
P_270257,W_64627,4,0.799025,1
P_270279,W_21528,1,0.839458,1
P_270285,W_132541,4,0.819986,1
P_270288,W_62782,2,0.689237,1
P_270290,W_62782,2,0.823614,1
P_27030,W_5655,3,0.594926,1
P_270313,W_24522,3,0.72778,1
P_270331,W_22945,0,0.67571,0
P_270414,W_132541,4,0.571825,1
P_270419,W_132490,2,0.694154,1
P_270420,W_132490,2,0.326911,1
P_27064,W_69914,4,0.522266,0
P_27065,W_69914,4,0.315655,0
P_270657,W_5549,1,0.335424,1
P_27068,W_69914,4,0.352913,0
P_27070,W_69914,4,0.299939,1
P_27071,W_69914,4,0.371119,0
P_270758,W_23767,0,0.63601,0
P_270763,W_27913,2,0.748209,1
P_270809,W_20639,4,0.150963,0
P_270827,W_3145,2,0.076136,0
P_270939,W_132642,1,0.629353,0
P_270940,W_132642,1,0.607333,0
P_270941,W_132642,1,0.593648,0
P_271176,W_4694,4,0.344506,1
P_271177,W_7581,1,0.715463,1
P_271178,W_10850,3,0.746455,1
P_271180,W_58781,1,0.623701,1
P_271210,W_132686,2,0.406038,0
P_271211,W_56366,4,0.685055,1
P_271214,W_132686,2,0.399639,1
P_271219,W_132686,2,0.580434,0
P_271221,W_132686,2,0.598499,0
P_271222,W_43012,3,0.452201,1
P_27126,W_48,0,0.390065,0
P_271299,W_132686,2,0.591222,1
P_271308,W_580,3,0.500134,1
P_271341,W_15385,4,0.396684,1
P_271426,W_29045,2,0.600763,1
P_271438,W_64651,0,0.559592,1
P_271441,W_10641,3,0.535941,1
P_271442,W_64649,4,0.62689,1
P_271451,W_132642,1,0.586991,1
P_271454,W_132686,2,0.773351,1
P_271456,W_132686,2,0.399413,0
P_271462,W_132686,2,0.596439,0
P_27157,W_7032,0,0.041884,0
P_271597,W_123334,2,0.343668,0
P_27164,W_27164,2,0.698021,1
P_27165,W_27164,2,0.645909,1
P_27167,W_4849,1,0.634208,1
P_271672,W_22926,4,0.801207,1
P_271685,W_32595,1,0.230853,0
P_27172,W_7245,0,0.11375,0
P_271933,W_10906,4,0.586763,1
P_271939,W_2911,0,0.650046,1
P_271940,W_6441,4,0.636348,1
P_271946,W_11534,3,0.572829,0
P_271947,W_132541,4,0.760509,1
P_271980,W_11534,3,0.701895,0
P_271983,W_11534,3,0.567904,0
P_272,W_272,0,0.038129,0
P_272275,W_31383,2,0.419764,0
P_272323,W_6093,0,0.258964,0
P_272476,W_41771,1,0.39336,0
P_272515,W_13222,0,0.224178,0
P_27252,W_3092,1,0.202658,0
P_272793,W_132900,0,0.070717,0
P_27289,W_3174,2,0.178271,0
P_272964,W_132900,0,0.147625,0
P_27314,W_7257,3,0.839566,1
P_273212,W_4812,1,0.704359,1
P_273223,W_4865,4,0.545774,1
P_273233,W_15300,2,0.177557,0
P_27328,W_27328,1,0.229541,0
P_273302,W_26542,4,0.813176,1
P_273316,W_65381,2,0.752353,1
P_273330,W_26461,3,0.711128,1
P_27342,W_10212,3,0.661264,1
P_273427,W_13693,4,0.487589,1
P_27345,W_10212,3,0.367488,0
P_273591,W_132987,1,0.537897,1
P_273651,W_58781,1,0.535556,1
P_273658,W_119680,1,0.601536,1
P_273766,W_123334,2,0.452787,0
P_273779,W_123334,2,0.521367,1
P_273799,W_123334,2,0.427567,1
P_274061,W_1362,1,0.122843,0
P_274303,W_42997,4,0.674998,0
P_274309,W_42997,4,0.739952,1
P_274316,W_42997,4,0.489484,0
P_274328,W_2158,3,0.688588,1
P_274362,W_115814,2,0.810272,1
P_274468,W_41771,1,0.231291,0
P_274470,W_111906,1,0.853663,1
P_274516,W_11850,0,0.629449,0
P_274522,W_11850,0,0.662031,0
P_27477,W_27477,3,0.2212,0
P_27488,W_8696,0,0.063978,0
P_27501,W_11779,3,0.389697,1
P_27508,W_401,2,0.417707,0
P_275091,W_3497,1,0.573338,1
P_27514,W_8339,0,0.199769,0
P_275174,W_115249,2,0.600407,0
P_275179,W_102577,1,0.61964,1
P_275186,W_3245,3,0.627096,1
P_275232,W_5141,0,0.499883,0
P_275271,W_8824,2,0.413034,0
P_275387,W_121495,2,0.197927,0
P_275410,W_113615,4,0.219151,1
P_275595,W_13873,4,0.51812,0
P_275596,W_12031,1,0.631071,0
P_275597,W_8203,4,0.43254,1
P_275598,W_13875,4,0.542325,0
P_275599,W_10849,2,0.382624,0
P_275601,W_11657,1,0.414845,0
P_275602,W_12792,3,0.308499,1
P_275680,W_7084,0,0.516032,1
P_275830,W_12795,0,0.83467,1
P_275831,W_21817,0,0.79465,1
P_275832,W_11352,1,0.58131,1
P_2759,W_2759,3,0.646071,1
P_275953,W_6441,4,0.579413,1
P_27602,W_1409,4,0.152924,0
P_27604,W_22948,0,0.401844,1
P_27608,W_8696,0,0.077607,0
P_27609,W_462,2,0.21622,0
P_276212,W_121495,2,0.152247,0
P_27641,W_27641,3,0.622097,0
P_276435,W_4846,1,0.696363,1
P_276448,W_303,3,0.293763,0
P_27651,W_383,3,0.490362,1
P_276515,W_32711,2,0.576448,0
P_276517,W_33213,1,0.694071,0
P_276535,W_43898,1,0.6204,1
P_276653,W_32711,2,0.431131,1
P_276684,W_1362,1,0.414276,0
P_2767,W_1894,0,0.074392,0
P_276704,W_46851,0,0.564276,1
P_276735,W_29380,0,0.670303,1
P_276776,W_3057,0,0.497696,0
P_276802,W_32053,3,0.592328,1
P_276890,W_10253,3,0.562127,1
P_277062,W_13691,1,0.481049,1
P_2771,W_424,1,0.429239,0
P_277113,W_133525,3,0.105076,0
P_277123,W_43997,4,0.561447,1
P_277233,W_4852,1,0.559058,1
P_277331,W_116622,0,0.744292,1
P_27734,W_1002,3,0.341787,0
P_277360,W_11657,1,0.324784,0
P_27747,W_11014,1,0.173591,0
P_277476,W_38476,0,0.675631,0
P_277535,W_4916,0,0.713197,1
P_277537,W_4852,1,0.607135,1
P_277541,W_4852,1,0.599474,0
P_277612,W_7578,1,0.765969,1
P_277719,W_121504,2,0.586805,1
P_277753,W_19985,2,0.698199,0
P_277827,W_111906,1,0.756709,1
P_277842,W_1456,1,0.742226,1
P_277843,W_3497,1,0.790764,1
P_277872,W_36064,4,0.660541,0
P_27790,W_27790,3,0.174259,0
P_277962,W_7776,3,0.144863,0
P_278,W_22,0,0.612867,0
P_278003,W_40971,2,0.693333,0
P_27847,W_103,2,0.518462,0
P_278600,W_101001,4,0.728852,1
P_278601,W_4837,4,0.385319,0
P_278726,W_4837,4,0.548484,0
P_278730,W_122183,2,0.614984,1
P_278742,W_7032,0,0.044427,0
P_278753,W_114606,2,0.725191,1
P_278810,W_68897,1,0.147721,0
P_278842,W_12031,1,0.440914,1
P_278860,W_11667,3,0.791717,1
P_278861,W_11667,3,0.688675,1
P_278916,W_29487,4,0.794007,1
P_278924,W_9006,2,0.634281,1
P_279015,W_116622,0,0.380001,0
P_27903,W_4689,3,0.755091,0
P_27904,W_9574,1,0.821431,1
P_27905,W_9262,1,0.692764,0
P_27906,W_27906,0,0.630341,1
P_279075,W_57375,3,0.18305,1
P_27908,W_10852,4,0.763468,1
P_27912,W_27911,0,0.747307,1
P_279147,W_9576,4,0.727952,1
P_279148,W_9576,4,0.793122,1
P_27919,W_27919,1,0.764833,0
P_27920,W_27919,1,0.692989,0
P_279284,W_5915,0,0.651755,0
P_279287,W_39786,3,0.544532,0
P_279290,W_4692,0,0.685951,1
P_279303,W_76498,4,0.687258,0
P_279304,W_22961,4,0.520759,1
P_279307,W_4829,4,0.743474,1
P_279308,W_12792,3,0.546395,0
P_279313,W_4837,4,0.428194,0
P_279316,W_9376,4,0.629294,1
P_279318,W_3099,2,0.609819,1
P_279319,W_21721,1,0.695402,0
P_279611,W_75372,1,0.746011,1
P_279616,W_4837,4,0.3812,0
P_279792,W_7213,0,0.733097,1
P_279794,W_29487,4,0.786599,1
P_279841,W_1894,0,0.124924,0
P_279843,W_34791,0,0.188783,0
P_279857,W_13549,0,0.603785,1
P_279858,W_13549,0,0.67449,1
P_279884,W_87425,0,0.553704,1
P_279889,W_87425,0,0.545231,1
P_279890,W_87425,0,0.677361,1
P_279912,W_87425,0,0.631851,1
P_279973,W_82877,4,0.656639,1
P_279974,W_87425,0,0.735104,1
P_279998,W_87425,0,0.766892,1
P_280102,W_580,3,0.472414,1
P_280159,W_132900,0,0.180417,0
P_280176,W_6693,0,0.548857,1
P_280343,W_132900,0,0.042388,0
P_280395,W_10913,1,0.707247,1
P_280502,W_32595,1,0.128534,0
P_280678,W_20110,3,0.587952,0
P_28070,W_3074,2,0.318038,0
P_280734,W_5216,1,0.478389,1
P_28082,W_575,4,0.200133,0
P_280846,W_40251,0,0.493167,1
P_280950,W_23544,1,0.234752,0
P_280974,W_1894,0,0.116287,0
P_280975,W_94,3,0.320035,1
P_281009,W_64395,4,0.786015,1
P_28109,W_5363,4,0.394906,1
P_28110,W_2558,3,0.158313,0
P_281154,W_22451,3,0.701778,1
P_281156,W_2974,3,0.285001,1
P_281158,W_9133,4,0.304038,1
P_281196,W_564,4,0.182493,1
P_281401,W_4755,3,0.370293,1
P_281552,W_8387,2,0.318979,0
P_281569,W_25511,4,0.770277,1
P_28165,W_462,2,0.154885,0
P_28184,W_28184,1,0.773861,0
P_281856,W_9376,4,0.464275,1
P_281862,W_114608,4,0.732393,1
P_281990,W_30678,1,0.674631,0
P_281993,W_20185,3,0.467728,1
P_282344,W_20622,0,0.490436,1
P_282442,W_24484,1,0.816069,1
P_282478,W_11819,0,0.701449,1
P_282480,W_4846,1,0.732896,1
P_282624,W_10781,0,0.628013,0
P_282812,W_7229,1,0.651794,1
P_282819,W_4837,4,0.570321,0
P_282844,W_20049,1,0.528336,1
P_283014,W_21721,1,0.64306,1
P_283015,W_4806,4,0.627685,0
P_283016,W_12792,3,0.537123,1
P_283017,W_4700,1,0.584484,1
P_283019,W_4837,4,0.495571,0
P_283020,W_5655,3,0.762394,1
P_283160,W_12937,3,0.646025,0
P_283261,W_78838,3,0.556442,0
P_283262,W_24522,3,0.770113,1
P_283325,W_6210,3,0.377668,1
P_283329,W_20539,3,0.676429,0
P_283400,W_126478,0,0.581663,1
P_283401,W_132987,1,0.470469,1
P_283421,W_24484,1,0.55153,1
P_283458,W_43997,4,0.663255,1
P_283461,W_25150,2,0.650725,1
P_283475,W_55442,0,0.127587,0
P_283568,W_21958,1,0.69963,1
P_283614,W_3904,1,0.759628,1
P_283618,W_4646,3,0.656143,1
P_283664,W_4849,1,0.773023,1
P_283666,W_65049,3,0.699475,0
P_283739,W_20120,1,0.623634,1
P_283745,W_10846,1,0.805065,1
P_283750,W_61933,3,0.732815,1
P_28402,W_3092,1,0.408075,0
P_284158,W_62782,2,0.612732,0
P_28423,W_5954,3,0.639357,0
P_284235,W_14969,1,0.358737,0
P_28424,W_994,2,0.252516,0
P_284259,W_71473,2,0.368355,0
P_284415,W_93644,0,0.646043,1
P_284416,W_93644,0,0.781863,0
P_284422,W_97460,2,0.46867,0
P_284758,W_1376,1,0.443825,0
P_28486,W_13698,1,0.550374,1
P_28493,W_28493,4,0.742295,1
P_28495,W_28495,3,0.787013,1
P_285096,W_88508,0,0.643166,0
P_285108,W_111408,0,0.564728,1
P_285109,W_113981,2,0.662468,0
P_285130,W_20414,1,0.160738,1
P_28522,W_2673,1,0.226341,0
P_28523,W_9560,4,0.31847,0
P_285234,W_7032,0,0.171029,0
P_28525,W_5396,1,0.261863,1
P_285328,W_119680,1,0.259152,0
P_285329,W_119680,1,0.213979,0
P_28540,W_9133,4,0.0606,0
P_28547,W_28547,4,0.543982,0
P_2855,W_2855,4,0.733905,1
P_285520,W_6453,1,0.266245,1
P_285622,W_134347,3,0.036628,0
P_28563,W_932,4,0.256103,1
P_285692,W_13691,1,0.560406,1
P_285843,W_31003,3,0.54487,1
P_285938,W_26461,3,0.184816,0
P_286089,W_1792,3,0.453694,1
P_286161,W_98152,3,0.559314,0
P_28633,W_4767,4,0.536646,0
P_28635,W_7552,2,0.306594,0
P_286524,W_23525,3,0.27883,0
P_286528,W_53040,3,0.465073,1
P_286611,W_132987,1,0.569217,1
P_286637,W_20084,4,0.696794,1
P_286638,W_20069,2,0.652041,1
P_286639,W_40671,4,0.595978,0
P_286640,W_7284,1,0.812028,1
P_286642,W_10781,0,0.747114,1
P_286643,W_12031,1,0.710422,1
P_286658,W_82200,4,0.602265,1
P_286660,W_82200,4,0.469249,0
P_286724,W_112640,1,0.572318,0
P_286726,W_47901,1,0.661438,1
P_286810,W_47674,1,0.124633,0
P_287008,W_19943,3,0.606099,0
P_287010,W_19943,3,0.25031,1
P_287035,W_29045,2,0.273203,0
P_28707,W_12972,4,0.320871,1
P_287098,W_5461,4,0.605617,0
P_287103,W_5461,4,0.30508,1
P_287152,W_38429,4,0.835555,0
P_287190,W_121495,2,0.062585,0
P_287207,W_25113,0,0.224504,0
P_28723,W_7961,3,0.322157,1
P_28726,W_76174,2,0.326215,0
P_28727,W_10788,1,0.501249,0
P_28733,W_4158,0,0.330621,0
P_287391,W_303,3,0.660603,1
P_287410,W_10852,4,0.570685,1
P_287459,W_18,0,0.205448,0
P_287634,W_42338,0,0.73693,1
P_28778,W_841,1,0.205754,0
P_287832,W_998,4,0.599399,1
P_28784,W_28784,2,0.513752,0
P_287858,W_11006,2,0.595068,1
P_28787,W_7578,1,0.740929,1
P_287901,W_27579,0,0.555312,1
P_287997,W_45675,2,0.698973,0
P_288015,W_24484,1,0.665775,1
P_288063,W_6031,2,0.500336,0
P_288107,W_132900,0,0.036949,1
P_288336,W_13549,0,0.65083,1
P_288368,W_5141,0,0.824654,1
P_288370,W_134622,4,0.239389,0
P_288371,W_134622,4,0.168838,1
P_288372,W_134622,4,0.134738,0
P_288542,W_134666,2,0.102055,0
P_288543,W_134666,2,0.077213,0
P_288622,W_112910,4,0.584058,0
P_288628,W_115249,2,0.713655,1
P_288724,W_97414,3,0.517419,0
P_28876,W_17274,1,0.71744,1
P_288772,W_10129,1,0.079725,0
P_289030,W_12937,3,0.796863,1
P_289048,W_10129,1,0.090716,0
P_289084,W_32202,2,0.413799,0
P_289098,W_22053,0,0.156727,0
P_28914,W_6102,0,0.775381,1
P_289175,W_36064,4,0.44765,0
P_28934,W_14379,0,0.181851,1
P_289421,W_35472,2,0.343307,1
P_289485,W_6485,3,0.158987,1
P_289491,W_28547,4,0.50651,0
P_28950,W_11534,3,0.2912,0
P_289623,W_132685,1,0.66522,1
P_289628,W_132685,1,0.667327,1
P_289638,W_132685,1,0.483012,0
P_289737,W_51980,1,0.570074,0
P_289780,W_132685,1,0.709538,1
P_289784,W_132685,1,0.682147,0
P_289785,W_115251,3,0.50738,0
P_289792,W_61933,3,0.222042,0
P_289793,W_132685,1,0.708624,0
P_28991,W_2474,1,0.317416,0
P_28994,W_5368,3,0.721237,1
P_289949,W_22148,1,0.145161,0
P_2901,W_2901,0,0.651099,1
P_290213,W_133525,3,0.286976,0
P_290275,W_133525,3,0.15403,0
P_290357,W_6292,2,0.205059,0
P_290370,W_134666,2,0.143455,0
P_29039,W_399,2,0.489324,0
P_290416,W_5071,4,0.607404,0
P_290520,W_132900,0,0.119268,0
P_290542,W_4681,1,0.762953,1
P_29055,W_12031,1,0.766075,1
P_29061,W_29060,0,0.662757,0
P_29067,W_4816,2,0.618315,1
P_290731,W_14809,2,0.600587,0
P_29075,W_23772,3,0.479417,0
P_29078,W_29078,1,0.476979,0
P_29080,W_25150,2,0.87082,1
P_290848,W_4687,2,0.632019,1
P_290865,W_62433,0,0.418087,1
P_290973,W_10129,1,0.695634,1
P_290991,W_22948,0,0.786877,1
P_290992,W_26542,4,0.740346,1
P_290993,W_111952,3,0.672216,0
P_290994,W_4683,2,0.719013,0
P_291006,W_114408,2,0.738411,0
P_291007,W_44137,3,0.564105,1
P_291034,W_43195,4,0.172189,0
P_291044,W_14379,0,0.125158,0
P_29108,W_994,2,0.162714,0
P_29110,W_233,4,0.29496,0
P_291145,W_49809,4,0.291542,0
P_29115,W_367,1,0.384345,1
P_291190,W_10848,3,0.687708,0
P_291194,W_25150,2,0.714681,1
P_291196,W_7583,1,0.658449,0
P_291209,W_38495,2,0.527756,1
P_29121,W_13695,1,0.32814,0
P_29130,W_29130,3,0.404212,0
P_29131,W_29130,3,0.483126,1
P_291404,W_12135,4,0.478493,1
P_291445,W_132900,0,0.077455,0
P_291507,W_4217,3,0.768969,1
P_29157,W_932,4,0.41893,0
P_291619,W_5917,2,0.203935,0
P_291620,W_27790,3,0.341237,0
P_29163,W_5958,0,0.351771,0
P_291676,W_27328,1,0.487464,1
P_291677,W_19943,3,0.713957,1
P_291857,W_6730,0,0.485242,0
P_291874,W_10154,4,0.206953,0
P_291936,W_4726,0,0.11131,0
P_291938,W_4704,4,0.617219,1
P_29201,W_5724,1,0.265859,0
P_292066,W_39438,2,0.622832,1
P_292074,W_3266,0,0.745687,1
P_292133,W_25621,3,0.629876,1
P_292219,W_4939,4,0.691668,1
P_292306,W_83873,2,0.037702,0
P_292310,W_21025,2,0.632501,1
P_29237,W_1454,0,0.197537,0
P_292414,W_4841,1,0.611544,0
P_292569,W_23239,4,0.618426,1
P_292570,W_23116,0,0.693734,1
P_292573,W_27906,0,0.61219,0
P_292654,W_14599,4,0.601343,0
P_292657,W_10850,3,0.759256,1
P_292660,W_123591,0,0.499466,1
P_292681,W_4826,3,0.359741,0
P_292685,W_4683,2,0.733555,0
P_292689,W_112910,4,0.553789,0
P_292690,W_14599,4,0.555034,0
P_292695,W_7202,3,0.347621,0
P_292704,W_44137,3,0.431107,1
P_292705,W_10848,3,0.824456,0
P_292706,W_20539,3,0.481883,0
P_292711,W_20110,3,0.649698,0
P_292714,W_125147,2,0.581985,1
P_292717,W_64593,1,0.598135,1
P_292740,W_3170,4,0.236036,0
P_292769,W_14969,1,0.278843,0
P_292773,W_50379,1,0.65783,1
P_292776,W_35389,4,0.776234,1
P_292807,W_63932,4,0.477523,1
P_292861,W_89492,2,0.13536,0
P_2929,W_2928,1,0.035946,0
P_292938,W_40034,1,0.779831,1
P_292966,W_1376,1,0.594835,1
P_292968,W_20120,1,0.591604,0
P_292978,W_4779,2,0.257845,0
P_29299,W_29299,0,0.683785,1
P_2931,W_2930,3,0.231661,0
P_293409,W_34699,3,0.738109,1
P_293410,W_19417,4,0.738396,0
P_293415,W_20254,0,0.557785,1
P_293419,W_38517,4,0.666774,1
P_293487,W_4692,0,0.630242,1
P_293558,W_10253,3,0.199695,0
P_293564,W_6093,0,0.315501,1
P_293596,W_76174,2,0.272659,1
P_293612,W_4867,0,0.869155,1
P_29362,W_246,1,0.121597,0
P_293631,W_12137,0,0.402873,0
P_293633,W_103129,0,0.603944,1
P_293643,W_3099,2,0.706849,1
P_293648,W_4696,4,0.688575,1
P_29366,W_29078,1,0.48312,0
P_293668,W_120968,2,0.368788,1
P_293669,W_120968,2,0.271702,0
P_293680,W_13127,4,0.354282,0
P_29372,W_10848,3,0.781005,1
P_29380,W_29380,0,0.695768,1
P_294264,W_43195,4,0.457853,0
P_294362,W_33213,1,0.785028,0
P_29457,W_9132,3,0.793015,1
P_294654,W_48320,1,0.262145,0
P_294768,W_10849,2,0.710575,1
P_29486,W_11472,4,0.73871,1
P_294866,W_120968,2,0.351311,0
P_29487,W_29487,4,0.672557,1
P_294870,W_2673,1,0.510748,0
P_294882,W_6210,3,0.316787,0
P_294917,W_120968,2,0.179295,0
P_294979,W_28184,1,0.324854,0
P_294999,W_5071,4,0.350961,0
P_295267,W_8872,4,0.342381,0
P_295271,W_4158,0,0.093159,0
P_295273,W_399,2,0.12895,0
P_295400,W_133525,3,0.129653,0
P_295405,W_135478,2,0.13718,0
P_295406,W_135478,2,0.228269,1
P_295487,W_135493,0,0.158979,0
P_295488,W_135493,0,0.114479,0
P_295536,W_4655,2,0.546326,0
P_295580,W_100,4,0.370324,0
P_295670,W_12135,4,0.687643,1
P_295678,W_243,0,0.327868,1
P_295801,W_38495,2,0.691322,1
P_295809,W_19417,4,0.515972,1
P_29600,W_13440,2,0.441963,1
P_296078,W_22965,1,0.679074,1
P_296091,W_20710,2,0.709472,1
P_296093,W_40120,3,0.508605,1
P_296418,W_121495,2,0.055857,0
P_296540,W_135493,0,0.144763,0
P_2966,W_2966,4,0.091655,0
P_296675,W_1795,3,0.272655,0
P_2968,W_2968,4,0.733274,1
P_296827,W_93655,0,0.431351,0
P_296834,W_109642,2,0.463652,0
P_296871,W_4696,4,0.576096,1
P_2970,W_2970,1,0.253911,0
P_297058,W_59150,0,0.159032,0
P_297145,W_6031,2,0.608436,1
P_297178,W_998,4,0.249853,0
P_297186,W_47674,1,0.254628,0
P_297208,W_28493,4,0.768479,1
P_297243,W_7202,3,0.711979,0
P_297318,W_6097,3,0.276629,0
P_297335,W_3353,4,0.593531,0
P_297336,W_37776,3,0.638852,0
P_29734,W_2085,3,0.355746,0
P_297386,W_4642,1,0.191049,0
P_297388,W_6437,3,0.156349,0
P_2974,W_2974,3,0.058236,0
P_2976,W_2976,2,0.50101,0
P_297682,W_36064,4,0.299805,0
P_297685,W_125147,2,0.528206,1
P_297739,W_86939,4,0.597557,1
P_297740,W_1347,4,0.563634,0
P_297762,W_86939,4,0.439032,1
P_29810,W_2110,1,0.150558,0
P_298104,W_50939,2,0.462365,0
P_298134,W_10576,2,0.690973,0
P_298138,W_135726,0,0.599372,0
P_298143,W_20254,0,0.744912,1
P_298154,W_1353,0,0.673018,1
P_298311,W_133525,3,0.365105,0
P_29838,W_9507,1,0.355767,0
P_298392,W_22581,3,0.493678,1
P_298571,W_135726,0,0.637121,0
P_298621,W_9158,1,0.670964,1
P_298622,W_64649,4,0.712703,0
P_298651,W_135726,0,0.537841,0
P_298659,W_40199,4,0.3388,1
P_298664,W_3964,1,0.250746,0
P_298681,W_3092,1,0.609552,0
P_298701,W_117417,4,0.540124,0
P_298702,W_5162,4,0.262044,1
P_298747,W_21828,3,0.093496,0
P_298749,W_17866,2,0.149875,0
P_298812,W_6807,3,0.375346,1
P_298834,W_135726,0,0.490698,0
P_298868,W_135726,0,0.654991,0
P_298874,W_135726,0,0.434031,0
P_299,W_299,1,0.54536,0
P_299084,W_9358,4,0.562645,1
P_299119,W_7495,0,0.362651,0
P_299224,W_135726,0,0.634173,1
P_299226,W_4700,1,0.797036,1
P_299285,W_23239,4,0.355061,1
P_29929,W_13875,4,0.829996,1
P_299300,W_135726,0,0.401875,0
P_299351,W_121504,2,0.475977,1
P_29942,W_9626,2,0.29494,0
P_299438,W_124809,1,0.374855,1
P_299477,W_43898,1,0.361842,1
P_29950,W_5954,3,0.329103,0
P_299742,W_52851,4,0.125781,0
P_299760,W_10901,2,0.794823,1
P_299875,W_43898,1,0.525198,1
P_299936,W_39055,4,0.784415,1
P_300048,W_98311,3,0.50674,1
P_300071,W_4939,4,0.745861,1
P_300119,W_580,3,0.431808,1
P_300139,W_4751,3,0.281529,0
P_300144,W_73656,0,0.72132,1
P_300170,W_6807,3,0.362495,1
P_300182,W_15223,3,0.40856,0
P_300183,W_3270,0,0.091207,0
P_300400,W_42631,3,0.494964,0
P_300409,W_35206,0,0.610437,1
P_30045,W_23142,1,0.360381,1
P_300456,W_7261,3,0.205975,0
P_300795,W_5917,2,0.145836,0
P_300810,W_233,4,0.361746,0
P_301071,W_23165,2,0.073312,0
P_30108,W_13222,0,0.125742,0
P_301292,W_704,3,0.386874,1
P_30145,W_1353,0,0.71361,0
P_30148,W_5552,4,0.68781,1
P_30176,W_19985,2,0.794546,1
P_301782,W_3170,4,0.147487,0
P_301783,W_383,3,0.298893,0
P_30180,W_10313,0,0.714828,1
P_301816,W_4681,1,0.338934,1
P_301821,W_9376,4,0.633813,1
P_30183,W_11534,3,0.462854,0
P_30186,W_10901,2,0.705122,1
P_301921,W_284,2,0.734229,0
P_301976,W_13552,4,0.567936,1
P_30209,W_30209,0,0.313947,0
P_30210,W_30209,0,0.772152,0
P_302102,W_136166,0,0.229009,0
P_302162,W_867,3,0.259765,0
P_302184,W_2974,3,0.050795,0
P_302213,W_7489,0,0.725718,0
P_302249,W_123334,2,0.780408,1
P_30226,W_4810,1,0.615208,0
P_30230,W_10745,1,0.599544,0
P_30232,W_4843,1,0.619565,0
P_30235,W_30235,3,0.749416,1
P_30236,W_30235,3,0.704472,1
P_302435,W_40876,3,0.657397,1
P_30246,W_30246,1,0.193094,0
P_30256,W_15300,2,0.23358,0
P_302688,W_11859,4,0.777761,1
P_302692,W_31725,2,0.697371,1
P_302710,W_3270,0,0.401351,1
P_302713,W_284,2,0.528219,1
P_30273,W_704,3,0.433842,1
P_302993,W_86795,4,0.653731,0
P_303253,W_49809,4,0.474814,1
P_30326,W_30326,0,0.619123,1
P_303432,W_9133,4,0.015308,0
P_30360,W_2110,1,0.519523,1
P_303689,W_119473,3,0.780695,0
P_303921,W_9158,1,0.634761,1
P_303967,W_4685,2,0.67721,1
P_3040,W_424,1,0.184096,0
P_304107,W_6210,3,0.488619,0
P_304221,W_3497,1,0.464975,1
P_30424,W_30424,2,0.155505,0
P_304311,W_29060,0,0.827467,1
P_304347,W_20541,3,0.638402,1
P_30436,W_1412,1,0.552463,0
P_304381,W_14809,2,0.32468,1
P_304502,W_5697,2,0.439867,1
P_304513,W_122709,2,0.255855,0
P_304662,W_5552,4,0.643051,1
P_304727,W_54816,3,0.563711,0
P_30476,W_856,2,0.347509,1
P_30478,W_3529,2,0.800808,1
P_304892,W_37776,3,0.46386,1
P_304897,W_9128,2,0.320708,1
P_304900,W_7279,4,0.802549,1
P_304915,W_26941,1,0.280697,0
P_304919,W_7961,3,0.476398,1
P_30492,W_998,4,0.303478,1
P_304928,W_75372,1,0.687861,1
P_30493,W_12968,4,0.496201,0
P_305205,W_37776,3,0.638676,0
P_305210,W_37776,3,0.56314,1
P_305409,W_19943,3,0.552092,0
P_30552,W_30552,2,0.470709,0
P_30553,W_30552,2,0.456661,1
P_305586,W_5534,4,0.197154,0
P_305625,W_5231,0,0.578311,1
P_305663,W_21817,0,0.410304,1
P_305696,W_124809,1,0.428928,0
P_3057,W_3057,0,0.197115,0
P_305915,W_135478,2,0.21603,1
P_3061,W_3061,1,0.516326,0
P_306190,W_136518,2,0.595084,1
P_306192,W_136518,2,0.762701,1
P_306196,W_136518,2,0.756586,0
P_306197,W_136518,2,0.703815,1
P_306198,W_136518,2,0.624298,1
P_306200,W_7583,1,0.771463,0
P_306204,W_136518,2,0.714046,1
P_306205,W_136518,2,0.696515,1
P_306207,W_136518,2,0.709867,1
P_306208,W_136518,2,0.712242,1
P_306211,W_136518,2,0.685472,1
P_306218,W_136518,2,0.629785,1
P_30623,W_867,3,0.143418,0
P_306234,W_11472,4,0.804922,1
P_306256,W_1130,2,0.520017,0
P_3063,W_3063,0,0.134556,1
P_306434,W_121495,2,0.146109,0
P_30653,W_2976,2,0.466101,1
P_30668,W_30668,4,0.704878,0
P_30678,W_30678,1,0.366825,0
P_306950,W_4854,1,0.679422,1
P_306952,W_44137,3,0.781274,1
P_307102,W_9643,0,0.467696,0
P_307230,W_5319,3,0.144199,0
P_307240,W_33804,0,0.564188,0
P_307369,W_6715,2,0.512241,1
P_307396,W_21528,1,0.720511,1
P_307429,W_23772,3,0.386687,0
P_307473,W_6939,1,0.095915,0
P_307583,W_12937,3,0.452137,0
P_3077,W_3077,4,0.664781,1
P_307800,W_22053,0,0.412703,1
P_307960,W_9131,0,0.427347,0
P_307999,W_10216,1,0.782203,1
P_308000,W_9576,4,0.813248,1
P_308296,W_399,2,0.063147,0
P_308414,W_30552,2,0.488227,0
P_30849,W_12168,0,0.306309,0
P_30855,W_7027,0,0.286375,0
P_308565,W_23142,1,0.502916,0
P_308718,W_4681,1,0.536694,0
P_308838,W_10237,3,0.573176,1
P_309150,W_199,1,0.474828,0
P_30917,W_11667,3,0.774218,1
P_30918,W_10845,3,0.619005,0
P_309281,W_2081,0,0.833388,1
P_3093,W_3092,1,0.708545,0
P_309350,W_6163,1,0.451258,0
P_309427,W_9644,4,0.255897,0
P_309430,W_6292,2,0.431084,1
P_309491,W_1616,3,0.77136,1
P_3097,W_3097,1,0.231768,0
P_309741,W_28094,0,0.445514,0
P_309744,W_65049,3,0.677679,0
P_309746,W_42453,1,0.425501,1
P_309756,W_11850,0,0.656107,1
P_309796,W_64593,1,0.693476,0
P_3098,W_3097,1,0.214271,0
P_309801,W_5438,3,0.801405,1
P_309822,W_64593,1,0.55356,1
P_309845,W_64593,1,0.800478,1
P_309872,W_7878,4,0.534316,1
P_309959,W_10141,4,0.393091,1
P_310022,W_64593,1,0.54704,0
P_310024,W_58783,4,0.654342,1
P_31003,W_31003,3,0.209928,1
P_310033,W_11484,3,0.545693,1
P_310041,W_64593,1,0.604091,0
P_310045,W_64593,1,0.699332,1
P_310055,W_69943,4,0.701266,0
P_310115,W_175,2,0.377364,0
P_310201,W_137056,1,0.11576,0
P_310252,W_120968,2,0.454391,0
P_310271,W_17866,2,0.201383,0
P_310394,W_9704,2,0.404782,1
P_3104,W_3061,1,0.269269,0
P_310614,W_1017,2,0.541715,0
P_310617,W_7776,3,0.106601,0
P_310729,W_77153,3,0.232897,0
P_310772,W_134347,3,0.216136,0
P_310840,W_56072,0,0.12799,0
P_310927,W_21721,1,0.658161,0
P_31094,W_2658,1,0.315906,0
P_31097,W_7312,2,0.66286,0
P_311051,W_5461,4,0.427782,1
P_311179,W_42453,1,0.550851,1
P_311181,W_20257,1,0.61617,1
P_311233,W_134347,3,0.21719,0
P_311235,W_134347,3,0.124807,0
P_311372,W_6939,1,0.102007,0
P_31159,W_22286,0,0.25671,0
P_311731,W_434,4,0.173221,0
P_31192,W_7584,0,0.74906,1
P_312116,W_22148,1,0.508458,1
P_312134,W_9004,2,0.295893,0
P_31216,W_5368,3,0.147909,0
P_312371,W_12992,4,0.197977,0
P_312503,W_43898,1,0.200587,1
P_312526,W_31091,0,0.440427,0
P_312651,W_27919,1,0.734629,1
P_312807,W_13523,4,0.32478,0
P_313220,W_12795,0,0.738389,0
P_31327,W_31327,2,0.399139,0
P_31330,W_31327,2,0.261307,0
P_31332,W_31327,2,0.571472,0
P_31337,W_31327,2,0.730327,1
P_313376,W_25113,0,0.488633,0
P_31344,W_2768,4,0.303231,1
P_31346,W_6093,0,0.583142,1
P_313494,W_4704,4,0.762033,1
P_31350,W_2301,3,0.426876,1
P_31351,W_31327,2,0.735025,1
P_31352,W_9626,2,0.183216,0
P_31354,W_31327,2,0.577169,1
P_31360,W_31360,2,0.786646,1
P_313602,W_148,4,0.591537,1
P_31384,W_31383,2,0.460271,0
P_31385,W_31383,2,0.640004,0
P_313911,W_39785,4,0.670557,1
P_313927,W_43898,1,0.537427,0
P_313996,W_50939,2,0.438914,1
P_314176,W_434,4,0.456362,1
P_314487,W_137560,3,0.634741,0
P_314494,W_137560,3,0.378337,0
P_3145,W_3145,2,0.100036,0
P_314507,W_137560,3,0.69846,1
P_3146,W_3145,2,0.091091,0
P_314618,W_5912,3,0.449869,1
P_314702,W_14599,4,0.56849,1
P_314714,W_68897,1,0.134461,0
P_314756,W_594,1,0.747787,1
P_314765,W_89492,2,0.14176,0
P_314790,W_117450,0,0.370819,0
P_314859,W_111952,3,0.775557,1
P_314878,W_13698,1,0.619178,0
P_314928,W_27328,1,0.780712,1
P_314978,W_19353,0,0.729005,0
P_314990,W_19945,4,0.480114,1
P_315090,W_3321,2,0.4677,1
P_315259,W_9571,2,0.656323,0
P_315265,W_29299,0,0.740662,1
P_315306,W_29299,0,0.836514,0
P_315365,W_3063,0,0.175107,0
P_31548,W_10338,4,0.036803,0
P_315481,W_4884,3,0.549967,0
P_315482,W_35206,0,0.557861,0
P_31569,W_3997,3,0.35859,1
P_315744,W_64766,0,0.151542,0
P_315759,W_94,3,0.32112,1
P_315762,W_30424,2,0.224332,0
P_315818,W_4852,1,0.506495,0
P_315820,W_6216,3,0.201336,0
P_315966,W_3673,0,0.395905,0
P_316010,W_9719,0,0.572731,0
P_316064,W_22053,0,0.222929,0
P_316082,W_35395,2,0.663938,1
P_31612,W_8696,0,0.04416,0
P_316175,W_32531,0,0.412582,1
P_316192,W_112097,3,0.751299,1
P_316195,W_3260,0,0.388986,0
P_3162,W_3162,2,0.549271,0
P_316231,W_27164,2,0.698983,1
P_316232,W_27164,2,0.649613,1
P_316241,W_11516,4,0.531312,0
P_316293,W_45948,4,0.483261,0
P_31633,W_2974,3,0.025887,0
P_316386,W_8213,1,0.147874,1
P_316521,W_1143,1,0.095417,0
P_316763,W_817,0,0.284564,0
P_316816,W_11785,3,0.370381,1
P_316827,W_179,3,0.324448,0
P_316935,W_13875,4,0.730162,1
P_316937,W_20084,4,0.540299,0
P_316984,W_48320,1,0.285776,0
P_316985,W_27906,0,0.672069,1
P_31702,W_3744,2,0.210874,0
P_31704,W_3744,2,0.42391,0
P_317214,W_5954,3,0.545954,0
P_31725,W_31725,2,0.570861,1
P_317294,W_1795,3,0.764801,1
P_31731,W_20120,1,0.702096,1
P_31734,W_11352,1,0.731962,1
P_31737,W_4884,3,0.613811,0
P_317373,W_70931,1,0.649604,1
P_317374,W_31725,2,0.594218,1
P_31738,W_51980,1,0.852856,1
P_31739,W_11534,3,0.624222,0
P_3174,W_3174,2,0.221289,0
P_31754,W_30209,0,0.321115,1
P_317572,W_119473,3,0.855178,1
P_317782,W_25621,3,0.237972,1
P_31801,W_3174,2,0.217794,0
P_318020,W_32534,2,0.24552,0
P_31803,W_6093,0,0.314778,0
P_318050,W_9006,2,0.731605,1
P_31807,W_199,1,0.399983,1
P_318097,W_12937,3,0.294525,1
P_31812,W_704,3,0.136692,0
P_318168,W_58783,4,0.567917,1
P_318185,W_13222,0,0.229868,0
P_318326,W_100,4,0.636103,0
P_318331,W_3447,4,0.13391,0
P_318368,W_11819,0,0.804285,1
P_318410,W_3260,0,0.338465,0
P_318534,W_7027,0,0.70739,1
P_318578,W_97460,2,0.58597,1
P_318629,W_23627,1,0.526877,0
P_318891,W_4767,4,0.445056,0
P_318892,W_22581,3,0.253442,0
P_318901,W_48,0,0.146685,0
P_318910,W_125147,2,0.762731,0
P_318921,W_3264,4,0.766561,1
P_318923,W_10906,4,0.610309,1
P_31914,W_3997,3,0.379565,1
P_319145,W_4854,1,0.661546,1
P_319152,W_123840,1,0.474736,1
P_319177,W_14019,3,0.579228,0
P_319212,W_121504,2,0.490331,1
P_319232,W_7247,2,0.173811,1
P_319330,W_100,4,0.298797,0
P_319335,W_123840,1,0.670162,1
P_319806,W_57375,3,0.357603,1
P_320017,W_64766,0,0.148137,0
P_320076,W_1924,2,0.081427,0
P_320095,W_59952,4,0.464669,1
P_320099,W_5216,1,0.254397,1
P_320214,W_76574,3,0.57413,1
P_320221,W_886,1,0.526658,1
P_320258,W_25489,1,0.667509,1
P_320278,W_11641,0,0.708919,1
P_320280,W_65049,3,0.73162,0
P_3203,W_3203,1,0.268903,0
P_320342,W_114394,1,0.724856,1
P_320357,W_30678,1,0.666211,1
P_32039,W_23165,2,0.741591,1
P_320406,W_53040,3,0.504216,1
P_32043,W_30326,0,0.658082,1
P_320490,W_121401,4,0.769411,1
P_32050,W_4267,0,0.58303,1
P_32053,W_32053,3,0.239222,1
P_32055,W_13127,4,0.4544,1
P_320568,W_121401,4,0.858341,1
P_320571,W_3203,1,0.133459,0
P_32060,W_5294,1,0.659261,1
P_320612,W_31360,2,0.605145,1
P_320622,W_20088,1,0.693411,1
P_32072,W_7552,2,0.155556,0
P_3211,W_3211,3,0.496807,0
P_321141,W_134666,2,0.191377,0
P_321186,W_3264,4,0.84551,1
P_321190,W_27906,0,0.799019,1
P_321226,W_56072,0,0.103465,0
P_321230,W_7776,3,0.099669,0
P_32128,W_3061,1,0.424062,1
P_321347,W_48320,1,0.464457,0
P_321414,W_48320,1,0.744257,1
P_321425,W_48320,1,0.611333,0
P_321518,W_25113,0,0.824049,1
P_32155,W_11641,0,0.820263,1
P_321559,W_11850,0,0.787806,1
P_321563,W_29078,1,0.83171,0
P_321732,W_7878,4,0.438111,1
P_321871,W_3099,2,0.760612,1
P_321973,W_64652,1,0.795146,1
P_32199,W_10472,0,0.210801,1
P_322002,W_37513,1,0.435574,0
P_32202,W_32202,2,0.064063,0
P_32203,W_32202,2,0.316117,0
P_3221,W_3221,0,0.191733,0
P_3222,W_3221,0,0.314007,0
P_322230,W_10845,3,0.6102,0
P_322232,W_11358,1,0.622995,1
P_322233,W_111656,0,0.67662,1
P_322256,W_30209,0,0.389945,0
P_322257,W_12972,4,0.681197,1
P_322413,W_48320,1,0.576165,1
P_322477,W_9262,1,0.64101,0
P_32249,W_4267,0,0.177701,0
P_32255,W_25154,0,0.37439,1
P_322642,W_120968,2,0.31627,0
P_322714,W_6403,3,0.188939,0
P_322796,W_11779,3,0.680783,1
P_322798,W_12792,3,0.741401,1
P_322800,W_50379,1,0.751881,1
P_322803,W_998,4,0.172391,0
P_32284,W_10745,1,0.689295,1
P_32287,W_5915,0,0.714898,1
P_322895,W_1378,4,0.405134,0
P_32301,W_3145,2,0.156159,1
P_323142,W_26,3,0.490457,0
P_323200,W_2085,3,0.110109,0
P_32340,W_27477,3,0.105071,0
P_323488,W_4244,4,0.2431,1
P_323537,W_1017,2,0.197498,0
P_32381,W_9004,2,0.241042,0
P_323904,W_4687,2,0.793796,1
P_32393,W_3061,1,0.189099,0
P_32408,W_32408,2,0.594485,1
P_324102,W_56781,0,0.346392,0
P_324126,W_27579,0,0.291962,0
P_324332,W_98152,3,0.744868,1
P_3244,W_799,4,0.222522,1
P_324429,W_129436,1,0.784899,1
P_324634,W_135493,0,0.313671,0
P_324874,W_43195,4,0.188091,0
P_324884,W_731,2,0.609638,0
P_325177,W_11652,0,0.69446,1
P_325192,W_882,0,0.530861,0
P_32531,W_32531,0,0.034308,0
P_32534,W_32534,2,0.52864,0
P_32535,W_32534,2,0.735901,1
P_32539,W_32534,2,0.324746,0
P_325457,W_74245,4,0.720218,1
P_3255,W_2085,3,0.199154,1
P_32552,W_20097,3,0.030324,0
P_32553,W_20097,3,0.082521,0
P_325579,W_10901,2,0.679579,1
P_325685,W_1412,1,0.691606,1
P_325711,W_34791,0,0.1826,1
P_325746,W_69073,2,0.479559,1
P_325788,W_6784,3,0.247901,0
P_325842,W_38495,2,0.705658,1
P_325914,W_31003,3,0.243802,0
P_32595,W_32595,1,0.217549,0
P_32613,W_4826,3,0.490482,1
P_32630,W_3063,0,0.284093,0
P_326354,W_29130,3,0.586849,1
P_326367,W_26839,4,0.679848,1
P_3264,W_3264,4,0.727538,1
P_326446,W_12317,3,0.742708,1
P_32646,W_998,4,0.632387,0
P_326463,W_546,1,0.366947,0
P_32647,W_12992,4,0.060744,0
P_326490,W_1983,3,0.534867,1
P_3266,W_3266,0,0.546863,1
P_32679,W_13216,3,0.243549,0
P_326829,W_33804,0,0.43677,1
P_326862,W_116516,4,0.20718,0
P_326907,W_114608,4,0.672505,1
P_3270,W_3270,0,0.133858,0
P_32711,W_32711,2,0.480395,0
P_327238,W_8543,3,0.61869,0
P_327310,W_51795,4,0.663874,1
P_327362,W_4841,1,0.649611,1
P_327459,W_6453,1,0.384594,0
P_327572,W_111408,0,0.648165,1
P_327574,W_10850,3,0.806326,1
P_327671,W_68063,2,0.606563,1
P_327717,W_7584,0,0.534529,0
P_327944,W_28094,0,0.195927,1
P_328247,W_1143,1,0.203771,0
P_328254,W_15521,2,0.395668,0
P_328263,W_15300,2,0.139787,0
P_328436,W_43012,3,0.419669,1
P_328467,W_111510,2,0.691972,1
P_328552,W_122183,2,0.693078,1
P_328681,W_103129,0,0.594241,1
P_32871,W_10528,3,0.300011,1
P_32881,W_9719,0,0.423222,0
P_328983,W_139530,3,0.177921,0
P_328984,W_139530,3,0.161267,0
P_32904,W_6549,2,0.133402,0
P_329074,W_5283,4,0.755523,1
P_329150,W_21352,3,0.536953,0
P_329254,W_75372,1,0.82763,1
P_329279,W_8535,4,0.501217,0
P_329353,W_4646,3,0.748694,1
P_329539,W_139588,2,0.281862,0
P_329650,W_9131,0,0.722968,0
P_329651,W_11473,3,0.649114,1
P_329813,W_7312,2,0.561231,1
P_329977,W_9263,3,0.836206,1
P_329978,W_14809,2,0.530516,0
P_329987,W_2158,3,0.646812,1
P_330011,W_7583,1,0.503284,0
P_330012,W_9006,2,0.752793,1
P_330013,W_74245,4,0.821661,1
P_330014,W_20088,1,0.578903,1
P_330056,W_246,1,0.720866,0
P_330057,W_27790,3,0.516785,1
P_330059,W_11485,4,0.209153,0
P_330119,W_8872,4,0.205538,0
P_330220,W_42934,3,0.603918,1
P_330362,W_19748,1,0.385181,1
P_330534,W_7578,1,0.736547,1
P_330572,W_4277,0,0.040982,0
P_330797,W_139530,3,0.073356,0
P_330864,W_375,4,0.418876,0
P_330884,W_139740,3,0.020455,0
P_330886,W_139740,3,0.135792,0
P_33110,W_9643,0,0.131402,1
P_331161,W_20414,1,0.413238,1
P_331239,W_64652,1,0.658549,1
P_33124,W_9665,2,0.799981,1
P_331240,W_91832,4,0.706036,1
P_331535,W_20960,1,0.647409,1
P_331537,W_20622,0,0.351745,0
P_331684,W_21025,2,0.441815,0
P_331749,W_25150,2,0.45351,1
P_331751,W_35389,4,0.814177,0
P_332025,W_13440,2,0.352349,0
P_332026,W_6417,3,0.216224,0
P_33213,W_33213,1,0.643085,1
P_33215,W_33213,1,0.641222,1
P_332213,W_134622,4,0.10279,0
P_33235,W_99751,2,0.14499,0
P_33236,W_99751,2,0.110775,0
P_332739,W_2901,0,0.307606,1
P_333360,W_140157,4,0.516423,1
P_333362,W_140157,4,0.847076,1
P_333387,W_10745,1,0.524513,0
P_333388,W_140157,4,0.781387,1
P_333458,W_140168,2,0.73809,1
P_333459,W_42054,1,0.576382,0
P_333460,W_140168,2,0.555233,0
P_333461,W_140168,2,0.728339,1
P_333464,W_140168,2,0.70846,0
P_333466,W_140168,2,0.669638,1
P_333635,W_8673,1,0.295864,0
P_333695,W_5363,4,0.357631,1
P_333703,W_7961,3,0.372399,1
P_333820,W_11859,4,0.70342,1
P_333827,W_7878,4,0.453754,0
P_333828,W_112097,3,0.705339,1
P_333890,W_3904,1,0.770897,1
P_333897,W_3904,1,0.742801,1
P_333901,W_25621,3,0.653961,0
P_333902,W_25621,3,0.388872,1
P_333905,W_25621,3,0.512645,1
P_333926,W_1276,4,0.504348,0
P_333952,W_44435,3,0.631037,1
P_333986,W_114606,2,0.761949,1
P_334016,W_2454,3,0.194751,0
P_334029,W_11472,4,0.744594,0
P_334032,W_71702,3,0.735527,1
P_334060,W_140157,4,0.673656,0
P_334061,W_7229,1,0.666257,0
P_334064,W_140157,4,0.723425,0
P_334067,W_140157,4,0.641274,1
P_334091,W_140157,4,0.691701,1
P_334094,W_98152,3,0.559314,0
P_334095,W_140157,4,0.744106,1
P_334101,W_3264,4,0.740305,1
P_334113,W_7818,4,0.577985,1
P_334188,W_35188,3,0.682527,1
P_334284,W_140157,4,0.703505,0
P_334288,W_140157,4,0.724531,0
P_334289,W_140157,4,0.726569,0
P_334290,W_140157,4,0.735397,1
P_334378,W_118849,3,0.044046,0
P_334405,W_2976,2,0.45229,1
P_334507,W_4541,3,0.660134,1
P_334525,W_121401,4,0.608934,0
P_334546,W_25113,0,0.707037,1
P_334573,W_5515,3,0.21008,0
P_334880,W_40675,1,0.709857,1
P_334882,W_4698,1,0.780792,0
P_3349,W_76174,2,0.401436,0
P_335015,W_1108,3,0.368978,1
P_335032,W_5515,3,0.116273,1
P_335171,W_89492,2,0.269,1
P_335282,W_11051,3,0.325223,1
P_335299,W_123591,0,0.816714,0
P_3353,W_3353,4,0.608842,0
P_335342,W_7279,4,0.461689,0
P_335479,W_140437,4,0.316867,0
P_335480,W_140437,4,0.272695,0
P_335481,W_68063,2,0.605475,1
P_335548,W_139530,3,0.117106,0
P_335574,W_140442,2,0.307254,0
P_335843,W_14969,1,0.336143,0
P_335844,W_14969,1,0.551384,0
P_335862,W_6464,3,0.084239,0
P_335869,W_5549,1,0.440312,0
P_335891,W_4833,4,0.044568,0
P_335894,W_14809,2,0.632343,1
P_335898,W_11387,1,0.302158,0
P_336027,W_12542,1,0.103318,0
P_336104,W_11552,4,0.4339,0
P_33612,W_1278,0,0.148981,1
P_3362,W_424,1,0.094807,0
P_3364,W_424,1,0.186954,0
P_336561,W_113615,4,0.17159,0
P_3366,W_424,1,0.19091,0
P_336862,W_9271,2,0.481205,0
P_336866,W_9571,2,0.643316,0
P_3369,W_424,1,0.16815,0
P_336923,W_43997,4,0.724615,1
P_336974,W_29299,0,0.753154,1
P_337075,W_115814,2,0.097863,0
P_337219,W_12159,4,0.705897,1
P_337222,W_11794,2,0.578665,1
P_337349,W_11552,4,0.752878,1
P_337362,W_11641,0,0.800449,1
P_337479,W_3839,2,0.694959,0
P_337485,W_3839,2,0.789414,0
P_337751,W_40671,4,0.731331,1
P_337877,W_6807,3,0.380721,0
P_337934,W_7961,3,0.52178,1
P_337969,W_4217,3,0.808199,1
P_33799,W_2970,1,0.520556,1
P_337992,W_12937,3,0.623333,0
P_33804,W_33804,0,0.361291,0
P_338080,W_4749,1,0.342652,0
P_338123,W_3221,0,0.249369,0
P_338210,W_34353,3,0.429938,1
P_338599,W_4779,2,0.506179,0
P_338608,W_10906,4,0.572787,0
P_338609,W_10850,3,0.723204,0
P_338634,W_10717,0,0.364609,0
P_338662,W_10428,3,0.503801,0
P_338791,W_4829,4,0.331808,0
P_339026,W_3097,1,0.408066,1
P_339094,W_243,0,0.60039,1
P_339322,W_49809,4,0.676229,0
P_339328,W_7550,2,0.171986,0
P_33941,W_3673,0,0.359078,0
P_339414,W_10717,0,0.333748,0
P_33943,W_10790,1,0.142964,0
P_339434,W_9006,2,0.723956,0
P_339695,W_140442,2,0.265167,0
P_339780,W_1478,1,0.443818,1
P_339788,W_799,4,0.386905,1
P_339858,W_79329,3,0.653052,0
P_339897,W_137560,3,0.677073,0
P_340310,W_75372,1,0.776017,1
P_340318,W_4849,1,0.69493,1
P_340442,W_141096,1,0.743098,1
P_340446,W_141096,1,0.644307,0
P_340449,W_141096,1,0.607343,1
P_340468,W_59954,2,0.432477,0
P_340575,W_4702,2,0.675527,0
P_340576,W_4694,4,0.564524,1
P_340578,W_94,3,0.411136,0
P_340579,W_5930,0,0.307885,0
P_340583,W_2658,1,0.35213,0
P_340598,W_141096,1,0.365346,1
P_340602,W_55442,0,0.34984,0
P_340606,W_141096,1,0.487469,0
P_340622,W_10745,1,0.72059,1
P_340683,W_148,4,0.414708,0
P_340689,W_10790,1,0.131758,0
P_340690,W_9103,1,0.088379,0
P_340695,W_2696,3,0.154155,1
P_340729,W_2970,1,0.315532,0
P_340731,W_123840,1,0.720235,0
P_340736,W_21721,1,0.681363,0
P_340798,W_10852,4,0.536061,0
P_340805,W_9004,2,0.57877,0
P_340835,W_141096,1,0.532974,1
P_340844,W_10850,3,0.650308,1
P_340845,W_141096,1,0.6712,1
P_340855,W_141096,1,0.57946,1
P_340858,W_4887,1,0.709595,1
P_34086,W_34086,3,0.146659,0
P_340958,W_26941,1,0.144339,0
P_340988,W_111408,0,0.514044,1
P_340989,W_11474,2,0.534101,1
P_340993,W_141096,1,0.26371,1
P_3414,W_3414,4,0.263199,0
P_34140,W_3177,2,0.317111,0
P_341403,W_5555,3,0.068986,0
P_341448,W_11352,1,0.749561,1
P_34150,W_9626,2,0.338282,0
P_341774,W_30668,4,0.808024,1
P_34203,W_679,2,0.131496,0
P_342046,W_64445,2,0.075438,0
P_34211,W_3237,4,0.617119,1
P_34212,W_21528,1,0.60084,1
P_342197,W_13523,4,0.264037,0
P_342383,W_58783,4,0.812834,1
P_342385,W_65609,2,0.678275,1
P_342414,W_5440,3,0.448322,1
P_342673,W_4884,3,0.68925,1
P_342696,W_10845,3,0.600904,0
P_342711,W_27790,3,0.253466,0
P_342779,W_141096,1,0.550218,0
P_342830,W_122499,0,0.661131,1
P_342834,W_1130,2,0.518207,0
P_342835,W_7213,0,0.719267,1
P_34295,W_10065,3,0.253799,1
P_343,W_343,4,0.171443,0
P_343016,W_38429,4,0.684312,1
P_343068,W_2427,4,0.343158,0
P_343346,W_141096,1,0.614578,0
P_343443,W_57375,3,0.422366,1
P_34353,W_34353,3,0.573787,0
P_343780,W_40924,0,0.516911,1
P_343787,W_113981,2,0.521131,1
P_343818,W_9507,1,0.096691,0
P_343849,W_45948,4,0.49163,0
P_344020,W_112241,2,0.708182,0
P_344024,W_80336,0,0.595832,1
P_344035,W_115728,4,0.245727,0
P_344325,W_88508,0,0.710789,1
P_344326,W_141096,1,0.702326,1
P_344381,W_13216,3,0.347392,0
P_34445,W_17866,2,0.315798,1
P_344641,W_20254,0,0.786797,1
P_344642,W_20254,0,0.643859,1
P_344643,W_20254,0,0.597829,1
P_344644,W_20254,0,0.688834,1
P_34466,W_14501,0,0.146551,0
P_344713,W_141096,1,0.570593,0
P_344723,W_4849,1,0.743172,1
P_344729,W_4849,1,0.738065,1
P_344759,W_113724,0,0.139512,0
P_344798,W_11352,1,0.536513,0
P_344831,W_121182,0,0.725927,1
P_344848,W_7247,2,0.346967,1
P_344914,W_856,2,0.496055,0
P_344918,W_2673,1,0.363019,1
P_3450,W_3447,4,0.461034,0
P_345001,W_91832,4,0.804614,1
P_345002,W_4806,4,0.785196,1
P_34505,W_3177,2,0.195668,1
P_345075,W_111854,2,0.567209,1
P_345136,W_8387,2,0.3649,0
P_345137,W_13873,4,0.634858,1
P_345144,W_10851,4,0.708224,0
P_345213,W_22451,3,0.280078,0
P_34522,W_4726,0,0.142513,1
P_345227,W_2474,1,0.495418,0
P_345377,W_9644,4,0.256791,1
P_34540,W_11051,3,0.111631,0
P_34541,W_4244,4,0.414991,1
P_3455,W_3447,4,0.251167,1
P_345538,W_817,0,0.540507,1
P_345637,W_4012,3,0.358855,0
P_34568,W_34568,3,0.503707,1
P_345809,W_1478,1,0.341988,0
P_345810,W_3529,2,0.360142,1
P_345813,W_5118,4,0.638731,1
P_346013,W_19985,2,0.709693,0
P_346027,W_7578,1,0.641517,1
P_346035,W_383,3,0.209358,0
P_34604,W_34604,1,0.693558,1
P_3463,W_3447,4,0.488988,0
P_346410,W_20960,1,0.333746,0
P_346474,W_10902,1,0.502392,0
P_346476,W_45783,3,0.661312,1
P_346478,W_53262,1,0.573741,0
P_346482,W_10577,3,0.286613,1
P_3467,W_3447,4,0.218388,0
P_34674,W_2081,0,0.364118,0
P_346861,W_8937,0,0.085569,0
P_34700,W_34699,3,0.638615,0
P_347012,W_59954,2,0.631297,1
P_34702,W_10313,0,0.71836,1
P_347029,W_27328,1,0.600335,1
P_347116,W_35472,2,0.791091,0
P_347118,W_10526,0,0.340729,0
P_347160,W_642,3,0.208839,1
P_347198,W_7257,3,0.661347,1
P_347199,W_83871,4,0.7007,0
P_347204,W_39055,4,0.457116,0
P_347310,W_8937,0,0.241,0
P_347503,W_11535,0,0.403632,0
P_347520,W_87425,0,0.702256,0
P_347567,W_1412,1,0.657763,0
P_3476,W_3447,4,0.183656,0
P_347637,W_52660,4,0.148247,0
P_347687,W_52660,4,0.438104,0
P_347773,W_5231,0,0.348764,0
P_347779,W_142008,0,0.627754,1
P_347799,W_49809,4,0.27744,1
P_347864,W_142008,0,0.75402,0
P_34788,W_34791,0,0.1662,0
P_347904,W_119158,1,0.582561,0
P_34791,W_34791,0,0.291461,0
P_34792,W_34791,0,0.285427,1
P_34795,W_34791,0,0.168952,1
P_34797,W_34791,0,0.258129,0
P_347987,W_3414,4,0.407134,0
P_3480,W_3447,4,0.479207,0
P_348033,W_54461,0,0.275161,0
P_348034,W_39786,3,0.766818,1
P_348086,W_142008,0,0.720426,0
P_348093,W_13687,3,0.732219,1
P_348239,W_142049,4,0.478007,0
P_348252,W_25030,1,0.090815,0
P_348259,W_76498,4,0.512589,1
P_348329,W_4066,1,0.174115,0
P_348331,W_2474,1,0.460741,1
P_348459,W_7489,0,0.481998,1
P_348815,W_6784,3,0.219269,0
P_348844,W_142008,0,0.479591,1
P_348856,W_142008,0,0.702986,0
P_348914,W_26941,1,0.102703,0
P_348985,W_7116,4,0.673959,1
P_348986,W_10838,2,0.569398,1
P_34907,W_34907,3,0.509665,1
P_349075,W_142008,0,0.619264,1
P_349111,W_11484,3,0.747305,1
P_349166,W_93644,0,0.487978,1
P_349307,W_142008,0,0.71556,0
P_349308,W_23116,0,0.678536,0
P_349311,W_117450,0,0.533626,0
P_349312,W_9290,4,0.476496,0
P_349313,W_39783,4,0.683722,1
P_349315,W_142008,0,0.752336,1
P_349368,W_30668,4,0.657394,0
P_349374,W_11472,4,0.797717,1
P_349375,W_51795,4,0.672569,1
P_349376,W_142008,0,0.755192,1
P_349391,W_40675,1,0.672989,1
P_349393,W_13552,4,0.682819,1
P_349394,W_4690,0,0.706413,0
P_349399,W_142008,0,0.660159,1
P_34940,W_27913,2,0.443143,1
P_349633,W_87758,0,0.173551,1
P_349647,W_343,4,0.073997,0
P_349717,W_98770,4,0.554134,1
P_349787,W_284,2,0.342252,0
P_3498,W_3497,1,0.518497,0
P_349837,W_99743,2,0.791528,1
P_349979,W_20539,3,0.325704,1
P_350006,W_27913,2,0.580201,0
P_350160,W_9263,3,0.644468,0
P_350162,W_9263,3,0.611319,0
P_350305,W_2083,2,0.138718,0
P_350484,W_7762,4,0.627489,1
P_350672,W_27911,0,0.850712,1
P_350674,W_102577,1,0.770284,1
P_351108,W_2930,3,0.338111,0
P_351112,W_7213,0,0.649437,0
P_351114,W_40924,0,0.810882,1
P_351115,W_115692,2,0.730556,1
P_351121,W_42311,0,0.582432,0
P_351191,W_799,4,0.098679,0
P_351218,W_115814,2,0.159978,0
P_351222,W_1033,0,0.398732,0
P_351270,W_627,2,0.608625,1
P_351280,W_12460,1,0.578656,0
P_351300,W_142439,3,0.095674,0
P_351301,W_142439,3,0.414659,0
P_351306,W_21013,2,0.652176,1
P_351320,W_142440,2,0.736721,1
P_351373,W_142439,3,0.271685,0
P_351374,W_142440,2,0.589365,0
P_351377,W_142440,2,0.731807,0
P_351380,W_142439,3,0.621594,1
P_351383,W_142440,2,0.805352,1
P_351386,W_142440,2,0.57161,0
P_351387,W_142440,2,0.71298,0
P_35139,W_1130,2,0.41779,0
P_35141,W_1924,2,0.160891,0
P_35145,W_1478,1,0.065209,0
P_351459,W_82218,3,0.635164,1
P_35146,W_3237,4,0.340691,1
P_351472,W_142440,2,0.629354,0
P_351498,W_142440,2,0.708916,0
P_35151,W_5616,3,0.063756,1
P_351626,W_82218,3,0.476288,0
P_351798,W_142497,1,0.18209,0
P_351799,W_142497,1,0.08949,1
P_351810,W_20710,2,0.6725,1
P_351826,W_142440,2,0.685966,0
P_351827,W_142440,2,0.718915,0
P_351833,W_142440,2,0.796786,0
P_351850,W_39785,4,0.573937,0
P_351861,W_142440,2,0.485808,0
P_351895,W_142440,2,0.636818,0
P_35190,W_35188,3,0.678517,1
P_35206,W_35206,0,0.59646,1
P_352102,W_65049,3,0.591751,0
P_352104,W_142439,3,0.612508,0
P_35214,W_1409,4,0.721719,1
P_352146,W_20120,1,0.648038,1
P_352147,W_1353,0,0.607215,1
P_352148,W_21817,0,0.574686,1
P_35215,W_10428,3,0.300955,0
P_35217,W_3097,1,0.263987,0
P_352194,W_116516,4,0.806821,1
P_35232,W_10526,0,0.340255,0
P_352419,W_14969,1,0.178742,1
P_3529,W_3529,2,0.134907,0
P_352910,W_125147,2,0.471819,1
P_352975,W_13216,3,0.081943,0
P_353097,W_7581,1,0.770521,1
P_353231,W_53262,1,0.671777,1
P_353232,W_10848,3,0.643588,1
P_353319,W_9704,2,0.405682,0
P_353668,W_10848,3,0.797907,1
P_353734,W_9262,1,0.629439,1
P_353736,W_91832,4,0.710361,1
P_353737,W_11859,4,0.454567,1
P_353787,W_86795,4,0.701945,1
P_35389,W_35389,4,0.750393,0
P_35405,W_2970,1,0.376166,0
P_354088,W_5388,1,0.399813,1
P_354091,W_8202,2,0.614669,1
P_3541,W_3529,2,0.463365,0
P_354148,W_11823,4,0.642406,0
P_3542,W_3529,2,0.401321,0
P_354295,W_20610,2,0.07125,0
P_354296,W_23627,1,0.583946,0
P_3543,W_3529,2,0.251762,0
P_3545,W_3529,2,0.484203,0
P_35472,W_35472,2,0.340744,0
P_35473,W_35472,2,0.561356,1
P_35475,W_1153,3,0.268646,1
P_354763,W_11841,4,0.143431,0
P_354779,W_23627,1,0.650177,0
P_354833,W_61921,0,0.516621,1
P_354846,W_39055,4,0.525129,1
P_354850,W_29045,2,0.452882,0
P_354860,W_103129,0,0.721446,1
P_354918,W_143052,0,0.598013,1
P_354919,W_143052,0,0.573315,0
P_354921,W_143052,0,0.38352,0
P_354922,W_143052,0,0.214464,0
P_354923,W_143052,0,0.558221,1
P_354956,W_9131,0,0.734679,1
P_35505,W_34086,3,0.063722,0
P_355161,W_82985,4,0.67771,1
P_355166,W_7583,1,0.719207,1
P_355194,W_143052,0,0.612469,1
P_355195,W_143052,0,0.49028,1
P_355271,W_40675,1,0.807236,1
P_355295,W_39786,3,0.478159,0
P_3553,W_3552,4,0.502924,0
P_355301,W_39786,3,0.471335,0
P_355304,W_39786,3,0.370338,0
P_355307,W_39786,3,0.481677,0
P_355369,W_42453,1,0.665851,1
P_355399,W_27320,2,0.667166,0
P_3554,W_3552,4,0.657426,1
P_355404,W_4820,4,0.621437,1
P_3555,W_3552,4,0.722487,1
P_355576,W_143172,2,0.206439,1
P_355577,W_143172,2,0.184008,0
P_355578,W_143172,2,0.660038,1
P_355584,W_143172,2,0.350888,1
P_355585,W_143172,2,0.508619,1
P_355608,W_2855,4,0.146644,1
P_355664,W_9703,3,0.544359,0
P_355665,W_9703,3,0.216485,1
P_3557,W_3552,4,0.697312,1
P_355763,W_125863,1,0.642369,1
P_35579,W_14019,3,0.295326,0
P_3558,W_3552,4,0.434998,1
P_355811,W_13523,4,0.416548,0
P_355834,W_12792,3,0.68998,0
P_355984,W_143172,2,0.33137,1
P_356115,W_5534,4,0.482816,1
P_35615,W_7261,3,0.703974,1
P_356152,W_143172,2,0.196871,1
P_356154,W_143172,2,0.136717,0
P_356164,W_143172,2,0.253626,1
P_356165,W_15300,2,0.237837,0
P_356180,W_7261,3,0.083602,0
P_356193,W_26111,3,0.822957,0
P_356216,W_121495,2,0.120068,1
P_35633,W_5231,0,0.622623,1
P_35636,W_7032,0,0.303365,0
P_356409,W_14599,4,0.635404,1
P_35649,W_3744,2,0.446862,1
P_356505,W_32531,0,0.07921,0
P_356506,W_1792,3,0.394074,1
P_35651,W_11485,4,0.14717,0
P_356640,W_59319,4,0.6464,1
P_356648,W_30678,1,0.618142,0
P_356660,W_69914,4,0.522255,1
P_356664,W_69914,4,0.694616,1
P_356691,W_4012,3,0.240762,1
P_356729,W_143172,2,0.122029,0
P_356802,W_115249,2,0.666296,1
P_356815,W_143172,2,0.17218,1
P_356817,W_1130,2,0.631704,1
P_356926,W_39525,3,0.200058,0
P_356966,W_5687,2,0.246922,0
P_356975,W_3928,4,0.016076,0
P_35701,W_4846,1,0.705612,1
P_357398,W_93644,0,0.62301,0
P_357535,W_31003,3,0.201335,1
P_357607,W_114608,4,0.587733,1
P_357764,W_131020,0,0.778884,1
P_357830,W_6031,2,0.6585,1
P_357909,W_11473,3,0.720261,1
P_357918,W_14599,4,0.761674,1
P_357919,W_53040,3,0.781505,1
P_357978,W_10717,0,0.515116,1
P_358047,W_97632,1,0.606114,1
P_358049,W_114408,2,0.719624,0
P_358051,W_399,2,0.354391,1
P_358184,W_8535,4,0.567303,0
P_358256,W_11516,4,0.538652,1
P_35837,W_4833,4,0.09976,0
P_35845,W_3414,4,0.330332,0
P_358554,W_19903,3,0.490991,0
P_358568,W_4751,3,0.565175,1
P_358571,W_6216,3,0.232779,0
P_358578,W_4354,3,0.475123,1
P_35858,W_7578,1,0.556055,1
P_35862,W_35206,0,0.622401,1
P_358623,W_40924,0,0.662824,1
P_358624,W_40702,2,0.700871,1
P_358626,W_114394,1,0.545991,1
P_358638,W_343,4,0.215709,0
P_358639,W_1376,1,0.193244,0
P_35881,W_21817,0,0.667322,0
P_359061,W_143172,2,0.121358,1
P_359156,W_8696,0,0.052402,0
P_359159,W_22581,3,0.189912,1
P_359509,W_3266,0,0.578947,1
P_35956,W_9276,3,0.316279,0
P_359600,W_9376,4,0.614992,1
P_35965,W_6292,2,0.116763,0
P_35967,W_11051,3,0.088692,0
P_3599,W_3599,1,0.608738,1
P_36000,W_10144,4,0.20764,0
P_360119,W_10913,1,0.471948,0
P_360120,W_112006,2,0.507405,0
P_36015,W_2974,3,0.130289,0
P_36016,W_4354,3,0.161106,1
P_360185,W_23239,4,0.612085,0
P_360192,W_61933,3,0.348125,0
P_360240,W_11552,4,0.406651,1
P_360446,W_103129,0,0.510002,1
P_360508,W_704,3,0.493242,1
P_36065,W_36064,4,0.382077,0
P_360682,W_9350,2,0.737102,0
P_36079,W_4865,4,0.732295,1
P_36083,W_26941,1,0.112995,0
P_360872,W_7495,0,0.38103,0
P_360878,W_11485,4,0.053159,0
P_360953,W_28094,0,0.519375,1
P_361158,W_11785,3,0.451821,0
P_361179,W_10846,1,0.56856,0
P_361200,W_38517,4,0.713772,1
P_36121,W_3057,0,0.368214,1
P_361210,W_11006,2,0.695499,1
P_361238,W_116622,0,0.713502,0
P_361293,W_22286,0,0.29668,1
P_361294,W_8696,0,0.054241,0
P_361360,W_62433,0,0.788606,1
P_36145,W_14969,1,0.380378,0
P_361450,W_43012,3,0.55542,0
P_36147,W_3353,4,0.607639,0
P_36148,W_3353,4,0.476606,0
P_36149,W_10428,3,0.281696,0
P_36158,W_6437,3,0.202362,0
P_36160,W_6437,3,0.156616,1
P_361600,W_18,0,0.111364,0
P_361604,W_6403,3,0.208004,0
P_361606,W_4468,0,0.089014,1
P_36161,W_6437,3,0.208351,0
P_361632,W_4468,0,0.089129,1
P_361709,W_111535,0,0.044857,0
P_361788,W_119473,3,0.756533,1
P_361814,W_91832,4,0.693966,1
P_361930,W_40675,1,0.455394,1
P_36202,W_94,3,0.475697,1
P_362055,W_5687,2,0.40867,0
P_362170,W_575,4,0.21106,0
P_362233,W_55861,0,0.415707,0
P_362255,W_10065,3,0.418728,0
P_36231,W_5118,4,0.088158,0
P_36255,W_14019,3,0.246247,0
P_362679,W_961,0,0.246264,0
P_362789,W_5102,0,0.275527,0
P_362836,W_40675,1,0.705794,1
P_362880,W_122499,0,0.733623,1
P_362881,W_129296,1,0.801995,1
P_362901,W_99743,2,0.638725,1
P_362948,W_22084,1,0.305543,0
P_363180,W_4217,3,0.642199,0
P_363252,W_41946,2,0.414062,0
P_363401,W_41946,2,0.49076,1
P_36341,W_1347,4,0.407169,0
P_363411,W_10212,3,0.482788,0
P_363412,W_51795,4,0.518829,1
P_363436,W_54816,3,0.599369,1
P_36344,W_3321,2,0.220713,0
P_363529,W_5915,0,0.39474,0
P_363648,W_64650,2,0.326878,1
P_363769,W_41946,2,0.514435,0
P_363772,W_41946,2,0.309683,0
P_363775,W_41946,2,0.37373,1
P_363860,W_144326,1,0.05402,0
P_363904,W_41946,2,0.682564,1
P_363915,W_27641,3,0.579406,0
P_363922,W_41946,2,0.565646,1
P_363928,W_41946,2,0.578246,1
P_363932,W_98152,3,0.733265,0
P_363942,W_41946,2,0.761158,1
P_363956,W_41946,2,0.692138,1
P_364177,W_144354,0,0.025556,0
P_364228,W_142497,1,0.083619,0
P_364474,W_116565,3,0.756991,0
P_364478,W_34353,3,0.426379,0
P_364617,W_3266,0,0.82535,0
P_364696,W_10850,3,0.511059,0
P_364713,W_22926,4,0.494664,1
P_364748,W_35206,0,0.853601,1
P_364760,W_135726,0,0.433818,0
P_364777,W_22053,0,0.496363,0
P_364784,W_22084,1,0.407962,0
P_364845,W_21828,3,0.051125,1
P_364933,W_52963,2,0.644895,0
P_364991,W_5549,1,0.417766,1
P_365005,W_144458,1,0.159868,0
P_365052,W_2558,3,0.140422,0
P_365057,W_7961,3,0.380538,0
P_365058,W_20960,1,0.126217,0
P_365060,W_1456,1,0.269323,0
P_365364,W_1378,4,0.212977,0
P_36538,W_13695,1,0.235737,0
P_365458,W_61207,0,0.747357,1
P_36546,W_103,2,0.287607,0
P_36551,W_5555,3,0.10658,0
P_365591,W_17866,2,0.695072,1
P_365600,W_3447,4,0.232291,1
P_365614,W_19748,1,0.536778,1
P_365820,W_62475,2,0.12376,0
P_365993,W_31938,2,0.761751,1
P_366063,W_6292,2,0.188577,1
P_366275,W_2970,1,0.441624,1
P_366277,W_1002,3,0.446348,1
P_366394,W_4728,1,0.244285,1
P_366489,W_144648,4,0.329555,0
P_366490,W_64395,4,0.597525,1
P_366529,W_93644,0,0.580895,0
P_366539,W_4655,2,0.458206,0
P_366541,W_112097,3,0.694791,1
P_366551,W_58783,4,0.48701,0
P_366653,W_144648,4,0.626882,1
P_366678,W_144648,4,0.475795,0
P_366682,W_144648,4,0.630023,1
P_366686,W_144648,4,0.400798,1
P_366687,W_144648,4,0.795101,1
P_366692,W_144648,4,0.406907,0
P_366766,W_39783,4,0.670693,1
P_366828,W_28687,0,0.357496,0
P_366873,W_13873,4,0.432078,0
P_366876,W_23770,4,0.366192,1
P_366877,W_12792,3,0.421405,1
P_366880,W_13698,1,0.667613,1
P_366882,W_8203,4,0.702214,1
P_367,W_367,1,0.258432,0
P_367112,W_124571,0,0.690055,1
P_367243,W_59319,4,0.70431,0
P_367266,W_1795,3,0.35346,0
P_367288,W_1278,0,0.044286,0
P_367289,W_1002,3,0.174916,1
P_367291,W_998,4,0.092533,0
P_367295,W_642,3,0.085488,1
P_367297,W_15519,4,0.105351,0
P_36741,W_23544,1,0.360289,0
P_367460,W_4642,1,0.176209,0
P_367611,W_24222,4,0.112821,0
P_367612,W_56072,0,0.207437,0
P_367709,W_5555,3,0.170513,1
P_367765,W_10852,4,0.582927,0
P_367792,W_19789,1,0.219088,0
P_367901,W_28784,2,0.768323,1
P_36793,W_10144,4,0.040165,0
P_367940,W_23142,1,0.273838,0
P_367962,W_121296,2,0.565926,1
P_368009,W_4700,1,0.75549,1
P_368013,W_4692,0,0.368885,1
P_368015,W_4704,4,0.639905,1
P_368028,W_303,3,0.666126,0
P_368138,W_58781,1,0.871482,1
P_368309,W_86795,4,0.769394,0
P_368312,W_11484,3,0.825436,1
P_368321,W_19943,3,0.495071,0
P_368325,W_40924,0,0.616023,0
P_368326,W_22945,0,0.358449,0
P_368538,W_623,4,0.428984,1
P_368568,W_117791,2,0.349351,0
P_368587,W_35188,3,0.654977,1
P_368592,W_45948,4,0.536529,1
P_368602,W_10253,3,0.548664,1
P_368785,W_32053,3,0.277413,0
P_369036,W_23165,2,0.2722,0
P_369135,W_64766,0,0.642377,1
P_369234,W_23770,4,0.748944,1
P_369235,W_4854,1,0.76064,0
P_369239,W_62086,3,0.796392,1
P_369319,W_32534,2,0.624493,1
P_369449,W_9276,3,0.221761,0
P_369475,W_56366,4,0.391069,1
P_369519,W_8535,4,0.70947,1
P_36956,W_13695,1,0.318895,0
P_369579,W_109122,1,0.631214,1
P_369721,W_7257,3,0.681109,1
P_369743,W_623,4,0.135329,0
P_369747,W_7578,1,0.806441,1
P_369780,W_114742,2,0.724849,0
P_369802,W_68063,2,0.38971,1
P_369964,W_142049,4,0.686971,1
P_369981,W_20097,3,0.061272,0
P_37032,W_19912,3,0.410373,0
P_370607,W_145365,1,0.082588,0
P_370966,W_7581,1,0.746813,1
P_371166,W_4702,2,0.580853,0
P_371192,W_7264,3,0.37831,1
P_371329,W_98311,3,0.275788,1
P_371330,W_43898,1,0.40614,1
P_37176,W_343,4,0.804373,1
P_37182,W_2083,2,0.497402,1
P_371865,W_2407,2,0.183657,1
P_371868,W_2407,2,0.071,0
P_37200,W_10907,3,0.596747,1
P_372028,W_1769,0,0.420545,0
P_372030,W_31938,2,0.570599,0
P_372061,W_3211,3,0.032356,0
P_372190,W_26461,3,0.403317,1
P_372207,W_18507,4,0.754449,1
P_372210,W_27906,0,0.744835,1
P_372227,W_13440,2,0.546983,0
P_37227,W_1278,0,0.10773,0
P_372448,W_97414,3,0.233875,0
P_372457,W_97414,3,0.412834,0
P_372538,W_15223,3,0.52849,0
P_372666,W_9350,2,0.639162,0
P_372667,W_28784,2,0.428558,1
P_372688,W_19985,2,0.597256,1
P_372689,W_4820,4,0.777941,1
P_372692,W_23767,0,0.727823,1
P_372694,W_35206,0,0.756242,0
P_372710,W_29060,0,0.533751,1
P_372845,W_4642,1,0.328052,1
P_372859,W_54466,2,0.092515,0
P_372941,W_12159,4,0.656992,0
P_373,W_373,0,0.276906,0
P_373023,W_10845,3,0.64125,0
P_373025,W_70931,1,0.837054,0
P_373143,W_20257,1,0.381462,1
P_37315,W_11785,3,0.639844,1
P_373168,W_116622,0,0.231176,0
P_373184,W_38171,4,0.631352,1
P_373199,W_7264,3,0.515198,1
P_373208,W_10849,2,0.734096,0
P_373213,W_10913,1,0.526218,1
P_373242,W_4698,1,0.742756,1
P_373258,W_117849,1,0.630689,1
P_373305,W_25511,4,0.700363,0
P_373306,W_4849,1,0.6636,0
P_373386,W_2855,4,0.672195,1
P_373421,W_34791,0,0.377066,0
P_373469,W_2407,2,0.077182,1
P_37378,W_32408,2,0.739717,0
P_373784,W_11841,4,0.195486,0
P_37382,W_10788,1,0.317113,1
P_37389,W_642,3,0.074609,0
P_373912,W_124809,1,0.362863,0
P_3744,W_3744,2,0.259155,0
P_374678,W_11474,2,0.772055,1
P_37478,W_430,3,0.058039,0
P_374951,W_111906,1,0.523745,1
P_375,W_375,4,0.398135,0
P_37513,W_37513,1,0.060842,0
P_375131,W_19508,0,0.235883,1
P_375198,W_21352,3,0.142166,0
P_375336,W_126478,0,0.790797,1
P_37559,W_22556,4,0.240098,0
P_375734,W_343,4,0.2109,0
P_376366,W_8937,0,0.073566,0
P_376367,W_14969,1,0.241151,0
P_37649,W_14019,3,0.586698,1
P_376558,W_12992,4,0.184246,0
P_376869,W_71702,3,0.705782,1
P_376871,W_4806,4,0.660782,0
P_376875,W_11833,1,0.707,1
P_376892,W_564,4,0.109163,0
P_37701,W_15385,4,0.309352,0
P_37702,W_1305,2,0.248177,0
P_37715,W_5368,3,0.151294,0
P_377269,W_2158,3,0.713221,1
P_37733,W_3174,2,0.155993,0
P_377343,W_137560,3,0.584297,1
P_37736,W_1454,0,0.152663,0
P_37743,W_5363,4,0.484776,1
P_377441,W_22451,3,0.534808,1
P_377519,W_116622,0,0.668931,1
P_377523,W_59319,4,0.803812,1
P_377531,W_11667,3,0.704765,1
P_377599,W_2759,3,0.670056,1
P_377601,W_2966,4,0.552082,0
P_377605,W_5095,4,0.127497,0
P_37776,W_37776,3,0.62622,0
P_377879,W_121296,2,0.353798,1
P_377881,W_4755,3,0.076467,0
P_378028,W_7253,2,0.714066,1
P_378077,W_2427,4,0.189877,1
P_378138,W_5233,4,0.748773,1
P_378139,W_5233,4,0.649583,1
P_378176,W_138964,0,0.704686,0
P_378180,W_138964,0,0.572685,0
P_378255,W_48320,1,0.688195,1
P_378292,W_138964,0,0.633994,0
P_378294,W_138964,0,0.656784,0
P_378304,W_138964,0,0.661988,1
P_378347,W_12460,1,0.239705,0
P_378418,W_6676,3,0.367719,0
P_378421,W_39520,2,0.281884,0
P_378448,W_27911,0,0.623173,0
P_378485,W_138964,0,0.708491,1
P_378486,W_138964,0,0.648173,0
P_378489,W_143052,0,0.708999,1
P_378512,W_424,1,0.099803,0
P_378562,W_2970,1,0.449594,0
P_378573,W_23142,1,0.362989,0
P_378684,W_6693,0,0.142816,0
P_37872,W_1412,1,0.747862,1
P_378721,W_3673,0,0.19055,1
P_378732,W_3237,4,0.404721,1
P_37877,W_12937,3,0.446656,0
P_378816,W_138964,0,0.629275,0
P_37882,W_11352,1,0.445392,1
P_378854,W_138964,0,0.6612,0
P_379088,W_138964,0,0.477161,0
P_379249,W_28094,0,0.677187,1
P_379266,W_184,4,0.301572,0
P_37937,W_594,1,0.215589,0
P_379423,W_14809,2,0.392681,1
P_379424,W_117417,4,0.549686,1
P_379433,W_2393,1,0.227318,1
P_37947,W_37947,2,0.505594,1
P_37948,W_37947,2,0.536227,1
P_379504,W_82877,4,0.724176,1
P_379507,W_25489,1,0.45479,1
P_379527,W_25154,0,0.661461,0
P_379591,W_7762,4,0.634942,1
P_379599,W_19748,1,0.614034,0
P_379622,W_45675,2,0.258469,1
P_379641,W_78838,3,0.468383,0
P_37975,W_21826,2,0.7601,1
P_37978,W_7583,1,0.670556,0
P_379846,W_103771,3,0.465326,0
P_379848,W_4012,3,0.541524,0
P_379968,W_5461,4,0.756738,1
P_38007,W_1412,1,0.509324,1
P_38008,W_13698,1,0.46983,1
P_380099,W_129436,1,0.777465,1
P_38010,W_103,2,0.261045,0
P_380121,W_867,3,0.634527,1
P_380275,W_103129,0,0.750793,1
P_380313,W_5500,4,0.309951,0
P_380392,W_2110,1,0.069404,0
P_380400,W_146806,4,0.718857,1
P_380403,W_146806,4,0.568116,0
P_380407,W_146806,4,0.586205,0
P_380431,W_5216,1,0.406675,1
P_380439,W_146806,4,0.535801,0
P_380452,W_6441,4,0.584235,1
P_38051,W_17053,4,0.109049,0
P_380530,W_34086,3,0.083729,0
P_38054,W_21828,3,0.046917,0
P_380566,W_146806,4,0.693392,0
P_380587,W_3097,1,0.352478,0
P_380590,W_11785,3,0.32708,0
P_38079,W_401,2,0.138943,0
P_380822,W_25030,1,0.182479,0
P_380824,W_19789,1,0.141566,0
P_380828,W_2427,4,0.415641,0
P_38090,W_343,4,0.134044,0
P_38094,W_3221,0,0.36823,0
P_38096,W_2083,2,0.232867,1
P_38097,W_2085,3,0.050347,0
P_381040,W_23772,3,0.636905,0
P_381089,W_9560,4,0.357258,0
P_381144,W_10745,1,0.727414,1
P_38120,W_867,3,0.217498,0
P_381336,W_56072,0,0.055278,0
P_381351,W_25621,3,0.557846,0
P_381385,W_31327,2,0.542883,0
P_381580,W_2901,0,0.675596,1
P_381581,W_117450,0,0.625145,1
P_381582,W_5954,3,0.630836,1
P_38171,W_38171,4,0.630642,0
P_381745,W_22581,3,0.286214,0
P_381792,W_243,0,0.692704,1
P_381929,W_3203,1,0.162649,0
P_381967,W_22581,3,0.187352,0
P_382100,W_22581,3,0.09895,0
P_38219,W_6163,1,0.432918,0
P_382220,W_10065,3,0.657909,0
P_382334,W_122729,0,0.35718,0
P_382363,W_31383,2,0.501026,0
P_382378,W_3162,2,0.185983,0
P_382380,W_42631,3,0.16904,1
P_382511,W_123840,1,0.65323,1
P_382512,W_5958,0,0.270688,0
P_382799,W_1924,2,0.209014,0
P_382827,W_1924,2,0.16038,0
P_382930,W_108692,1,0.363828,0
P_38295,W_209,0,0.218642,1
P_382996,W_856,2,0.235065,0
P_383018,W_167,1,0.604683,1
P_383019,W_8339,0,0.173772,0
P_383143,W_111510,2,0.680145,1
P_383148,W_5294,1,0.772383,0
P_383231,W_580,3,0.201029,0
P_383397,W_46288,2,0.617349,1
P_383498,W_5319,3,0.117655,0
P_38384,W_7279,4,0.508462,1
P_383897,W_23770,4,0.637238,1
P_3839,W_3839,2,0.575615,0
P_383913,W_38171,4,0.744208,0
P_383952,W_3221,0,0.294201,0
P_383953,W_112640,1,0.249828,0
P_383960,W_343,4,0.198125,0
P_383966,W_8387,2,0.214908,0
P_3840,W_3839,2,0.672638,1
P_38416,W_3063,0,0.332672,1
P_384242,W_1456,1,0.390154,0
P_384275,W_49809,4,0.207231,0
P_384276,W_42631,3,0.23863,1
P_38432,W_28493,4,0.599844,1
P_38434,W_3266,0,0.702705,0
P_38439,W_2454,3,0.601533,0
P_38440,W_184,4,0.125654,0
P_384637,W_11817,2,0.665195,0
P_38472,W_4700,1,0.703482,1
P_384737,W_52851,4,0.381794,0
P_38474,W_5316,0,0.713341,0
P_38475,W_4837,4,0.56483,0
P_38476,W_38476,0,0.743792,1
P_384766,W_20541,3,0.183044,1
P_38489,W_28495,3,0.695115,1
P_3849,W_18,0,0.401465,1
P_38497,W_38495,2,0.588895,0
P_38506,W_11472,4,0.608276,1
P_38509,W_4690,0,0.548665,1
P_385095,W_42631,3,0.78871,1
P_38510,W_38429,4,0.625899,1
P_38511,W_10914,1,0.660478,1
P_38519,W_38517,4,0.68722,1
P_385196,W_46288,2,0.678731,1
P_38523,W_38517,4,0.74634,1
P_38524,W_38517,4,0.664473,1
P_38534,W_28184,1,0.76253,1
P_38536,W_4683,2,0.644749,0
P_385365,W_24484,1,0.802225,1
P_385393,W_28495,3,0.587671,1
P_385399,W_5118,4,0.244162,0
P_385451,W_7312,2,0.624356,1
P_385505,W_226,3,0.019203,0
P_38557,W_20960,1,0.171711,0
P_38564,W_1409,4,0.310689,1
P_38566,W_9092,4,0.745218,1
P_385723,W_37513,1,0.125445,0
P_3858,W_3858,0,0.373582,0
P_38582,W_9103,1,0.089141,0
P_38583,W_10685,2,0.356277,0
P_385903,W_856,2,0.226202,0
P_38593,W_10790,1,0.139457,0
P_385933,W_4277,0,0.018377,0
P_385969,W_144354,0,0.029723,0
P_385992,W_9626,2,0.722641,0
P_38600,W_10685,2,0.27928,0
P_386077,W_3221,0,0.219826,1
P_386123,W_1596,1,0.257712,0
P_38639,W_10790,1,0.437643,1
P_386413,W_9643,0,0.298046,0
P_386447,W_3995,4,0.267958,1
P_38647,W_303,3,0.616053,0
P_386476,W_5515,3,0.203686,0
P_38649,W_10685,2,0.463886,0
P_38653,W_1616,3,0.368301,1
P_386533,W_53997,1,0.484325,1
P_38655,W_9092,4,0.665336,1
P_386557,W_14229,3,0.574762,1
P_386592,W_5319,3,0.353914,0
P_386618,W_25000,4,0.026934,0
P_38662,W_1616,3,0.163248,0
P_386625,W_704,3,0.159593,0
P_386653,W_3928,4,0.083564,0
P_386738,W_8937,0,0.167713,0
P_386751,W_5616,3,0.707281,0
P_386765,W_184,4,0.39016,0
P_386865,W_7245,0,0.309904,0
P_38690,W_662,2,0.728309,1
P_38691,W_14229,3,0.612333,1
P_386910,W_3978,1,0.339102,1
P_38692,W_3673,0,0.835705,1
P_386944,W_11785,3,0.270455,0
P_38696,W_10790,1,0.554001,1
P_38708,W_3552,4,0.542796,0
P_38710,W_9103,1,0.400047,1
P_38711,W_10790,1,0.167938,0
P_38715,W_3673,0,0.410143,1
P_38716,W_2301,3,0.407764,0
P_387185,W_82218,3,0.404871,1
P_387228,W_3260,0,0.571216,0
P_387229,W_3260,0,0.622819,1
P_387315,W_64650,2,0.639961,1
P_387356,W_45675,2,0.428994,0
P_387373,W_4829,4,0.728314,1
P_387377,W_7584,0,0.736176,0
P_387378,W_5438,3,0.840049,0
P_38738,W_3552,4,0.571218,0
P_387380,W_7284,1,0.763839,1
P_387381,W_21958,1,0.432738,1
P_38739,W_662,2,0.711882,1
P_38741,W_10526,0,0.411803,0
P_387417,W_10212,3,0.439131,0
P_38744,W_9092,4,0.504275,0
P_387461,W_121504,2,0.696675,1
P_387644,W_13523,4,0.382497,0
P_38771,W_10526,0,0.441747,1
P_38772,W_3162,2,0.414691,1
P_387723,W_12937,3,0.330962,1
P_38775,W_3673,0,0.414239,1
P_38782,W_303,3,0.740342,1
P_38783,W_3673,0,0.450803,1
P_38784,W_3552,4,0.772691,1
P_38785,W_2301,3,0.634235,1
P_38787,W_3074,2,0.368507,0
P_38788,W_2928,1,0.469069,0
P_38789,W_1616,3,0.314501,0
P_3879,W_1153,3,0.347581,0
P_38790,W_2474,1,0.672899,1
P_38791,W_1409,4,0.380533,0
P_38792,W_10790,1,0.425455,1
P_387924,W_46288,2,0.337694,0
P_387925,W_22581,3,0.212823,0
P_38802,W_9092,4,0.729573,1
P_388036,W_82985,4,0.710078,1
P_388037,W_38517,4,0.640539,1
P_388039,W_7581,1,0.758643,1
P_388109,W_32053,3,0.787166,1
P_38813,W_10788,1,0.29158,0
P_388131,W_120968,2,0.502636,0
P_38832,W_10790,1,0.274025,0
P_38833,W_3673,0,0.438153,1
P_38835,W_14229,3,0.40129,1
P_38837,W_2301,3,0.635245,0
P_38838,W_303,3,0.301121,0
P_388396,W_11014,1,0.28215,1
P_388397,W_2930,3,0.224635,0
P_38841,W_10685,2,0.360485,1
P_388411,W_932,4,0.676451,1
P_388414,W_1812,4,0.462583,0
P_38842,W_662,2,0.726871,1
P_388420,W_5461,4,0.527088,1
P_38843,W_10526,0,0.251152,1
P_38845,W_9092,4,0.500092,1
P_38848,W_8213,1,0.374876,0
P_388542,W_10528,3,0.61463,1
P_388546,W_12972,4,0.468843,0
P_38855,W_2474,1,0.423081,0
P_38856,W_998,4,0.1696,1
P_38857,W_8387,2,0.662596,0
P_38858,W_3074,2,0.25424,0
P_38859,W_3447,4,0.311792,0
P_38860,W_3177,2,0.193066,1
P_388605,W_100,4,0.288484,0
P_38861,W_1616,3,0.439906,0
P_38862,W_9626,2,0.726797,0
P_38863,W_3174,2,0.462983,0
P_38865,W_961,0,0.19018,0
P_38866,W_1456,1,0.14339,0
P_38867,W_1478,1,0.117495,0
P_38871,W_5958,0,0.55305,1
P_38872,W_1596,1,0.174584,0
P_38873,W_1130,2,0.370967,0
P_38875,W_383,3,0.420074,0
P_388753,W_115249,2,0.66836,0
P_388803,W_111656,0,0.710332,1
P_388880,W_401,2,0.283603,0
P_389008,W_116516,4,0.108955,1
P_38903,W_3162,2,0.064323,0
P_389044,W_1055,2,0.694668,1
P_389115,W_13691,1,0.344725,0
P_389178,W_82200,4,0.585905,1
P_389553,W_123840,1,0.71346,1
P_389555,W_23116,0,0.786,1
P_389568,W_656,1,0.289916,0
P_389583,W_233,4,0.411766,0
P_389754,W_9576,4,0.630662,1
P_389755,W_11484,3,0.575691,1
P_389857,W_55861,0,0.548781,1
P_389913,W_4755,3,0.156071,1
P_390061,W_116516,4,0.439723,0
P_390080,W_7577,0,0.46573,1
P_390327,W_2855,4,0.40836,0
P_3904,W_3904,1,0.749233,1
P_390462,W_3497,1,0.590634,1
P_390464,W_20960,1,0.603341,1
P_390524,W_2911,0,0.658959,0
P_39055,W_39055,4,0.17819,0
P_390595,W_199,1,0.310481,1
P_390610,W_2968,4,0.856551,1
P_390624,W_121852,2,0.798395,0
P_390628,W_13875,4,0.545295,1
P_390685,W_12968,4,0.20016,0
P_39079,W_33804,0,0.378022,0
P_391074,W_11833,1,0.698507,1
P_391148,W_120968,2,0.405687,0
P_391224,W_27328,1,0.516936,0
P_391237,W_1347,4,0.798291,1
P_391556,W_580,3,0.317461,0
P_391758,W_5954,3,0.483501,1
P_391776,W_122254,2,0.621108,1
P_391862,W_22965,1,0.756028,1
P_391863,W_7584,0,0.693336,0
P_391865,W_30668,4,0.665231,1
P_391867,W_7580,4,0.341594,0
P_391868,W_8203,4,0.728532,1
P_391869,W_13540,3,0.80672,1
P_391993,W_3414,4,0.235691,0
P_392015,W_5141,0,0.419052,0
P_392029,W_26988,2,0.473626,1
P_392032,W_3057,0,0.167376,1
P_392200,W_42997,4,0.450898,0
P_39227,W_148,4,0.554057,1
P_392275,W_18507,4,0.705419,1
P_392276,W_97460,2,0.485296,0
P_392282,W_27911,0,0.744408,1
P_392285,W_11358,1,0.467994,1
P_3923,W_9132,3,0.233089,0
P_392349,W_12972,4,0.346943,0
P_392406,W_4812,1,0.786587,0
P_392407,W_4820,4,0.882473,1
P_392408,W_4687,2,0.666736,0
P_392455,W_75372,1,0.784694,1
P_392456,W_7878,4,0.597508,0
P_392475,W_30326,0,0.576693,1
P_392494,W_32711,2,0.369592,1
P_392513,W_12972,4,0.601904,0
P_392525,W_19508,0,0.643216,1
P_392527,W_4541,3,0.670328,1
P_392557,W_18507,4,0.736651,0
P_392587,W_9131,0,0.538935,0
P_392672,W_50379,1,0.601944,1
P_392673,W_28221,2,0.508302,1
P_392698,W_57375,3,0.679059,1
P_392701,W_53262,1,0.798245,1
P_392702,W_4849,1,0.748601,1
P_392872,W_14501,0,0.323511,1
P_392889,W_3145,2,0.365736,1
P_392896,W_42117,0,0.639861,1
P_392899,W_8213,1,0.428892,0
P_3929,W_3928,4,0.037272,0
P_392902,W_2928,1,0.609388,1
P_392935,W_8535,4,0.547006,1
P_392984,W_117791,2,0.54786,0
P_39319,W_37776,3,0.563593,1
P_393263,W_1456,1,0.27831,0
P_393283,W_2301,3,0.390534,0
P_393293,W_3074,2,0.104982,0
P_393319,W_111854,2,0.851247,1
P_393325,W_26941,1,0.494726,0
P_393327,W_3270,0,0.101193,0
P_393329,W_45675,2,0.248155,1
P_393362,W_126478,0,0.762758,1
P_393381,W_40034,1,0.242915,1
P_393406,W_5930,0,0.309022,0
P_39348,W_22581,3,0.132317,0
P_393554,W_117849,1,0.195065,0
P_39359,W_1443,0,0.747272,1
P_393735,W_8213,1,0.459996,1
P_393829,W_7577,0,0.490557,0
P_393830,W_22948,0,0.71878,1
P_393832,W_59952,4,0.562541,1
P_393893,W_124199,0,0.656622,1
P_393898,W_111854,2,0.601571,1
P_393908,W_4779,2,0.581547,1
P_393918,W_26988,2,0.317403,0
P_393959,W_5500,4,0.698624,1
P_394002,W_3074,2,0.230297,0
P_394022,W_42117,0,0.542657,0
P_394026,W_2083,2,0.119586,0
P_394044,W_2976,2,0.768512,0
P_394047,W_10788,1,0.342755,0
P_39423,W_9276,3,0.587305,1
P_394397,W_5388,1,0.263465,0
P_394540,W_5461,4,0.453232,0
P_394550,W_20122,4,0.776745,1
P_394578,W_1378,4,0.597586,0
P_394585,W_31725,2,0.43798,0
P_394586,W_61921,0,0.848809,1
P_394639,W_4541,3,0.602648,1
P_39470,W_706,0,0.615495,1
P_394716,W_114947,1,0.435991,0
P_394769,W_10212,3,0.457734,0
P_394777,W_7312,2,0.230086,0
P_394780,W_20960,1,0.318816,0
P_394791,W_7312,2,0.815295,1
P_394854,W_20049,1,0.548136,0
P_394880,W_114810,0,0.711606,1
P_39491,W_2081,0,0.087099,0
P_394911,W_83296,4,0.786815,0
P_394914,W_33213,1,0.722231,1
P_394919,W_97460,2,0.581571,0
P_395140,W_8872,4,0.236264,1
P_39520,W_39520,2,0.130525,0
P_395207,W_14809,2,0.469856,0
P_39525,W_39525,3,0.01916,0
P_395368,W_13440,2,0.531722,0
P_395369,W_3092,1,0.046702,0
P_395607,W_37947,2,0.495479,0
P_395696,W_8339,0,0.705781,1
P_395713,W_83296,4,0.828678,0
P_395717,W_9286,2,0.718047,1
P_39576,W_4835,2,0.531871,0
P_395808,W_13222,0,0.228329,0
P_39582,W_284,2,0.570402,1
P_395940,W_80336,0,0.337159,0
P_39596,W_23116,0,0.757172,1
P_39612,W_3270,0,0.546855,1
P_396166,W_233,4,0.749107,1
P_396196,W_246,1,0.329398,1
P_39629,W_706,0,0.808741,1
P_39631,W_26988,2,0.631587,0
P_396352,W_15519,4,0.176394,0
P_396392,W_4244,4,0.0761,0
P_3964,W_3964,1,0.327306,0
P_396461,W_6753,3,0.425857,1
P_396488,W_24222,4,0.065477,0
P_3965,W_3964,1,0.168682,1
P_396524,W_594,1,0.147505,0
P_39653,W_14485,3,0.61255,1
P_39654,W_3414,4,0.286296,1
P_396576,W_64395,4,0.660935,1
P_396757,W_47639,0,0.44441,0
P_396874,W_2085,3,0.099987,0
P_396907,W_11485,4,0.017388,0
P_396934,W_31938,2,0.628795,1
P_396939,W_3858,0,0.627473,0
P_397072,W_4681,1,0.490384,0
P_397074,W_116516,4,0.550824,0
P_397178,W_961,0,0.156288,0
P_39718,W_4702,2,0.765189,1
P_39757,W_76174,2,0.618956,1
P_397783,W_116516,4,0.683869,0
P_39783,W_39783,4,0.808552,1
P_39785,W_39785,4,0.585062,1
P_397914,W_226,3,0.172246,0
P_39804,W_25489,1,0.412152,1
P_398110,W_116516,4,0.328467,1
P_398167,W_14599,4,0.479554,0
P_398263,W_2083,2,0.1915,0
P_398294,W_31091,0,0.288357,0
P_398316,W_20622,0,0.235756,0
P_398349,W_8850,2,0.336526,0
P_398350,W_112640,1,0.474437,0
P_398395,W_26941,1,0.383964,0
P_398400,W_5071,4,0.416151,0
P_398428,W_6210,3,0.862072,1
P_398444,W_9103,1,0.340939,1
P_398450,W_37947,2,0.462138,1
P_398456,W_143052,0,0.374003,0
P_398466,W_27906,0,0.765621,1
P_398672,W_140437,4,0.372299,0
P_398691,W_139740,3,0.290126,0
P_39871,W_6464,3,0.026669,0
P_398780,W_142497,1,0.432706,1
P_398849,W_118543,4,0.067896,0
P_398905,W_5552,4,0.579045,1
P_39897,W_20639,4,0.178713,0
P_399,W_399,2,0.141587,0
P_399006,W_23165,2,0.535365,1
P_399007,W_4277,0,0.073459,0
P_399034,W_32053,3,0.709879,1
P_399037,W_4728,1,0.523455,1
P_399094,W_20414,1,0.442854,0
P_399118,W_26461,3,0.367689,0
P_399156,W_233,4,0.262073,1
P_399209,W_115814,2,0.281881,0
P_399215,W_121495,2,0.035497,0
P_399284,W_11535,0,0.702537,0
P_39938,W_4354,3,0.268134,0
P_3995,W_3995,4,0.060555,0
P_39953,W_25154,0,0.737523,1
P_3996,W_3995,4,0.11476,0
P_399648,W_10154,4,0.298535,0
P_399664,W_20610,2,0.36574,1
P_399680,W_47101,0,0.409327,1
P_3997,W_3997,3,0.133426,0
P_399705,W_7229,1,0.700916,1
P_399710,W_11484,3,0.782288,1
P_399713,W_7581,1,0.69649,1
P_399760,W_799,4,0.11319,0
P_399766,W_42631,3,0.342155,1
P_3998,W_3997,3,0.085689,0
P_399827,W_47639,0,0.577865,0
P_399888,W_6939,1,0.550581,0
P_400,W_399,2,0.120679,0
P_4000,W_179,3,0.094303,0
P_400032,W_34568,3,0.225739,0
P_400055,W_5071,4,0.544337,1
P_400098,W_142497,1,0.283764,1
P_400102,W_139530,3,0.078095,0
P_400106,W_140442,2,0.456587,0
P_400136,W_4687,2,0.708844,0
P_400159,W_149298,0,0.612764,0
P_400160,W_149298,0,0.632544,0
P_400161,W_149298,0,0.574725,0
P_400172,W_149298,0,0.538289,0
P_400174,W_149298,0,0.734776,1
P_400263,W_2966,4,0.254666,0
P_400315,W_11485,4,0.275073,0
P_400336,W_8543,3,0.559048,0
P_40034,W_40034,1,0.545465,0
P_400347,W_4702,2,0.826166,1
P_400369,W_76174,2,0.65126,1
P_400370,W_37776,3,0.735291,1
P_400380,W_149298,0,0.778903,1
P_400388,W_149298,0,0.679889,1
P_400408,W_149298,0,0.627472,1
P_400428,W_118713,2,0.546369,1
P_400429,W_149298,0,0.793304,1
P_400435,W_594,1,0.257202,1
P_400436,W_118713,2,0.754533,1
P_400448,W_149298,0,0.534175,0
P_400516,W_3162,2,0.836842,1
P_400520,W_8387,2,0.301306,0
P_400537,W_26988,2,0.708428,1
P_400540,W_7489,0,0.474975,0
P_400570,W_998,4,0.330908,0
P_400758,W_2966,4,0.257015,0
P_400788,W_1364,3,0.633595,0
P_400975,W_93644,0,0.804909,0
P_401,W_401,2,0.266787,0
P_401007,W_149298,0,0.584903,1
P_401011,W_9704,2,0.469598,0
P_401080,W_113981,2,0.694235,1
P_401107,W_7816,2,0.610029,1
P_401110,W_65049,3,0.742301,1
P_401148,W_35472,2,0.504829,0
P_401164,W_22948,0,0.542997,1
P_401176,W_7229,1,0.769258,1
P_40119,W_6417,3,0.521176,0
P_4012,W_4012,3,0.22608,0
P_401239,W_7762,4,0.72153,1
P_401287,W_86939,4,0.576856,0
P_401384,W_11819,0,0.410736,1
P_401669,W_7816,2,0.794851,1
P_40174,W_20120,1,0.65365,0
P_40178,W_38495,2,0.693747,1
P_401780,W_57375,3,0.662915,1
P_401786,W_22556,4,0.094856,0
P_40181,W_20254,0,0.600824,1
P_40184,W_21817,0,0.426123,1
P_40186,W_10576,2,0.650082,0
P_40188,W_20110,3,0.787614,0
P_40189,W_31725,2,0.451384,1
P_40190,W_11859,4,0.594394,1
P_40192,W_7279,4,0.403736,0
P_40199,W_40199,4,0.766941,1
P_40200,W_40199,4,0.476163,1
P_40207,W_9006,2,0.67412,1
P_402087,W_20064,1,0.207505,0
P_402103,W_121296,2,0.581071,1
P_402104,W_662,2,0.741731,0
P_402114,W_109642,2,0.602365,1
P_402194,W_10141,4,0.445003,0
P_402257,W_1812,4,0.479454,0
P_402287,W_99751,2,0.223529,0
P_402428,W_76574,3,0.489905,1
P_402464,W_89492,2,0.416384,0
P_402476,W_91786,2,0.459349,0
P_402493,W_38495,2,0.7737,1
P_402507,W_45783,3,0.630194,1
P_40251,W_40251,0,0.57392,1
P_402519,W_7116,4,0.666808,1
P_402567,W_7247,2,0.166856,0
P_402601,W_29299,0,0.499853,0
P_402608,W_42453,1,0.629043,0
P_402641,W_11641,0,0.694536,0
P_402715,W_26941,1,0.161669,0
P_402848,W_13523,4,0.350188,0
P_402877,W_74362,3,0.40479,1
P_402924,W_149519,0,0.342691,0
P_402926,W_117417,4,0.535228,1
P_402927,W_149519,0,0.137511,0
P_402958,W_40671,4,0.666276,0
P_402990,W_54466,2,0.332326,0
P_402993,W_11358,1,0.537028,0
P_402994,W_54461,0,0.328309,0
P_403017,W_10852,4,0.673411,0
P_40312,W_8673,1,0.055168,0
P_403294,W_243,0,0.605765,0
P_403300,W_119695,2,0.524045,0
P_403559,W_149562,1,0.74073,1
P_403565,W_42453,1,0.612863,1
P_403606,W_434,4,0.441825,1
P_403629,W_4468,0,0.425586,1
P_403662,W_149562,1,0.734303,0
P_403663,W_149562,1,0.753973,1
P_403673,W_149562,1,0.658901,1
P_403679,W_149562,1,0.866577,1
P_403707,W_209,0,0.133894,0
P_403772,W_149562,1,0.806362,1
P_403801,W_149562,1,0.697009,0
P_403811,W_149562,1,0.410887,0
P_403845,W_149562,1,0.74161,0
P_403863,W_149562,1,0.781793,1
P_403868,W_8850,2,0.77833,1
P_403885,W_76174,2,0.715294,1
P_403963,W_1308,0,0.293357,0
P_403991,W_33804,0,0.327471,0
P_40400,W_2083,2,0.102744,0
P_404002,W_33804,0,0.227249,1
P_404046,W_143052,0,0.702797,1
P_404058,W_131020,0,0.764207,1
P_404137,W_149562,1,0.576387,0
P_40419,W_40419,2,0.421852,0
P_404206,W_149298,0,0.498096,1
P_404245,W_3063,0,0.521141,0
P_404284,W_2970,1,0.335952,1
P_404331,W_50523,2,0.390967,0
P_40434,W_19353,0,0.728125,1
P_404341,W_12795,0,0.681962,1
P_40435,W_19353,0,0.491813,1
P_404355,W_149562,1,0.740756,0
P_40436,W_19353,0,0.747439,1
P_404381,W_46408,1,0.256861,1
P_404397,W_14501,0,0.56331,1
P_404402,W_1308,0,0.508324,0
P_40443,W_19945,4,0.630672,1
P_404442,W_375,4,0.597774,1
P_40446,W_19945,4,0.445699,1
P_40449,W_19945,4,0.278733,1
P_404578,W_1409,4,0.61114,1
P_40458,W_27328,1,0.400265,0
P_404643,W_22148,1,0.288361,0
P_404645,W_22451,3,0.544175,1
P_404662,W_623,4,0.227623,1
P_404692,W_109122,1,0.571182,0
P_404695,W_86939,4,0.442724,1
P_404699,W_122254,2,0.601025,1
P_404713,W_175,2,0.73283,1
P_404725,W_11249,0,0.332211,0
P_404746,W_9266,1,0.726736,0
P_404786,W_10338,4,0.130102,0
P_404801,W_20622,0,0.498479,0
P_40482,W_9643,0,0.370116,1
P_404935,W_1443,0,0.318382,1
P_404953,W_64651,0,0.502068,1
P_404967,W_26988,2,0.400852,0
P_404999,W_33804,0,0.309857,0
P_405001,W_9128,2,0.252188,1
P_405020,W_15385,4,0.450722,0
P_40508,W_6784,3,0.22736,0
P_405172,W_45948,4,0.702664,1
P_405388,W_21826,2,0.282594,0
P_405398,W_9560,4,0.467648,0
P_405404,W_59954,2,0.578391,0
P_405575,W_1055,2,0.663637,1
P_405596,W_9262,1,0.349053,0
P_405621,W_40120,3,0.351067,0
P_405638,W_22961,4,0.704584,0
P_405690,W_6676,3,0.284873,0
P_405773,W_4849,1,0.689632,1
P_405785,W_27919,1,0.726423,0
P_405879,W_6807,3,0.20075,0
P_40599,W_6715,2,0.457645,0
P_40602,W_375,4,0.332697,0
P_406049,W_9719,0,0.4079,1
P_406063,W_117883,0,0.668548,1
P_406073,W_64651,0,0.868699,0
P_406179,W_23116,0,0.58228,1
P_406191,W_138964,0,0.61181,0
P_40623,W_8937,0,0.156539,0
P_406274,W_118399,2,0.677036,1
P_406311,W_69073,2,0.62483,1
P_406333,W_62782,2,0.836208,1
P_40641,W_2759,3,0.823988,1
P_40642,W_13549,0,0.719237,1
P_40646,W_23770,4,0.731492,0
P_40650,W_19945,4,0.446979,0
P_40652,W_39786,3,0.468096,0
P_40654,W_7577,0,0.629515,1
P_406553,W_9103,1,0.666973,1
P_406559,W_32711,2,0.548764,1
P_4066,W_4066,1,0.109937,0
P_406632,W_112097,3,0.825659,1
P_406634,W_115707,2,0.743148,1
P_406659,W_4841,1,0.592343,1
P_406664,W_118399,2,0.790659,1
P_40668,W_20257,1,0.414392,0
P_4067,W_4066,1,0.274087,0
P_40671,W_40671,4,0.569061,0
P_40673,W_40671,4,0.611067,1
P_406768,W_23525,3,0.209092,0
P_40677,W_40675,1,0.835306,1
P_406818,W_5930,0,0.797275,1
P_406824,W_9132,3,0.620122,0
P_40685,W_40671,4,0.720431,1
P_40688,W_40671,4,0.259913,0
P_40691,W_40671,4,0.467791,0
P_406921,W_3552,4,0.877535,1
P_4070,W_4066,1,0.172908,1
P_40702,W_40702,2,0.705335,1
P_40711,W_8387,2,0.218636,1
P_407122,W_9358,4,0.113783,1
P_407133,W_118823,4,0.736953,1
P_407139,W_12992,4,0.33054,0
P_40722,W_2110,1,0.227822,0
P_407221,W_2759,3,0.750138,1
P_407222,W_34907,3,0.460603,1
P_407225,W_11652,0,0.846322,1
P_40727,W_8824,2,0.102888,0
P_407272,W_20084,4,0.369676,1
P_40728,W_2976,2,0.466756,0
P_40729,W_2974,3,0.027264,0
P_407459,W_1362,1,0.206207,1
P_407468,W_799,4,0.506536,1
P_40751,W_6417,3,0.626144,1
P_40755,W_2966,4,0.090223,0
P_40756,W_8696,0,0.435108,1
P_40758,W_226,3,0.219152,0
P_4076,W_4066,1,0.153685,1
P_40760,W_731,2,0.489701,1
P_407629,W_8824,2,0.302728,0
P_40766,W_27320,2,0.723039,1
P_407694,W_10338,4,0.19818,1
P_40770,W_27320,2,0.726618,1
P_407864,W_10913,1,0.787982,1
P_407998,W_42997,4,0.792385,1
P_4080,W_4066,1,0.397061,1
P_408006,W_149807,2,0.577471,0
P_408009,W_149807,2,0.309549,1
P_40804,W_34568,3,0.097038,0
P_408049,W_10838,2,0.883395,0
P_408086,W_21721,1,0.614114,0
P_408101,W_20069,2,0.64465,1
P_408165,W_11006,2,0.662504,1
P_408178,W_19903,3,0.068472,0
P_408186,W_1456,1,0.109991,0
P_408209,W_11649,1,0.807534,1
P_408218,W_5552,4,0.661117,1
P_408243,W_10838,2,0.562885,1
P_408298,W_22451,3,0.677007,1
P_4083,W_4066,1,0.211846,0
P_408334,W_5930,0,0.216873,1
P_408336,W_142439,3,0.460724,1
P_408338,W_129436,1,0.624346,1
P_408343,W_22286,0,0.123658,0
P_408353,W_142439,3,0.547914,1
P_408366,W_4702,2,0.59324,0
P_408399,W_121296,2,0.453697,0
P_408468,W_7312,2,0.526828,1
P_408491,W_7312,2,0.596657,0
P_408551,W_114608,4,0.810889,1
P_408631,W_38495,2,0.339191,1
P_408699,W_29078,1,0.555507,0
P_4087,W_4066,1,0.278161,1
P_408729,W_70887,0,0.658119,1
P_408747,W_7550,2,0.523894,1
P_40876,W_40876,3,0.649139,0
P_40877,W_40876,3,0.591365,0
P_408782,W_26839,4,0.219219,1
P_408796,W_6210,3,0.49986,1
P_4088,W_4066,1,0.167191,0
P_408892,W_111535,0,0.126763,0
P_4089,W_4066,1,0.09026,0
P_408973,W_115251,3,0.770465,1
P_408975,W_30246,1,0.130082,0
P_408990,W_11817,2,0.685474,0
P_409114,W_137560,3,0.581895,1
P_40913,W_7213,0,0.588006,0
P_40914,W_3599,1,0.795959,1
P_40916,W_1364,3,0.594167,0
P_409162,W_43997,4,0.767908,1
P_40923,W_3245,3,0.774405,0
P_40925,W_40924,0,0.561474,0
P_40926,W_39783,4,0.702486,1
P_409260,W_4762,3,0.40221,1
P_40927,W_4696,4,0.752285,1
P_409289,W_114947,1,0.517388,1
P_409321,W_10212,3,0.403457,1
P_409487,W_93655,0,0.312257,1
P_409494,W_29487,4,0.515201,1
P_409514,W_114712,0,0.806442,1
P_409517,W_33213,1,0.700504,0
P_40955,W_20097,3,0.772786,1
P_409570,W_115692,2,0.33512,1
P_40964,W_7249,0,0.726937,1
P_409883,W_7961,3,0.574179,1
P_409990,W_22,0,0.743784,1
P_410043,W_28687,0,0.298238,1
P_410126,W_91832,4,0.809978,1
P_410163,W_17671,0,0.405459,1
P_410192,W_101220,0,0.765361,1
P_41020,W_20064,1,0.218308,0
P_410495,W_246,1,0.195877,0
P_410543,W_11833,1,0.472573,1
P_410545,W_11833,1,0.452939,1
P_410575,W_11841,4,0.348917,1
P_410635,W_2110,1,0.124537,0
P_410680,W_13875,4,0.796211,1
P_410715,W_11859,4,0.574689,1
P_410716,W_11859,4,0.697765,1
P_410834,W_29130,3,0.345712,0
P_41092,W_34907,3,0.494327,1
P_410941,W_101001,4,0.757046,0
P_411007,W_1282,2,0.448886,0
P_411029,W_40419,2,0.574475,1
P_411037,W_2855,4,0.119834,0
P_411038,W_9103,1,0.556505,1
P_411079,W_27477,3,0.418214,0
P_411130,W_9158,1,0.696775,1
P_411341,W_15521,2,0.578075,0
P_411343,W_6784,3,0.297496,0
P_411410,W_5500,4,0.592561,0
P_411509,W_65381,2,0.610897,0
P_411510,W_44137,3,0.617257,1
P_411512,W_121852,2,0.57832,1
P_411527,W_143052,0,0.51056,1
P_411555,W_20064,1,0.141173,0
P_411567,W_92616,2,0.702238,1
P_411662,W_13693,4,0.425589,0
P_411838,W_2968,4,0.655785,1
P_411840,W_2407,2,0.302578,1
P_411847,W_2407,2,0.120005,0
P_411853,W_10901,2,0.762808,1
P_411856,W_4916,0,0.6861,1
P_411862,W_4812,1,0.391637,1
P_411867,W_5233,4,0.823488,1
P_411873,W_82985,4,0.740994,1
P_411998,W_6394,2,0.296606,0
P_412005,W_26939,0,0.594754,0
P_412096,W_47674,1,0.227441,1
P_412176,W_6549,2,0.31876,0
P_412234,W_112006,2,0.690159,1
P_412257,W_27906,0,0.811884,1
P_412288,W_15300,2,0.235541,0
P_412291,W_7084,0,0.146643,0
P_412303,W_7245,0,0.234742,0
P_412307,W_42997,4,0.434261,1
P_412323,W_117450,0,0.600355,1
P_412324,W_117450,0,0.563467,0
P_41246,W_10526,0,0.143826,0
P_412476,W_11534,3,0.75073,1
P_412486,W_28495,3,0.683985,1
P_412578,W_9266,1,0.563901,0
P_41261,W_10581,3,0.583048,1
P_412660,W_3237,4,0.709503,1
P_412681,W_78838,3,0.50522,1
P_412684,W_117403,2,0.529379,0
P_412766,W_101220,0,0.469845,1
P_412784,W_175,2,0.487809,0
P_412793,W_7581,1,0.545007,1
P_412808,W_35395,2,0.716472,1
P_412911,W_3203,1,0.320615,0
P_412982,W_7084,0,0.159571,0
P_412988,W_2928,1,0.09195,0
P_413027,W_48320,1,0.34192,0
P_413086,W_15521,2,0.211663,0
P_41309,W_2271,1,0.129151,0
P_413160,W_53351,4,0.818312,1
P_413176,W_108692,1,0.564143,0
P_413179,W_10313,0,0.381148,0
P_413180,W_11352,1,0.523515,1
P_413195,W_1353,0,0.763719,1
P_413198,W_4779,2,0.354003,0
P_413236,W_19912,3,0.709764,0
P_413244,W_55442,0,0.540629,1
P_413249,W_373,0,0.240923,1
P_413324,W_954,4,0.243555,0
P_413462,W_11534,3,0.461389,1
P_413463,W_61207,0,0.462801,1
P_413465,W_68063,2,0.693819,1
P_413476,W_146806,4,0.665322,1
P_413479,W_124745,0,0.536991,1
P_413555,W_63854,0,0.603345,0
P_413619,W_116565,3,0.679051,0
P_413727,W_44137,3,0.657096,1
P_413729,W_103129,0,0.639138,1
P_413730,W_82985,4,0.819018,1
P_413873,W_114490,1,0.604477,1
P_413915,W_11841,4,0.385753,1
P_414011,W_6394,2,0.412425,0
P_414177,W_82985,4,0.628362,1
P_414215,W_62086,3,0.26162,0
P_414233,W_3063,0,0.239155,1
P_414436,W_375,4,0.264908,0
P_414466,W_8543,3,0.415958,1
P_4145,W_17866,2,0.28396,0
P_414553,W_112097,3,0.490332,1
P_414555,W_10902,1,0.507614,0
P_414556,W_92616,2,0.648317,1
P_414559,W_10913,1,0.455353,1
P_414588,W_121182,0,0.71211,1
P_414591,W_24484,1,0.435091,1
P_414646,W_22945,0,0.454926,1
P_414678,W_37947,2,0.670641,1
P_414679,W_19748,1,0.573621,1
P_414687,W_10901,2,0.769511,1
P_414735,W_59319,4,0.767013,1
P_414741,W_9507,1,0.200661,0
P_414808,W_11817,2,0.761558,1
P_414830,W_11472,4,0.75772,1
P_414944,W_12135,4,0.364086,1
P_414972,W_4277,0,0.015006,0
P_415020,W_146806,4,0.706463,1
P_415063,W_25511,4,0.675288,1
P_415148,W_12542,1,0.138574,0
P_415195,W_148,4,0.688955,1
P_415294,W_54461,0,0.759844,1
P_41530,W_14809,2,0.138514,0
P_415314,W_5095,4,0.213851,1
P_415321,W_11358,1,0.243979,0
P_415329,W_117403,2,0.548939,1
P_415416,W_53351,4,0.587952,1
P_415420,W_29060,0,0.644877,0
P_415448,W_706,0,0.697644,1
P_415505,W_10913,1,0.670511,1
P_415506,W_6807,3,0.289351,0
P_415529,W_71473,2,0.797024,0
P_415535,W_10848,3,0.726621,1
P_415570,W_11484,3,0.811197,1
P_415598,W_2759,3,0.742315,1
P_415601,W_28784,2,0.74797,1
P_415688,W_15223,3,0.696262,1
P_415697,W_5216,1,0.185283,1
P_415733,W_11898,0,0.290393,0
P_415737,W_14969,1,0.149424,0
P_415773,W_27919,1,0.79929,1
P_4158,W_4158,0,0.131235,0
P_415909,W_10338,4,0.089937,0
P_415922,W_127392,1,0.683142,1
P_415954,W_424,1,0.604693,0
P_415961,W_34791,0,0.112163,0
P_415975,W_10641,3,0.310898,1
P_415976,W_10641,3,0.670599,1
P_415978,W_117403,2,0.456673,0
P_415993,W_149562,1,0.669094,1
P_415999,W_74245,4,0.465048,1
P_416000,W_9286,2,0.762161,0
P_416001,W_93655,0,0.646763,1
P_416002,W_20069,2,0.584544,1
P_416004,W_30552,2,0.639606,0
P_416041,W_10641,3,0.655054,1
P_416050,W_64651,0,0.798126,1
P_416065,W_19558,3,0.709409,1
P_416067,W_14620,2,0.686556,1
P_416068,W_64648,2,0.701172,1
P_416071,W_132426,2,0.590497,1
P_416073,W_64513,2,0.70872,1
P_416076,W_6859,1,0.654842,1
P_416080,W_21528,1,0.510934,1
P_416092,W_64513,2,0.701286,1
P_416093,W_62782,2,0.732685,1
P_416109,W_8696,0,0.073149,0
P_41612,W_99751,2,0.154613,1
P_416131,W_124571,0,0.516773,1
P_416136,W_122729,0,0.500478,0
P_416140,W_122729,0,0.421294,0
P_416166,W_4775,3,0.515713,0
P_41617,W_4728,1,0.131571,0
P_416183,W_5616,3,0.50099,1
P_416186,W_343,4,0.062454,0
P_416226,W_46408,1,0.417297,1
P_416230,W_115692,2,0.434187,1
P_416252,W_118823,4,0.323707,1
P_416286,W_1412,1,0.721792,1
P_416294,W_7816,2,0.729489,0
P_416317,W_6859,1,0.457273,0
P_416327,W_21528,1,0.683735,1
P_416347,W_9724,4,0.31077,0
P_416353,W_19789,1,0.176552,0
P_416356,W_6870,3,0.694119,1
P_416360,W_31383,2,0.34276,0
P_416411,W_64649,4,0.537917,1
P_416414,W_64649,4,0.722183,0
P_416416,W_20960,1,0.382509,1
P_416422,W_132642,1,0.530989,1
P_416426,W_19558,3,0.53624,1
P_416434,W_64649,4,0.642933,1
P_416436,W_64649,4,0.640941,1
P_416456,W_64513,2,0.679864,0
P_416457,W_117403,2,0.636981,1
P_416458,W_62782,2,0.528827,0
P_416459,W_21528,1,0.572281,1
P_416460,W_64652,1,0.601851,1
P_416461,W_6859,1,0.235637,0
P_416462,W_64650,2,0.641136,0
P_416465,W_19558,3,0.346087,1
P_416466,W_64648,2,0.580173,1
P_416478,W_85332,0,0.370478,1
P_416534,W_3904,1,0.741906,1
P_416537,W_132490,2,0.570179,1
P_416559,W_5954,3,0.625529,1
P_416614,W_8850,2,0.431034,0
P_416615,W_12968,4,0.318866,0
P_416641,W_3211,3,0.028458,0
P_416643,W_3211,3,0.121116,0
P_416693,W_55068,4,0.320801,1
P_416830,W_8850,2,0.537765,1
P_416960,W_246,1,0.120218,0
P_416969,W_25030,1,0.063784,0
P_416982,W_112640,1,0.176402,0
P_416985,W_10253,3,0.354317,0
P_416988,W_10528,3,0.379849,1
P_417034,W_20960,1,0.343359,0
P_417052,W_7495,0,0.603187,1
P_417055,W_30424,2,0.178406,0
P_417120,W_9199,0,0.109464,0
P_417124,W_20097,3,0.187524,0
P_417511,W_3237,4,0.446468,1
P_417553,W_70931,1,0.763192,1
P_417559,W_9724,4,0.562453,0
P_417560,W_64513,2,0.536938,0
P_417562,W_19558,3,0.686746,1
P_417563,W_21528,1,0.665766,1
P_417564,W_64648,2,0.695154,1
P_417565,W_14620,2,0.736389,1
P_417570,W_64652,1,0.676997,1
P_417678,W_99743,2,0.550694,1
P_41771,W_41771,1,0.670563,0
P_417735,W_125863,1,0.299409,1
P_417818,W_10212,3,0.741297,1
P_417837,W_7762,4,0.697691,1
P_417851,W_246,1,0.483458,0
P_417967,W_1376,1,0.306427,0
P_418002,W_1596,1,0.558844,1
P_418198,W_115692,2,0.707099,1
P_418217,W_4865,4,0.470341,0
P_418386,W_623,4,0.200689,0
P_418462,W_19955,2,0.772111,0
P_418463,W_9263,3,0.812393,1
P_41848,W_2911,0,0.526217,0
P_41851,W_20122,4,0.746434,1
P_418562,W_5930,0,0.240944,0
P_418672,W_11841,4,0.294421,0
P_418739,W_4922,0,0.224233,0
P_41878,W_10528,3,0.648618,1
P_418845,W_5438,3,0.813413,1
P_418847,W_9719,0,0.592052,0
P_418914,W_27641,3,0.620269,1
P_418918,W_9376,4,0.483809,1
P_418951,W_22961,4,0.725429,1
P_419043,W_150625,0,0.48412,1
P_419045,W_150625,0,0.813516,1
P_419052,W_132426,2,0.803727,1
P_419059,W_150625,0,0.472973,0
P_419072,W_64648,2,0.670473,1
P_419085,W_142008,0,0.649788,1
P_419087,W_41771,1,0.53428,0
P_419220,W_150625,0,0.545946,1
P_419226,W_150625,0,0.626252,1
P_419253,W_69073,2,0.696875,1
P_419255,W_14620,2,0.737299,1
P_419256,W_64652,1,0.712453,1
P_419260,W_64650,2,0.491011,1
P_419265,W_11516,4,0.775438,1
P_41937,W_82985,4,0.611672,1
P_41946,W_41946,2,0.655431,1
P_419490,W_30668,4,0.60923,1
P_419611,W_12992,4,0.034442,0
P_419621,W_55068,4,0.131381,0
P_419624,W_112006,2,0.647293,1
P_419626,W_26839,4,0.473184,0
P_419643,W_8521,2,0.085665,0
P_419644,W_4749,1,0.154934,0
P_419647,W_30424,2,0.188069,1
P_419648,W_1894,0,0.156714,0
P_419649,W_37513,1,0.042767,0
P_419651,W_20610,2,0.041047,0
P_419681,W_64489,1,0.82057,0
P_419683,W_62782,2,0.734197,0
P_419684,W_132490,2,0.787241,0
P_419710,W_132642,1,0.740141,1
P_419723,W_64489,1,0.604706,1
P_419735,W_132426,2,0.521783,0
P_419736,W_132642,1,0.564231,0
P_419741,W_64627,4,0.803436,1
P_419742,W_64648,2,0.602562,1
P_419746,W_78838,3,0.556154,1
P_419804,W_9724,4,0.697662,1
P_419810,W_4687,2,0.66701,1
P_420045,W_150660,4,0.737163,1
P_420047,W_150660,4,0.777618,1
P_420049,W_150660,4,0.629618,1
P_420050,W_150660,4,0.698023,1
P_420051,W_150660,4,0.499531,1
P_420054,W_150660,4,0.761897,1
P_420057,W_150660,4,0.706779,1
P_420069,W_150660,4,0.809487,1
P_420073,W_150660,4,0.795995,0
P_420083,W_150660,4,0.639052,1
P_420111,W_64651,0,0.390049,0
P_420284,W_119473,3,0.79864,1
P_420362,W_53040,3,0.703146,1
P_420363,W_26542,4,0.819203,1
P_420365,W_108692,1,0.632781,0
P_420370,W_32202,2,0.219446,0
P_420388,W_98152,3,0.671883,1
P_420394,W_115251,3,0.539497,1
P_420436,W_125147,2,0.502324,1
P_420464,W_9665,2,0.647586,0
P_420468,W_68063,2,0.294313,1
P_420477,W_4158,0,0.095984,0
P_42048,W_64372,3,0.735525,1
P_420485,W_10852,4,0.415003,0
P_420498,W_82146,3,0.757524,1
P_420514,W_71702,3,0.463535,1
P_420519,W_3099,2,0.699069,0
P_420520,W_119158,1,0.57659,0
P_42054,W_42054,1,0.545582,1
P_420575,W_20769,4,0.482245,1
P_420609,W_7816,2,0.689969,0
P_420616,W_4217,3,0.619227,1
P_420678,W_9812,1,0.21745,0
P_420743,W_122183,2,0.54919,0
P_420797,W_21826,2,0.250396,0
P_420798,W_31091,0,0.260153,0
P_420812,W_3673,0,0.675237,1
P_420882,W_9704,2,0.384674,1
P_421006,W_20088,1,0.735907,1
P_421027,W_12968,4,0.287238,0
P_42103,W_6403,3,0.35391,0
P_421115,W_9199,0,0.130425,0
P_421121,W_5363,4,0.245596,0
P_42117,W_42117,0,0.186574,0
P_421245,W_53687,2,0.389793,0
P_421333,W_2110,1,0.176032,0
P_421343,W_39055,4,0.409297,0
P_421507,W_115692,2,0.659887,1
P_42158,W_424,1,0.274146,0
P_421628,W_28221,2,0.637312,1
P_421629,W_20110,3,0.679734,1
P_4217,W_4217,3,0.524896,1
P_421739,W_91832,4,0.760764,0
P_421740,W_132685,1,0.595999,0
P_421787,W_32531,0,0.065903,1
P_421829,W_36064,4,0.366592,0
P_421831,W_87469,0,0.239071,0
P_421929,W_30678,1,0.695306,1
P_421947,W_70931,1,0.642981,1
P_42203,W_5071,4,0.335273,0
P_422062,W_625,0,0.272785,1
P_422095,W_31725,2,0.715925,1
P_422118,W_10907,3,0.682102,1
P_422121,W_10907,3,0.595599,0
P_422134,W_10907,3,0.416757,0
P_422307,W_12317,3,0.502079,0
P_422317,W_83296,4,0.776651,0
P_422447,W_23165,2,0.096498,0
P_422483,W_867,3,0.52141,0
P_422536,W_8543,3,0.107502,1
P_42257,W_31383,2,0.345657,0
P_42260,W_7552,2,0.537849,1
P_42261,W_4541,3,0.456632,1
P_422793,W_114712,0,0.579666,0
P_422794,W_11474,2,0.477283,1
P_422796,W_52227,4,0.644141,1
P_422800,W_9297,4,0.377037,0
P_422817,W_8824,2,0.160808,0
P_422876,W_127392,1,0.775504,1
P_422929,W_122602,0,0.725927,1
P_42305,W_1308,0,0.411206,0
P_42309,W_10576,2,0.6217,1
P_42311,W_42311,0,0.647571,1
P_42312,W_42311,0,0.44958,0
P_42317,W_10906,4,0.705493,1
P_423194,W_20097,3,0.024171,0
P_42322,W_42311,0,0.490295,1
P_423334,W_1412,1,0.471047,0
P_42338,W_42338,0,0.590028,1
P_42342,W_1650,3,0.078519,0
P_423639,W_64445,2,0.065337,0
P_423665,W_28184,1,0.473525,0
P_423749,W_6870,3,0.305969,0
P_423784,W_19955,2,0.399081,1
P_423785,W_122602,0,0.39096,0
P_423840,W_11898,0,0.244819,0
P_423882,W_10212,3,0.49359,0
P_424051,W_1616,3,0.131843,0
P_424052,W_98770,4,0.589869,0
P_424053,W_10581,3,0.500859,1
P_424059,W_19955,2,0.270478,0
P_424081,W_4762,3,0.400644,0
P_42411,W_5118,4,0.157746,0
P_424148,W_17662,1,0.227467,0
P_424191,W_91786,2,0.629124,1
P_424298,W_20049,1,0.709736,1
P_424302,W_19353,0,0.711755,0
P_424382,W_28221,2,0.758476,0
P_424394,W_13698,1,0.662279,1
P_4244,W_4244,4,0.125472,0
P_424408,W_114810,0,0.444912,1
P_424425,W_29045,2,0.458377,0
P_42463,W_5118,4,0.107666,0
P_424714,W_5655,3,0.788502,1
P_42473,W_3245,3,0.748608,0
P_424740,W_63932,4,0.740347,1
P_424772,W_3353,4,0.619093,1
P_424773,W_575,4,0.356779,0
P_424775,W_9103,1,0.104413,0
P_424779,W_5216,1,0.528005,1
P_424781,W_31938,2,0.452574,0
P_424789,W_4646,3,0.673778,1
P_424792,W_22945,0,0.53813,0
P_424802,W_26461,3,0.137061,1
P_42481,W_28221,2,0.805997,1
P_42482,W_4692,0,0.764725,0
P_42483,W_2145,0,0.744122,1
P_42484,W_68063,2,0.515559,1
P_42485,W_68063,2,0.656187,1
P_424850,W_23525,3,0.572209,1
P_42486,W_9574,1,0.796102,0
P_424861,W_139588,2,0.462866,0
P_42487,W_29045,2,0.638661,1
P_424879,W_23525,3,0.233246,0
P_42489,W_42488,0,0.616281,1
P_424900,W_61921,0,0.707261,1
P_424963,W_148,4,0.706347,0
P_424970,W_30552,2,0.451779,0
P_424998,W_47901,1,0.211973,0
P_425000,W_40120,3,0.557752,1
P_425191,W_32062,0,0.085743,0
P_42522,W_42521,4,0.716723,0
P_425250,W_4692,0,0.791364,1
P_425326,W_61921,0,0.713927,1
P_425578,W_11841,4,0.332064,1
P_425590,W_1305,2,0.142124,1
P_425795,W_112006,2,0.815271,1
P_425900,W_61921,0,0.773749,1
P_426118,W_4689,3,0.687184,0
P_426120,W_4841,1,0.619384,1
P_426130,W_13552,4,0.756214,1
P_426133,W_243,0,0.455732,1
P_426143,W_23239,4,0.279259,0
P_426150,W_121182,0,0.544324,1
P_426165,W_86939,4,0.737201,1
P_426166,W_98770,4,0.571097,0
P_42620,W_11652,0,0.644869,1
P_426241,W_54816,3,0.627531,1
P_426272,W_14809,2,0.465374,0
P_426277,W_11649,1,0.755009,0
P_426304,W_23116,0,0.644069,1
P_42631,W_42631,3,0.386001,0
P_426332,W_6464,3,0.191758,1
P_426548,W_124809,1,0.586582,0
P_4267,W_4267,0,0.166637,0
P_426715,W_11054,3,0.712371,1
P_42672,W_3057,0,0.532565,0
P_426746,W_3245,3,0.701468,0
P_426749,W_122499,0,0.545691,1
P_426753,W_75372,1,0.48416,1
P_426772,W_11641,0,0.600695,1
P_426805,W_64627,4,0.603307,1
P_426832,W_3203,1,0.12604,1
P_426835,W_25489,1,0.424609,0
P_426851,W_13440,2,0.42077,0
P_426956,W_12795,0,0.795034,0
P_427016,W_86795,4,0.716663,1
P_427041,W_841,1,0.20337,0
P_42705,W_9103,1,0.175012,0
P_427219,W_40120,3,0.477282,0
P_427239,W_26839,4,0.28076,1
P_427301,W_9132,3,0.42729,0
P_427306,W_22286,0,0.728617,1
P_427310,W_6394,2,0.743348,1
P_427687,W_32058,1,0.360134,0
P_427757,W_35206,0,0.670705,1
P_427883,W_74362,3,0.475466,0
P_427963,W_5697,2,0.083895,0
P_427965,W_5102,0,0.481421,1
P_427967,W_5231,0,0.481421,0
P_427989,W_20122,4,0.527456,0
P_428038,W_9671,0,0.550492,0
P_428156,W_6485,3,0.36934,0
P_428183,W_9128,2,0.626751,1
P_428184,W_100,4,0.606465,1
P_428216,W_74362,3,0.514176,0
P_428249,W_118823,4,0.457436,0
P_42842,W_642,3,0.031537,0
P_428429,W_9132,3,0.292855,0
P_428481,W_3414,4,0.461814,1
P_428575,W_1792,3,0.290462,1
P_428602,W_25621,3,0.741914,1
P_428637,W_52660,4,0.305603,1
P_42886,W_5555,3,0.357196,1
P_42893,W_5141,0,0.203783,1
P_42909,W_37776,3,0.439692,1
P_429104,W_11859,4,0.692101,1
P_42911,W_2855,4,0.17602,0
P_429171,W_9644,4,0.616982,1
P_429172,W_10154,4,0.580415,0
P_429321,W_113724,0,0.071826,0
P_429341,W_184,4,0.166935,0
P_42935,W_42934,3,0.686132,1
P_429496,W_6163,1,0.346652,0
P_429515,W_29380,0,0.735693,1
P_429521,W_144648,4,0.607895,1
P_429549,W_144648,4,0.347673,0
P_429551,W_144648,4,0.682144,1
P_429597,W_97414,3,0.27302,0
P_42964,W_11657,1,0.386593,0
P_42965,W_14861,0,0.647217,0
P_42966,W_28495,3,0.682491,1
P_42967,W_11652,0,0.611368,1
P_42968,W_10846,1,0.704739,0
P_42971,W_24484,1,0.702536,1
P_42994,W_12168,0,0.452389,1
P_42997,W_42997,4,0.594829,0
P_42998,W_42997,4,0.767794,1
P_430,W_430,3,0.102452,0
P_43002,W_3321,2,0.276721,1
P_43012,W_43012,3,0.689152,1
P_43014,W_13695,1,0.553294,1
P_430242,W_6093,0,0.261791,0
P_430257,W_1650,3,0.59443,1
P_430566,W_5917,2,0.107923,0
P_430666,W_28221,2,0.680443,0
P_430671,W_71702,3,0.608842,1
P_430698,W_11817,2,0.517622,0
P_430812,W_121504,2,0.576142,0
P_430879,W_62086,3,0.639111,1
P_43088,W_43088,2,0.007887,0
P_430912,W_11833,1,0.634834,1
P_43092,W_43088,2,0.41461,1
P_430923,W_11358,1,0.405872,0
P_430932,W_35188,3,0.496533,1
P_430940,W_6441,4,0.586251,1
P_43096,W_7264,3,0.597424,1
P_431088,W_10526,0,0.364867,0
P_43109,W_32408,2,0.628126,1
P_431092,W_45948,4,0.58659,1
P_431105,W_10216,1,0.780856,1
P_431133,W_10581,3,0.31633,1
P_431224,W_121852,2,0.485837,1
P_43127,W_8872,4,0.317021,0
P_431397,W_14019,3,0.608795,0
P_431433,W_7264,3,0.537022,1
P_431461,W_112241,2,0.58516,0
P_431471,W_82877,4,0.554379,0
P_431496,W_20162,3,0.513865,1
P_43156,W_3057,0,0.194222,0
P_43157,W_3063,0,0.255593,0
P_43163,W_184,4,0.842306,1
P_431691,W_26687,1,0.501801,1
P_431692,W_13204,0,0.657328,1
P_431926,W_15385,4,0.345955,0
P_43195,W_43195,4,0.274816,0
P_43196,W_43195,4,0.192523,0
P_432010,W_5555,3,0.090909,0
P_432061,W_117849,1,0.275859,0
P_432101,W_30424,2,0.46304,1
P_432103,W_7552,2,0.341495,0
P_432104,W_564,4,0.220512,0
P_432124,W_8203,4,0.664065,1
P_432126,W_20069,2,0.668718,1
P_432128,W_12031,1,0.720291,1
P_432131,W_12031,1,0.61997,0
P_432141,W_115728,4,0.429427,0
P_432146,W_7583,1,0.709059,0
P_432157,W_124745,0,0.548165,0
P_432165,W_99751,2,0.251369,1
P_432176,W_14379,0,0.362743,1
P_432206,W_11641,0,0.628828,1
P_432283,W_13695,1,0.3272,0
P_432481,W_20610,2,0.158479,0
P_432485,W_12168,0,0.253049,0
P_432662,W_8824,2,0.210011,0
P_432673,W_4810,1,0.726583,1
P_432676,W_82877,4,0.354711,0
P_432678,W_54466,2,0.148368,0
P_432680,W_20084,4,0.736683,1
P_432683,W_22945,0,0.558404,0
P_432699,W_20257,1,0.764118,1
P_432745,W_122815,1,0.707056,1
P_432765,W_9574,1,0.818878,1
P_432879,W_11850,0,0.874719,0
P_432903,W_38495,2,0.724152,1
P_43294,W_3074,2,0.458049,1
P_43301,W_3321,2,0.08847,1
P_433038,W_12137,0,0.738679,0
P_433051,W_12137,0,0.764505,0
P_433119,W_11794,2,0.607067,1
P_433125,W_58783,4,0.769812,1
P_433128,W_118399,2,0.560654,1
P_433130,W_44137,3,0.752567,1
P_433132,W_28495,3,0.746536,1
P_433136,W_10907,3,0.664176,1
P_433198,W_137560,3,0.343967,0
P_433202,W_143052,0,0.272466,0
P_433214,W_31383,2,0.2186,0
P_433216,W_40199,4,0.493492,1
P_433309,W_64445,2,0.121362,0
P_433311,W_17662,1,0.302524,0
P_433345,W_103771,3,0.77697,1
P_433348,W_79329,3,0.727142,0
P_433469,W_13695,1,0.244012,0
P_43347,W_21013,2,0.542513,0
P_433509,W_40120,3,0.504648,1
P_433524,W_14809,2,0.754551,1
P_43353,W_13695,1,0.323413,0
P_433633,W_103129,0,0.915703,1
P_433662,W_22154,4,0.679117,1
P_433670,W_114712,0,0.515019,1
P_433696,W_123840,1,0.670805,0
P_433699,W_9290,4,0.562817,1
P_433702,W_4854,1,0.566354,1
P_433708,W_4843,1,0.751875,0
P_433725,W_27906,0,0.664268,1
P_433726,W_117450,0,0.723786,1
P_433727,W_243,0,0.644266,0
P_433728,W_4814,4,0.80007,1
P_433768,W_4816,2,0.547111,1
P_433843,W_4655,2,0.469431,0
P_43386,W_14019,3,0.342556,0
P_433869,W_82146,3,0.608786,1
P_433905,W_1769,0,0.460136,0
P_433925,W_26939,0,0.445162,0
P_433927,W_867,3,0.079042,0
P_433931,W_5363,4,0.327047,0
P_433932,W_98311,3,0.44138,1
P_434,W_434,4,0.158977,0
P_434049,W_29130,3,0.467427,0
P_434196,W_42521,4,0.789233,1
P_434222,W_4812,1,0.714274,1
P_434224,W_1616,3,0.552556,1
P_434296,W_121504,2,0.74776,1
P_434298,W_20622,0,0.375679,0
P_434306,W_9266,1,0.661286,0
P_434353,W_111656,0,0.763022,1
P_434356,W_13216,3,0.209786,1
P_43442,W_5363,4,0.607322,1
P_434535,W_151781,1,0.21236,0
P_434538,W_151781,1,0.242434,0
P_434560,W_8521,2,0.274351,0
P_434625,W_8673,1,0.354642,1
P_434627,W_32053,3,0.618958,1
P_434631,W_10472,0,0.519527,1
P_434632,W_3964,1,0.567245,1
P_434636,W_3414,4,0.69477,1
P_434641,W_34568,3,0.345455,1
P_434711,W_38495,2,0.842451,1
P_434825,W_73656,0,0.621625,1
P_43486,W_1017,2,0.525038,0
P_434948,W_7084,0,0.363413,0
P_435,W_434,4,0.335113,0
P_435006,W_3145,2,0.424915,0
P_435009,W_22451,3,0.371977,0
P_43515,W_14485,3,0.027753,0
P_435187,W_24484,1,0.725524,1
P_435189,W_24484,1,0.689784,0
P_435316,W_111991,0,0.588089,0
P_435329,W_52177,2,0.6865,0
P_43535,W_9644,4,0.297122,0
P_4354,W_4354,3,0.083625,0
P_435424,W_146806,4,0.647174,0
P_435426,W_10901,2,0.283262,1
P_435427,W_39783,4,0.575954,0
P_435428,W_4816,2,0.575307,1
P_435431,W_42488,0,0.735596,0
P_43551,W_7312,2,0.278504,0
P_435520,W_75372,1,0.834109,1
P_435524,W_9286,2,0.754866,1
P_435527,W_9671,0,0.677659,1
P_435528,W_26111,3,0.791854,1
P_435529,W_11358,1,0.63946,1
P_43553,W_9004,2,0.136044,0
P_435530,W_4887,1,0.787063,1
P_435551,W_114606,2,0.850871,1
P_435555,W_109122,1,0.649807,1
P_435567,W_3174,2,0.168574,0
P_435571,W_32531,0,0.077507,0
P_435582,W_6753,3,0.184368,0
P_435620,W_15300,2,0.195009,0
P_435638,W_11833,1,0.649815,1
P_435650,W_7253,2,0.583836,0
P_435743,W_9262,1,0.695413,1
P_435746,W_68063,2,0.709031,1
P_435748,W_11472,4,0.782976,0
P_43576,W_1308,0,0.255601,0
P_435778,W_9671,0,0.655343,1
P_435864,W_7818,4,0.572085,1
P_435910,W_11472,4,0.69497,1
P_435923,W_11472,4,0.566538,1
P_435999,W_32531,0,0.070481,0
P_436001,W_3221,0,0.621515,1
P_436227,W_22936,0,0.826992,1
P_436229,W_12255,4,0.727441,1
P_436327,W_23142,1,0.321663,0
P_436328,W_15385,4,0.533762,1
P_436329,W_9507,1,0.492792,0
P_436349,W_2966,4,0.264545,0
P_436358,W_6394,2,0.269038,0
P_436362,W_9132,3,0.301209,0
P_436390,W_19985,2,0.335958,1
P_436404,W_8543,3,0.799824,1
P_436473,W_115692,2,0.605439,1
P_436487,W_2911,0,0.575546,1
P_436488,W_2911,0,0.824452,1
P_436527,W_34728,1,0.722878,1
P_436528,W_65609,2,0.821465,1
P_436539,W_1353,0,0.555699,0
P_436662,W_3203,1,0.73248,1
P_436682,W_6730,0,0.459594,0
P_436698,W_112006,2,0.560153,0
P_436711,W_71702,3,0.707678,0
P_436815,W_37776,3,0.355587,0
P_436924,W_27320,2,0.617969,0
P_436925,W_10845,3,0.655804,0
P_437129,W_9266,1,0.797075,0
P_437319,W_11474,2,0.646665,1
P_437329,W_43997,4,0.719324,0
P_437347,W_69970,2,0.560842,0
P_437349,W_69970,2,0.539935,1
P_437396,W_5515,3,0.346649,0
P_437404,W_2658,1,0.23594,1
P_437407,W_3529,2,0.366659,0
P_437502,W_111656,0,0.71379,1
P_437538,W_7032,0,0.040155,0
P_437547,W_119996,3,0.596975,1
P_437548,W_20541,3,0.588573,1
P_437553,W_20541,3,0.719938,0
P_437608,W_11785,3,0.274723,0
P_437609,W_5555,3,0.075845,0
P_437660,W_7032,0,0.190219,0
P_437696,W_10313,0,0.56381,1
P_437750,W_175,2,0.784308,1
P_437805,W_114712,0,0.399424,1
P_437840,W_11819,0,0.677304,1
P_43786,W_161,2,0.421718,0
P_437887,W_11657,1,0.706602,0
P_437923,W_127547,3,0.764646,1
P_438107,W_226,3,0.026553,0
P_43812,W_2085,3,0.222308,1
P_438132,W_64766,0,0.079634,0
P_438147,W_22286,0,0.248452,0
P_438212,W_10313,0,0.563399,1
P_438236,W_10914,1,0.701172,1
P_438380,W_13540,3,0.590521,1
P_438386,W_7878,4,0.727442,1
P_438407,W_43195,4,0.217746,0
P_438412,W_15521,2,0.151758,0
P_438539,W_6784,3,0.269978,0
P_438551,W_4939,4,0.595982,1
P_438557,W_83873,2,0.705668,1
P_438561,W_121296,2,0.708247,0
P_438562,W_3353,4,0.60362,0
P_438566,W_6715,2,0.586907,1
P_438570,W_22148,1,0.270709,0
P_438572,W_91786,2,0.674189,0
P_438573,W_33213,1,0.63828,1
P_438626,W_3673,0,0.357583,1
P_438646,W_8202,2,0.056622,0
P_438725,W_34728,1,0.798341,0
P_438726,W_20769,4,0.721133,0
P_438727,W_27579,0,0.496193,1
P_438752,W_4277,0,0.09986,0
P_438778,W_23544,1,0.356703,1
P_438900,W_13873,4,0.569726,0
P_43892,W_7032,0,0.224315,0
P_439098,W_75372,1,0.768082,1
P_43913,W_5141,0,0.220311,0
P_439166,W_144354,0,0.14494,0
P_439167,W_144354,0,0.291686,1
P_439178,W_9290,4,0.50318,0
P_439179,W_10901,2,0.624347,1
P_439183,W_19417,4,0.672695,1
P_439185,W_50379,1,0.754562,1
P_439186,W_45948,4,0.425042,0
P_439189,W_108692,1,0.453746,0
P_439194,W_4700,1,0.669944,1
P_439196,W_98770,4,0.615339,0
P_439204,W_2901,0,0.819567,0
P_439228,W_8937,0,0.223841,1
P_439240,W_69073,2,0.698911,1
P_439241,W_6859,1,0.254333,0
P_439242,W_26839,4,0.825635,1
P_439245,W_64513,2,0.510344,0
P_439247,W_9719,0,0.208463,1
P_439248,W_10641,3,0.39665,0
P_439249,W_64649,4,0.765596,1
P_439251,W_6859,1,0.501409,1
P_439252,W_85332,0,0.720345,0
P_439253,W_26839,4,0.561999,1
P_439256,W_64489,1,0.769745,0
P_439261,W_91786,2,0.812775,1
P_439278,W_184,4,0.50849,0
P_439291,W_8339,0,0.18738,0
P_439296,W_10144,4,0.067518,0
P_439329,W_13216,3,0.183911,0
P_439377,W_4655,2,0.415895,1
P_439402,W_28493,4,0.714891,0
P_439474,W_135726,0,0.413711,0
P_439518,W_83296,4,0.809489,1
P_439568,W_126096,4,0.674586,1
P_439605,W_27164,2,0.838724,1
P_439608,W_108692,1,0.602251,1
P_439609,W_101001,4,0.71252,1
P_439610,W_111854,2,0.675103,1
P_439757,W_51795,4,0.47311,1
P_43977,W_161,2,0.304562,0
P_43978,W_13204,0,0.164909,0
P_439882,W_679,2,0.073886,0
P_439895,W_19955,2,0.696538,0
P_440075,W_122602,0,0.524352,0
P_440131,W_10850,3,0.718975,1
P_440147,W_7202,3,0.356107,1
P_440153,W_134666,2,0.135939,0
P_440169,W_11657,1,0.468172,0
P_440222,W_20639,4,0.202486,0
P_44047,W_40120,3,0.526731,0
P_440485,W_26687,1,0.328444,0
P_44051,W_26988,2,0.219075,0
P_440519,W_21695,1,0.623998,1
P_44053,W_4922,0,0.418831,0
P_440575,W_47901,1,0.423498,1
P_440578,W_8521,2,0.098393,0
P_44060,W_25030,1,0.210057,0
P_440646,W_23525,3,0.242125,0
P_440738,W_113981,2,0.651802,1
P_440752,W_11352,1,0.26079,1
P_441027,W_12795,0,0.786796,1
P_441098,W_145365,1,0.113711,0
P_441275,W_1364,3,0.574399,0
P_441276,W_87425,0,0.643252,1
P_441278,W_14238,2,0.505208,0
P_441281,W_58781,1,0.397226,1
P_44134,W_7032,0,0.039804,0
P_441374,W_8937,0,0.307219,1
P_441379,W_71702,3,0.636098,0
P_441383,W_4816,2,0.677934,0
P_441397,W_12317,3,0.789285,1
P_441430,W_111906,1,0.727571,1
P_441442,W_8387,2,0.505724,0
P_441456,W_148,4,0.563588,0
P_441485,W_4685,2,0.830692,1
P_441505,W_5316,0,0.632736,1
P_441693,W_112097,3,0.605526,1
P_441713,W_12140,0,0.544305,1
P_441715,W_4685,2,0.788459,1
P_44191,W_52660,4,0.718314,1
P_441950,W_9103,1,0.517939,1
P_441959,W_114608,4,0.631437,1
P_442028,W_13204,0,0.14185,0
P_442043,W_20110,3,0.801006,1
P_442054,W_58783,4,0.797057,1
P_442062,W_26941,1,0.288387,1
P_442089,W_4865,4,0.407915,0
P_442090,W_22148,1,0.411211,0
P_442124,W_28784,2,0.253588,0
P_44213,W_52851,4,0.160713,0
P_442155,W_2393,1,0.14574,0
P_442190,W_8850,2,0.56476,1
P_442204,W_42117,0,0.678956,1
P_442214,W_1769,0,0.453209,1
P_442319,W_12795,0,0.5965,1
P_442557,W_20097,3,0.399677,1
P_442566,W_26939,0,0.695464,1
P_44261,W_21025,2,0.328237,0
P_44284,W_11898,0,0.42722,1
P_442847,W_4755,3,0.036597,0
P_442854,W_13204,0,0.185766,0
P_442979,W_6417,3,0.5894,1
P_443002,W_226,3,0.023606,0
P_44305,W_841,1,0.170839,0
P_44306,W_5912,3,0.283621,1
P_44307,W_34907,3,0.638336,1
P_443273,W_15385,4,0.529575,0
P_443327,W_5141,0,0.196808,0
P_443454,W_92417,1,0.477102,1
P_443501,W_961,0,0.376015,1
P_443509,W_6097,3,0.56306,1
P_443550,W_26839,4,0.648005,1
P_443551,W_19558,3,0.656596,0
P_443600,W_64649,4,0.714754,1
P_443601,W_132642,1,0.503808,1
P_443961,W_23525,3,0.094435,0
P_444172,W_24484,1,0.408915,1
P_444247,W_21352,3,0.082395,0
P_44427,W_10065,3,0.349158,1
P_444296,W_6394,2,0.318097,0
P_444300,W_4762,3,0.166909,0
P_44435,W_44435,3,0.558724,1
P_444429,W_21826,2,0.497107,0
P_444457,W_20064,1,0.1248,0
P_444464,W_22451,3,0.496009,0
P_444501,W_8850,2,0.774105,0
P_444506,W_9133,4,0.097875,0
P_444535,W_32058,1,0.309213,0
P_444561,W_111656,0,0.731402,1
P_444573,W_98311,3,0.432587,1
P_444594,W_34907,3,0.430804,1
P_444618,W_10253,3,0.207392,0
P_44463,W_9297,4,0.458933,0
P_44466,W_51980,1,0.770538,0
P_444753,W_462,2,0.227903,0
P_44478,W_5958,0,0.615713,1
P_44489,W_1454,0,0.206933,0
P_445065,W_10851,4,0.614079,0
P_445070,W_4814,4,0.552351,1
P_44508,W_37513,1,0.048712,0
P_445104,W_7202,3,0.569059,0
P_44511,W_20064,1,0.200207,0
P_44515,W_1454,0,0.224896,0
P_44516,W_2966,4,0.31247,0
P_445206,W_4702,2,0.69328,1
P_44525,W_21025,2,0.852821,0
P_445260,W_20005,0,0.776722,1
P_445537,W_10129,1,0.068402,0
P_44555,W_1616,3,0.153387,0
P_44561,W_6715,2,0.525192,0
P_44562,W_10914,1,0.724112,1
P_445639,W_11387,1,0.093507,0
P_445644,W_25621,3,0.508463,0
P_445648,W_52227,4,0.596697,1
P_44569,W_343,4,0.099877,0
P_445714,W_25030,1,0.113865,0
P_44583,W_148,4,0.624924,1
P_44584,W_11535,0,0.736572,1
P_44585,W_2901,0,0.7177,1
P_445880,W_10838,2,0.410088,1
P_445881,W_6216,3,0.652749,1
P_44590,W_4945,3,0.467896,0
P_446045,W_38495,2,0.575892,0
P_44607,W_10237,3,0.321254,0
P_446095,W_121504,2,0.534139,0
P_446107,W_6453,1,0.451265,1
P_446114,W_151781,1,0.274364,0
P_446181,W_7279,4,0.26699,0
P_446253,W_25154,0,0.538,1
P_446271,W_706,0,0.515118,0
P_446302,W_2976,2,0.486977,0
P_446304,W_2974,3,0.038667,0
P_446310,W_209,0,0.342351,1
P_446319,W_1305,2,0.662068,1
P_446415,W_12968,4,0.3098,1
P_446469,W_8202,2,0.085467,0
P_446489,W_3057,0,0.152998,0
P_446502,W_10717,0,0.544811,1
P_446592,W_7550,2,0.56744,1
P_446734,W_152634,0,0.284113,0
P_446757,W_2145,0,0.705207,1
P_4468,W_4468,0,0.240233,0
P_446855,W_85332,0,0.277929,1
P_446860,W_19558,3,0.688538,1
P_446887,W_27894,2,0.694867,1
P_446916,W_152634,0,0.31663,0
P_446971,W_117403,2,0.635761,1
P_446972,W_62782,2,0.763837,0
P_447058,W_2454,3,0.395003,1
P_447188,W_118849,3,0.075253,0
P_447189,W_134666,2,0.189597,0
P_447427,W_5316,0,0.646211,0
P_447445,W_5294,1,0.624222,1
P_447446,W_4884,3,0.42986,1
P_447449,W_2145,0,0.643835,0
P_447453,W_28094,0,0.62103,0
P_447455,W_7257,3,0.467779,1
P_447457,W_23767,0,0.569186,1
P_447487,W_12137,0,0.726695,1
P_447589,W_46408,1,0.667384,1
P_447596,W_10781,0,0.645151,1
P_447743,W_33213,1,0.714415,1
P_447744,W_33213,1,0.49527,1
P_447795,W_29299,0,0.643668,0
P_447813,W_11823,4,0.555159,1
P_447869,W_148,4,0.821228,1
P_447929,W_4846,1,0.719907,0
P_448014,W_33213,1,0.470735,1
P_448046,W_64445,2,0.062432,0
P_448081,W_43195,4,0.214169,0
P_448084,W_21025,2,0.604636,1
P_448233,W_33213,1,0.776705,1
P_448272,W_118849,3,0.092565,0
P_448319,W_12992,4,0.360831,0
P_44833,W_32408,2,0.651891,0
P_448332,W_115692,2,0.427735,1
P_448385,W_209,0,0.401095,1
P_448732,W_1939,1,0.684644,1
P_448808,W_4820,4,0.733176,1
P_448810,W_111854,2,0.902846,1
P_448983,W_32062,0,0.084293,0
P_449014,W_23239,4,0.704695,0
P_449108,W_150625,0,0.358981,0
P_449119,W_115692,2,0.593722,1
P_449144,W_20710,2,0.566801,1
P_449146,W_38476,0,0.478456,0
P_449228,W_20185,3,0.783513,0
P_449243,W_3995,4,0.153427,1
P_449248,W_3997,3,0.202213,0
P_449298,W_14599,4,0.776433,1
P_449464,W_132987,1,0.81599,1
P_449521,W_434,4,0.435736,1
P_449522,W_77153,3,0.186382,0
P_449523,W_19508,0,0.146382,1
P_449527,W_52963,2,0.599617,1
P_449530,W_6163,1,0.386804,0
P_44970,W_625,0,0.274251,1
P_449710,W_2696,3,0.119004,1
P_44976,W_2855,4,0.219521,1
P_44977,W_8824,2,0.175602,0
P_449778,W_117791,2,0.617091,1
P_449783,W_775,0,0.30856,0
P_449784,W_284,2,0.713512,0
P_449794,W_1378,4,0.523265,0
P_449846,W_75372,1,0.785951,1
P_449857,W_22556,4,0.302519,0
P_449861,W_1378,4,0.420277,0
P_449862,W_11054,3,0.354303,1
P_450398,W_9626,2,0.376049,0
P_45040,W_3353,4,0.674212,1
P_45048,W_39055,4,0.645447,1
P_45050,W_5500,4,0.294425,0
P_450503,W_38495,2,0.458951,1
P_450521,W_11652,0,0.705125,0
P_45054,W_4646,3,0.630661,0
P_45057,W_7961,3,0.59528,1
P_450576,W_52851,4,0.320079,0
P_45058,W_5071,4,0.222369,0
P_450618,W_63932,4,0.81152,1
P_450621,W_49809,4,0.799062,1
P_450635,W_20254,0,0.597311,1
P_45069,W_33804,0,0.523687,1
P_45070,W_22148,1,0.65877,0
P_450805,W_114947,1,0.526659,0
P_450934,W_132900,0,0.095573,0
P_450981,W_7878,4,0.384271,1
P_450984,W_22948,0,0.600367,1
P_451033,W_25113,0,0.28363,0
P_451039,W_9812,1,0.639709,1
P_451054,W_9719,0,0.643083,1
P_45114,W_3097,1,0.11854,0
P_45118,W_22286,0,0.350421,1
P_45121,W_1939,1,0.354191,1
P_451214,W_11054,3,0.512177,0
P_45123,W_117403,2,0.589207,0
P_45129,W_11819,0,0.539811,1
P_45139,W_3063,0,0.690597,1
P_451397,W_42117,0,0.45307,1
P_45151,W_11649,1,0.729107,0
P_451539,W_10129,1,0.043216,0
P_451616,W_62475,2,0.088732,0
P_451666,W_13127,4,0.13326,1
P_45176,W_14969,1,0.375376,0
P_452101,W_5930,0,0.609947,1
P_452103,W_623,4,0.144043,0
P_452105,W_9626,2,0.418398,0
P_452262,W_4837,4,0.534383,0
P_452264,W_122499,0,0.019569,1
P_452322,W_9671,0,0.650871,1
P_452335,W_132987,1,0.596015,1
P_452357,W_9644,4,0.274345,1
P_452359,W_9719,0,0.200025,1
P_452396,W_28184,1,0.695649,1
P_452451,W_76498,4,0.607039,0
P_452457,W_35472,2,0.71353,1
P_452646,W_5231,0,0.519758,1
P_452667,W_19789,1,0.189924,0
P_45267,W_38476,0,0.294917,0
P_452835,W_117883,0,0.658742,1
P_452841,W_3599,1,0.807641,0
P_452853,W_25000,4,0.094898,0
P_452917,W_4646,3,0.6674,1
P_452920,W_3744,2,0.186802,0
P_452922,W_47101,0,0.611276,0
P_452927,W_994,2,0.084182,0
P_452930,W_15519,4,0.142164,0
P_452931,W_623,4,0.151801,0
P_452932,W_8339,0,0.088896,0
P_452982,W_5917,2,0.249858,0
P_452983,W_706,0,0.646989,1
P_453046,W_112640,1,0.581481,1
P_453174,W_10253,3,0.229978,0
P_45322,W_20064,1,0.141414,0
P_453269,W_4945,3,0.345149,0
P_453289,W_41771,1,0.453902,0
P_453293,W_1017,2,0.300564,0
P_453317,W_841,1,0.155327,0
P_453327,W_21025,2,0.68678,0
P_453368,W_114947,1,0.495086,0
P_453405,W_11474,2,0.685054,0
P_453440,W_932,4,0.559451,1
P_453464,W_137560,3,0.446019,0
P_453544,W_23525,3,0.087117,1
P_45360,W_5162,4,0.701825,1
P_453614,W_13523,4,0.551379,1
P_453757,W_27790,3,0.128472,0
P_453810,W_89492,2,0.395582,1
P_454015,W_11352,1,0.730692,1
P_454018,W_124745,0,0.578291,0
P_4541,W_4541,3,0.480934,0
P_454149,W_132426,2,0.569828,1
P_454150,W_64627,4,0.682573,1
P_4542,W_4541,3,0.240022,0
P_454265,W_24522,3,0.713063,1
P_454283,W_6216,3,0.639052,1
P_454307,W_38429,4,0.691779,0
P_454414,W_64652,1,0.739039,1
P_454417,W_11516,4,0.818722,1
P_454418,W_64627,4,0.697413,0
P_454419,W_14620,2,0.549206,1
P_454428,W_31938,2,0.788037,1
P_454448,W_5438,3,0.758423,1
P_454450,W_20088,1,0.801264,0
P_454567,W_24522,3,0.865015,1
P_454575,W_97632,1,0.709611,1
P_454597,W_51980,1,0.646653,0
P_454614,W_80336,0,0.812285,1
P_454712,W_111991,0,0.370835,0
P_454736,W_69073,2,0.699264,1
P_454796,W_132426,2,0.727913,1
P_45480,W_10717,0,0.430409,0
P_454880,W_40120,3,0.597767,0
P_45494,W_21352,3,0.290812,0
P_45506,W_13204,0,0.670548,1
P_455118,W_25489,1,0.745479,1
P_455121,W_20005,0,0.749541,0
P_45513,W_7312,2,0.689346,1
P_455300,W_6602,2,0.188842,0
P_455362,W_39783,4,0.78123,0
P_455368,W_97632,1,0.676749,0
P_455416,W_13873,4,0.735346,1
P_455460,W_4852,1,0.534067,1
P_455461,W_4852,1,0.662457,1
P_455476,W_4867,0,0.733505,1
P_455480,W_115251,3,0.597961,1
P_455485,W_116622,0,0.690501,0
P_455568,W_4826,3,0.86022,1
P_455569,W_27919,1,0.635936,1
P_45558,W_13875,4,0.626756,1
P_45559,W_13875,4,0.65969,1
P_455598,W_40251,0,0.355811,0
P_455679,W_5687,2,0.249393,0
P_455768,W_11833,1,0.770357,1
P_455771,W_10745,1,0.619609,0
P_455777,W_117791,2,0.824575,1
P_455908,W_817,0,0.377525,0
P_455942,W_6403,3,0.322218,0
P_456062,W_11474,2,0.710085,1
P_456088,W_23116,0,0.510611,0
P_456134,W_5552,4,0.457175,0
P_45619,W_20069,2,0.4463,1
P_45620,W_7253,2,0.7282,1
P_456362,W_4698,1,0.753973,1
P_456370,W_4683,2,0.767703,1
P_456393,W_3177,2,0.435975,1
P_456441,W_2930,3,0.287933,0
P_456459,W_27906,0,0.664477,0
P_456460,W_9290,4,0.427976,0
P_456461,W_9158,1,0.723199,1
P_456656,W_29060,0,0.556979,0
P_456664,W_7818,4,0.693446,1
P_456692,W_21826,2,0.804735,1
P_456710,W_10851,4,0.707377,1
P_45675,W_45675,2,0.412325,0
P_45676,W_45675,2,0.403741,0
P_456768,W_14662,4,0.519647,0
P_45677,W_45675,2,0.547844,0
P_45678,W_45675,2,0.42914,0
P_456781,W_82985,4,0.775772,1
P_45679,W_45675,2,0.459715,0
P_456809,W_64489,1,0.776883,1
P_456838,W_71473,2,0.560099,1
P_456867,W_7253,2,0.741663,1
P_456868,W_4700,1,0.711487,1
P_45697,W_14861,0,0.788084,0
P_457034,W_56781,0,0.328204,0
P_45704,W_13204,0,0.125339,0
P_457271,W_424,1,0.242521,0
P_457608,W_12937,3,0.457179,0
P_45783,W_45783,3,0.729932,1
P_45785,W_45783,3,0.600677,1
P_457856,W_4806,4,0.370057,0
P_45786,W_45783,3,0.76328,1
P_45788,W_45783,3,0.517391,1
P_458011,W_1650,3,0.179381,0
P_458109,W_103,2,0.247872,0
P_45812,W_23544,1,0.753471,1
P_458152,W_11387,1,0.19651,0
P_45823,W_9266,1,0.56623,0
P_458250,W_117791,2,0.429205,1
P_458327,W_29045,2,0.704408,1
P_458524,W_4541,3,0.361967,1
P_458678,W_15223,3,0.702182,0
P_458686,W_6693,0,0.413964,0
P_458803,W_367,1,0.469843,1
P_458830,W_5319,3,0.86888,1
P_458854,W_30326,0,0.205702,0
P_458881,W_38429,4,0.633355,1
P_458938,W_9128,2,0.294887,1
P_459136,W_152634,0,0.456765,0
P_459188,W_961,0,0.787913,1
P_459262,W_113981,2,0.593474,1
P_459276,W_52227,4,0.128008,0
P_459330,W_22945,0,0.536607,0
P_459334,W_14229,3,0.513733,1
P_459337,W_3174,2,0.218344,0
P_459407,W_145365,1,0.18024,0
P_459450,W_4846,1,0.792701,1
P_45948,W_45948,4,0.492628,1
P_45953,W_45948,4,0.407381,0
P_459593,W_23239,4,0.206803,0
P_459597,W_9704,2,0.52465,0
P_45969,W_10914,1,0.49996,1
P_45979,W_679,2,0.22224,0
P_45982,W_7762,4,0.60914,0
P_45986,W_42338,0,0.396165,0
P_459873,W_55442,0,0.385421,0
P_460118,W_40675,1,0.649047,1
P_460127,W_32058,1,0.325608,0
P_460187,W_24222,4,0.09156,0
P_460281,W_8696,0,0.113879,0
P_460288,W_3221,0,0.302662,1
P_460317,W_11535,0,0.502374,0
P_460318,W_64650,2,0.848615,1
P_460322,W_20122,4,0.534377,0
P_460323,W_20710,2,0.664011,1
P_460341,W_20610,2,0.134215,0
P_460366,W_111510,2,0.682501,1
P_460446,W_42054,1,0.620417,1
P_460453,W_6102,0,0.364285,0
P_460458,W_31003,3,0.216713,0
P_460636,W_37947,2,0.436774,0
P_46083,W_462,2,0.766048,1
P_460869,W_121852,2,0.47958,1
P_460916,W_17866,2,0.290184,1
P_460919,W_62433,0,0.517953,1
P_461,W_22,0,0.488953,0
P_461061,W_63932,4,0.472368,0
P_461099,W_2974,3,0.240698,0
P_46121,W_32408,2,0.751468,1
P_461339,W_4820,4,0.753811,1
P_461390,W_31327,2,0.548864,0
P_461419,W_5687,2,0.130545,0
P_461447,W_153900,4,0.623076,0
P_461449,W_153900,4,0.546072,0
P_461453,W_153900,4,0.390831,0
P_461485,W_153900,4,0.684717,1
P_461486,W_153900,4,0.515453,0
P_461510,W_153900,4,0.463003,0
P_461511,W_153900,4,0.655378,0
P_461513,W_153900,4,0.635969,0
P_461516,W_153900,4,0.724807,1
P_46153,W_4685,2,0.81679,1
P_461598,W_153900,4,0.626813,0
P_461607,W_24222,4,0.084897,0
P_461619,W_153900,4,0.578067,0
P_461692,W_14485,3,0.104793,0
P_461693,W_6536,2,0.046027,0
P_461700,W_39520,2,0.167479,0
P_461746,W_27911,0,0.784659,1
P_461754,W_106883,4,0.70576,1
P_461762,W_119158,1,0.74049,0
P_461875,W_11473,3,0.636148,0
P_462,W_462,2,0.633109,1
P_462105,W_153900,4,0.127528,0
P_462410,W_87469,0,0.224489,0
P_462559,W_9132,3,0.521593,0
P_462668,W_41771,1,0.635506,1
P_462725,W_17053,4,0.207103,0
P_46284,W_3057,0,0.277299,0
P_462841,W_114712,0,0.391172,1
P_462849,W_5915,0,0.831208,1
P_462865,W_4692,0,0.654082,1
P_462867,W_9665,2,0.712804,0
P_462868,W_9158,1,0.705057,0
P_46288,W_46288,2,0.445143,0
P_462992,W_5233,4,0.697582,1
P_463001,W_65381,2,0.718841,1
P_463004,W_65609,2,0.769533,1
P_4631,W_10144,4,0.032013,0
P_463272,W_1017,2,0.255126,0
P_463279,W_23116,0,0.680678,1
P_46328,W_30209,0,0.502355,0
P_46348,W_21817,0,0.596438,1
P_463565,W_19912,3,0.537555,0
P_46369,W_10845,3,0.637211,1
P_463725,W_135726,0,0.410607,0
P_463784,W_21695,1,0.52962,0
P_46400,W_7489,0,0.626409,1
P_464029,W_91832,4,0.625491,1
P_464036,W_6870,3,0.515371,1
P_46419,W_3097,1,0.076575,0
P_4642,W_4642,1,0.089999,0
P_464458,W_209,0,0.52435,1
P_464553,W_22235,3,0.282689,1
P_4646,W_4646,3,0.525901,1
P_464651,W_63932,4,0.617974,1
P_464669,W_12317,3,0.716295,0
P_46476,W_15223,3,0.637376,0
P_464770,W_2928,1,0.094662,0
P_464776,W_9092,4,0.578423,1
P_464875,W_625,0,0.243858,1
P_464990,W_10788,1,0.643778,0
P_465001,W_424,1,0.246161,0
P_465081,W_61207,0,0.675042,1
P_465085,W_115707,2,0.515337,1
P_4651,W_2393,1,0.170691,0
P_46526,W_20069,2,0.678815,1
P_465412,W_114810,0,0.897234,0
P_46547,W_27320,2,0.676719,0
P_46554,W_11352,1,0.755804,1
P_465554,W_109122,1,0.757438,1
P_465560,W_121360,1,0.571507,1
P_465573,W_54461,0,0.684511,0
P_465577,W_31091,0,0.758553,1
P_465732,W_40924,0,0.344095,1
P_465826,W_4806,4,0.792198,1
P_465827,W_40924,0,0.729531,1
P_466007,W_124199,0,0.40391,1
P_466167,W_10065,3,0.735117,0
P_466256,W_111408,0,0.73942,1
P_466285,W_79329,3,0.705914,0
P_466343,W_7027,0,0.455675,1
P_466353,W_52660,4,0.427602,0
P_466594,W_1412,1,0.552976,0
P_466723,W_5294,1,0.758677,0
P_466785,W_139530,3,0.234555,0
P_467010,W_10848,3,0.49565,1
P_46703,W_9199,0,0.079102,0
P_46710,W_9199,0,0.060808,0
P_46730,W_9199,0,0.166257,0
P_46732,W_1454,0,0.094241,0
P_46734,W_5363,4,0.436449,0
P_46742,W_9199,0,0.052671,0
P_467471,W_11387,1,0.291212,1
P_46748,W_9199,0,0.259339,0
P_467498,W_4867,0,0.679679,1
P_46755,W_994,2,0.345519,0
P_46757,W_14379,0,0.180764,0
P_46759,W_167,1,0.087062,0
P_46763,W_9199,0,0.29464,0
P_467658,W_127392,1,0.562624,0
P_467924,W_32058,1,0.419125,0
P_468086,W_9276,3,0.132478,1
P_468096,W_27894,2,0.696307,1
P_468172,W_40671,4,0.657126,0
P_468174,W_12031,1,0.703676,0
P_468176,W_40675,1,0.799524,1
P_468182,W_20088,1,0.683274,1
P_468185,W_20069,2,0.705637,1
P_468199,W_2145,0,0.692749,1
P_468200,W_19945,4,0.662388,1
P_468201,W_154901,0,0.145631,0
P_468207,W_154901,0,0.161158,0
P_468259,W_122499,0,0.522824,1
P_468325,W_52227,4,0.284286,0
P_468348,W_40702,2,0.758616,1
P_46848,W_21013,2,0.539619,1
P_4685,W_4685,2,0.638488,1
P_46851,W_46851,0,0.782881,1
P_468567,W_9507,1,0.256331,0
P_468625,W_10338,4,0.081491,0
P_4687,W_4687,2,0.701668,0
P_468812,W_17866,2,0.2805,0
P_4689,W_4689,3,0.781598,0
P_468934,W_775,0,0.518304,1
P_4691,W_4690,0,0.559618,0
P_469115,W_114606,2,0.635273,0
P_469133,W_9271,2,0.313857,0
P_469260,W_5102,0,0.367258,0
P_469296,W_112006,2,0.67307,1
P_46935,W_37947,2,0.335431,0
P_469383,W_4833,4,0.085975,0
P_469384,W_39525,3,0.077379,0
P_4695,W_4694,4,0.462919,0
P_469586,W_373,0,0.632837,1
P_469842,W_134666,2,0.101931,0
P_4700,W_4700,1,0.605297,1
P_470024,W_43088,2,0.093449,0
P_470187,W_882,0,0.525103,0
P_47023,W_1792,3,0.197836,1
P_4703,W_4702,2,0.606239,0
P_4704,W_4704,4,0.788717,1
P_470454,W_3074,2,0.11682,1
P_470520,W_28094,0,0.722498,1
P_4707,W_3245,3,0.428324,1
P_470760,W_10313,0,0.690428,0
P_470849,W_9507,1,0.149432,0
P_47093,W_43898,1,0.399991,1
P_470980,W_199,1,0.338914,0
P_47101,W_47101,0,0.411171,0
P_47102,W_47101,0,0.721201,1
P_47103,W_47101,0,0.62833,1
P_471156,W_1002,3,0.219681,0
P_47143,W_39525,3,0.083662,0
P_47145,W_4755,3,0.132283,0
P_471499,W_9271,2,0.320168,0
P_471705,W_56072,0,0.078438,0
P_471830,W_27894,2,0.636906,1
P_471838,W_54816,3,0.61084,1
P_471942,W_9574,1,0.789641,1
P_471977,W_11798,3,0.47018,1
P_472205,W_32711,2,0.612847,1
P_472206,W_29078,1,0.703282,1
P_472336,W_115251,3,0.856129,1
P_472401,W_580,3,0.192425,0
P_472427,W_4687,2,0.665127,0
P_472430,W_4696,4,0.743978,0
P_472431,W_4698,1,0.736876,1
P_472433,W_4690,0,0.56045,0
P_472438,W_4702,2,0.646089,0
P_472440,W_34604,1,0.755827,1
P_472443,W_45783,3,0.4841,0
P_472454,W_20622,0,0.278381,1
P_472561,W_9574,1,0.762832,1
P_472565,W_4843,1,0.546609,1
P_4726,W_4726,0,0.059375,0
P_472607,W_103771,3,0.606127,1
P_472634,W_124745,0,0.496945,0
P_472667,W_146806,4,0.66467,1
P_472669,W_128680,1,0.69754,1
P_472682,W_26939,0,0.459848,0
P_472683,W_5095,4,0.739767,0
P_472697,W_12317,3,0.630885,0
P_4727,W_4726,0,0.147307,0
P_472707,W_11352,1,0.755655,1
P_472746,W_7247,2,0.507077,0
P_472747,W_42934,3,0.652494,0
P_4728,W_4728,1,0.105946,0
P_472943,W_149298,0,0.599423,1
P_472975,W_367,1,0.120754,0
P_473031,W_25154,0,0.485351,1
P_473058,W_4704,4,0.820076,1
P_47323,W_16560,3,0.092715,0
P_473351,W_50939,2,0.551025,0
P_473932,W_1055,2,0.323195,1
P_47414,W_43898,1,0.299105,0
P_474170,W_26461,3,0.493535,1
P_474240,W_10847,1,0.576487,1
P_474312,W_19748,1,0.680359,1
P_474363,W_5552,4,0.697117,1
P_474378,W_233,4,0.227912,0
P_474421,W_15385,4,0.560547,1
P_474425,W_114490,1,0.698191,0
P_474432,W_114490,1,0.665225,1
P_474446,W_114490,1,0.825646,1
P_474550,W_38429,4,0.700914,1
P_474553,W_114408,2,0.714703,1
P_474554,W_10849,2,0.560529,0
P_474936,W_121401,4,0.621129,0
P_474937,W_121401,4,0.507956,0
P_474946,W_3529,2,0.252444,1
P_474968,W_27790,3,0.23853,0
P_4750,W_4749,1,0.147096,0
P_475001,W_7202,3,0.727664,0
P_475070,W_179,3,0.515139,1
P_4751,W_4751,3,0.319742,0
P_475137,W_10141,4,0.228561,1
P_475249,W_6093,0,0.389687,1
P_47525,W_40419,2,0.668463,0
P_475319,W_9571,2,0.408175,1
P_475321,W_9271,2,0.736718,1
P_475486,W_3978,1,0.233239,0
P_4755,W_4755,3,0.059224,0
P_475509,W_19955,2,0.272019,0
P_4756,W_4755,3,0.046723,0
P_475628,W_30209,0,0.584282,0
P_475723,W_6939,1,0.412375,0
P_475724,W_5095,4,0.606189,1
P_4762,W_4762,3,0.162721,0
P_476292,W_9703,3,0.782378,1
P_476309,W_12135,4,0.48627,1
P_476368,W_79329,3,0.615195,1
P_47638,W_2301,3,0.456099,0
P_476381,W_9131,0,0.59689,0
P_47639,W_47639,0,0.452333,0
P_47640,W_47639,0,0.627854,0
P_476503,W_3077,4,0.662018,0
P_476573,W_50523,2,0.685035,1
P_476616,W_4833,4,0.042307,0
P_476635,W_9266,1,0.459026,0
P_476697,W_51795,4,0.701233,1
P_4767,W_4767,4,0.660854,0
P_476712,W_31938,2,0.323444,1
P_4768,W_4767,4,0.208486,0
P_476861,W_12135,4,0.5232,0
P_47690,W_11779,3,0.618087,1
P_476978,W_10641,3,0.395608,0
P_477067,W_5319,3,0.111724,0
P_477183,W_401,2,0.177673,0
P_477226,W_156124,3,0.284312,0
P_477228,W_156124,3,0.711988,0
P_477233,W_156124,3,0.742102,1
P_477234,W_156124,3,0.760676,1
P_477461,W_116516,4,0.108238,1
P_4776,W_4775,3,0.613598,0
P_4779,W_4779,2,0.169378,0
P_477918,W_5697,2,0.27645,0
P_477919,W_56366,4,0.236469,1
P_477920,W_17662,1,0.254149,1
P_477923,W_99751,2,0.199238,0
P_477939,W_11471,2,0.798182,0
P_477995,W_8339,0,0.395919,0
P_478079,W_10141,4,0.22189,1
P_478290,W_23627,1,0.481648,1
P_478323,W_118543,4,0.069614,0
P_478353,W_2454,3,0.464052,0
P_478386,W_4468,0,0.722069,1
P_478442,W_5724,1,0.127876,0
P_47854,W_7229,1,0.74653,1
P_478584,W_11535,0,0.593317,1
P_478643,W_5958,0,0.359096,0
P_478669,W_1305,2,0.270816,0
P_478671,W_20622,0,0.608827,1
P_47868,W_4694,4,0.435451,1
P_47869,W_4694,4,0.676932,1
P_478849,W_118849,3,0.040613,0
P_479005,W_1769,0,0.370052,0
P_47901,W_47901,1,0.210013,0
P_479043,W_6859,1,0.689255,0
P_479099,W_49809,4,0.372796,0
P_479142,W_30235,3,0.76545,1
P_479150,W_11652,0,0.810933,1
P_479187,W_6693,0,0.107461,1
P_479217,W_26988,2,0.313331,0
P_479228,W_14501,0,0.278572,0
P_479264,W_20005,0,0.508284,0
P_479271,W_12168,0,0.339766,0
P_47935,W_47901,1,0.418238,0
P_479361,W_6859,1,0.532558,1
P_47937,W_31091,0,0.491832,0
P_47939,W_4779,2,0.1752,0
P_47940,W_4646,3,0.307503,0
P_479405,W_132642,1,0.575439,0
P_479413,W_9724,4,0.527412,1
P_479518,W_1308,0,0.789977,1
P_479582,W_7261,3,0.582799,1
P_479585,W_7261,3,0.371041,0
P_479597,W_7261,3,0.099359,0
P_479630,W_10851,4,0.77932,0
P_479632,W_63932,4,0.542066,1
P_479972,W_40251,0,0.266399,1
P_479996,W_3321,2,0.295395,1
P_480002,W_4854,1,0.383876,1
P_480034,W_7261,3,0.816023,1
P_4801,W_4801,4,0.735494,0
P_480113,W_44435,3,0.757238,1
P_480127,W_6031,2,0.711273,1
P_48017,W_13695,1,0.391034,1
P_48018,W_26461,3,0.488914,1
P_480223,W_3063,0,0.173318,0
P_480245,W_4775,3,0.437027,1
P_480249,W_21721,1,0.574527,0
P_4803,W_4801,4,0.773557,1
P_480403,W_20541,3,0.652589,1
P_480585,W_118823,4,0.227983,1
P_480654,W_22148,1,0.168982,0
P_480771,W_9276,3,0.163859,1
P_480774,W_656,1,0.318097,0
P_480858,W_7264,3,0.090649,0
P_480944,W_68897,1,0.172404,0
P_481038,W_123334,2,0.416416,1
P_481046,W_117883,0,0.724789,1
P_48118,W_8387,2,0.189516,0
P_4812,W_4812,1,0.815542,1
P_481340,W_23165,2,0.164694,0
P_481343,W_11051,3,0.040542,0
P_481462,W_1276,4,0.104019,0
P_48148,W_2966,4,0.180992,0
P_481558,W_59150,0,0.520025,0
P_4816,W_4816,2,0.665211,1
P_481699,W_17662,1,0.216538,0
P_481706,W_17662,1,0.293202,0
P_481728,W_5500,4,0.204053,0
P_481769,W_156539,0,0.155017,1
P_481775,W_156542,3,0.124978,0
P_48232,W_399,2,0.183033,0
P_482375,W_1108,3,0.471504,1
P_482432,W_10717,0,0.14626,1
P_482437,W_12992,4,0.167155,0
P_482488,W_6693,0,0.353955,0
P_482507,W_12795,0,0.727512,0
P_4826,W_4826,3,0.35125,0
P_482916,W_1347,4,0.347537,0
P_482918,W_4867,0,0.780068,1
P_482942,W_20064,1,0.195302,0
P_482949,W_799,4,0.184807,0
P_482958,W_39525,3,0.083237,0
P_482964,W_167,1,0.076569,1
P_482965,W_383,3,0.265423,0
P_482972,W_26939,0,0.399474,1
P_483007,W_10212,3,0.618308,1
P_483170,W_17671,0,0.610553,1
P_48322,W_48320,1,0.574658,0
P_48323,W_48320,1,0.409384,0
P_483260,W_134666,2,0.179509,0
P_483277,W_20122,4,0.554351,0
P_483286,W_2911,0,0.461398,1
P_4833,W_4833,4,0.044191,0
P_4834,W_4833,4,0.220161,0
P_483426,W_4779,2,0.569259,0
P_483427,W_1769,0,0.23028,1
P_483430,W_39055,4,0.633012,0
P_483437,W_4646,3,0.392147,1
P_483474,W_13216,3,0.327142,0
P_483494,W_1769,0,0.188346,0
P_4835,W_4835,2,0.500071,0
P_483592,W_383,3,0.69557,1
P_483652,W_126478,0,0.738265,1
P_483716,W_59319,4,0.657078,1
P_483718,W_82200,4,0.72666,1
P_483736,W_30678,1,0.774612,1
P_483737,W_20162,3,0.572893,0
P_48381,W_4767,4,0.795504,1
P_483827,W_122709,2,0.361517,1
P_483862,W_4835,2,0.68453,1
P_483879,W_135493,0,0.165387,0
P_483902,W_134347,3,0.227258,1
P_484071,W_4835,2,0.517743,0
P_484080,W_12972,4,0.709976,1
P_484082,W_5141,0,0.600564,1
P_4841,W_4841,1,0.574688,0
P_484181,W_13222,0,0.428092,0
P_484238,W_5368,3,0.304479,0
P_48425,W_199,1,0.356287,0
P_4843,W_4843,1,0.680332,0
P_484328,W_5388,1,0.332713,0
P_484353,W_29078,1,0.563928,0
P_484367,W_135478,2,0.195965,1
P_484418,W_134622,4,0.092572,0
P_484498,W_677,0,0.235459,0
P_484503,W_580,3,0.342838,0
P_484506,W_91786,2,0.678622,0
P_4846,W_4846,1,0.713152,1
P_484613,W_28493,4,0.670134,1
P_484639,W_97414,3,0.763562,1
P_48466,W_11014,1,0.398904,1
P_484669,W_29130,3,0.391205,1
P_484675,W_136166,0,0.168048,0
P_484683,W_139530,3,0.173404,0
P_48491,W_46408,1,0.283272,0
P_48496,W_20539,3,0.315214,0
P_484986,W_4696,4,0.672445,1
P_484987,W_4700,1,0.73477,1
P_484996,W_13691,1,0.491798,0
P_485043,W_44435,3,0.718931,1
P_48508,W_52660,4,0.29711,0
P_485456,W_114810,0,0.794255,0
P_485564,W_373,0,0.412267,1
P_485566,W_6216,3,0.449172,1
P_485567,W_6097,3,0.443606,1
P_485570,W_7552,2,0.630922,1
P_485571,W_121504,2,0.270659,0
P_485573,W_6216,3,0.317292,0
P_485672,W_68063,2,0.465134,1
P_485676,W_22948,0,0.715052,1
P_485679,W_11534,3,0.572104,0
P_48571,W_19912,3,0.652838,0
P_48572,W_28094,0,0.428345,1
P_485731,W_106883,4,0.696502,1
P_485972,W_2696,3,0.458278,0
P_486021,W_111408,0,0.655484,1
P_486064,W_22948,0,0.746657,1
P_486067,W_1347,4,0.62729,1
P_486184,W_139740,3,0.10779,0
P_486191,W_144354,0,0.049125,0
P_486228,W_31360,2,0.496291,1
P_486233,W_32534,2,0.486744,1
P_486248,W_14019,3,0.673585,1
P_486284,W_145365,1,0.296745,0
P_486289,W_6536,2,0.057246,0
P_486468,W_4267,0,0.309629,0
P_486590,W_7495,0,0.43224,0
P_486686,W_119996,3,0.655019,1
P_486700,W_5162,4,0.303333,1
P_486767,W_677,0,0.660972,0
P_486776,W_1002,3,0.180248,0
P_486777,W_9133,4,0.009662,0
P_486829,W_14354,0,0.598111,0
P_48686,W_1143,1,0.308307,0
P_48688,W_1143,1,0.088697,0
P_4869,W_4867,0,0.691617,1
P_48694,W_1143,1,0.194833,1
P_487024,W_27790,3,0.338536,1
P_487157,W_20110,3,0.768758,1
P_487164,W_31091,0,0.4782,0
P_487165,W_13691,1,0.41539,0
P_487183,W_149807,2,0.551007,0
P_487189,W_22936,0,0.6557,1
P_487193,W_22965,1,0.739928,1
P_48722,W_15521,2,0.458807,1
P_487221,W_4012,3,0.667492,0
P_487237,W_4267,0,0.770427,0
P_487243,W_3928,4,0.613786,1
P_487244,W_43088,2,0.100264,0
P_487275,W_8202,2,0.308282,1
P_487498,W_116622,0,0.497259,1
P_487499,W_154901,0,0.166311,0
P_4876,W_1812,4,0.303747,0
P_48760,W_7961,3,0.523981,0
P_487679,W_156539,0,0.327288,0
P_487694,W_156539,0,0.147248,1
P_488055,W_6097,3,0.317411,1
P_488194,W_139588,2,0.792945,1
P_488196,W_132686,2,0.776842,1
P_488245,W_10313,0,0.223397,1
P_488264,W_42054,1,0.558354,1
P_488300,W_26542,4,0.644907,1
P_488304,W_11859,4,0.748532,1
P_488306,W_22926,4,0.70287,1
P_488502,W_5958,0,0.313005,0
P_488584,W_10603,4,0.220044,0
P_4886,W_4884,3,0.599431,1
P_48868,W_8521,2,0.23345,0
P_488963,W_1792,3,0.609244,0
P_489000,W_7489,0,0.755408,1
P_489120,W_34791,0,0.448004,1
P_48918,W_34907,3,0.657962,1
P_48919,W_9286,2,0.651412,0
P_489196,W_14501,0,0.350264,0
P_489304,W_11249,0,0.31269,0
P_489623,W_3260,0,0.344932,1
P_489646,W_11657,1,0.237537,0
P_489795,W_20710,2,0.739732,1
P_489864,W_6292,2,0.303116,0
P_489866,W_18,0,0.292908,1
P_49,W_48,0,0.129047,0
P_490021,W_5616,3,0.464105,0
P_490085,W_4655,2,0.604243,0
P_490201,W_6616,4,0.391214,1
P_490350,W_140168,2,0.795258,1
P_490441,W_64372,3,0.590939,1
P_490443,W_5552,4,0.658298,0
P_490448,W_43898,1,0.459255,0
P_490703,W_11014,1,0.72223,1
P_49080,W_9128,2,0.228014,1
P_490862,W_21352,3,0.380325,0
P_490863,W_11249,0,0.284549,0
P_490866,W_25113,0,0.735577,1
P_490899,W_14229,3,0.155558,0
P_490901,W_2928,1,0.289814,0
P_491070,W_68472,3,0.6303,1
P_491106,W_34568,3,0.731298,1
P_491210,W_124809,1,0.259141,0
P_491212,W_12972,4,0.637393,1
P_491263,W_68472,3,0.399014,1
P_4916,W_4916,0,0.638156,0
P_491706,W_10849,2,0.609058,1
P_491711,W_91832,4,0.444739,0
P_491767,W_74245,4,0.68867,1
P_491773,W_21695,1,0.359859,0
P_4918,W_4916,0,0.719279,0
P_491824,W_125863,1,0.424091,0
P_491829,W_731,2,0.525027,1
P_491832,W_5095,4,0.875921,1
P_491839,W_82218,3,0.132407,1
P_491847,W_124809,1,0.417322,1
P_491966,W_2158,3,0.447838,1
P_492013,W_20097,3,0.136431,0
P_492026,W_20097,3,0.331007,0
P_492072,W_50523,2,0.241305,0
P_492074,W_50523,2,0.445536,1
P_492097,W_4945,3,0.253893,0
P_492201,W_82877,4,0.237616,0
P_492202,W_961,0,0.421222,0
P_49228,W_9560,4,0.386517,1
P_4923,W_4922,0,0.233399,0
P_492420,W_4812,1,0.713007,1
P_492461,W_1650,3,0.149059,0
P_492468,W_99751,2,0.261508,0
P_492470,W_4728,1,0.077726,0
P_492479,W_8872,4,0.164219,0
P_492480,W_4945,3,0.246577,0
P_492557,W_5724,1,0.163573,0
P_492666,W_4812,1,0.703794,0
P_492678,W_4812,1,0.754287,0
P_49272,W_1454,0,0.264177,0
P_49277,W_31383,2,0.179504,0
P_492792,W_56072,0,0.100271,0
P_492795,W_9704,2,0.618169,0
P_492796,W_5162,4,0.146097,0
P_492801,W_3099,2,0.745936,1
P_49281,W_4354,3,0.340616,1
P_493050,W_25113,0,0.330124,1
P_493209,W_4812,1,0.640777,1
P_493217,W_47101,0,0.448532,1
P_493270,W_5319,3,0.088639,1
P_493317,W_7264,3,0.467364,1
P_493523,W_30326,0,0.111477,1
P_493580,W_20005,0,0.601584,1
P_493609,W_18,0,0.086275,0
P_49369,W_35188,3,0.503844,1
P_49374,W_34907,3,0.716748,1
P_49375,W_7762,4,0.554973,0
P_4939,W_4939,4,0.609445,0
P_49391,W_19955,2,0.43739,0
P_494275,W_44435,3,0.683844,1
P_49438,W_10253,3,0.245123,0
P_4946,W_4945,3,0.250693,0
P_494676,W_10790,1,0.174097,0
P_494745,W_7550,2,0.506597,0
P_494755,W_867,3,0.301984,0
P_494866,W_77153,3,0.311774,1
P_4950,W_3978,1,0.18835,0
P_495053,W_52177,2,0.720363,1
P_495481,W_40120,3,0.78176,1
P_495483,W_3353,4,0.720081,0
P_495503,W_64445,2,0.0686,0
P_49554,W_35472,2,0.731054,1
P_49555,W_35472,2,0.707635,1
P_49557,W_35472,2,0.69798,1
P_495654,W_1017,2,0.330291,0
P_495680,W_4810,1,0.839217,1
P_495930,W_3177,2,0.268788,0
P_49601,W_27790,3,0.169566,0
P_496040,W_775,0,0.26081,0
P_49613,W_52660,4,0.572126,0
P_496149,W_46288,2,0.303325,1
P_49619,W_26687,1,0.155362,1
P_49620,W_7489,0,0.304471,1
P_49621,W_26988,2,0.150046,0
P_49623,W_706,0,0.559515,0
P_496301,W_375,4,0.425022,0
P_496305,W_32531,0,0.181124,0
P_496418,W_841,1,0.108501,0
P_496653,W_5319,3,0.162336,0
P_496915,W_15223,3,0.576031,1
P_496978,W_22235,3,0.244501,0
P_497229,W_87758,0,0.306351,0
P_497232,W_3839,2,0.746367,0
P_49726,W_5363,4,0.432541,1
P_49727,W_22,0,0.441979,1
P_49734,W_26941,1,0.421069,1
P_49739,W_11898,0,0.239052,1
P_497392,W_85332,0,0.424228,1
P_497395,W_11051,3,0.294212,0
P_49740,W_47101,0,0.345447,1
P_49743,W_6441,4,0.607692,1
P_497460,W_46851,0,0.771217,0
P_497516,W_29078,1,0.695203,0
P_497608,W_27164,2,0.666049,1
P_497615,W_9376,4,0.541662,1
P_497635,W_47674,1,0.139201,0
P_497651,W_1364,3,0.796262,0
P_49772,W_19903,3,0.216105,0
P_497763,W_42521,4,0.699526,1
P_497867,W_7247,2,0.682743,1
P_498216,W_9286,2,0.723156,1
P_498219,W_142008,0,0.758689,0
P_498220,W_10914,1,0.678466,0
P_49828,W_1939,1,0.660828,1
P_49830,W_4841,1,0.675991,0
P_498345,W_5549,1,0.327827,0
P_498407,W_12135,4,0.712005,1
P_498415,W_87758,0,0.457581,1
P_498429,W_4655,2,0.47611,0
P_498431,W_1282,2,0.281818,1
P_4985,W_1276,4,0.127985,0
P_498550,W_9350,2,0.629455,0
P_498557,W_4762,3,0.496697,1
P_498682,W_23770,4,0.624554,1
P_498823,W_27911,0,0.680519,1
P_498828,W_27911,0,0.685758,0
P_499034,W_70931,1,0.654589,1
P_499035,W_4690,0,0.672164,1
P_499050,W_39438,2,0.566055,1
P_499055,W_71702,3,0.720533,1
P_49907,W_2768,4,0.229552,0
P_499476,W_462,2,0.250896,0
P_499479,W_47901,1,0.365996,0
P_499775,W_13698,1,0.502604,1
P_499907,W_2454,3,0.552282,0
P_499945,W_14019,3,0.802204,1
P_50000,W_4749,1,0.190931,0
P_50001,W_2970,1,0.243697,1
P_500073,W_5342,3,0.356668,0
P_500386,W_21828,3,0.122495,0
P_500708,W_34604,1,0.594342,1
P_501,W_401,2,0.336137,0
P_501077,W_6097,3,0.425928,1
P_501090,W_23525,3,0.481616,0
P_501387,W_40876,3,0.539639,1
P_501399,W_3839,2,0.742743,1
P_501407,W_27579,0,0.739459,1
P_501410,W_34728,1,0.46999,0
P_50146,W_12972,4,0.69451,0
P_501501,W_121548,0,0.365088,1
P_501551,W_76498,4,0.664189,1
P_501647,W_39783,4,0.48294,1
P_50177,W_5316,0,0.62289,1
P_501807,W_10338,4,0.028595,0
P_501977,W_118849,3,0.081064,0
P_50229,W_22053,0,0.814434,1
P_502436,W_11552,4,0.545747,0
P_502441,W_7249,0,0.345222,0
P_502567,W_13691,1,0.65836,1
P_50283,W_13440,2,0.495144,1
P_502835,W_42311,0,0.651189,0
P_50289,W_37776,3,0.687155,1
P_502898,W_6485,3,0.669014,1
P_502900,W_6485,3,0.397001,1
P_502991,W_4690,0,0.70714,1
P_503054,W_121548,0,0.677372,1
P_503398,W_23165,2,0.267906,1
P_503418,W_32202,2,0.172401,0
P_50381,W_13216,3,0.103045,0
P_503842,W_23544,1,0.231868,0
P_504004,W_4696,4,0.792327,0
P_504012,W_2974,3,0.174289,0
P_504077,W_5368,3,0.268202,0
P_504082,W_1362,1,0.664023,1
P_504084,W_9626,2,0.249988,0
P_504128,W_9574,1,0.74457,1
P_504129,W_10472,0,0.138902,0
P_504231,W_47639,0,0.555555,1
P_504236,W_115054,1,0.261069,0
P_504386,W_30424,2,0.505886,0
P_50446,W_34568,3,0.461213,0
P_50449,W_5616,3,0.16511,1
P_504594,W_22451,3,0.731504,1
P_504605,W_6437,3,0.431225,0
P_504725,W_5954,3,0.247574,0
P_504802,W_42054,1,0.504274,1
P_504843,W_9560,4,0.45977,1
P_504954,W_122254,2,0.593317,1
P_504955,W_12317,3,0.599317,0
P_505012,W_299,1,0.688451,0
P_505212,W_40924,0,0.630536,1
P_50523,W_50523,2,0.238159,0
P_505295,W_115054,1,0.281251,0
P_505298,W_64395,4,0.660088,1
P_505372,W_5552,4,0.543181,0
P_505492,W_5233,4,0.676066,1
P_505493,W_8535,4,0.509794,0
P_505671,W_6715,2,0.343873,0
P_505675,W_4865,4,0.228037,1
P_505678,W_22235,3,0.60116,1
P_505728,W_18,0,0.197078,0
P_505873,W_882,0,0.610387,1
P_505923,W_7027,0,0.494342,1
P_506,W_401,2,0.215976,0
P_506140,W_121296,2,0.624328,0
P_506141,W_117849,1,0.433067,0
P_506151,W_10907,3,0.417915,1
P_506256,W_27579,0,0.523521,0
P_506348,W_5231,0,0.337455,0
P_5071,W_5071,4,0.257421,0
P_507182,W_83871,4,0.791719,1
P_507191,W_129296,1,0.577439,0
P_507194,W_115054,1,0.216677,0
P_507201,W_125863,1,0.751717,1
P_507289,W_20710,2,0.773285,1
P_507290,W_7116,4,0.560114,1
P_507302,W_132987,1,0.805009,1
P_50742,W_35395,2,0.874167,0
P_50743,W_4867,0,0.657616,1
P_50744,W_4916,0,0.650342,1
P_50773,W_9092,4,0.548997,0
P_507805,W_145365,1,0.270489,0
P_507843,W_22235,3,0.328093,0
P_50785,W_28687,0,0.518469,1
P_50786,W_10428,3,0.551873,1
P_507871,W_6394,2,0.598426,1
P_507892,W_2110,1,0.104749,0
P_507964,W_121401,4,0.719126,1
P_507992,W_22235,3,0.360217,1
P_508007,W_149807,2,0.290736,0
P_508067,W_128680,1,0.784318,0
P_508070,W_26461,3,0.40721,1
P_508073,W_111991,0,0.696339,1
P_508085,W_52177,2,0.764969,1
P_50809,W_30246,1,0.369372,0
P_508176,W_11358,1,0.426532,0
P_508186,W_35206,0,0.719801,0
P_508235,W_118849,3,0.255598,0
P_508389,W_134622,4,0.508586,1
P_508428,W_118543,4,0.150071,0
P_508611,W_27894,2,0.772635,1
P_508633,W_119680,1,0.328086,0
P_508728,W_64395,4,0.424249,1
P_508761,W_140442,2,0.208471,0
P_508817,W_144458,1,0.37007,0
P_508819,W_144326,1,0.113241,0
P_508822,W_22235,3,0.595438,1
P_508827,W_149519,0,0.301565,1
P_508891,W_8543,3,0.417221,1
P_50915,W_7495,0,0.402958,0
P_509199,W_9508,3,0.308195,1
P_509213,W_994,2,0.440046,0
P_509283,W_22235,3,0.685926,1
P_50940,W_50939,2,0.479549,1
P_5095,W_5095,4,0.786845,0
P_5096,W_5095,4,0.24578,1
P_509603,W_87469,0,0.515669,0
P_509666,W_154901,0,0.137009,0
P_509687,W_156542,3,0.111657,1
P_509695,W_124199,0,0.566701,0
P_50982,W_69914,4,0.662976,1
P_50983,W_38476,0,0.37106,0
P_50990,W_20539,3,0.465821,0
P_509921,W_22235,3,0.593565,1
P_509949,W_34728,1,0.392334,0
P_509959,W_32531,0,0.09433,0
P_50997,W_7261,3,0.174394,0
P_510144,W_24522,3,0.559633,0
P_51019,W_42631,3,0.575114,0
P_5102,W_5102,0,0.331045,0
P_510206,W_81722,2,0.656846,1
P_510230,W_4826,3,0.704227,1
P_510242,W_4826,3,0.601574,0
P_510244,W_81722,2,0.523174,1
P_510246,W_81722,2,0.533552,1
P_510555,W_6753,3,0.080183,0
P_510572,W_6753,3,0.079185,0
P_510574,W_367,1,0.229572,0
P_510609,W_23239,4,0.525224,0
P_510614,W_11850,0,0.697644,0
P_510626,W_22235,3,0.385601,0
P_510644,W_2974,3,0.473726,1
P_51068,W_41771,1,0.416482,1
P_510715,W_134347,3,0.174767,0
P_510748,W_11471,2,0.586995,1
P_510774,W_11471,2,0.530633,0
P_510781,W_11471,2,0.628652,0
P_510787,W_11471,2,0.783168,1
P_510835,W_22235,3,0.152005,0
P_510836,W_22235,3,0.361267,0
P_510838,W_63932,4,0.481843,0
P_510937,W_74362,3,0.533002,0
P_511038,W_74362,3,0.416542,0
P_511127,W_14662,4,0.426086,0
P_511144,W_11641,0,0.770004,1
P_511223,W_14599,4,0.765414,1
P_51124,W_26,3,0.239752,0
P_511336,W_69943,4,0.614893,1
P_51141,W_5095,4,0.331605,0
P_51142,W_48,0,0.153728,0
P_51144,W_6216,3,0.198296,0
P_511465,W_4755,3,0.256268,1
P_511509,W_4814,4,0.63062,1
P_511519,W_5915,0,0.59963,1
P_511520,W_22961,4,0.623944,1
P_511521,W_22945,0,0.642434,0
P_511523,W_7229,1,0.766432,1
P_511617,W_159387,1,0.576468,1
P_511619,W_159387,1,0.616703,1
P_511622,W_159387,1,0.581782,1
P_511623,W_159387,1,0.466963,1
P_511625,W_159387,1,0.438393,0
P_511626,W_159387,1,0.619561,1
P_511681,W_5342,3,0.258865,0
P_511714,W_6453,1,0.78393,1
P_511781,W_38171,4,0.659623,1
P_511782,W_5915,0,0.755983,1
P_511792,W_11794,2,0.724613,1
P_511793,W_22961,4,0.710009,0
P_511794,W_9266,1,0.658652,0
P_511795,W_7580,4,0.805476,1
P_511796,W_82146,3,0.562052,0
P_511899,W_13695,1,0.248861,0
P_5119,W_5118,4,0.429675,0
P_51197,W_25489,1,0.494426,1
P_512049,W_27579,0,0.389463,0
P_512061,W_74362,3,0.496597,0
P_512076,W_34728,1,0.530573,0
P_512223,W_27906,0,0.768544,1
P_512225,W_11794,2,0.629281,1
P_51236,W_43088,2,0.013879,0
P_51237,W_23165,2,0.131713,0
P_51238,W_23544,1,0.288909,0
P_51240,W_656,1,0.601366,1
P_512525,W_9271,2,0.209953,0
P_512606,W_23627,1,0.602025,1
P_512653,W_4867,0,0.752947,0
P_512657,W_33251,0,0.525533,1
P_512706,W_4683,2,0.775635,0
P_512767,W_39783,4,0.744505,0
P_512806,W_132685,1,0.723757,1
P_512811,W_11823,4,0.601944,1
P_512815,W_21817,0,0.550562,0
P_512900,W_14861,0,0.190517,1
P_512910,W_4702,2,0.624491,1
P_513031,W_118823,4,0.467081,0
P_513173,W_97632,1,0.788225,1
P_513318,W_6102,0,0.382442,0
P_513337,W_10641,3,0.639513,0
P_513358,W_3077,4,0.756724,1
P_513366,W_22235,3,0.620742,0
P_513404,W_114606,2,0.453782,1
P_51392,W_14662,4,0.223192,0
P_51393,W_4751,3,0.202829,0
P_51395,W_2658,1,0.333467,0
P_513954,W_154901,0,0.303268,0
P_513985,W_10154,4,0.424734,0
P_5141,W_5141,0,0.291697,0
P_51415,W_11779,3,0.632564,1
P_514257,W_5687,2,0.222632,0
P_514274,W_47639,0,0.618523,0
P_51434,W_580,3,0.339064,0
P_514506,W_662,2,0.390542,0
P_514507,W_2301,3,0.265345,0
P_514509,W_14229,3,0.334401,0
P_514511,W_9103,1,0.362083,0
P_514512,W_10685,2,0.279857,0
P_514513,W_10526,0,0.160808,0
P_514514,W_303,3,0.15275,0
P_514518,W_10790,1,0.247905,0
P_514526,W_10141,4,0.51571,1
P_51455,W_17671,0,0.468635,1
P_514556,W_51795,4,0.762548,1
P_514574,W_1378,4,0.618881,0
P_51460,W_11054,3,0.234603,1
P_514725,W_10931,1,0.203039,1
P_514982,W_101220,0,0.73919,1
P_514983,W_22235,3,0.181754,0
P_515165,W_128680,1,0.772839,0
P_515197,W_3858,0,0.484126,1
P_515332,W_32534,2,0.295937,0
P_515355,W_52963,2,0.187183,1
P_515356,W_32053,3,0.265466,1
P_515358,W_77153,3,0.109167,0
P_515359,W_10931,1,0.066643,0
P_515398,W_656,1,0.220856,1
P_515412,W_10931,1,0.164443,0
P_515422,W_77153,3,0.137476,0
P_515428,W_32053,3,0.151438,0
P_515430,W_52963,2,0.149421,1
P_515453,W_114742,2,0.708369,1
P_515476,W_7284,1,0.638775,0
P_515478,W_13873,4,0.628162,0
P_515479,W_11471,2,0.55039,1
P_515480,W_22926,4,0.626734,1
P_515495,W_12168,0,0.18467,0
P_515530,W_29078,1,0.561891,0
P_515541,W_11473,3,0.784819,1
P_515547,W_114490,1,0.747228,1
P_515553,W_19417,4,0.708076,1
P_515619,W_13540,3,0.757185,0
P_515620,W_4689,3,0.758495,1
P_515624,W_11358,1,0.453898,0
P_515625,W_7818,4,0.757812,1
P_515728,W_20084,4,0.38433,1
P_515953,W_5216,1,0.288162,0
P_516096,W_1108,3,0.300674,0
P_516099,W_4775,3,0.360009,1
P_516105,W_4945,3,0.211248,0
P_516183,W_82200,4,0.726848,1
P_5162,W_5162,4,0.407507,1
P_5163,W_5162,4,0.186973,1
P_516310,W_14354,0,0.173539,1
P_516420,W_120968,2,0.145231,0
P_516454,W_20162,3,0.742857,1
P_516627,W_4867,0,0.740294,1
P_516721,W_142049,4,0.474951,0
P_516735,W_40702,2,0.516077,1
P_516752,W_20769,4,0.557209,1
P_516959,W_16560,3,0.302888,1
P_516960,W_1153,3,0.20687,0
P_517114,W_142049,4,0.381656,0
P_517127,W_34728,1,0.678994,0
P_517141,W_142049,4,0.719742,0
P_517160,W_9703,3,0.665512,0
P_517168,W_142049,4,0.3485,0
P_517187,W_142049,4,0.229715,0
P_517216,W_142049,4,0.327353,0
P_517233,W_34728,1,0.285835,0
P_517242,W_142049,4,0.262947,1
P_517247,W_111991,0,0.62722,1
P_517249,W_39438,2,0.732301,1
P_517255,W_142049,4,0.395489,1
P_517308,W_124199,0,0.779439,1
P_51737,W_775,0,0.161585,0
P_517425,W_109122,1,0.730705,1
P_517551,W_29299,0,0.549204,0
P_517558,W_20769,4,0.633932,1
P_517587,W_34728,1,0.544517,1
P_517595,W_20769,4,0.722512,1
P_517802,W_129436,1,0.539985,1
P_517832,W_18507,4,0.386765,1
P_517839,W_38171,4,0.603526,0
P_517840,W_7581,1,0.71786,1
P_517843,W_4689,3,0.661647,0
P_51795,W_51795,4,0.645135,1
P_517999,W_133525,3,0.39737,0
P_51800,W_51795,4,0.487213,0
P_518017,W_135478,2,0.189936,0
P_518019,W_26111,3,0.612697,1
P_518021,W_58783,4,0.757582,1
P_518029,W_132900,0,0.260942,0
P_518072,W_7583,1,0.535828,1
P_518221,W_31383,2,0.2597,0
P_518388,W_137056,1,0.162176,0
P_518403,W_139740,3,0.267429,1
P_518404,W_140437,4,0.309182,0
P_518408,W_140442,2,0.169646,0
P_518452,W_135478,2,0.301044,0
P_518485,W_151781,1,0.305322,0
P_518486,W_149807,2,0.194041,0
P_518490,W_154901,0,0.123007,0
P_518510,W_8673,1,0.054754,0
P_518547,W_151781,1,0.188023,1
P_518999,W_11641,0,0.588366,1
P_51905,W_32595,1,0.33342,0
P_51907,W_32595,1,0.325439,1
P_51909,W_32595,1,0.159739,0
P_51913,W_12168,0,0.433995,0
P_519178,W_111535,0,0.485555,1
P_519179,W_627,2,0.886827,1
P_519282,W_22961,4,0.472048,0
P_519284,W_61207,0,0.715068,0
P_519292,W_40671,4,0.744397,0
P_519293,W_56366,4,0.699799,1
P_519320,W_19353,0,0.6509,1
P_51935,W_7446,1,0.07595,0
P_519417,W_39520,2,0.087087,0
P_51952,W_704,3,0.127659,0
P_51954,W_704,3,0.18526,1
P_519551,W_19955,2,0.133323,0
P_51957,W_704,3,0.166245,1
P_51958,W_704,3,0.24225,0
P_519686,W_4922,0,0.334234,0
P_519705,W_12792,3,0.799301,0
P_519713,W_38517,4,0.719763,1
P_519717,W_4814,4,0.607717,0
P_519804,W_112640,1,0.26505,0
P_51983,W_46288,2,0.304657,0
P_51984,W_7032,0,0.10168,0
P_520102,W_14861,0,0.756261,0
P_520115,W_132686,2,0.368185,0
P_520343,W_109642,2,0.741051,1
P_520348,W_42453,1,0.560798,1
P_520573,W_7229,1,0.862365,1
P_520606,W_3264,4,0.668681,1
P_52062,W_12031,1,0.76974,0
P_52063,W_7580,4,0.748144,1
P_52065,W_4814,4,0.810769,1
P_52066,W_10216,1,0.768285,0
P_520698,W_29060,0,0.534298,1
P_520805,W_29380,0,0.707014,1
P_520806,W_38517,4,0.72833,1
P_520807,W_11794,2,0.68185,1
P_520813,W_4887,1,0.847533,0
P_520816,W_124199,0,0.808609,1
P_520819,W_10852,4,0.622231,0
P_520821,W_4692,0,0.813025,1
P_520823,W_11473,3,0.602449,0
P_520984,W_118823,4,0.423689,1
P_521098,W_26111,3,0.799924,0
P_521104,W_13552,4,0.776296,1
P_521107,W_10845,3,0.548145,1
P_521109,W_27911,0,0.758873,1
P_521110,W_121852,2,0.661984,1
P_521337,W_31725,2,0.702435,1
P_521342,W_55861,0,0.60991,0
P_521403,W_11667,3,0.523033,1
P_521404,W_23770,4,0.724347,1
P_521410,W_4689,3,0.565639,1
P_521411,W_12140,0,0.723265,1
P_521432,W_44435,3,0.773049,1
P_521442,W_20036,0,0.746445,1
P_52150,W_2558,3,0.247101,0
P_521539,W_5095,4,0.550034,0
P_521548,W_7550,2,0.284715,0
P_521550,W_3237,4,0.539417,1
P_521553,W_2081,0,0.312027,1
P_521652,W_10846,1,0.538699,1
P_521717,W_113724,0,0.086067,0
P_52176,W_2974,3,0.028134,0
P_52177,W_52177,2,0.799589,0
P_52178,W_52177,2,0.626028,1
P_52179,W_52177,2,0.855781,1
P_52180,W_52177,2,0.55531,1
P_52194,W_882,0,0.290768,1
P_522115,W_142049,4,0.4991,1
P_522119,W_142049,4,0.794961,1
P_522134,W_142049,4,0.805352,1
P_522135,W_29299,0,0.559342,0
P_522177,W_20769,4,0.632134,1
P_52219,W_11387,1,0.492625,0
P_522192,W_27579,0,0.551652,0
P_52220,W_11387,1,0.138071,0
P_522256,W_10901,2,0.712131,1
P_52227,W_52227,4,0.382783,0
P_522297,W_2427,4,0.378512,0
P_522379,W_9643,0,0.54447,0
P_522413,W_87469,0,0.331906,0
P_522430,W_9812,1,0.444506,0
P_522499,W_1792,3,0.522859,0
P_522505,W_14354,0,0.400719,0
P_522640,W_121296,2,0.619909,1
P_522649,W_47101,0,0.823252,0
P_522650,W_53040,3,0.704609,1
P_522710,W_59952,4,0.690838,1
P_522713,W_33251,0,0.210626,0
P_522714,W_33251,0,0.27547,1
P_522716,W_33251,0,0.247656,0
P_522717,W_33251,0,0.155615,0
P_522729,W_33251,0,0.464396,1
P_52277,W_299,1,0.387489,0
P_522819,W_10237,3,0.27467,0
P_522881,W_3744,2,0.08569,0
P_522887,W_1456,1,0.102253,0
P_522939,W_7249,0,0.178326,0
P_523017,W_33251,0,0.370005,1
P_523045,W_11552,4,0.340552,0
P_523057,W_33251,0,0.198325,1
P_523061,W_33251,0,0.231603,1
P_523071,W_33251,0,0.38489,1
P_5231,W_5231,0,0.387369,0
P_523212,W_52963,2,0.512859,1
P_52324,W_18,0,0.123281,1
P_5233,W_5233,4,0.727592,0
P_523333,W_63854,0,0.811735,1
P_523380,W_27328,1,0.554653,1
P_523545,W_2970,1,0.148191,0
P_523746,W_21695,1,0.353048,0
P_523779,W_64766,0,0.212315,1
P_523785,W_29130,3,0.463539,1
P_523933,W_37947,2,0.444178,0
P_523979,W_59954,2,0.412324,0
P_524004,W_59954,2,0.580053,1
P_524005,W_59954,2,0.694516,1
P_524007,W_59954,2,0.301454,1
P_524008,W_59954,2,0.701735,1
P_524009,W_59954,2,0.704259,1
P_524125,W_4945,3,0.187629,0
P_524288,W_1143,1,0.550903,1
P_524338,W_59954,2,0.557675,0
P_524339,W_103129,0,0.58599,1
P_524341,W_59954,2,0.499464,0
P_524365,W_20185,3,0.420545,1
P_524380,W_2454,3,0.483758,0
P_524453,W_28094,0,0.592735,0
P_524455,W_62433,0,0.690637,1
P_524608,W_20185,3,0.160537,1
P_524684,W_32053,3,0.347908,0
P_52469,W_1305,2,0.119643,1
P_524692,W_4820,4,0.70288,1
P_524700,W_7818,4,0.744272,0
P_524707,W_12159,4,0.614694,1
P_524711,W_662,2,0.390946,0
P_524806,W_93644,0,0.790777,0
P_524883,W_82146,3,0.710872,1
P_524945,W_40251,0,0.579436,1
P_524982,W_20185,3,0.571094,0
P_525015,W_126478,0,0.724682,1
P_525037,W_4692,0,0.700912,1
P_525039,W_20036,0,0.570202,1
P_525040,W_13540,3,0.662851,1
P_525041,W_20088,1,0.740945,1
P_525044,W_4814,4,0.664606,1
P_525195,W_38171,4,0.772555,0
P_525200,W_44137,3,0.706428,1
P_525239,W_20185,3,0.721793,1
P_525243,W_575,4,0.271195,0
P_525282,W_20110,3,0.766109,0
P_52547,W_42311,0,0.552071,0
P_525500,W_21013,2,0.201515,1
P_525513,W_21013,2,0.834305,1
P_525514,W_21013,2,0.51543,0
P_52557,W_17274,1,0.296765,0
P_5257,W_3928,4,0.202471,0
P_525906,W_5388,1,0.442214,0
P_526222,W_175,2,0.283152,0
P_526235,W_10472,0,0.047923,0
P_526244,W_32202,2,0.233269,0
P_526271,W_40971,2,0.80123,1
P_526491,W_146806,4,0.602688,1
P_52650,W_11051,3,0.080729,0
P_52660,W_52660,4,0.440142,0
P_52663,W_580,3,0.439181,0
P_526668,W_6536,2,0.057363,0
P_526770,W_1378,4,0.486873,0
P_526850,W_1143,1,0.068814,0
P_526858,W_23627,1,0.166616,1
P_526874,W_28495,3,0.730532,1
P_526875,W_114408,2,0.778213,1
P_526876,W_13875,4,0.822568,1
P_526878,W_13549,0,0.780825,1
P_526894,W_127547,3,0.876992,1
P_526896,W_9297,4,0.224667,0
P_52703,W_4775,3,0.566411,0
P_527063,W_17662,1,0.167252,0
P_52713,W_623,4,0.794375,1
P_52714,W_5930,0,0.805456,1
P_52718,W_9376,4,0.718403,1
P_527191,W_93655,0,0.51183,1
P_527193,W_37513,1,0.108647,0
P_527203,W_7027,0,0.193108,0
P_527204,W_10931,1,0.139655,0
P_527585,W_37513,1,0.20783,0
P_527629,W_39438,2,0.597325,1
P_527741,W_46851,0,0.566971,0
P_527802,W_1055,2,0.731162,0
P_5283,W_5283,4,0.852542,0
P_52838,W_19955,2,0.350274,1
P_52839,W_19955,2,0.685523,0
P_52843,W_19955,2,0.579277,0
P_52851,W_52851,4,0.273342,0
P_528563,W_39783,4,0.564333,0
P_528599,W_1033,0,0.413928,1
P_528644,W_5697,2,0.066169,0
P_528646,W_73656,0,0.222283,1
P_528659,W_99751,2,0.135698,0
P_528661,W_17662,1,0.140867,0
P_528776,W_5687,2,0.384746,0
P_52896,W_8824,2,0.31465,0
P_529105,W_26939,0,0.564339,0
P_529194,W_38476,0,0.641552,1
P_529238,W_17274,1,0.648113,0
P_52929,W_161,2,0.386258,1
P_52933,W_5461,4,0.564788,1
P_529362,W_9199,0,0.215984,0
P_529495,W_10581,3,0.751537,0
P_52963,W_52963,2,0.473993,0
P_529744,W_11779,3,0.496051,1
P_52978,W_14229,3,0.195832,0
P_529780,W_23627,1,0.435724,1
P_529784,W_70931,1,0.647297,1
P_529791,W_70887,0,0.798074,1
P_529794,W_11667,3,0.826586,0
P_529829,W_564,4,0.072738,0
P_530004,W_704,3,0.104364,1
P_530008,W_13127,4,0.296366,0
P_530021,W_47674,1,0.204543,1
P_530053,W_10848,3,0.696075,0
P_530057,W_10848,3,0.492799,0
P_530080,W_32534,2,0.41739,0
P_530087,W_10848,3,0.692366,1
P_530257,W_124745,0,0.639215,1
P_530261,W_52177,2,0.722352,1
P_530292,W_546,1,0.295961,0
P_530306,W_42997,4,0.318,1
P_530390,W_124745,0,0.723052,0
P_53040,W_53040,3,0.524937,1
P_530402,W_2474,1,0.344028,0
P_53042,W_53040,3,0.689204,1
P_53049,W_53040,3,0.699093,1
P_53050,W_53040,3,0.3244,1
P_530565,W_111535,0,0.435341,1
P_530760,W_19943,3,0.712996,1
P_530818,W_35188,3,0.524429,1
P_530880,W_13204,0,0.149389,0
P_530946,W_25489,1,0.568352,1
P_531026,W_46851,0,0.84658,1
P_531060,W_121548,0,0.165,1
P_531074,W_12460,1,0.55028,1
P_531080,W_1364,3,0.486174,1
P_531222,W_9574,1,0.71338,1
P_531223,W_22948,0,0.831974,1
P_531252,W_111408,0,0.780071,1
P_531253,W_77841,3,0.551398,1
P_531258,W_63101,3,0.795898,0
P_531280,W_114408,2,0.696532,1
P_531285,W_64395,4,0.833056,1
P_531289,W_122254,2,0.756168,1
P_531290,W_20120,1,0.658232,1
P_531292,W_138964,0,0.69765,0
P_531376,W_63932,4,0.520434,0
P_531377,W_142439,3,0.531643,1
P_531426,W_114394,1,0.665619,0
P_531439,W_27919,1,0.760944,1
P_531446,W_114394,1,0.730153,1
P_5316,W_5316,0,0.5004,1
P_53166,W_9507,1,0.464687,0
P_5319,W_5319,3,0.282679,0
P_531945,W_430,3,0.627149,1
P_531974,W_4277,0,0.035979,0
P_531997,W_28784,2,0.39532,1
P_5320,W_5319,3,0.121834,0
P_532066,W_156539,0,0.159286,0
P_532131,W_40034,1,0.51883,1
P_532170,W_29299,0,0.675726,1
P_532176,W_11552,4,0.594267,1
P_532177,W_2673,1,0.43591,0
P_532190,W_10581,3,0.454759,0
P_53240,W_8213,1,0.291599,0
P_532415,W_112640,1,0.120116,0
P_532485,W_3978,1,0.141281,0
P_532537,W_21013,2,0.521829,0
P_53262,W_53262,1,0.649991,1
P_53263,W_53262,1,0.556004,1
P_532673,W_114712,0,0.626521,0
P_532720,W_6093,0,0.427479,1
P_532867,W_59952,4,0.619804,1
P_533113,W_4806,4,0.763412,1
P_533132,W_10212,3,0.583009,1
P_533202,W_4852,1,0.284763,1
P_533334,W_4852,1,0.600888,1
P_533352,W_23767,0,0.718798,1
P_533374,W_52851,4,0.600453,1
P_53351,W_53351,4,0.729661,1
P_53352,W_6807,3,0.378303,0
P_53354,W_53351,4,0.767796,1
P_53356,W_53351,4,0.712251,1
P_53357,W_53351,4,0.634641,1
P_533579,W_11387,1,0.338015,0
P_53369,W_22053,0,0.182841,0
P_533717,W_28184,1,0.756282,0
P_53378,W_20710,2,0.725057,0
P_533796,W_28184,1,0.766024,1
P_533840,W_28184,1,0.386391,1
P_533841,W_12968,4,0.256128,0
P_53385,W_2696,3,0.399051,0
P_533851,W_135493,0,0.127825,0
P_533864,W_135493,0,0.14721,0
P_533874,W_122709,2,0.219627,0
P_53389,W_4922,0,0.308941,1
P_533910,W_11817,2,0.663462,1
P_533932,W_28184,1,0.382133,0
P_5342,W_5342,3,0.370483,0
P_534214,W_121182,0,0.684069,1
P_534241,W_137056,1,0.10429,0
P_534242,W_140442,2,0.463569,0
P_5343,W_5342,3,0.137912,0
P_534335,W_156124,3,0.577649,1
P_534339,W_156124,3,0.784548,1
P_534356,W_13691,1,0.482816,0
P_534410,W_156124,3,0.778729,1
P_534565,W_40702,2,0.515668,1
P_534761,W_156124,3,0.474925,1
P_534768,W_156124,3,0.63358,0
P_53481,W_39525,3,0.223746,0
P_53482,W_564,4,0.094025,0
P_534932,W_32058,1,0.169787,0
P_534961,W_4852,1,0.59918,1
P_535145,W_22556,4,0.27107,0
P_535314,W_40971,2,0.508927,1
P_535333,W_9508,3,0.133898,0
P_535366,W_179,3,0.053449,0
P_535492,W_7878,4,0.641042,1
P_535555,W_117403,2,0.590896,0
P_535558,W_115692,2,0.649994,1
P_535692,W_31091,0,0.602302,1
P_535732,W_55861,0,0.342253,0
P_535740,W_121548,0,0.276886,1
P_536146,W_4939,4,0.737972,1
P_536217,W_123840,1,0.491752,1
P_536219,W_118399,2,0.176172,1
P_5363,W_5363,4,0.857776,1
P_536314,W_79329,3,0.628754,1
P_536375,W_149807,2,0.333219,1
P_536388,W_29487,4,0.743107,1
P_536442,W_1347,4,0.602602,0
P_536470,W_119473,3,0.655168,1
P_536488,W_6453,1,0.782636,1
P_536744,W_18505,1,0.648335,0
P_536812,W_92417,1,0.579706,1
P_53687,W_53687,2,0.622887,1
P_537066,W_129436,1,0.577423,1
P_537137,W_8535,4,0.762822,1
P_537524,W_1795,3,0.188674,0
P_537529,W_994,2,0.088973,0
P_537601,W_4829,4,0.584392,1
P_53765,W_42338,0,0.3613,1
P_537723,W_144326,1,0.042586,0
P_537784,W_13540,3,0.818652,1
P_537786,W_28547,4,0.606928,0
P_537788,W_19985,2,0.717224,1
P_537802,W_4849,1,0.655466,1
P_537831,W_9812,1,0.649769,1
P_537845,W_156124,3,0.274138,0
P_53787,W_5102,0,0.153703,0
P_537947,W_4806,4,0.578316,0
P_53805,W_43088,2,0.030421,0
P_538100,W_42117,0,0.228352,0
P_538354,W_9724,4,0.329115,1
P_538502,W_50523,2,0.645573,1
P_538614,W_11652,0,0.807221,1
P_538616,W_11823,4,0.622825,1
P_53862,W_179,3,0.362777,0
P_53863,W_199,1,0.444263,1
P_538728,W_10141,4,0.433193,0
P_5388,W_5388,1,0.381826,0
P_539199,W_4646,3,0.782931,0
P_539233,W_30668,4,0.719366,0
P_539380,W_4277,0,0.554133,0
P_539468,W_132987,1,0.698205,1
P_53959,W_9092,4,0.560486,0
P_5396,W_5396,1,0.196154,0
P_53960,W_3673,0,0.796251,1
P_53965,W_662,2,0.822076,1
P_53966,W_3552,4,0.732674,1
P_539740,W_14662,4,0.317964,1
P_539744,W_4751,3,0.166697,0
P_53985,W_5461,4,0.517659,1
P_539895,W_108692,1,0.628419,1
P_53997,W_53997,1,0.54519,0
P_539984,W_151781,1,0.361115,0
P_53999,W_53997,1,0.709034,0
P_54000,W_53997,1,0.777702,1
P_540372,W_38476,0,0.463629,0
P_540474,W_627,2,0.761048,0
P_540564,W_4700,1,0.769148,1
P_540608,W_58781,1,0.802109,1
P_540632,W_27328,1,0.798282,1
P_540638,W_20769,4,0.429705,1
P_540799,W_149519,0,0.141579,0
P_540811,W_149807,2,0.350337,1
P_54089,W_6403,3,0.176615,0
P_54092,W_4468,0,0.219006,0
P_540949,W_25150,2,0.571662,0
P_540951,W_97632,1,0.76182,1
P_540981,W_117849,1,0.513686,1
P_54100,W_9004,2,0.342145,0
P_541004,W_35472,2,0.575231,1
P_541006,W_37947,2,0.795273,1
P_541007,W_53997,1,0.543846,0
P_541115,W_24222,4,0.132218,0
P_541126,W_6693,0,0.772579,0
P_541280,W_98311,3,0.482815,1
P_541281,W_40419,2,0.361691,1
P_541290,W_154901,0,0.390439,0
P_541314,W_156539,0,0.299589,0
P_541347,W_856,2,0.127632,0
P_54136,W_27641,3,0.510905,0
P_541431,W_139530,3,0.306133,0
P_541439,W_149519,0,0.357043,0
P_541481,W_13698,1,0.598297,1
P_541484,W_10141,4,0.17168,0
P_541637,W_9297,4,0.574677,0
P_541837,W_39055,4,0.359928,1
P_541845,W_3858,0,0.261015,0
P_541925,W_34568,3,0.770425,1
P_541979,W_7446,1,0.061819,0
P_54204,W_3237,4,0.409098,0
P_54210,W_30326,0,0.225483,0
P_542201,W_59150,0,0.295379,0
P_542204,W_580,3,0.389138,0
P_54230,W_5216,1,0.234892,0
P_542368,W_6417,3,0.774507,0
P_542428,W_22948,0,0.5595,0
P_542468,W_99743,2,0.819614,1
P_542487,W_85332,0,0.27099,0
P_542512,W_12317,3,0.749027,0
P_542535,W_35188,3,0.772249,1
P_542553,W_22965,1,0.801708,1
P_542575,W_76498,4,0.680478,1
P_542638,W_151781,1,0.447623,0
P_542673,W_154901,0,0.107357,0
P_542776,W_34699,3,0.635605,0
P_542854,W_42338,0,0.683285,1
P_542855,W_14662,4,0.603862,1
P_542857,W_152634,0,0.117612,0
P_542870,W_11819,0,0.654329,0
P_542894,W_149807,2,0.318722,0
P_543251,W_156542,3,0.072634,0
P_543267,W_156539,0,0.236181,0
P_543390,W_3497,1,0.341208,1
P_543574,W_159387,1,0.62819,1
P_543672,W_114606,2,0.630607,1
P_543729,W_9297,4,0.60591,0
P_5438,W_5438,3,0.743752,0
P_54402,W_64489,1,0.641887,1
P_544319,W_4767,4,0.655861,1
P_544549,W_6441,4,0.587961,1
P_544551,W_6210,3,0.064816,0
P_544586,W_19789,1,0.6446,1
P_544588,W_3177,2,0.763674,1
P_54461,W_54461,0,0.693198,0
P_544642,W_111952,3,0.802492,1
P_54466,W_54466,2,0.330294,0
P_544675,W_22154,4,0.592707,1
P_544693,W_4690,0,0.617128,1
P_544701,W_46408,1,0.238316,0
P_544729,W_19985,2,0.569758,1
P_544810,W_22936,0,0.17277,1
P_544875,W_111510,2,0.667159,1
P_544877,W_38171,4,0.676085,0
P_54488,W_54466,2,0.107372,0
P_544889,W_2901,0,0.718005,0
P_544890,W_4810,1,0.751017,0
P_544891,W_10576,2,0.647761,0
P_544893,W_109122,1,0.722143,1
P_54490,W_954,4,0.097855,0
P_544903,W_19985,2,0.495871,0
P_54506,W_1478,1,0.171248,0
P_545073,W_20539,3,0.736265,1
P_545087,W_132685,1,0.719392,1
P_545095,W_10913,1,0.646064,1
P_545154,W_10850,3,0.783795,1
P_545155,W_29380,0,0.707244,0
P_545164,W_114810,0,0.737093,0
P_545167,W_4687,2,0.702765,1
P_545172,W_20254,0,0.695516,1
P_545174,W_61933,3,0.391457,1
P_545314,W_111510,2,0.674431,1
P_545544,W_111510,2,0.494605,1
P_545550,W_7261,3,0.397823,0
P_545572,W_111510,2,0.64677,1
P_545610,W_73656,0,0.398557,1
P_545615,W_5687,2,0.486035,1
P_545763,W_11819,0,0.697925,0
P_545764,W_140168,2,0.610366,1
P_545824,W_23142,1,0.382769,0
P_545908,W_39783,4,0.359025,1
P_545941,W_11054,3,0.410494,0
P_546,W_546,1,0.509326,0
P_5461,W_5461,4,0.452336,0
P_546298,W_68897,1,0.171589,0
P_546306,W_434,4,0.127104,1
P_546319,W_184,4,0.338667,0
P_546343,W_123334,2,0.374416,0
P_546359,W_42117,0,0.425844,0
P_546670,W_23525,3,0.649284,1
P_5467,W_5141,0,0.118956,0
P_546725,W_40034,1,0.093269,1
P_546834,W_4843,1,0.839266,0
P_546893,W_5231,0,0.544798,1
P_547036,W_4728,1,0.259217,0
P_547045,W_14379,0,0.581663,1
P_547373,W_118713,2,0.649826,1
P_547375,W_4837,4,0.379604,1
P_54739,W_642,3,0.147126,0
P_547417,W_13875,4,0.599694,1
P_547419,W_4685,2,0.621954,1
P_547651,W_3995,4,0.12533,0
P_547699,W_9350,2,0.849947,1
P_547710,W_144326,1,0.266197,0
P_547797,W_12972,4,0.50751,1
P_547838,W_118713,2,0.672437,1
P_547841,W_5396,1,0.279435,1
P_547842,W_13222,0,0.416775,0
P_547843,W_4945,3,0.519766,0
P_547883,W_11779,3,0.453142,1
P_548131,W_5515,3,0.648384,1
P_54816,W_54816,3,0.563711,0
P_548167,W_11352,1,0.744958,1
P_54817,W_54816,3,0.634989,1
P_548176,W_20769,4,0.444149,0
P_548185,W_13873,4,0.751023,1
P_548377,W_57375,3,0.498862,1
P_548381,W_18507,4,0.751563,1
P_548401,W_4762,3,0.371894,1
P_54845,W_54816,3,0.785155,1
P_548590,W_118543,4,0.137773,0
P_548602,W_134347,3,0.169714,1
P_548717,W_19508,0,0.268052,1
P_548756,W_140437,4,0.164755,0
P_548844,W_21721,1,0.661025,1
P_548846,W_29060,0,0.635387,1
P_548849,W_61207,0,0.723944,0
P_548893,W_132987,1,0.747633,1
P_548959,W_4158,0,0.737229,0
P_548967,W_399,2,0.308304,0
P_549007,W_133525,3,0.287389,0
P_549139,W_9704,2,0.548761,1
P_549220,W_4775,3,0.475731,0
P_54936,W_39520,2,0.107189,0
P_549363,W_135478,2,0.319439,0
P_549377,W_137056,1,0.145995,0
P_549384,W_144354,0,0.031799,0
P_549402,W_2911,0,0.640907,0
P_549523,W_136166,0,0.176545,1
P_549526,W_144326,1,0.226102,0
P_549589,W_132490,2,0.833642,1
P_549814,W_3097,1,0.077621,0
P_549922,W_127392,1,0.748852,1
P_5500,W_5500,4,0.37814,0
P_5501,W_5500,4,0.507677,0
P_550259,W_31091,0,0.417665,0
P_550280,W_117450,0,0.564287,0
P_550306,W_123591,0,0.437274,1
P_550335,W_144326,1,0.075117,0
P_550345,W_118543,4,0.200668,1
P_550436,W_4922,0,0.340649,0
P_550447,W_115251,3,0.784608,1
P_550484,W_156539,0,0.274381,0
P_550548,W_11649,1,0.584133,0
P_550551,W_42338,0,0.666147,1
P_550566,W_118713,2,0.849556,0
P_55068,W_55068,4,0.830211,1
P_55077,W_55068,4,0.287836,1
P_550843,W_2158,3,0.346175,0
P_550878,W_4217,3,0.449287,1
P_550896,W_4646,3,0.794038,1
P_550967,W_9266,1,0.556054,0
P_550968,W_38429,4,0.572981,1
P_550969,W_35472,2,0.767961,1
P_550976,W_4884,3,0.039725,1
P_550978,W_39055,4,0.668484,0
P_551104,W_6163,1,0.643945,0
P_551181,W_11014,1,0.28776,0
P_551198,W_47101,0,0.820852,1
P_551211,W_2911,0,0.696208,1
P_5515,W_5515,3,0.159869,0
P_551673,W_21352,3,0.488203,1
P_551689,W_1308,0,0.357751,1
P_551690,W_23142,1,0.404388,0
P_551847,W_10428,3,0.819958,1
P_551928,W_136166,0,0.12237,0
P_551973,W_24484,1,0.454963,0
P_551988,W_140437,4,0.142133,0
P_552037,W_1456,1,0.305724,1
P_552043,W_1456,1,0.2671,1
P_552137,W_47101,0,0.162002,1
P_552236,W_24473,2,0.148385,0
P_552238,W_64648,2,0.848843,1
P_552281,W_26839,4,0.390209,1
P_552388,W_10849,2,0.540551,1
P_552638,W_6859,1,0.596873,0
P_552639,W_10717,0,0.730235,1
P_552640,W_64513,2,0.710222,1
P_552642,W_20639,4,0.274296,0
P_552649,W_122729,0,0.451968,1
P_552762,W_7249,0,0.332221,1
P_552797,W_151781,1,0.31333,1
P_553039,W_4244,4,0.133714,0
P_553078,W_125147,2,0.749447,0
P_553107,W_19508,0,0.446393,1
P_553199,W_9719,0,0.375726,1
P_553216,W_164640,1,0.059043,0
P_553217,W_164640,1,0.176546,0
P_553317,W_144458,1,0.406486,0
P_553370,W_142497,1,0.115488,1
P_5534,W_5534,4,0.46482,1
P_553427,W_50939,2,0.384962,1
P_553456,W_39783,4,0.72825,0
P_553459,W_13552,4,0.661013,1
P_553478,W_144326,1,0.224683,1
P_553497,W_152634,0,0.290559,0
P_5535,W_5534,4,0.233584,1
P_553538,W_149519,0,0.099874,0
P_553540,W_151781,1,0.320395,0
P_553548,W_149807,2,0.316027,1
P_553549,W_122254,2,0.625283,1
P_553636,W_20639,4,0.074851,0
P_553638,W_2928,1,0.148404,0
P_553656,W_154901,0,0.291282,0
P_553716,W_156539,0,0.203972,0
P_553792,W_2085,3,0.074178,0
P_553837,W_3260,0,0.786578,1
P_553961,W_111854,2,0.806246,1
P_554018,W_26,3,0.171248,0
P_5542,W_3074,2,0.080596,1
P_554280,W_86795,4,0.763095,0
P_554293,W_10216,1,0.778861,1
P_55439,W_799,4,0.52115,1
P_5544,W_3174,2,0.244718,1
P_554436,W_9004,2,0.165507,1
P_554568,W_462,2,0.188944,0
P_554577,W_4779,2,0.515394,1
P_554611,W_82985,4,0.658281,1
P_554691,W_129436,1,0.738779,1
P_554697,W_40702,2,0.790977,1
P_554700,W_13698,1,0.800259,1
P_554771,W_7577,0,0.68529,1
P_554772,W_68063,2,0.481191,1
P_554773,W_15223,3,0.442737,0
P_554868,W_9560,4,0.533058,1
P_554887,W_4922,0,0.168105,0
P_5549,W_5549,1,0.292493,0
P_5550,W_5549,1,0.768951,1
P_555161,W_2158,3,0.619414,1
P_5552,W_5552,4,0.591244,1
P_555513,W_3904,1,0.667659,1
P_555588,W_4810,1,0.788707,1
P_555655,W_4945,3,0.406005,0
P_5557,W_5555,3,0.095203,0
P_555793,W_136518,2,0.644279,1
P_555839,W_87425,0,0.652499,1
P_555859,W_27579,0,0.2747,0
P_5559,W_5555,3,0.081996,0
P_555926,W_23544,1,0.129676,1
P_556004,W_31725,2,0.499879,0
P_556014,W_35188,3,0.756293,1
P_556211,W_19943,3,0.709991,1
P_556481,W_43012,3,0.600085,0
P_556540,W_34728,1,0.299819,1
P_556623,W_142439,3,0.484108,1
P_556677,W_76574,3,0.74033,1
P_556950,W_164640,1,0.053372,0
P_556983,W_121495,2,0.162017,0
P_556987,W_10313,0,0.777292,0
P_556988,W_30552,2,0.576604,0
P_55699,W_4468,0,0.309191,1
P_55702,W_30326,0,0.190066,0
P_557079,W_137056,1,0.239122,0
P_557399,W_13695,1,0.227876,0
P_557403,W_9508,3,0.243452,0
P_557416,W_10313,0,0.394088,1
P_557647,W_149519,0,0.191828,1
P_557654,W_156542,3,0.157521,1
P_557806,W_80336,0,0.59246,1
P_557995,W_159387,1,0.522451,1
P_558276,W_3904,1,0.758977,1
P_558309,W_5912,3,0.412562,0
P_558322,W_20622,0,0.325957,0
P_558332,W_28687,0,0.219802,0
P_558447,W_82877,4,0.697213,1
P_559063,W_11051,3,0.131023,0
P_559328,W_12795,0,0.776089,1
P_559420,W_642,3,0.034349,1
P_559424,W_299,1,0.22573,0
P_559434,W_98152,3,0.125098,1
P_559449,W_817,0,0.222521,0
P_559456,W_546,1,0.407208,0
P_559483,W_5396,1,0.20244,1
P_559486,W_17671,0,0.26814,0
P_559487,W_161,2,0.10787,0
P_559488,W_43088,2,0.021051,0
P_559498,W_4267,0,0.110489,0
P_559611,W_142497,1,0.287641,0
P_559614,W_144354,0,0.140609,0
P_559615,W_144326,1,0.214929,0
P_559737,W_93644,0,0.687547,0
P_559804,W_22948,0,0.843532,1
P_559925,W_108692,1,0.749639,1
P_559927,W_22948,0,0.79756,1
P_560225,W_14809,2,0.532229,1
P_560462,W_12937,3,0.206545,0
P_560470,W_85332,0,0.377734,0
P_5605,W_3170,4,0.146684,0
P_56050,W_7776,3,0.056197,0
P_560662,W_42521,4,0.665142,1
P_56072,W_56072,0,0.069641,0
P_56074,W_7776,3,0.099755,0
P_560770,W_15223,3,0.607721,0
P_560866,W_9719,0,0.475226,1
P_560899,W_29060,0,0.369534,1
P_560913,W_124571,0,0.585584,1
P_56096,W_30424,2,0.543617,1
P_56099,W_4749,1,0.182087,0
P_561150,W_79329,3,0.616263,1
P_56144,W_37513,1,0.09076,0
P_561478,W_6453,1,0.455588,0
P_561494,W_12255,4,0.701432,0
P_561495,W_21721,1,0.661991,0
P_561504,W_7581,1,0.566366,1
P_561533,W_6292,2,0.628106,1
P_5616,W_5616,3,0.582089,0
P_561625,W_11054,3,0.423642,1
P_56165,W_4751,3,0.427702,0
P_56175,W_4751,3,0.638326,1
P_56179,W_10788,1,0.680645,0
P_561910,W_40251,0,0.42943,1
P_562117,W_131020,0,0.392391,0
P_562143,W_33251,0,0.084907,0
P_562197,W_156542,3,0.137971,0
P_562222,W_145365,1,0.185178,0
P_562366,W_7776,3,0.140259,0
P_56239,W_56239,3,0.652295,0
P_56240,W_56239,3,0.650883,0
P_562401,W_30246,1,0.742024,1
P_562410,W_150660,4,0.787351,1
P_562431,W_5294,1,0.733128,1
P_56251,W_56239,3,0.803828,1
P_56253,W_56239,3,0.701565,1
P_56254,W_56239,3,0.645212,1
P_562540,W_11473,3,0.616782,1
P_562545,W_115728,4,0.143839,0
P_56256,W_11051,3,0.201231,0
P_56257,W_9276,3,0.383333,1
P_562575,W_64445,2,0.101228,0
P_562577,W_68897,1,0.348824,1
P_56261,W_5342,3,0.280193,0
P_562819,W_10065,3,0.283578,0
P_562820,W_14238,2,0.430042,0
P_562864,W_656,1,0.266757,0
P_562890,W_17053,4,0.178997,0
P_562896,W_13693,4,0.501481,1
P_562938,W_28687,0,0.361192,0
P_562940,W_91832,4,0.69022,0
P_562941,W_20541,3,0.698205,0
P_56331,W_15519,4,0.392511,0
P_56334,W_7279,4,0.265491,0
P_56336,W_625,0,0.250655,0
P_56337,W_375,4,0.551318,0
P_56339,W_37776,3,0.515361,0
P_563416,W_7552,2,0.191757,1
P_563430,W_10788,1,0.072838,1
P_56346,W_799,4,0.282509,0
P_563612,W_2393,1,0.198635,0
P_563619,W_1282,2,0.259355,0
P_563625,W_3077,4,0.622852,1
P_563706,W_5724,1,0.051808,0
P_563708,W_5724,1,0.170434,0
P_563712,W_5724,1,0.164574,0
P_563714,W_5724,1,0.074153,0
P_563733,W_76498,4,0.494597,1
P_563802,W_5724,1,0.643021,1
P_563806,W_5724,1,0.226361,0
P_563833,W_5724,1,0.105691,0
P_563875,W_142497,1,0.428026,1
P_563893,W_20710,2,0.745755,1
P_563897,W_56239,3,0.726607,1
P_563898,W_2759,3,0.806001,1
P_563920,W_4690,0,0.830443,1
P_563960,W_4689,3,0.560828,1
P_563963,W_19943,3,0.586557,1
P_563964,W_22936,0,0.797657,1
P_563965,W_82146,3,0.801562,0
P_563967,W_22154,4,0.692834,1
P_563987,W_106883,4,0.674657,1
P_563991,W_9158,1,0.623178,0
P_564520,W_4846,1,0.765822,1
P_56454,W_8850,2,0.543142,0
P_564609,W_9350,2,0.673041,0
P_564617,W_19985,2,0.31532,1
P_564727,W_3092,1,0.356658,0
P_564801,W_132685,1,0.356259,0
P_564818,W_139588,2,0.430019,1
P_564850,W_77841,3,0.429496,1
P_564866,W_69914,4,0.353716,0
P_564931,W_47901,1,0.236116,0
P_565,W_564,4,0.238816,1
P_565061,W_25030,1,0.044535,0
P_56509,W_3145,2,0.071684,0
P_565194,W_140442,2,0.148193,0
P_565203,W_140437,4,0.178561,0
P_565407,W_118399,2,0.805408,1
P_5655,W_5655,3,0.668915,1
P_566008,W_56072,0,0.069353,0
P_566037,W_135478,2,0.216566,0
P_566046,W_135493,0,0.106068,0
P_566053,W_137056,1,0.260264,0
P_566107,W_6216,3,0.453217,0
P_566131,W_80336,0,0.645902,1
P_56622,W_2970,1,0.184961,0
P_56626,W_3061,1,0.177385,0
P_56633,W_11516,4,0.664116,0
P_566345,W_122709,2,0.263998,0
P_566425,W_134347,3,0.060156,0
P_566904,W_127547,3,0.736026,1
P_566929,W_12937,3,0.24246,1
P_56693,W_11014,1,0.104625,0
P_567064,W_7584,0,0.741129,1
P_567088,W_3211,3,0.529515,0
P_567089,W_5141,0,0.304006,0
P_567446,W_17274,1,0.538632,0
P_567629,W_142497,1,0.102855,0
P_567634,W_144458,1,0.218015,0
P_567864,W_28493,4,0.665545,0
P_567866,W_6403,3,0.428787,1
P_567869,W_6163,1,0.41341,1
P_567899,W_145365,1,0.166861,0
P_568015,W_121401,4,0.809068,0
P_568060,W_272,0,0.159081,0
P_568066,W_20414,1,0.173046,0
P_568078,W_38476,0,0.726694,1
P_568094,W_22936,0,0.821085,0
P_568101,W_22961,4,0.734032,1
P_568102,W_22926,4,0.750188,1
P_568106,W_132686,2,0.603636,1
P_568110,W_82200,4,0.764182,1
P_56820,W_5912,3,0.641419,0
P_56827,W_375,4,0.488978,0
P_56829,W_31091,0,0.572173,0
P_568314,W_3995,4,0.103885,0
P_568648,W_52963,2,0.417303,0
P_568766,W_68897,1,0.375987,1
P_56879,W_5342,3,0.310414,0
P_568989,W_817,0,0.52387,0
P_569004,W_367,1,0.276704,0
P_569008,W_11014,1,0.192233,0
P_569197,W_13540,3,0.240743,1
P_569262,W_132685,1,0.612756,1
P_569265,W_46288,2,0.377298,1
P_569282,W_53262,1,0.739939,1
P_569284,W_38476,0,0.596147,0
P_569401,W_111952,3,0.704472,1
P_569520,W_1983,3,0.175995,0
P_569597,W_17274,1,0.662857,0
P_569599,W_76574,3,0.584538,1
P_5697,W_5697,2,0.125523,0
P_5698,W_5697,2,0.12882,0
P_5700,W_2085,3,0.030049,0
P_570035,W_9262,1,0.755973,1
P_570267,W_97414,3,0.35526,0
P_570586,W_121401,4,0.635753,1
P_571011,W_284,2,0.509177,1
P_571029,W_10603,4,0.73472,1
P_571041,W_132685,1,0.685644,0
P_57137,W_434,4,0.511728,1
P_571378,W_14861,0,0.602073,0
P_57141,W_20639,4,0.108582,0
P_57144,W_1017,2,0.174247,0
P_57149,W_20639,4,0.219669,0
P_571601,W_164640,1,0.2762,0
P_57162,W_13523,4,0.538386,1
P_571692,W_83296,4,0.650012,0
P_57181,W_4751,3,0.413402,0
P_57182,W_4751,3,0.463149,0
P_571935,W_40199,4,0.597829,0
P_572064,W_15385,4,0.463809,1
P_572157,W_6784,3,0.360138,0
P_572172,W_32408,2,0.606887,1
P_572225,W_123840,1,0.697945,1
P_572295,W_32408,2,0.435553,0
P_57234,W_5930,0,0.148335,0
P_57236,W_94,3,0.416144,0
P_5724,W_5724,1,0.098797,0
P_572467,W_12795,0,0.729107,0
P_5725,W_5724,1,0.488544,1
P_572787,W_132900,0,0.086378,0
P_572795,W_137056,1,0.091186,0
P_572871,W_10141,4,0.322026,1
P_572876,W_10141,4,0.273483,0
P_572928,W_46408,1,0.200331,0
P_572960,W_145365,1,0.107751,0
P_572994,W_164640,1,0.147551,0
P_573036,W_139530,3,0.112508,0
P_573052,W_139740,3,0.260442,0
P_573058,W_64650,2,0.686765,1
P_573060,W_140437,4,0.195573,1
P_573068,W_142497,1,0.299025,0
P_573124,W_9719,0,0.351436,0
P_573186,W_20539,3,0.33184,0
P_57349,W_3203,1,0.194797,0
P_573502,W_134347,3,0.063821,0
P_573527,W_151781,1,0.446462,0
P_573629,W_112910,4,0.706228,0
P_573641,W_9665,2,0.631401,0
P_573645,W_11779,3,0.483593,1
P_573646,W_50379,1,0.779612,1
P_573657,W_11779,3,0.722908,1
P_57378,W_57375,3,0.20629,1
P_573812,W_74362,3,0.585422,0
P_573842,W_13693,4,0.442695,0
P_573887,W_24484,1,0.662233,0
P_573892,W_44137,3,0.794578,1
P_573961,W_156539,0,0.201552,0
P_574011,W_38429,4,0.703216,0
P_574095,W_4683,2,0.795944,1
P_574173,W_10902,1,0.70632,1
P_574187,W_11014,1,0.457557,0
P_574265,W_10685,2,0.634304,1
P_574540,W_65049,3,0.69289,0
P_574541,W_2301,3,0.606802,1
P_574615,W_4852,1,0.424347,1
P_574623,W_109642,2,0.330123,0
P_574627,W_5294,1,0.751921,0
P_574632,W_44435,3,0.583397,1
P_574635,W_63854,0,0.54305,1
P_57482,W_775,0,0.283359,1
P_575,W_575,4,0.369674,0
P_575015,W_117403,2,0.500263,1
P_575188,W_4158,0,0.357084,1
P_575216,W_121401,4,0.509951,0
P_575318,W_399,2,0.395229,0
P_575495,W_42338,0,0.269651,0
P_575614,W_144648,4,0.102991,1
P_575626,W_83871,4,0.754997,1
P_575751,W_6097,3,0.358208,1
P_57583,W_6417,3,0.590902,0
P_575861,W_399,2,0.27455,1
P_575877,W_32058,1,0.668841,1
P_576,W_575,4,0.553393,1
P_576088,W_47674,1,0.066919,0
P_576292,W_1378,4,0.403963,0
P_576295,W_9704,2,0.759363,1
P_576398,W_3353,4,0.518892,0
P_576559,W_63854,0,0.545422,1
P_577310,W_11249,0,0.543028,0
P_577346,W_34699,3,0.589843,1
P_577422,W_10581,3,0.66166,1
P_577492,W_9644,4,0.63545,1
P_577630,W_53262,1,0.603617,0
P_577632,W_10847,1,0.660493,1
P_577633,W_93655,0,0.644752,1
P_577635,W_4867,0,0.696351,1
P_577637,W_34353,3,0.459956,0
P_577639,W_3839,2,0.732044,1
P_577722,W_50523,2,0.303041,0
P_577724,W_54461,0,0.626641,1
P_577725,W_12460,1,0.444345,0
P_577733,W_3744,2,0.302658,0
P_577734,W_148,4,0.647648,1
P_577736,W_54466,2,0.3103,0
P_57777,W_40251,0,0.632568,1
P_57786,W_462,2,0.200481,0
P_578090,W_134622,4,0.156247,0
P_57811,W_3928,4,0.516518,1
P_578110,W_149519,0,0.15824,0
P_578255,W_5368,3,0.287314,0
P_57844,W_2407,2,0.134444,0
P_578630,W_8202,2,0.096305,0
P_578632,W_6784,3,0.433934,0
P_578633,W_4945,3,0.161125,0
P_57889,W_17866,2,0.121921,1
P_579004,W_54461,0,0.201124,0
P_579043,W_30246,1,0.473936,0
P_579075,W_9262,1,0.632608,1
P_579404,W_22154,4,0.713219,1
P_57946,W_7550,2,0.473104,0
P_57967,W_30424,2,0.433289,0
P_579834,W_7213,0,0.765262,1
P_579858,W_3964,1,0.280529,1
P_57991,W_6394,2,0.663454,1
P_579923,W_63932,4,0.441147,0
P_579930,W_7229,1,0.706482,0
P_579931,W_34699,3,0.612058,1
P_579932,W_29487,4,0.734981,1
P_579933,W_4837,4,0.382798,0
P_579937,W_4854,1,0.652794,0
P_580,W_580,3,0.173814,0
P_580109,W_129436,1,0.733144,1
P_580114,W_53351,4,0.577292,1
P_580319,W_26939,0,0.584096,0
P_580351,W_56781,0,0.444135,1
P_580363,W_5552,4,0.604931,1
P_580402,W_6536,2,0.218699,0
P_580404,W_3529,2,0.434521,0
P_580408,W_4726,0,0.105488,0
P_580411,W_5616,3,0.151951,1
P_58076,W_23767,0,0.606216,0
P_580984,W_10838,2,0.692474,1
P_580987,W_114608,4,0.775212,0
P_581061,W_14861,0,0.585903,0
P_58117,W_546,1,0.397041,0
P_58118,W_546,1,0.323152,0
P_58119,W_546,1,0.601591,0
P_58120,W_546,1,0.397594,0
P_58121,W_1378,4,0.662647,0
P_581238,W_1364,3,0.752532,1
P_58126,W_46408,1,0.122384,0
P_581288,W_7495,0,0.384879,0
P_581415,W_775,0,0.259217,0
P_581416,W_1376,1,0.471396,0
P_581428,W_117849,1,0.176185,0
P_581480,W_39525,3,0.031184,0
P_58175,W_7552,2,0.252866,0
P_58179,W_841,1,0.22892,0
P_581870,W_27641,3,0.423506,1
P_582337,W_4755,3,0.705344,1
P_58260,W_10428,3,0.37215,0
P_582692,W_10849,2,0.598424,1
P_582991,W_199,1,0.208955,0
P_583111,W_37513,1,0.078471,0
P_583116,W_4749,1,0.143208,0
P_583145,W_127392,1,0.575658,0
P_583156,W_6549,2,0.154768,0
P_583700,W_11484,3,0.761733,1
P_583959,W_42488,0,0.722193,1
P_584013,W_44137,3,0.778846,1
P_584309,W_64766,0,0.101014,0
P_584379,W_23627,1,0.446988,1
P_584390,W_7084,0,0.251778,0
P_58442,W_41771,1,0.510384,0
P_584655,W_23770,4,0.559485,0
P_584657,W_4704,4,0.765384,1
P_584719,W_148,4,0.541814,1
P_584830,W_53687,2,0.48608,1
P_58494,W_1143,1,0.080686,0
P_585050,W_5141,0,0.158523,0
P_585111,W_11552,4,0.283424,0
P_585266,W_775,0,0.249309,0
P_585340,W_32062,0,0.516987,0
P_585359,W_10845,3,0.796557,0
P_585381,W_51795,4,0.608449,1
P_585388,W_31360,2,0.789022,0
P_585411,W_115251,3,0.570241,1
P_585412,W_6210,3,0.50852,1
P_585453,W_9132,3,0.295118,0
P_585901,W_42488,0,0.600771,0
P_585903,W_115707,2,0.581897,1
P_585904,W_86795,4,0.769746,0
P_585906,W_13687,3,0.903674,0
P_585940,W_2145,0,0.589586,1
P_585955,W_2145,0,0.727456,1
P_586077,W_4779,2,0.28722,0
P_586260,W_40702,2,0.416319,1
P_586262,W_64372,3,0.751881,0
P_586271,W_9158,1,0.733541,1
P_586274,W_12159,4,0.594476,1
P_586320,W_5912,3,0.461887,0
P_586399,W_42311,0,0.574065,1
P_586405,W_31327,2,0.635745,0
P_586429,W_3245,3,0.694976,0
P_586430,W_64372,3,0.561994,0
P_586442,W_101001,4,0.740875,1
P_586476,W_8673,1,0.05432,0
P_586498,W_135726,0,0.525013,0
P_586532,W_23767,0,0.722218,1
P_586567,W_26542,4,0.572348,1
P_586568,W_101001,4,0.696954,1
P_586570,W_20088,1,0.660266,0
P_586704,W_159387,1,0.626648,1
P_586738,W_144354,0,0.119185,0
P_586782,W_139530,3,0.158185,0
P_586802,W_9644,4,0.47415,1
P_586855,W_9665,2,0.680267,0
P_586856,W_36064,4,0.197387,0
P_587052,W_434,4,0.262469,1
P_587099,W_29045,2,0.666012,1
P_587305,W_43012,3,0.531513,0
P_587352,W_99743,2,0.712342,1
P_587585,W_7583,1,0.632053,0
P_587747,W_11652,0,0.681985,1
P_587780,W_1362,1,0.809266,1
P_587796,W_11516,4,0.615721,0
P_58781,W_58781,1,0.45881,1
P_58783,W_58783,4,0.646589,1
P_587970,W_15521,2,0.278463,0
P_588077,W_12135,4,0.495671,1
P_588151,W_12992,4,0.593856,1
P_588154,W_841,1,0.181117,0
P_588199,W_124571,0,0.820088,1
P_588213,W_8824,2,0.352717,0
P_588447,W_151781,1,0.241709,0
P_588455,W_144354,0,0.095235,0
P_5886,W_2768,4,0.145189,1
P_588614,W_9703,3,0.632268,1
P_588667,W_20122,4,0.549282,0
P_588670,W_132686,2,0.514875,0
P_588849,W_153900,4,0.448621,0
P_58894,W_30326,0,0.466713,0
P_588999,W_164640,1,0.105327,0
P_58900,W_4468,0,0.473599,1
P_589133,W_4846,1,0.724038,1
P_589135,W_4846,1,0.761135,1
P_589137,W_12135,4,0.578182,1
P_589179,W_144458,1,0.536591,0
P_58920,W_677,0,0.256049,0
P_58937,W_6616,4,0.056336,0
P_589525,W_121495,2,0.240066,0
P_589669,W_50523,2,0.729476,1
P_589687,W_4884,3,0.377495,0
P_589691,W_52227,4,0.292258,0
P_589725,W_140437,4,0.204387,0
P_589939,W_5917,2,0.696359,1
P_590082,W_150625,0,0.752653,1
P_590300,W_21828,3,0.192184,0
P_590311,W_13540,3,0.857615,1
P_590319,W_9574,1,0.66907,1
P_590320,W_111656,0,0.76203,1
P_590322,W_7818,4,0.700328,1
P_590323,W_11859,4,0.639635,1
P_590349,W_12137,0,0.687949,1
P_590385,W_71702,3,0.66205,1
P_590388,W_22154,4,0.747462,1
P_590403,W_4687,2,0.63536,1
P_590424,W_56239,3,0.761264,1
P_590426,W_39783,4,0.732038,1
P_590429,W_4690,0,0.601592,1
P_590541,W_22945,0,0.672907,1
P_590605,W_19912,3,0.448506,0
P_590608,W_19912,3,0.529636,0
P_590617,W_40702,2,0.267942,0
P_590640,W_40702,2,0.425426,0
P_590773,W_11817,2,0.691365,0
P_590800,W_115692,2,0.74197,1
P_59082,W_6216,3,0.302864,1
P_59099,W_14662,4,0.273872,0
P_59102,W_4865,4,0.406863,0
P_59103,W_21826,2,0.572924,1
P_591160,W_31383,2,0.658912,0
P_591181,W_9507,1,0.504,0
P_591183,W_37513,1,0.049531,0
P_591184,W_23544,1,0.29495,0
P_5912,W_5912,3,0.524416,0
P_591373,W_118543,4,0.18912,0
P_591381,W_122709,2,0.166356,0
P_591385,W_134347,3,0.04523,0
P_591387,W_135493,0,0.141635,0
P_591388,W_5534,4,0.171754,1
P_59149,W_42054,1,0.264387,0
P_59152,W_59150,0,0.21083,0
P_591547,W_152634,0,0.169174,0
P_59169,W_26988,2,0.334145,1
P_5917,W_5917,2,0.48004,0
P_5918,W_5917,2,0.125534,0
P_592007,W_243,0,0.41163,1
P_592017,W_8872,4,0.654039,1
P_59203,W_42453,1,0.480659,0
P_59204,W_42453,1,0.525075,1
P_592111,W_137056,1,0.12551,0
P_592261,W_144458,1,0.152146,0
P_592262,W_151781,1,0.301499,1
P_592305,W_137056,1,0.175407,0
P_592511,W_74362,3,0.744217,0
P_592539,W_139530,3,0.219719,0
P_592543,W_140437,4,0.337174,0
P_592547,W_140442,2,0.483241,0
P_592553,W_142497,1,0.234025,0
P_592560,W_145365,1,0.293469,0
P_592561,W_152634,0,0.504488,0
P_592566,W_156539,0,0.206203,1
P_592587,W_164640,1,0.187762,0
P_592653,W_28221,2,0.627104,1
P_592661,W_24484,1,0.568323,0
P_592663,W_4854,1,0.730874,1
P_592664,W_3099,2,0.563633,1
P_592818,W_134347,3,0.092717,0
P_592823,W_961,0,0.331949,0
P_592898,W_20769,4,0.809317,1
P_592961,W_136166,0,0.17069,0
P_592963,W_149519,0,0.260426,0
P_592982,W_144458,1,0.127685,0
P_592989,W_156542,3,0.20436,0
P_5930,W_5930,0,0.204211,0
P_593005,W_156539,0,0.152973,0
P_593008,W_154901,0,0.211002,0
P_593063,W_113615,4,0.412791,1
P_593068,W_136166,0,0.121624,0
P_593081,W_1353,0,0.453958,0
P_593119,W_27919,1,0.790347,1
P_593148,W_76498,4,0.271297,1
P_593151,W_53351,4,0.207844,1
P_593155,W_22965,1,0.570321,1
P_593181,W_54466,2,0.459801,0
P_593182,W_22965,1,0.767156,1
P_59319,W_59319,4,0.670696,1
P_593296,W_144354,0,0.056755,0
P_593304,W_134622,4,0.155001,0
P_593428,W_12135,4,0.596826,1
P_593495,W_4694,4,0.727498,0
P_593529,W_42054,1,0.70138,1
P_593532,W_145365,1,0.182781,0
P_593575,W_86795,4,0.631384,0
P_593629,W_1364,3,0.795852,0
P_593638,W_144648,4,0.487668,1
P_593685,W_27579,0,0.336973,0
P_593711,W_53997,1,0.782803,1
P_593771,W_10065,3,0.379219,1
P_5938,W_817,0,0.294121,0
P_593821,W_367,1,0.156536,0
P_593863,W_3321,2,0.223,1
P_593874,W_12937,3,0.306727,1
P_593930,W_134347,3,0.041543,0
P_593981,W_156539,0,0.29769,0
P_594,W_594,1,0.074517,0
P_594103,W_13216,3,0.497062,0
P_594119,W_139740,3,0.059375,0
P_594137,W_154901,0,0.286192,0
P_594168,W_145365,1,0.104733,0
P_594174,W_152634,0,0.177748,0
P_594202,W_137056,1,0.076992,0
P_594204,W_140442,2,0.350786,0
P_594205,W_139530,3,0.089469,0
P_594215,W_139740,3,0.252872,0
P_594234,W_144458,1,0.209549,0
P_594237,W_144326,1,0.197816,1
P_594335,W_135478,2,0.325787,0
P_594348,W_134622,4,0.128898,0
P_59457,W_44435,3,0.577497,1
P_59461,W_24222,4,0.079454,0
P_594632,W_114608,4,0.645061,1
P_594655,W_117417,4,0.582083,1
P_594694,W_3928,4,0.096188,0
P_594745,W_4816,2,0.647784,1
P_595,W_594,1,0.086286,0
P_595165,W_3997,3,0.181641,0
P_595198,W_9571,2,0.513927,1
P_5952,W_2930,3,0.181085,1
P_59530,W_7229,1,0.611813,0
P_595412,W_164640,1,0.160932,0
P_595434,W_15223,3,0.475848,1
P_595441,W_4854,1,0.644496,1
P_595445,W_81722,2,0.684101,1
P_595448,W_3266,0,0.692428,1
P_595450,W_34699,3,0.518071,0
P_595451,W_29487,4,0.653621,1
P_595513,W_11484,3,0.764055,1
P_59552,W_10838,2,0.618081,1
P_595535,W_4696,4,0.776723,1
P_595707,W_14662,4,0.58519,0
P_595786,W_2976,2,0.680512,0
P_595849,W_14599,4,0.528417,1
P_5959,W_5958,0,0.173577,0
P_595924,W_5342,3,0.268617,0
P_595925,W_9508,3,0.222357,0
P_595945,W_27328,1,0.420613,0
P_596039,W_5915,0,0.781914,1
P_596242,W_8937,0,0.117839,0
P_596326,W_111510,2,0.756005,1
P_596355,W_109642,2,0.495681,0
P_596477,W_121852,2,0.801553,0
P_5965,W_383,3,0.40088,0
P_5966,W_4728,1,0.135248,1
P_59672,W_184,4,0.621182,0
P_596728,W_112006,2,0.580839,0
P_596747,W_129436,1,0.724726,0
P_596762,W_11473,3,0.725583,1
P_596870,W_4767,4,0.278257,0
P_596919,W_144458,1,0.274665,0
P_59778,W_10237,3,0.2082,0
P_597838,W_24484,1,0.802055,1
P_597883,W_625,0,0.735982,1
P_597986,W_7202,3,0.768695,1
P_597992,W_4854,1,0.708408,1
P_59851,W_30424,2,0.59385,1
P_59869,W_44435,3,0.303378,1
P_599152,W_73656,0,0.606279,1
P_599287,W_73656,0,0.261149,1
P_599291,W_6441,4,0.49096,1
P_59937,W_12135,4,0.619882,1
P_599382,W_152634,0,0.311809,0
P_599401,W_149807,2,0.332055,0
P_599444,W_118399,2,0.791868,1
P_599729,W_5687,2,0.254731,0
P_600433,W_58781,1,0.544222,0
P_600503,W_40971,2,0.565707,0
P_600532,W_4887,1,0.815097,1
P_600535,W_30668,4,0.788717,1
P_600568,W_2474,1,0.465647,1
P_600738,W_115692,2,0.620423,1
P_60106,W_1596,1,0.548853,0
P_601692,W_2673,1,0.423679,0
P_601702,W_5440,3,0.669056,1
P_601705,W_12137,0,0.398593,0
P_601718,W_135478,2,0.387412,0
P_601794,W_21025,2,0.601361,1
P_602001,W_4841,1,0.638917,1
P_602051,W_2968,4,0.855351,1
P_602054,W_42997,4,0.574236,1
P_60208,W_175,2,0.415795,0
P_60216,W_679,2,0.345259,0
P_60217,W_1795,3,0.316199,0
P_602469,W_8673,1,0.044767,0
P_602728,W_69970,2,0.414313,1
P_602882,W_9276,3,0.244504,1
P_60324,W_2673,1,0.384874,0
P_603269,W_3978,1,0.265707,0
P_603294,W_12135,4,0.716687,1
P_603357,W_4642,1,0.699275,1
P_603653,W_118543,4,0.163141,1
P_60386,W_11841,4,0.126652,0
P_603876,W_57375,3,0.387594,1
P_60398,W_706,0,0.818994,1
P_604504,W_10641,3,0.521639,0
P_604547,W_111535,0,0.052581,0
P_604582,W_53997,1,0.752429,1
P_60463,W_28547,4,0.502762,0
P_604838,W_6292,2,0.339082,0
P_604962,W_4066,1,0.326173,0
P_60498,W_25621,3,0.41021,0
P_605011,W_39438,2,0.632565,1
P_605065,W_10845,3,0.691207,1
P_605069,W_111991,0,0.379193,0
P_605086,W_1478,1,0.637186,1
P_605318,W_121495,2,0.05279,0
P_605327,W_115814,2,0.194047,0
P_605371,W_25000,4,0.014365,0
P_605775,W_92616,2,0.603729,1
P_605970,W_115054,1,0.376634,0
P_606043,W_124199,0,0.67998,0
P_606047,W_243,0,0.336095,0
P_60605,W_2474,1,0.729856,1
P_60623,W_8673,1,0.279964,0
P_606285,W_11657,1,0.320078,0
P_606911,W_35389,4,0.699637,1
P_606994,W_5555,3,0.173966,0
P_607048,W_25489,1,0.550731,1
P_60714,W_97632,1,0.689319,0
P_607353,W_101220,0,0.810891,0
P_60753,W_7084,0,0.228602,0
P_607658,W_140168,2,0.6833,0
P_607667,W_140168,2,0.557895,1
P_607843,W_52227,4,0.255301,0
P_608292,W_122709,2,0.410547,0
P_608405,W_40120,3,0.56513,1
P_608422,W_140168,2,0.661552,0
P_608546,W_11516,4,0.533493,0
P_60871,W_1409,4,0.13497,0
P_608786,W_140168,2,0.725727,1
P_608852,W_841,1,0.331683,1
P_608886,W_98311,3,0.660566,1
P_60891,W_5283,4,0.668003,0
P_609019,W_12255,4,0.750379,0
P_609023,W_124199,0,0.654837,0
P_609024,W_243,0,0.650819,0
P_609090,W_6693,0,0.134945,0
P_60910,W_4779,2,0.625706,0
P_60914,W_1769,0,0.389508,0
P_609289,W_4728,1,0.071744,0
P_609362,W_14229,3,0.229122,0
P_609804,W_142439,3,0.63554,1
P_609858,W_114947,1,0.457824,0
P_609991,W_3997,3,0.416964,1
P_610231,W_199,1,0.368303,0
P_610361,W_179,3,0.117654,0
P_610419,W_93644,0,0.59433,1
P_610469,W_159387,1,0.329937,1
P_610482,W_11535,0,0.720072,1
P_610655,W_57375,3,0.329375,1
P_610718,W_69073,2,0.481921,1
P_610800,W_111535,0,0.132434,0
P_611088,W_112910,4,0.721081,1
P_611093,W_50379,1,0.820267,1
P_611159,W_23767,0,0.577714,0
P_611163,W_13552,4,0.710768,1
P_611192,W_7577,0,0.644816,1
P_611230,W_12159,4,0.810367,1
P_611236,W_18507,4,0.615452,1
P_611237,W_22936,0,0.656798,1
P_611241,W_27164,2,0.656873,1
P_611259,W_127392,1,0.801398,1
P_611400,W_56239,3,0.557832,0
P_611403,W_8203,4,0.69453,1
P_611431,W_39786,3,0.375199,0
P_611432,W_42311,0,0.273928,0
P_61153,W_642,3,0.048371,0
P_611626,W_121401,4,0.80879,1
P_611661,W_97414,3,0.571537,1
P_611683,W_14501,0,0.41101,1
P_61169,W_246,1,0.132222,0
P_611808,W_32531,0,0.726586,0
P_61185,W_14599,4,0.590379,1
P_61190,W_39055,4,0.24319,0
P_611966,W_29045,2,0.374855,1
P_61199,W_47101,0,0.372271,1
P_61209,W_61207,0,0.726971,1
P_61214,W_61207,0,0.620358,0
P_61217,W_61207,0,0.716587,0
P_61219,W_3145,2,0.129134,0
P_61220,W_775,0,0.358244,0
P_61273,W_8387,2,0.515714,1
P_61274,W_6870,3,0.511253,0
P_61293,W_28687,0,0.527705,1
P_61294,W_47901,1,0.161883,0
P_613002,W_139740,3,0.034561,0
P_613006,W_118849,3,0.303892,0
P_61302,W_26941,1,0.401083,1
P_613023,W_6464,3,0.044266,0
P_613025,W_5687,2,0.556609,0
P_61307,W_10144,4,0.047359,0
P_61308,W_7583,1,0.772071,1
P_613137,W_9004,2,0.125951,0
P_61348,W_22,0,0.411688,1
P_613488,W_122729,0,0.417399,0
P_61352,W_11249,0,0.374457,0
P_61353,W_1454,0,0.298171,1
P_613548,W_125863,1,0.617813,0
P_61356,W_462,2,0.458007,0
P_61358,W_21352,3,0.172698,0
P_61359,W_9199,0,0.078394,0
P_61362,W_6093,0,0.197089,0
P_613629,W_3978,1,0.455135,1
P_613638,W_401,2,0.631019,1
P_614099,W_4806,4,0.382685,1
P_614159,W_2759,3,0.742002,1
P_614322,W_17662,1,0.257169,0
P_61448,W_6939,1,0.265389,0
P_61456,W_13208,1,0.116093,0
P_614954,W_156542,3,0.162999,1
P_615033,W_68472,3,0.279311,0
P_61539,W_39525,3,0.051195,0
P_615422,W_123334,2,0.638681,0
P_61574,W_5930,0,0.288543,0
P_6158,W_3353,4,0.611288,1
P_615821,W_120968,2,0.390928,1
P_616093,W_52851,4,0.38237,0
P_6163,W_6163,1,0.459994,0
P_61634,W_7776,3,0.077725,0
P_616827,W_113615,4,0.458839,0
P_616909,W_50523,2,0.418356,1
P_617114,W_70931,1,0.684128,1
P_617118,W_11358,1,0.33232,0
P_617129,W_4806,4,0.497295,0
P_61714,W_33804,0,0.673962,0
P_617170,W_3744,2,0.113569,0
P_617270,W_117883,0,0.477693,1
P_617970,W_56781,0,0.470467,1
P_618342,W_20049,1,0.850764,1
P_618370,W_123334,2,0.474898,1
P_618654,W_111991,0,0.577002,0
P_618688,W_17671,0,0.230437,1
P_618893,W_29130,3,0.354916,0
P_619014,W_129296,1,0.570734,1
P_619019,W_27641,3,0.696166,1
P_61923,W_61921,0,0.626181,1
P_619233,W_6097,3,0.536773,1
P_61924,W_61921,0,0.677061,1
P_61927,W_61921,0,0.57909,1
P_61929,W_61921,0,0.403078,1
P_61933,W_61933,3,0.391933,0
P_61934,W_61933,3,0.601233,1
P_619342,W_126478,0,0.679538,1
P_61935,W_61933,3,0.454258,0
P_61936,W_61933,3,0.32618,1
P_61939,W_61933,3,0.684112,1
P_619468,W_40120,3,0.207546,1
P_619514,W_17053,4,0.061682,0
P_619653,W_98152,3,0.391213,1
P_619665,W_20257,1,0.628192,0
P_619669,W_87469,0,0.128028,0
P_619675,W_4835,2,0.354602,0
P_619692,W_111952,3,0.875467,1
P_619709,W_143052,0,0.544503,1
P_619732,W_92417,1,0.706973,1
P_619766,W_10931,1,0.089311,0
P_619771,W_77153,3,0.308832,1
P_62003,W_8339,0,0.121679,1
P_62005,W_3221,0,0.249571,0
P_620062,W_12168,0,0.638669,1
P_620189,W_146806,4,0.58823,1
P_620307,W_7229,1,0.773475,1
P_620342,W_3978,1,0.107098,0
P_620345,W_18,0,0.250646,0
P_620394,W_1347,4,0.333941,1
P_620591,W_41771,1,0.355368,1
P_620599,W_41771,1,0.487847,1
P_620600,W_42631,3,0.199182,1
P_620918,W_4726,0,0.7198,1
P_620953,W_115814,2,0.271309,0
P_620990,W_123334,2,0.591572,1
P_621109,W_164640,1,0.088507,0
P_621165,W_64395,4,0.675046,1
P_62137,W_2911,0,0.451307,1
P_621502,W_47101,0,0.586387,1
P_6216,W_6216,3,0.298937,0
P_6217,W_6216,3,0.268434,0
P_62179,W_9262,1,0.68455,1
P_62192,W_4642,1,0.208993,1
P_621983,W_37513,1,0.326357,1
P_621985,W_7489,0,0.619846,1
P_622106,W_19912,3,0.620725,1
P_622157,W_3552,4,0.718439,0
P_622282,W_113615,4,0.364324,1
P_622828,W_36064,4,0.420647,0
P_623,W_623,4,0.088647,0
P_623097,W_4012,3,0.357344,0
P_623120,W_123840,1,0.770192,0
P_623542,W_137560,3,0.485662,0
P_623580,W_373,0,0.201001,0
P_62369,W_401,2,0.425108,0
P_623744,W_10129,1,0.20137,1
P_62390,W_55442,0,0.472655,1
P_62391,W_55442,0,0.107586,0
P_624,W_623,4,0.214352,0
P_624138,W_137056,1,0.20126,0
P_62429,W_2085,3,0.083551,0
P_62435,W_62433,0,0.655802,1
P_62439,W_62433,0,0.591284,1
P_624392,W_9133,4,0.16446,0
P_62440,W_62433,0,0.655121,1
P_62443,W_62433,0,0.611152,0
P_624451,W_9643,0,0.424227,1
P_624586,W_22556,4,0.607586,1
P_624675,W_132685,1,0.670143,0
P_624693,W_68472,3,0.856059,1
P_62475,W_62475,2,0.314961,0
P_62476,W_62475,2,0.170406,1
P_624778,W_27477,3,0.25471,0
P_624864,W_1308,0,0.656678,1
P_624865,W_52851,4,0.297525,0
P_6249,W_1002,3,0.27088,1
P_624905,W_26939,0,0.676552,0
P_624910,W_27477,3,0.247153,0
P_624920,W_26939,0,0.437736,1
P_625,W_625,0,0.168698,0
P_625034,W_5687,2,0.325062,1
P_6252,W_1282,2,0.713797,1
P_625224,W_27477,3,0.081838,0
P_62587,W_32408,2,0.775865,0
P_625876,W_5515,3,0.277192,0
P_626,W_625,0,0.484857,1
P_6260,W_4694,4,0.303686,1
P_626161,W_115728,4,0.273702,1
P_626254,W_7084,0,0.328177,0
P_626351,W_53351,4,0.703006,1
P_626488,W_56781,0,0.103768,0
P_626552,W_25154,0,0.518896,0
P_626563,W_15521,2,0.292676,0
P_626567,W_11387,1,0.124486,0
P_626568,W_179,3,0.129587,0
P_626581,W_10603,4,0.431298,1
P_626594,W_15300,2,0.193252,0
P_626595,W_175,2,0.650668,1
P_62697,W_10845,3,0.6433,0
P_627,W_627,2,0.779525,1
P_627286,W_56366,4,0.630415,1
P_62782,W_62782,2,0.540386,0
P_627849,W_4749,1,0.449611,1
P_627850,W_1894,0,0.316748,1
P_62787,W_6859,1,0.39466,0
P_62788,W_19558,3,0.610576,0
P_62790,W_14620,2,0.694264,1
P_62792,W_20088,1,0.853387,1
P_628,W_627,2,0.640934,0
P_628593,W_34728,1,0.58546,1
P_628705,W_47639,0,0.591657,0
P_628715,W_57375,3,0.168065,1
P_628872,W_28221,2,0.703335,1
P_629007,W_20610,2,0.232504,0
P_629142,W_38171,4,0.644134,1
P_6292,W_6292,2,0.115058,0
P_6294,W_3170,4,0.213669,0
P_629583,W_22286,0,0.081931,0
P_62987,W_1282,2,0.430686,0
P_62994,W_575,4,0.142063,0
P_630314,W_3839,2,0.730229,0
P_630321,W_3904,1,0.75689,1
P_630461,W_20110,3,0.834763,0
P_630603,W_11649,1,0.778391,0
P_630778,W_8937,0,0.261843,0
P_630779,W_1596,1,0.48079,1
P_63096,W_34086,3,0.340663,0
P_63103,W_63101,3,0.786705,0
P_63104,W_63101,3,0.799521,0
P_63105,W_63101,3,0.829193,1
P_63108,W_63101,3,0.785895,0
P_631442,W_47674,1,0.351892,1
P_631476,W_47639,0,0.246604,0
P_631477,W_9571,2,0.611063,0
P_631506,W_22945,0,0.543086,1
P_631781,W_86939,4,0.702844,1
P_631815,W_42311,0,0.729632,0
P_631817,W_2911,0,0.689128,1
P_631988,W_112006,2,0.757223,1
P_632161,W_46851,0,0.518442,0
P_63295,W_53687,2,0.459244,1
P_633216,W_73656,0,0.620557,1
P_633412,W_39525,3,0.141305,0
P_633635,W_21352,3,0.533524,0
P_633883,W_10931,1,0.441044,0
P_634041,W_52963,2,0.328837,0
P_634423,W_434,4,0.251264,1
P_63445,W_33251,0,0.513273,0
P_634788,W_45783,3,0.58491,1
P_634835,W_9276,3,0.317006,1
P_634938,W_7818,4,0.710028,1
P_634945,W_140168,2,0.473507,1
P_635255,W_1108,3,0.438976,0
P_63543,W_2427,4,0.24622,0
P_635626,W_82218,3,0.789002,1
P_635823,W_4704,4,0.552595,0
P_6359,W_17866,2,0.179272,0
P_635926,W_70931,1,0.765769,1
P_63598,W_867,3,0.11451,0
P_63599,W_63101,3,0.557797,0
P_63600,W_63101,3,0.71876,0
P_63601,W_63101,3,0.826029,0
P_63605,W_31938,2,0.363833,0
P_63611,W_31938,2,0.781332,1
P_63613,W_246,1,0.30495,0
P_636287,W_856,2,0.135172,0
P_6363,W_3964,1,0.297103,0
P_636442,W_126478,0,0.728039,1
P_636555,W_9643,0,0.211139,0
P_636568,W_9297,4,0.397576,0
P_636735,W_150625,0,0.674207,0
P_636764,W_25000,4,0.213479,0
P_636934,W_4939,4,0.742425,1
P_637222,W_38476,0,0.576539,1
P_637444,W_10581,3,0.726708,1
P_6375,W_575,4,0.306622,0
P_637863,W_108692,1,0.539119,0
P_63796,W_20097,3,0.052314,0
P_638420,W_5440,3,0.740798,1
P_638422,W_20084,4,0.659582,1
P_638423,W_129436,1,0.848126,1
P_638424,W_19943,3,0.599678,0
P_638425,W_28221,2,0.64512,1
P_638426,W_5915,0,0.778169,0
P_638427,W_4829,4,0.782374,1
P_638428,W_23772,3,0.828047,1
P_638442,W_9671,0,0.711899,1
P_63854,W_63854,0,0.550701,1
P_638547,W_115054,1,0.230607,0
P_63855,W_63854,0,0.642742,1
P_638569,W_92417,1,0.634574,1
P_638592,W_10906,4,0.768087,1
P_638618,W_8203,4,0.72573,1
P_638634,W_1939,1,0.677329,0
P_6387,W_373,0,0.343994,0
P_63878,W_31383,2,0.306829,0
P_63885,W_3074,2,0.041379,0
P_63888,W_3174,2,0.152744,0
P_63890,W_2083,2,0.206526,0
P_639257,W_39438,2,0.513959,1
P_639347,W_118399,2,0.735798,1
P_639519,W_5912,3,0.56603,0
P_63992,W_161,2,0.457765,1
P_63993,W_56366,4,0.569676,1
P_6403,W_6403,3,0.149152,0
P_640337,W_87425,0,0.805342,1
P_640346,W_3061,1,0.150831,0
P_640347,W_19903,3,0.064725,0
P_640396,W_64649,4,0.667816,1
P_6404,W_6403,3,0.310593,0
P_640414,W_10129,1,0.054327,0
P_640415,W_9724,4,0.661498,0
P_640461,W_21826,2,0.382496,0
P_640471,W_73656,0,0.611084,0
P_640486,W_80336,0,0.404591,0
P_640491,W_62086,3,0.455189,1
P_640495,W_3264,4,0.432083,1
P_640498,W_21721,1,0.572423,1
P_640612,W_20120,1,0.516365,0
P_640788,W_177431,4,0.115669,0
P_640896,W_775,0,0.588067,0
P_640897,W_112640,1,0.177951,1
P_640898,W_932,4,0.299616,1
P_640972,W_133525,3,0.563952,0
P_641150,W_83881,4,0.630724,1
P_641155,W_83871,4,0.670188,0
P_641156,W_83873,2,0.638442,1
P_641309,W_13687,3,0.825492,1
P_641390,W_3997,3,0.062832,0
P_641400,W_3995,4,0.62394,1
P_641449,W_1017,2,0.460011,0
P_641579,W_40120,3,0.722535,1
P_641597,W_20639,4,0.182185,0
P_641614,W_7818,4,0.632883,1
P_641646,W_77153,3,0.081707,0
P_6417,W_6417,3,0.364498,1
P_641716,W_114408,2,0.689538,1
P_641817,W_10641,3,0.645713,1
P_641827,W_64627,4,0.848983,1
P_641949,W_4354,3,0.530015,0
P_642,W_642,3,0.065726,0
P_642219,W_42338,0,0.62969,1
P_642246,W_97632,1,0.575309,1
P_642417,W_11657,1,0.567479,0
P_642493,W_40971,2,0.558739,1
P_642551,W_19417,4,0.836241,1
P_642667,W_9286,2,0.684784,1
P_642777,W_112006,2,0.678958,0
P_64284,W_52851,4,0.339116,0
P_642871,W_13549,0,0.6125,0
P_64295,W_932,4,0.585518,1
P_643097,W_6097,3,0.291806,0
P_643259,W_29045,2,0.627034,1
P_643294,W_40876,3,0.792237,1
P_64337,W_3170,4,0.262378,1
P_64338,W_9128,2,0.070554,0
P_6435,W_4810,1,0.144283,1
P_643679,W_9286,2,0.797031,1
P_6437,W_6437,3,0.321973,0
P_64371,W_63101,3,0.83169,0
P_64375,W_64372,3,0.598868,0
P_64376,W_64372,3,0.540475,1
P_64377,W_64372,3,0.516196,1
P_64378,W_64372,3,0.616426,1
P_64379,W_64372,3,0.696986,0
P_6439,W_343,4,0.464124,1
P_64390,W_64372,3,0.588598,1
P_64394,W_13552,4,0.778917,1
P_64395,W_64395,4,0.627333,1
P_643954,W_4939,4,0.468235,1
P_64398,W_40675,1,0.823945,0
P_64402,W_4698,1,0.78188,1
P_644146,W_7577,0,0.55521,0
P_644348,W_1282,2,0.265526,0
P_644428,W_46288,2,0.350743,0
P_64445,W_64445,2,0.039693,0
P_644518,W_8824,2,0.296954,0
P_64458,W_64445,2,0.113985,0
P_64462,W_42631,3,0.550527,0
P_64463,W_32531,0,0.164137,0
P_64467,W_11485,4,0.070259,0
P_644717,W_299,1,0.748253,1
P_644799,W_134666,2,0.15224,1
P_64487,W_64395,4,0.792151,1
P_644878,W_38476,0,0.528069,0
P_645025,W_29487,4,0.632225,1
P_645050,W_2407,2,0.526233,1
P_64516,W_64513,2,0.440801,0
P_64517,W_64513,2,0.678064,1
P_64520,W_246,1,0.288438,0
P_645251,W_12159,4,0.502665,1
P_645426,W_4696,4,0.747196,1
P_645437,W_12140,0,0.621103,0
P_645442,W_13549,0,0.760075,1
P_645642,W_2407,2,0.15403,0
P_645662,W_4841,1,0.588125,0
P_645663,W_40876,3,0.682842,1
P_645664,W_3839,2,0.765084,0
P_645668,W_38495,2,0.438759,1
P_645669,W_58783,4,0.620453,0
P_645744,W_126478,0,0.69445,1
P_64577,W_64395,4,0.486331,1
P_64594,W_64593,1,0.783227,1
P_645956,W_100,4,0.524109,1
P_64596,W_20539,3,0.649391,1
P_64597,W_53351,4,0.720337,1
P_645987,W_50939,2,0.473206,1
P_64600,W_51980,1,0.701437,0
P_64627,W_64627,4,0.641329,1
P_64630,W_21528,1,0.684722,1
P_64631,W_78838,3,0.522755,0
P_64634,W_64489,1,0.598765,1
P_646354,W_6163,1,0.429823,0
P_646407,W_117883,0,0.553319,1
P_646409,W_112241,2,0.511546,0
P_646499,W_4541,3,0.348676,0
P_6465,W_6464,3,0.05309,0
P_64650,W_64650,2,0.88495,1
P_64653,W_64648,2,0.626892,1
P_64656,W_64652,1,0.531021,1
P_64658,W_64651,0,0.301211,1
P_64660,W_9724,4,0.694903,1
P_64661,W_64627,4,0.73096,0
P_64663,W_14620,2,0.673901,1
P_646724,W_113724,0,0.289477,1
P_646773,W_243,0,0.508741,1
P_646804,W_22945,0,0.783601,1
P_64681,W_4728,1,0.364387,1
P_646957,W_59319,4,0.544869,1
P_646988,W_27641,3,0.53191,1
P_647000,W_13222,0,0.087826,0
P_647035,W_121182,0,0.746894,1
P_647114,W_122815,1,0.719964,0
P_647459,W_127547,3,0.786463,1
P_647480,W_6441,4,0.716649,0
P_64766,W_64766,0,0.328287,0
P_64767,W_64766,0,0.063403,0
P_64768,W_11014,1,0.526267,1
P_647689,W_48320,1,0.517882,0
P_647691,W_886,1,0.613039,1
P_647797,W_43012,3,0.569763,0
P_648076,W_34699,3,0.578425,0
P_648079,W_19945,4,0.487178,1
P_648080,W_83881,4,0.682664,1
P_648082,W_10781,0,0.693745,0
P_648084,W_7583,1,0.44358,1
P_648085,W_22926,4,0.592131,1
P_648086,W_111510,2,0.757259,1
P_648087,W_39438,2,0.582081,1
P_648131,W_22556,4,0.067062,0
P_648153,W_39520,2,0.155299,0
P_648470,W_37776,3,0.522093,1
P_648558,W_594,1,0.135017,0
P_648673,W_29487,4,0.65142,1
P_648704,W_30246,1,0.248363,0
P_648722,W_6210,3,0.307458,0
P_6488,W_6485,3,0.666426,1
P_648940,W_50379,1,0.740583,1
P_648987,W_136166,0,0.144248,0
P_648989,W_140442,2,0.481229,0
P_649012,W_121548,0,0.11426,1
P_649202,W_594,1,0.261404,1
P_649255,W_594,1,0.249918,0
P_649272,W_594,1,0.141307,1
P_64929,W_40199,4,0.54071,0
P_649593,W_5316,0,0.619728,1
P_649711,W_11819,0,0.758436,1
P_649782,W_88508,0,0.614154,1
P_649791,W_88508,0,0.70914,1
P_649809,W_88508,0,0.784624,1
P_649820,W_88508,0,0.784537,0
P_649827,W_88508,0,0.714854,0
P_649852,W_1412,1,0.624933,0
P_649899,W_42338,0,0.683879,1
P_650241,W_45948,4,0.36391,0
P_650317,W_3744,2,0.171884,0
P_650395,W_5396,1,0.384031,1
P_65052,W_65049,3,0.576318,0
P_650689,W_2271,1,0.202139,0
P_651457,W_7084,0,0.196105,0
P_651504,W_114408,2,0.705366,1
P_651507,W_35188,3,0.821012,1
P_651539,W_20622,0,0.352972,0
P_65159,W_4012,3,0.204717,0
P_651710,W_9271,2,0.410249,0
P_651807,W_20162,3,0.801471,0
P_651866,W_430,3,0.197001,0
P_651868,W_6616,4,0.114107,0
P_651911,W_52963,2,0.220607,1
P_652486,W_11006,2,0.758253,1
P_652552,W_4700,1,0.754091,1
P_652556,W_7202,3,0.677805,1
P_652601,W_21721,1,0.756321,1
P_65261,W_8937,0,0.221839,0
P_652800,W_10577,3,0.659311,1
P_652806,W_118399,2,0.881476,1
P_652810,W_4816,2,0.695922,1
P_652816,W_9131,0,0.730404,0
P_652820,W_9671,0,0.683446,0
P_652858,W_82200,4,0.695909,1
P_652886,W_25511,4,0.724553,1
P_652892,W_114608,4,0.785515,1
P_652901,W_23770,4,0.713644,1
P_652909,W_11516,4,0.753727,1
P_652915,W_132642,1,0.735059,1
P_652947,W_7577,0,0.668238,1
P_65304,W_20036,0,0.791236,1
P_653040,W_886,1,0.598767,1
P_653046,W_4655,2,0.270856,0
P_653068,W_132541,4,0.680921,0
P_653152,W_64489,1,0.666117,1
P_65327,W_19558,3,0.460104,0
P_65330,W_62782,2,0.549605,0
P_6536,W_6536,2,0.042371,0
P_653679,W_17866,2,0.451081,0
P_6537,W_6536,2,0.15739,0
P_653757,W_122602,0,0.535304,1
P_65382,W_65381,2,0.413524,0
P_65384,W_65381,2,0.718367,1
P_65387,W_4683,2,0.723968,0
P_65392,W_65381,2,0.591109,0
P_65393,W_65381,2,0.711215,1
P_6540,W_6536,2,0.06313,0
P_654038,W_114947,1,0.226866,0
P_654040,W_49809,4,0.575406,1
P_654163,W_19417,4,0.758001,1
P_6543,W_6536,2,0.073731,0
P_654649,W_68897,1,0.227963,1
P_654778,W_89492,2,0.034392,1
P_654791,W_11471,2,0.690704,1
P_6550,W_6549,2,0.584033,1
P_655057,W_9350,2,0.680933,0
P_655060,W_8696,0,0.030105,0
P_6551,W_6549,2,0.46238,1
P_655188,W_52660,4,0.311171,1
P_6552,W_6549,2,0.175486,0
P_655290,W_118823,4,0.676848,1
P_6553,W_6549,2,0.267148,0
P_655300,W_82877,4,0.610053,1
P_655473,W_10906,4,0.646632,1
P_655537,W_23525,3,0.092979,0
P_655966,W_92417,1,0.710703,1
P_655992,W_38429,4,0.68729,0
P_656,W_656,1,0.167543,1
P_65604,W_401,2,0.203937,0
P_656047,W_19943,3,0.509765,1
P_65608,W_56239,3,0.597589,1
P_65611,W_65609,2,0.747176,0
P_65613,W_65609,2,0.692579,1
P_656131,W_21025,2,0.690066,0
P_656132,W_5461,4,0.477749,0
P_65616,W_65609,2,0.813211,1
P_656865,W_103771,3,0.395969,0
P_657197,W_54466,2,0.798312,1
P_657201,W_54461,0,0.800359,1
P_657407,W_149807,2,0.322496,1
P_657433,W_145365,1,0.066153,0
P_657489,W_120968,2,0.388618,1
P_657511,W_9508,3,0.430257,0
P_657520,W_10907,3,0.67006,1
P_657911,W_177431,4,0.327814,0
P_658021,W_20120,1,0.75781,1
P_658027,W_20110,3,0.773629,1
P_658031,W_27320,2,0.689066,1
P_658034,W_11667,3,0.676626,0
P_658080,W_7245,0,0.119966,0
P_65818,W_9643,0,0.402329,1
P_658217,W_30246,1,0.59122,1
P_658219,W_54466,2,0.511823,1
P_658281,W_4846,1,0.654211,1
P_658304,W_30209,0,0.453533,0
P_658498,W_14861,0,0.649614,0
P_659183,W_82877,4,0.63424,1
P_659227,W_13552,4,0.712485,1
P_659231,W_30668,4,0.596026,1
P_659282,W_81722,2,0.672502,1
P_659507,W_132490,2,0.76009,1
P_659565,W_14379,0,0.734451,1
P_659674,W_133525,3,0.306705,0
P_660128,W_156542,3,0.499886,0
P_660143,W_3839,2,0.509125,1
P_660151,W_142497,1,0.068634,0
P_660176,W_111656,0,0.82295,1
P_6602,W_6602,2,0.245316,0
P_6603,W_6602,2,0.158331,0
P_66054,W_8202,2,0.095068,0
P_660544,W_4541,3,0.565681,1
P_660577,W_21695,1,0.57196,0
P_66067,W_564,4,0.168724,1
P_66071,W_961,0,0.351605,0
P_660898,W_31091,0,0.479381,0
P_661403,W_124571,0,0.747381,1
P_661427,W_34907,3,0.79242,1
P_661496,W_9297,4,0.561228,0
P_661530,W_20036,0,0.715401,1
P_661531,W_4816,2,0.67895,1
P_6616,W_6616,4,0.100227,0
P_661657,W_122709,2,0.122288,0
P_661664,W_627,2,0.358181,1
P_661666,W_134666,2,0.140429,0
P_6619,W_6616,4,0.020775,0
P_662139,W_115251,3,0.685598,1
P_662151,W_284,2,0.199275,0
P_662157,W_6715,2,0.723207,1
P_6622,W_430,3,0.121229,0
P_662217,W_39785,4,0.309056,0
P_6623,W_430,3,0.199054,1
P_662318,W_92616,2,0.86151,1
P_662321,W_50379,1,0.715026,1
P_662322,W_5283,4,0.632917,0
P_662329,W_4681,1,0.611585,0
P_6624,W_430,3,0.371871,0
P_662680,W_20110,3,0.654898,1
P_662700,W_134666,2,0.079311,0
P_662790,W_10907,3,0.541894,0
P_662895,W_2558,3,0.211827,0
P_662960,W_10577,3,0.808011,1
P_663019,W_83871,4,0.839662,1
P_663102,W_87758,0,0.286711,0
P_663180,W_25621,3,0.771723,1
P_663307,W_3997,3,0.157649,0
P_663309,W_11474,2,0.504537,1
P_663577,W_29130,3,0.688916,1
P_663582,W_59150,0,0.37096,1
P_663586,W_121296,2,0.627786,1
P_66361,W_799,4,0.101464,0
P_663698,W_5283,4,0.660328,1
P_663735,W_4843,1,0.850791,1
P_663739,W_70931,1,0.729411,1
P_663791,W_156124,3,0.724483,1
P_663796,W_156124,3,0.633626,0
P_663909,W_10212,3,0.587958,1
P_663916,W_11833,1,0.535396,1
P_663917,W_23116,0,0.6007,0
P_663918,W_2901,0,0.753583,1
P_663920,W_12159,4,0.549472,1
P_663921,W_59319,4,0.648486,1
P_663923,W_127392,1,0.720051,1
P_663925,W_114947,1,0.600775,1
P_663938,W_4854,1,0.67565,0
P_663939,W_4814,4,0.744781,0
P_663975,W_14861,0,0.440167,1
P_6640,W_3529,2,0.287292,0
P_664053,W_10745,1,0.752116,1
P_664058,W_10849,2,0.765948,0
P_664066,W_82200,4,0.798967,1
P_664070,W_109122,1,0.824468,1
P_6641,W_3529,2,0.228934,0
P_664164,W_24222,4,0.238737,0
P_664243,W_17053,4,0.060814,0
P_664253,W_68472,3,0.53516,1
P_664390,W_42338,0,0.701794,1
P_664478,W_10576,2,0.595001,0
P_664592,W_77153,3,0.049836,0
P_664680,W_39786,3,0.583115,0
P_664717,W_112640,1,0.553608,1
P_664720,W_117791,2,0.786096,1
P_664726,W_126096,4,0.603911,1
P_664851,W_31725,2,0.641307,0
P_664855,W_4806,4,0.680706,0
P_664856,W_25511,4,0.732874,0
P_66486,W_11387,1,0.186709,0
P_664882,W_13222,0,0.130182,0
P_665167,W_15519,4,0.067795,0
P_665170,W_994,2,0.190779,0
P_665177,W_34353,3,0.721633,1
P_665179,W_23770,4,0.80715,1
P_665208,W_23767,0,0.666914,1
P_665237,W_71702,3,0.749533,1
P_665249,W_13540,3,0.867851,0
P_665384,W_19789,1,0.150877,0
P_665502,W_39786,3,0.347035,0
P_665506,W_4849,1,0.687187,1
P_665567,W_21721,1,0.602626,0
P_665573,W_61207,0,0.541599,0
P_665599,W_31725,2,0.588769,0
P_665830,W_98152,3,0.478061,1
P_665852,W_26542,4,0.505882,1
P_666073,W_3353,4,0.447728,0
P_666367,W_118849,3,0.343784,0
P_666555,W_27328,1,0.641272,0
P_666557,W_86939,4,0.745728,1
P_666740,W_44137,3,0.712138,1
P_666843,W_118823,4,0.488911,1
P_666935,W_42311,0,0.409691,1
P_66724,W_40419,2,0.341781,0
P_667472,W_52851,4,0.111385,0
P_6676,W_6676,3,0.397144,1
P_667687,W_114490,1,0.737615,1
P_6677,W_6676,3,0.239,0
P_66780,W_2474,1,0.259729,0
P_668022,W_4846,1,0.731426,1
P_668023,W_4865,4,0.540583,0
P_668024,W_38429,4,0.721647,1
P_668042,W_2145,0,0.670678,0
P_668059,W_6453,1,0.519822,0
P_668086,W_26939,0,0.771528,1
P_668130,W_11823,4,0.638413,0
P_668131,W_87469,0,0.474661,1
P_668134,W_7253,2,0.527043,1
P_668135,W_32534,2,0.438529,1
P_668138,W_1347,4,0.556055,1
P_668161,W_10850,3,0.690743,1
P_668168,W_10901,2,0.716773,1
P_668218,W_70931,1,0.767808,1
P_668225,W_39786,3,0.40165,0
P_668233,W_83296,4,0.655285,0
P_668470,W_98770,4,0.503255,1
P_668484,W_68063,2,0.692923,0
P_668488,W_27894,2,0.712145,1
P_668490,W_146806,4,0.738254,0
P_668749,W_22581,3,0.154556,0
P_668895,W_8543,3,0.674224,1
P_668903,W_101220,0,0.637163,0
P_668996,W_5440,3,0.742994,1
P_668997,W_11667,3,0.662376,1
P_668998,W_11850,0,0.631249,1
P_669266,W_30424,2,0.179065,0
P_6693,W_6693,0,0.261621,0
P_669327,W_20069,2,0.627667,0
P_669328,W_5655,3,0.651907,0
P_6694,W_6693,0,0.156423,1
P_669557,W_50523,2,0.879873,1
P_669717,W_243,0,0.391632,1
P_669719,W_21695,1,0.583628,0
P_670015,W_10129,1,0.274152,1
P_670017,W_6753,3,0.191863,1
P_670166,W_56781,0,0.507449,1
P_670319,W_40199,4,0.598731,0
P_670552,W_25154,0,0.580828,1
P_670843,W_10603,4,0.390737,0
P_670844,W_27790,3,0.120268,0
P_671102,W_11798,3,0.839835,1
P_67111,W_17671,0,0.362259,1
P_67115,W_13873,4,0.722329,0
P_671302,W_77841,3,0.598957,1
P_671390,W_9004,2,0.210153,1
P_671418,W_20120,1,0.758346,0
P_671777,W_43088,2,0.056926,0
P_671865,W_4810,1,0.540684,1
P_671936,W_22965,1,0.668059,0
P_672051,W_39786,3,0.493297,1
P_672347,W_149519,0,0.480137,1
P_672420,W_51980,1,0.379857,1
P_672457,W_21828,3,0.070027,1
P_672544,W_20064,1,0.028087,0
P_672557,W_27894,2,0.737567,1
P_67288,W_62475,2,0.294922,1
P_673224,W_53040,3,0.772921,0
P_673225,W_13693,4,0.272455,0
P_673249,W_146806,4,0.46581,1
P_673291,W_13204,0,0.246145,1
P_673334,W_9006,2,0.810542,1
P_673433,W_62086,3,0.443934,1
P_673441,W_4835,2,0.490941,0
P_673444,W_28094,0,0.538074,0
P_673479,W_303,3,0.559368,0
P_67353,W_7446,1,0.299764,1
P_67354,W_7446,1,0.130261,0
P_673554,W_80336,0,0.587548,0
P_67358,W_7446,1,0.12913,0
P_673586,W_47901,1,0.182613,0
P_673590,W_4835,2,0.48075,0
P_67360,W_5388,1,0.311571,0
P_673615,W_73656,0,0.667075,1
P_673721,W_3497,1,0.718937,1
P_673758,W_1282,2,0.714235,1
P_673803,W_98152,3,0.470731,0
P_673881,W_4801,4,0.753986,1
P_673882,W_34699,3,0.634192,1
P_673912,W_127392,1,0.805497,0
P_674033,W_4698,1,0.830482,1
P_674159,W_2083,2,0.205323,1
P_6742,W_6549,2,0.456681,0
P_674442,W_1924,2,0.22058,0
P_674690,W_56366,4,0.457936,1
P_674715,W_10850,3,0.693021,1
P_674734,W_20541,3,0.466779,0
P_67477,W_14969,1,0.552295,0
P_674815,W_177431,4,0.243289,0
P_674823,W_164640,1,0.095821,0
P_674860,W_132686,2,0.488271,0
P_67496,W_3414,4,0.287804,0
P_67497,W_39520,2,0.37296,1
P_675110,W_64445,2,0.102421,0
P_675198,W_133525,3,0.706879,0
P_675203,W_135478,2,0.356534,0
P_67521,W_64513,2,0.56723,1
P_67522,W_21528,1,0.662671,1
P_6753,W_6753,3,0.1441,0
P_67530,W_2081,0,0.387471,1
P_675449,W_132900,0,0.050768,0
P_675488,W_134666,2,0.096645,0
P_67549,W_2930,3,0.596539,1
P_675574,W_115728,4,0.207811,0
P_675575,W_17053,4,0.082119,0
P_675613,W_118543,4,0.096055,1
P_675617,W_24222,4,0.110033,0
P_67570,W_25030,1,0.235093,1
P_675705,W_135478,2,0.198861,1
P_675717,W_140442,2,0.257752,0
P_67574,W_299,1,0.584963,1
P_675757,W_115728,4,0.153385,0
P_675761,W_64445,2,0.06146,0
P_675840,W_68897,1,0.179949,0
P_675879,W_139740,3,0.060165,0
P_675881,W_134666,2,0.123835,0
P_675883,W_137056,1,0.117706,0
P_6759,W_642,3,0.03604,0
P_675958,W_144326,1,0.078804,0
P_675959,W_144458,1,0.170157,0
P_675997,W_6163,1,0.348468,0
P_676009,W_133525,3,0.231009,0
P_676021,W_15385,4,0.357642,1
P_676023,W_156542,3,0.086533,0
P_676087,W_17053,4,0.663467,1
P_67609,W_67609,1,0.438328,0
P_67611,W_67609,1,0.157651,0
P_67613,W_67609,1,0.401961,0
P_67614,W_67609,1,0.23866,0
P_676145,W_12937,3,0.27333,1
P_67615,W_67609,1,0.611459,0
P_67616,W_67609,1,0.669208,1
P_676166,W_7027,0,0.466804,1
P_67625,W_4690,0,0.661794,0
P_676386,W_177431,4,0.230723,0
P_676500,W_15385,4,0.680634,1
P_676533,W_122729,0,0.530402,0
P_676564,W_119695,2,0.570732,1
P_676569,W_164640,1,0.065823,0
P_676595,W_177431,4,0.281049,1
P_676714,W_32202,2,0.212506,0
P_676775,W_140437,4,0.135889,0
P_676780,W_152634,0,0.111278,0
P_676877,W_26,3,0.552402,0
P_676896,W_11387,1,0.181384,0
P_677129,W_177431,4,0.458586,0
P_677214,W_28493,4,0.761726,0
P_677282,W_65609,2,0.722429,1
P_677316,W_9297,4,0.471117,0
P_677318,W_20254,0,0.71113,1
P_677595,W_2696,3,0.4099,0
P_677860,W_13693,4,0.430561,0
P_677984,W_373,0,0.201363,1
P_678,W_677,0,0.400736,0
P_678180,W_19353,0,0.849057,1
P_678211,W_4728,1,0.136736,0
P_678238,W_134622,4,0.117995,0
P_6784,W_6784,3,0.216207,0
P_678430,W_10216,1,0.72515,0
P_678592,W_137560,3,0.550699,1
P_678631,W_64627,4,0.726605,1
P_678747,W_121495,2,0.052641,0
P_678846,W_5655,3,0.667075,1
P_678939,W_22286,0,0.159718,0
P_678969,W_112910,4,0.683244,0
P_679,W_679,2,0.057113,0
P_67902,W_63932,4,0.643714,1
P_67909,W_30235,3,0.794055,1
P_67913,W_9376,4,0.829347,1
P_679155,W_114810,0,0.805093,1
P_679161,W_9286,2,0.641429,0
P_679163,W_4704,4,0.600755,0
P_679165,W_34604,1,0.773192,0
P_679171,W_5283,4,0.750524,1
P_679179,W_10913,1,0.573141,1
P_67922,W_10845,3,0.653157,0
P_679309,W_32053,3,0.250786,0
P_679584,W_7878,4,0.713233,1
P_679631,W_82200,4,0.45043,0
P_679648,W_22154,4,0.346205,1
P_679830,W_71702,3,0.601928,0
P_679878,W_113724,0,0.102421,0
P_67995,W_22053,0,0.419823,0
P_67999,W_22084,1,0.136653,0
P_680,W_679,2,0.203392,0
P_680017,W_177431,4,0.122136,0
P_680104,W_117417,4,0.344055,1
P_6804,W_8521,2,0.154833,0
P_68040,W_6693,0,0.225073,1
P_6805,W_8521,2,0.14395,0
P_68063,W_68063,2,0.62536,1
P_6807,W_6807,3,0.190937,0
P_680717,W_135493,0,0.278613,0
P_680829,W_4704,4,0.766231,1
P_680832,W_4700,1,0.730632,1
P_680871,W_133525,3,0.161316,0
P_680965,W_144458,1,0.119403,0
P_681032,W_152634,0,0.149712,0
P_681055,W_156542,3,0.073352,0
P_681092,W_4841,1,0.65207,0
P_681098,W_80336,0,0.578491,0
P_681106,W_138964,0,0.702515,0
P_681117,W_12792,3,0.579167,1
P_681124,W_27328,1,0.469192,1
P_681136,W_28221,2,0.389003,0
P_681137,W_19353,0,0.74318,1
P_681141,W_83873,2,0.620719,0
P_681146,W_3264,4,0.73504,1
P_681155,W_6441,4,0.698186,1
P_681163,W_20257,1,0.562305,0
P_681166,W_87469,0,0.125378,0
P_681167,W_4835,2,0.37039,0
P_681188,W_29299,0,0.616868,1
P_681189,W_114606,2,0.728017,1
P_681193,W_11552,4,0.531958,1
P_681267,W_132900,0,0.053293,0
P_681333,W_8872,4,0.077937,0
P_6817,W_1130,2,0.3462,1
P_681781,W_20005,0,0.558207,1
P_681974,W_139588,2,0.311995,0
P_681975,W_139588,2,0.389871,0
P_681978,W_139588,2,0.424785,0
P_681981,W_139588,2,0.495936,0
P_681985,W_139588,2,0.422974,0
P_681987,W_139588,2,0.59841,1
P_682041,W_7878,4,0.777902,1
P_682117,W_20005,0,0.141981,0
P_682295,W_139588,2,0.479134,0
P_682360,W_5319,3,0.534999,0
P_682536,W_139588,2,0.291903,0
P_682553,W_139588,2,0.508214,1
P_682645,W_154901,0,0.2888,0
P_682680,W_28493,4,0.753866,0
P_68292,W_1055,2,0.308369,1
P_682938,W_39785,4,0.67978,1
P_682968,W_124745,0,0.752912,0
P_683158,W_5697,2,0.23333,0
P_683173,W_6453,1,0.537828,0
P_68380,W_13208,1,0.042953,0
P_683813,W_10603,4,0.592272,1
P_683821,W_6292,2,0.360799,1
P_683985,W_120968,2,0.434067,0
P_684109,W_134347,3,0.060097,0
P_684149,W_132987,1,0.748808,1
P_684160,W_122815,1,0.479091,0
P_684166,W_34907,3,0.642989,1
P_684168,W_2759,3,0.520128,1
P_684564,W_5687,2,0.163053,0
P_684583,W_115251,3,0.738767,1
P_68459,W_9006,2,0.566013,1
P_685012,W_135493,0,0.109546,0
P_685307,W_32711,2,0.533447,1
P_685414,W_5283,4,0.681321,1
P_685456,W_134622,4,0.151508,0
P_685493,W_142497,1,0.101697,0
P_685575,W_55442,0,0.31908,0
P_685636,W_124199,0,0.515995,1
P_685637,W_1939,1,0.694305,1
P_685650,W_20162,3,0.666723,1
P_685651,W_19417,4,0.840375,1
P_685655,W_7818,4,0.658614,0
P_685659,W_29060,0,0.704576,1
P_685663,W_4843,1,0.814643,1
P_685665,W_4698,1,0.761045,1
P_685696,W_27894,2,0.826957,0
P_6857,W_99743,2,0.627245,0
P_68578,W_6715,2,0.501571,1
P_68581,W_3221,0,0.191301,1
P_685886,W_177431,4,0.069693,0
P_68599,W_2966,4,0.284651,0
P_686,W_564,4,0.193008,0
P_686062,W_20064,1,0.14274,0
P_686105,W_111535,0,0.066259,0
P_686148,W_59319,4,0.75015,1
P_686380,W_15521,2,0.283706,0
P_686396,W_1650,3,0.143031,0
P_686444,W_144354,0,0.094641,0
P_686494,W_9004,2,0.260831,0
P_686501,W_3092,1,0.473162,0
P_686502,W_11534,3,0.444275,0
P_686777,W_113615,4,0.101892,0
P_686838,W_9266,1,0.703076,0
P_686879,W_177431,4,0.115704,0
P_6869,W_4726,0,0.048122,0
P_686981,W_11484,3,0.50726,1
P_686982,W_6730,0,0.490844,1
P_686983,W_6730,0,0.527082,1
P_686984,W_10913,1,0.673013,1
P_686985,W_6730,0,0.481056,0
P_686996,W_6730,0,0.602363,0
P_686998,W_6730,0,0.614462,0
P_687,W_564,4,0.178748,0
P_6870,W_6870,3,0.293784,1
P_687021,W_6730,0,0.450442,0
P_687036,W_115814,2,0.420769,0
P_687040,W_113724,0,0.150546,0
P_687133,W_6730,0,0.580035,1
P_687139,W_6730,0,0.474347,0
P_68714,W_6437,3,0.489592,0
P_687208,W_6730,0,0.485207,0
P_68722,W_45675,2,0.284849,1
P_687466,W_26111,3,0.764291,1
P_687473,W_10901,2,0.733028,1
P_687491,W_9574,1,0.767035,1
P_687994,W_121548,0,0.225867,1
P_688,W_564,4,0.286414,0
P_6880,W_3978,1,0.230981,0
P_688360,W_62782,2,0.624124,0
P_688618,W_3245,3,0.659952,0
P_688625,W_101220,0,0.579003,1
P_688882,W_44435,3,0.6927,1
P_688891,W_89492,2,0.823509,1
P_68897,W_68897,1,0.222004,0
P_68898,W_68897,1,0.809361,1
P_689205,W_3057,0,0.248771,0
P_689209,W_11798,3,0.59991,0
P_689223,W_11798,3,0.660212,1
P_689254,W_111952,3,0.764829,0
P_689269,W_4816,2,0.706578,1
P_689313,W_59952,4,0.591085,1
P_689477,W_1143,1,0.200425,0
P_689706,W_4922,0,0.588035,0
P_690192,W_122183,2,0.41394,1
P_690195,W_122183,2,0.738844,1
P_690200,W_13693,4,0.298692,0
P_690205,W_40971,2,0.550405,0
P_690225,W_3221,0,0.418256,1
P_690346,W_1596,1,0.221807,0
P_690348,W_3177,2,0.382226,0
P_690397,W_22084,1,0.281046,0
P_690449,W_14485,3,0.177862,0
P_690454,W_39520,2,0.0915,1
P_690459,W_134622,4,0.505316,0
P_690533,W_20539,3,0.62662,1
P_690537,W_11649,1,0.616039,0
P_69073,W_69073,2,0.629877,0
P_69074,W_69073,2,0.4314,1
P_690758,W_113981,2,0.409241,1
P_69077,W_69073,2,0.722952,1
P_69078,W_64648,2,0.711938,1
P_69080,W_99743,2,0.699052,1
P_690826,W_6870,3,0.50328,0
P_690984,W_139740,3,0.201498,0
P_691131,W_113981,2,0.610877,1
P_691142,W_113981,2,0.757773,1
P_691458,W_9199,0,0.35362,0
P_691459,W_21352,3,0.190539,0
P_691668,W_10641,3,0.578669,1
P_691890,W_136166,0,0.160034,1
P_691921,W_38171,4,0.622854,0
P_69225,W_2393,1,0.536195,0
P_692357,W_132987,1,0.743768,1
P_692364,W_21025,2,0.614388,1
P_692841,W_10850,3,0.749327,1
P_69288,W_30246,1,0.250724,0
P_69289,W_1282,2,0.366384,0
P_693094,W_118849,3,0.163843,0
P_69312,W_882,0,0.376256,0
P_693292,W_111991,0,0.42914,0
P_69356,W_50379,1,0.356624,0
P_693624,W_4835,2,0.743104,1
P_6939,W_6939,1,0.106665,0
P_694000,W_64650,2,0.75353,1
P_694077,W_122729,0,0.453891,1
P_694136,W_38429,4,0.721716,1
P_694333,W_2081,0,0.118115,0
P_695103,W_13552,4,0.643484,1
P_695403,W_78838,3,0.53437,0
P_695415,W_6870,3,0.307583,1
P_695446,W_4887,1,0.606041,0
P_69550,W_6417,3,0.694591,1
P_695635,W_3928,4,0.102376,0
P_695733,W_5396,1,0.237595,1
P_696047,W_21695,1,0.354216,0
P_69619,W_5912,3,0.252232,0
P_696277,W_40419,2,0.662038,0
P_696313,W_4945,3,0.15287,1
P_69656,W_5958,0,0.228131,1
P_696742,W_28784,2,0.657307,1
P_696760,W_111991,0,0.385856,0
P_697212,W_115707,2,0.677268,1
P_697519,W_1002,3,0.37305,0
P_69779,W_50939,2,0.192091,0
P_697814,W_21025,2,0.33193,0
P_698155,W_10603,4,0.570652,0
P_69826,W_42631,3,0.121871,1
P_698509,W_27911,0,0.811056,1
P_698510,W_17274,1,0.500317,0
P_698554,W_5102,0,0.04797,1
P_6987,W_1108,3,0.111117,0
P_698871,W_135478,2,0.258225,0
P_698990,W_9704,2,0.642767,1
P_69914,W_69914,4,0.503776,0
P_699328,W_117417,4,0.423831,0
P_69943,W_69943,4,0.624552,1
P_69945,W_69943,4,0.522529,1
P_69946,W_69943,4,0.648006,0
P_69947,W_69943,4,0.440902,1
P_69948,W_69943,4,0.786727,0
P_69959,W_817,0,0.184435,1
P_699625,W_20084,4,0.483328,0
P_699684,W_5549,1,0.276905,0
P_69970,W_69970,2,0.63761,1
P_69974,W_10603,4,0.612775,1
P_699745,W_22936,0,0.378381,1
P_699746,W_127547,3,0.668149,1
P_699955,W_117417,4,0.759958,0
P_700134,W_137560,3,0.485187,0
P_700187,W_9004,2,0.123769,0
P_700219,W_59319,4,0.389544,1
P_700712,W_123334,2,0.381637,0
P_700725,W_5102,0,0.42232,0
P_700755,W_1276,4,0.119423,0
P_701043,W_9644,4,0.193626,0
P_701274,W_7247,2,0.199858,1
P_701283,W_23544,1,0.144814,0
P_701307,W_103771,3,0.614554,0
P_701392,W_56072,0,0.452199,1
P_70143,W_867,3,0.150182,0
P_70150,W_2658,1,0.41364,0
P_701662,W_111952,3,0.69665,1
P_70167,W_27477,3,0.148293,0
P_70168,W_775,0,0.222574,0
P_701775,W_58783,4,0.677847,1
P_70182,W_7247,2,0.509375,0
P_70190,W_15300,2,0.097349,0
P_70196,W_299,1,0.38532,1
P_702005,W_50939,2,0.61444,1
P_70227,W_11652,0,0.689337,1
P_702429,W_144326,1,0.244992,1
P_702435,W_152634,0,0.118878,0
P_70266,W_21826,2,0.250361,0
P_7027,W_7027,0,0.268594,0
P_7028,W_7027,0,0.47047,1
P_702954,W_145365,1,0.146737,0
P_7032,W_7032,0,0.056966,0
P_703225,W_299,1,0.266863,0
P_703297,W_106883,4,0.76253,1
P_703342,W_119473,3,0.76339,1
P_703391,W_10581,3,0.458039,1
P_703413,W_30209,0,0.683571,1
P_703415,W_117403,2,0.810053,1
P_703739,W_34353,3,0.680574,0
P_703850,W_34353,3,0.565176,0
P_70401,W_17053,4,0.1457,0
P_704104,W_38517,4,0.729066,1
P_704173,W_34353,3,0.422843,0
P_704667,W_37947,2,0.331907,0
P_704845,W_9350,2,0.657061,1
P_704961,W_56072,0,0.146403,0
P_705162,W_6403,3,0.224904,0
P_705163,W_4468,0,0.29267,1
P_705674,W_28547,4,0.584149,0
P_705845,W_9671,0,0.712916,0
P_706,W_706,0,0.664711,0
P_706398,W_56366,4,0.784615,1
P_706824,W_4702,2,0.477042,0
P_706969,W_27164,2,0.770469,1
P_706972,W_114490,1,0.698607,1
P_706973,W_20084,4,0.82861,1
P_706977,W_40671,4,0.613385,0
P_707076,W_111510,2,0.754906,1
P_707096,W_38517,4,0.668241,1
P_707151,W_28547,4,0.69227,1
P_707164,W_25113,0,0.288864,1
P_707242,W_30235,3,0.674094,1
P_707246,W_30235,3,0.738326,1
P_707247,W_119158,1,0.447501,0
P_707248,W_30235,3,0.718256,1
P_707306,W_113724,0,0.177347,1
P_707346,W_30235,3,0.623755,0
P_707347,W_30235,3,0.752062,1
P_707390,W_115814,2,0.217603,0
P_70746,W_4767,4,0.192275,1
P_707521,W_1478,1,0.075116,0
P_70785,W_9704,2,0.375358,1
P_70788,W_39785,4,0.575178,1
P_70824,W_63101,3,0.773287,0
P_70825,W_23239,4,0.809027,1
P_7084,W_7084,0,0.18164,0
P_708516,W_137560,3,0.823592,1
P_70862,W_677,0,0.701274,0
P_70888,W_70887,0,0.616673,1
P_709167,W_25154,0,0.269644,0
P_709327,W_139740,3,0.060084,0
P_709482,W_5915,0,0.787052,1
P_70959,W_64593,1,0.748779,1
P_709631,W_111952,3,0.647586,1
P_709760,W_123591,0,0.398885,0
P_71011,W_1278,0,0.178993,1
P_710366,W_9703,3,0.628132,1
P_710379,W_9703,3,0.642362,1
P_710383,W_9703,3,0.653248,1
P_710388,W_9576,4,0.676376,1
P_710508,W_52177,2,0.830684,1
P_71059,W_4354,3,0.148139,0
P_710614,W_156542,3,0.145893,0
P_710625,W_64649,4,0.558916,1
P_710681,W_5616,3,0.16783,0
P_710771,W_1939,1,0.585972,0
P_710830,W_164640,1,0.063658,0
P_711018,W_882,0,0.531144,0
P_711084,W_209,0,0.699839,1
P_711088,W_19912,3,0.700764,1
P_711092,W_19417,4,0.727986,1
P_711096,W_87469,0,0.68313,1
P_711103,W_109642,2,0.653346,1
P_711143,W_375,4,0.372125,1
P_711185,W_87758,0,0.777861,1
P_7112,W_6394,2,0.415948,0
P_711262,W_29130,3,0.390928,0
P_711286,W_144458,1,0.228198,0
P_711288,W_111906,1,0.623227,1
P_711338,W_132987,1,0.584623,1
P_711364,W_19417,4,0.738987,0
P_7116,W_7116,4,0.505979,0
P_7117,W_7116,4,0.636377,0
P_711796,W_50939,2,0.595,0
P_711816,W_20064,1,0.141003,0
P_71194,W_1412,1,0.54985,1
P_712248,W_7213,0,0.581531,1
P_712604,W_399,2,0.248855,1
P_712670,W_30209,0,0.67464,1
P_712674,W_4816,2,0.807324,1
P_712796,W_4728,1,0.10803,0
P_712798,W_25000,4,0.010519,0
P_712841,W_25000,4,0.37885,1
P_71288,W_61207,0,0.674785,1
P_712991,W_3099,2,0.666495,1
P_712992,W_7213,0,0.783594,1
P_712996,W_38476,0,0.617793,0
P_713012,W_5396,1,0.219451,0
P_713018,W_64652,1,0.695963,0
P_713041,W_3170,4,0.162551,0
P_713189,W_1308,0,0.409772,0
P_713364,W_23165,2,0.098273,0
P_713386,W_6784,3,0.191229,1
P_71367,W_4277,0,0.273932,0
P_713697,W_32534,2,0.692492,1
P_713803,W_76574,3,0.737023,0
P_713808,W_127392,1,0.798772,0
P_713812,W_11794,2,0.640772,1
P_713818,W_4826,3,0.426009,1
P_714190,W_8696,0,0.042312,0
P_714361,W_29045,2,0.386156,0
P_714535,W_4755,3,0.077225,0
P_714540,W_10745,1,0.478131,1
P_714552,W_7552,2,0.28734,0
P_714623,W_149519,0,0.278062,1
P_714660,W_5549,1,0.474115,1
P_714663,W_6753,3,0.67818,1
P_71473,W_71473,2,0.587497,0
P_71474,W_71473,2,0.444343,0
P_71479,W_71473,2,0.738123,1
P_71482,W_71473,2,0.652458,1
P_714827,W_16560,3,0.119993,0
P_714868,W_39786,3,0.633487,0
P_714873,W_1812,4,0.406573,0
P_714977,W_118849,3,0.069334,0
P_714993,W_12937,3,0.369209,0
P_71514,W_19955,2,0.718835,0
P_71519,W_6715,2,0.480788,0
P_715198,W_103771,3,0.64638,1
P_715251,W_113981,2,0.629699,1
P_715280,W_5162,4,0.214714,1
P_715414,W_1364,3,0.711485,1
P_715418,W_34604,1,0.798875,1
P_715438,W_119695,2,0.572541,1
P_715813,W_113615,4,0.138805,0
P_715852,W_6616,4,0.138367,0
P_715854,W_6676,3,0.112889,0
P_715856,W_6602,2,0.225986,1
P_715861,W_7776,3,0.096957,0
P_715863,W_430,3,0.327471,0
P_715865,W_5534,4,0.579447,1
P_715878,W_954,4,0.27425,0
P_715881,W_2407,2,0.18134,0
P_715884,W_594,1,0.352223,1
P_715893,W_11014,1,0.142055,0
P_715894,W_817,0,0.485913,1
P_715902,W_6602,2,0.42373,0
P_716066,W_5396,1,0.459989,1
P_716070,W_19508,0,0.208079,1
P_716072,W_10931,1,0.238506,1
P_716073,W_77153,3,0.126492,0
P_716074,W_32053,3,0.323611,0
P_716077,W_52963,2,0.387817,0
P_71613,W_16560,3,0.253109,1
P_716133,W_10472,0,0.054958,0
P_716178,W_118543,4,0.051917,0
P_716184,W_122709,2,0.166927,0
P_71622,W_4833,4,0.558639,1
P_716234,W_179,3,0.080094,0
P_716248,W_30326,0,0.303254,0
P_71626,W_4833,4,0.075344,0
P_716292,W_35389,4,0.675774,1
P_716293,W_35389,4,0.601559,1
P_716295,W_34604,1,0.807333,1
P_716359,W_56072,0,0.101696,0
P_716364,W_5549,1,0.332715,1
P_716368,W_24222,4,0.249656,0
P_716373,W_3964,1,0.290257,0
P_716433,W_3904,1,0.754692,0
P_716542,W_135493,0,0.152622,0
P_716556,W_121495,2,0.110783,0
P_716588,W_3964,1,0.229429,0
P_716597,W_8339,0,0.130329,0
P_71672,W_2855,4,0.24881,0
P_717010,W_34086,3,0.132376,0
P_717013,W_1153,3,0.168673,0
P_717018,W_16560,3,0.088953,0
P_717064,W_367,1,0.163445,0
P_717213,W_6464,3,0.091181,0
P_717218,W_704,3,0.306819,0
P_717245,W_10472,0,0.119391,0
P_717275,W_627,2,0.597962,0
P_71731,W_28687,0,0.53698,0
P_717675,W_140437,4,0.123825,0
P_717815,W_122709,2,0.168958,1
P_718011,W_121360,1,0.629369,1
P_718232,W_21828,3,0.246641,0
P_718473,W_135493,0,0.382956,0
P_718794,W_92417,1,0.450637,0
P_718879,W_39785,4,0.504868,0
P_718895,W_136518,2,0.817916,0
P_719384,W_144354,0,0.373701,0
P_71961,W_37776,3,0.395567,0
P_719794,W_123840,1,0.815489,0
P_7198,W_994,2,0.323342,0
P_720120,W_5912,3,0.29064,0
P_720125,W_4767,4,0.414385,0
P_7202,W_7202,3,0.471095,0
P_720222,W_6453,1,0.390859,0
P_72038,W_71473,2,0.669776,1
P_720389,W_140442,2,0.46326,0
P_72039,W_7446,1,0.056271,0
P_720440,W_5342,3,0.138406,1
P_720494,W_58781,1,0.604452,0
P_720697,W_136166,0,0.3573,0
P_720854,W_140442,2,0.191581,1
P_720871,W_144458,1,0.186337,0
P_720895,W_42453,1,0.662533,1
P_721282,W_7583,1,0.806598,1
P_721295,W_112097,3,0.802203,1
P_721321,W_42054,1,0.687753,1
P_72161,W_5388,1,0.399459,0
P_72162,W_42631,3,0.114632,1
P_721624,W_1939,1,0.776437,1
P_721654,W_62782,2,0.704352,0
P_721700,W_3995,4,0.214019,1
P_721765,W_22053,0,0.287034,0
P_721893,W_136166,0,0.170669,0
P_722334,W_4685,2,0.693604,1
P_722336,W_4683,2,0.811075,1
P_722599,W_164640,1,0.183004,1
P_722720,W_13523,4,0.319843,0
P_722901,W_177431,4,0.171791,0
P_722911,W_97632,1,0.731537,1
P_722912,W_36064,4,0.56498,1
P_722917,W_13698,1,0.587938,1
P_722923,W_52227,4,0.442234,0
P_722969,W_7264,3,0.099767,0
P_7233,W_4267,0,0.255377,0
P_723373,W_882,0,0.355716,0
P_723466,W_54816,3,0.653507,1
P_723467,W_21826,2,0.445118,0
P_723468,W_4865,4,0.416754,0
P_723476,W_111656,0,0.663964,1
P_723482,W_23770,4,0.721561,0
P_723522,W_127392,1,0.746356,1
P_723547,W_82146,3,0.772018,0
P_723549,W_14861,0,0.672703,1
P_723552,W_122254,2,0.735133,0
P_723770,W_12159,4,0.649243,1
P_723805,W_64651,0,0.860658,1
P_72389,W_3077,4,0.665174,0
P_724016,W_22948,0,0.398414,1
P_724166,W_177431,4,0.169986,1
P_724212,W_34604,1,0.724805,1
P_72436,W_3077,4,0.713264,0
P_72437,W_3077,4,0.757297,0
P_72438,W_3077,4,0.815785,1
P_7245,W_7245,0,0.150149,0
P_724587,W_115249,2,0.790463,1
P_7247,W_7247,2,0.319871,0
P_724779,W_140437,4,0.206999,0
P_724829,W_9644,4,0.45916,1
P_7249,W_7249,0,0.238775,0
P_724906,W_4726,0,0.130511,0
P_724917,W_434,4,0.554386,0
P_725389,W_1017,2,0.415488,0
P_72541,W_11833,1,0.42414,1
P_725417,W_62475,2,0.206277,0
P_72542,W_65381,2,0.492851,0
P_72560,W_12140,0,0.702486,0
P_7257,W_7257,3,0.462839,1
P_725742,W_4158,0,0.05516,1
P_725821,W_69914,4,0.687887,0
P_725911,W_144326,1,0.099328,0
P_72594,W_9665,2,0.67602,1
P_72595,W_64593,1,0.767321,1
P_7261,W_7261,3,0.117319,0
P_72620,W_69970,2,0.808368,1
P_726253,W_152634,0,0.179091,0
P_726303,W_125147,2,0.564209,1
P_72632,W_10338,4,0.489142,1
P_726346,W_54816,3,0.607456,0
P_726374,W_4801,4,0.616345,0
P_726480,W_3203,1,0.30301,1
P_7265,W_7264,3,0.326776,0
P_72659,W_49809,4,0.240572,1
P_7266,W_1143,1,0.377487,0
P_72660,W_49809,4,0.390598,0
P_726644,W_159387,1,0.297146,0
P_72689,W_817,0,0.272528,0
P_726933,W_121360,1,0.292824,0
P_727130,W_12255,4,0.752183,0
P_727134,W_114394,1,0.678602,1
P_727135,W_69943,4,0.728956,0
P_727515,W_9092,4,0.578487,1
P_727779,W_13222,0,0.047848,0
P_727792,W_2407,2,0.233591,0
P_7279,W_7279,4,0.435955,1
P_7280,W_7279,4,0.634968,1
P_72803,W_45675,2,0.423783,0
P_7281,W_7279,4,0.746006,1
P_728173,W_11649,1,0.719162,0
P_728207,W_132900,0,0.095292,0
P_728221,W_134622,4,0.14068,0
P_728231,W_136166,0,0.225364,0
P_728249,W_139530,3,0.176335,0
P_728250,W_139740,3,0.037317,0
P_728254,W_10931,1,0.336677,1
P_72832,W_64650,2,0.615702,1
P_728357,W_144354,0,0.043619,0
P_728365,W_144326,1,0.334637,0
P_72840,W_32408,2,0.685753,0
P_72841,W_32408,2,0.778853,0
P_728620,W_111656,0,0.67127,1
P_72868,W_1769,0,0.44777,0
P_728733,W_149519,0,0.292469,0
P_728824,W_46408,1,0.60379,1
P_728894,W_151781,1,0.265553,0
P_72914,W_27477,3,0.465995,0
P_72917,W_7550,2,0.182939,0
P_729302,W_126478,0,0.773301,1
P_729511,W_122815,1,0.776465,1
P_72958,W_103,2,0.187675,0
P_72963,W_886,1,0.252826,1
P_729674,W_998,4,0.295256,1
P_729708,W_2930,3,0.168784,0
P_730109,W_114712,0,0.623352,1
P_730381,W_149807,2,0.311241,0
P_730396,W_149807,2,0.193341,1
P_730656,W_18,0,0.341127,1
P_730659,W_6464,3,0.181455,0
P_73079,W_6715,2,0.481017,0
P_731,W_731,2,0.504498,0
P_7312,W_7312,2,0.336881,0
P_731347,W_4012,3,0.392332,1
P_731365,W_3245,3,0.690495,1
P_731403,W_32534,2,0.360863,0
P_731407,W_109642,2,0.584982,0
P_731680,W_149519,0,0.264146,0
P_731757,W_856,2,0.374894,0
P_731892,W_7213,0,0.709152,0
P_731895,W_129296,1,0.806842,1
P_73213,W_2930,3,0.312577,0
P_732200,W_29299,0,0.444545,1
P_732272,W_7027,0,0.256578,1
P_732337,W_5515,3,0.462363,0
P_73241,W_37947,2,0.229582,0
P_732718,W_10914,1,0.519271,1
P_732719,W_82985,4,0.765533,1
P_732720,W_13549,0,0.745201,1
P_73279,W_882,0,0.333184,1
P_732811,W_2976,2,0.649378,1
P_732854,W_13523,4,0.124267,1
P_732898,W_4726,0,0.432756,1
P_732920,W_79329,3,0.701079,0
P_73308,W_7495,0,0.549906,0
P_733147,W_70887,0,0.574031,1
P_733281,W_142439,3,0.561105,1
P_733365,W_5216,1,0.77523,1
P_733812,W_17662,1,0.425565,1
P_733815,W_5697,2,0.469297,1
P_733911,W_54461,0,0.730015,1
P_733913,W_20162,3,0.442648,0
P_73403,W_7550,2,0.178143,0
P_734042,W_246,1,0.152877,0
P_734073,W_10902,1,0.718672,0
P_734105,W_24222,4,0.09547,0
P_73416,W_4916,0,0.705387,0
P_734179,W_40251,0,0.646917,1
P_734393,W_20162,3,0.794706,0
P_734558,W_23544,1,0.097874,0
P_734565,W_5515,3,0.123982,0
P_73463,W_11485,4,0.022037,0
P_734630,W_111854,2,0.70122,1
P_734632,W_10849,2,0.709015,1
P_734681,W_17274,1,0.64267,1
P_734683,W_98152,3,0.332687,1
P_734686,W_7578,1,0.47266,1
P_734689,W_106883,4,0.600653,1
P_734712,W_23767,0,0.671254,1
P_734831,W_106883,4,0.595158,1
P_735,W_731,2,0.629041,0
P_73505,W_5283,4,0.812001,0
P_735319,W_13693,4,0.323153,0
P_735369,W_32202,2,0.319701,0
P_735408,W_159387,1,0.609305,0
P_735467,W_113724,0,0.054813,0
P_735470,W_115814,2,0.134255,0
P_735524,W_122602,0,0.600645,1
P_735583,W_8673,1,0.025095,0
P_73561,W_5283,4,0.45671,0
P_73562,W_5283,4,0.716174,1
P_73564,W_5283,4,0.478973,0
P_73565,W_5283,4,0.706718,1
P_73580,W_65381,2,0.802268,1
P_735985,W_40251,0,0.417787,1
P_73628,W_2855,4,0.210412,0
P_736432,W_32534,2,0.338295,0
P_736444,W_20610,2,0.616181,1
P_73656,W_73656,0,0.654511,0
P_736571,W_10906,4,0.681586,1
P_736595,W_106883,4,0.730144,1
P_736899,W_9350,2,0.780897,1
P_736901,W_128680,1,0.773744,1
P_736954,W_6163,1,0.406347,0
P_737040,W_154901,0,0.119601,0
P_7371,W_6417,3,0.397957,0
P_737403,W_47674,1,0.350346,1
P_737481,W_118823,4,0.786055,1
P_737610,W_8203,4,0.756139,1
P_737690,W_11819,0,0.766106,1
P_737917,W_6676,3,0.233306,0
P_738143,W_10577,3,0.658786,1
P_738144,W_9703,3,0.38707,1
P_738146,W_4826,3,0.793826,1
P_73820,W_2968,4,0.622644,1
P_738362,W_29130,3,0.226834,1
P_738396,W_11841,4,0.560967,0
P_738400,W_56366,4,0.327406,1
P_738409,W_62475,2,0.159979,0
P_738436,W_4916,0,0.715906,0
P_738679,W_111408,0,0.56518,1
P_738730,W_129436,1,0.702143,0
P_738831,W_30326,0,0.208857,0
P_73885,W_50939,2,0.820128,1
P_73888,W_9643,0,0.150355,0
P_738896,W_35206,0,0.660138,1
P_738991,W_42521,4,0.596617,0
P_739079,W_114408,2,0.582719,1
P_739142,W_6693,0,0.223959,0
P_739208,W_132987,1,0.758028,1
P_739330,W_43012,3,0.41983,1
P_73934,W_19903,3,0.356204,0
P_739755,W_156542,3,0.058488,0
P_74009,W_6753,3,0.354925,0
P_740131,W_56366,4,0.63631,1
P_740230,W_32053,3,0.117373,0
P_740488,W_156539,0,0.208482,0
P_740500,W_98770,4,0.707125,0
P_740501,W_20122,4,0.662443,1
P_740644,W_27919,1,0.792634,1
P_74108,W_46851,0,0.753357,1
P_741145,W_35395,2,0.621462,1
P_74117,W_10528,3,0.108965,0
P_741306,W_34699,3,0.41063,0
P_74165,W_7264,3,0.643663,1
P_741870,W_22154,4,0.586405,1
P_74189,W_50939,2,0.212989,0
P_741942,W_27164,2,0.499733,1
P_741951,W_14861,0,0.850583,1
P_74211,W_30246,1,0.195981,0
P_742157,W_19912,3,0.585175,1
P_742176,W_11535,0,0.375915,0
P_742220,W_64489,1,0.790932,1
P_74244,W_74245,4,0.658318,1
P_74246,W_74245,4,0.730171,1
P_74261,W_4801,4,0.629227,0
P_74262,W_4801,4,0.710552,1
P_74263,W_4801,4,0.696311,1
P_74273,W_74245,4,0.69484,1
P_742735,W_62433,0,0.444652,1
P_742771,W_13693,4,0.38214,0
P_74278,W_45783,3,0.788325,1
P_74280,W_4826,3,0.695295,1
P_742855,W_136166,0,0.093862,0
P_74286,W_63854,0,0.549263,0
P_74287,W_44435,3,0.755281,1
P_74288,W_5316,0,0.756523,0
P_742950,W_343,4,0.282322,1
P_743409,W_14379,0,0.194596,0
P_743481,W_25030,1,0.596558,1
P_743583,W_6441,4,0.370967,1
P_74363,W_74362,3,0.591866,0
P_744066,W_40251,0,0.712633,1
P_744073,W_195566,3,0.655716,0
P_744074,W_195566,3,0.511034,1
P_744082,W_195566,3,0.680133,1
P_744090,W_195566,3,0.503563,0
P_744091,W_195566,3,0.630515,0
P_744092,W_195566,3,0.769606,1
P_744161,W_195566,3,0.607175,0
P_744165,W_195566,3,0.74751,1
P_744254,W_5233,4,0.642452,0
P_744264,W_56781,0,0.4063,1
P_744326,W_17662,1,0.193566,0
P_744353,W_14809,2,0.27003,1
P_744372,W_75372,1,0.762839,1
P_7446,W_7446,1,0.087974,0
P_744606,W_7816,2,0.572637,1
P_7447,W_7446,1,0.134393,0
P_74480,W_4801,4,0.685617,0
P_744923,W_195566,3,0.629279,1
P_744925,W_195566,3,0.769516,1
P_744952,W_195566,3,0.614001,0
P_745041,W_3099,2,0.795255,1
P_745043,W_11641,0,0.725842,1
P_745052,W_56239,3,0.681327,1
P_745241,W_6453,1,0.222009,0
P_745390,W_4277,0,0.137379,0
P_745469,W_115728,4,0.480074,0
P_74566,W_7446,1,0.047249,0
P_74575,W_12542,1,0.431678,0
P_74584,W_64372,3,0.867098,1
P_74592,W_677,0,0.53167,1
P_745932,W_6163,1,0.442688,1
P_746,W_731,2,0.553773,0
P_746036,W_1017,2,0.444591,0
P_746127,W_10472,0,0.112771,0
P_746149,W_12140,0,0.603171,0
P_74624,W_9271,2,0.116926,0
P_746341,W_14354,0,0.456984,0
P_746346,W_117403,2,0.597504,1
P_746347,W_5930,0,0.453478,1
P_746375,W_4646,3,0.625428,1
P_746378,W_54816,3,0.583519,1
P_746381,W_4922,0,0.197558,0
P_746422,W_56366,4,0.863126,1
P_746435,W_25489,1,0.727594,1
P_746532,W_52177,2,0.731985,1
P_746537,W_65049,3,0.68607,0
P_746544,W_69943,4,0.647809,1
P_746548,W_7816,2,0.647031,0
P_746552,W_11652,0,0.799278,1
P_746783,W_10931,1,0.13341,0
P_746802,W_23142,1,0.872775,1
P_747,W_731,2,0.473366,0
P_747047,W_5515,3,0.695165,1
P_747049,W_127392,1,0.850555,0
P_747077,W_64651,0,0.668525,1
P_747084,W_132541,4,0.556409,1
P_747085,W_132426,2,0.683066,1
P_747090,W_132642,1,0.674039,1
P_747331,W_3264,4,0.298287,1
P_747826,W_20005,0,0.771782,1
P_747989,W_580,3,0.312337,0
P_747998,W_83881,4,0.790795,1
P_74815,W_731,2,0.350409,0
P_748227,W_46408,1,0.445944,0
P_74827,W_3145,2,0.106641,0
P_74839,W_21025,2,0.565342,0
P_748429,W_13540,3,0.792552,1
P_74843,W_1376,1,0.307842,0
P_748447,W_118823,4,0.368425,1
P_748454,W_83871,4,0.662659,1
P_748628,W_2301,3,0.605354,0
P_7489,W_7489,0,0.633371,0
P_74913,W_2085,3,0.103795,0
P_749207,W_64649,4,0.48989,1
P_7495,W_7495,0,0.356554,0
P_749529,W_17671,0,0.537555,0
P_749542,W_6292,2,0.262198,0
P_7496,W_7489,0,0.316139,0
P_749762,W_14620,2,0.713566,1
P_749767,W_132541,4,0.80684,0
P_749804,W_132541,4,0.786527,1
P_749882,W_20257,1,0.643794,1
P_74989,W_272,0,0.153991,0
P_749991,W_13873,4,0.745251,1
P_750029,W_64650,2,0.812699,1
P_750039,W_11535,0,0.559592,1
P_750127,W_132642,1,0.594624,0
P_750158,W_12795,0,0.755784,1
P_750169,W_14620,2,0.652834,1
P_750171,W_150625,0,0.599801,1
P_750181,W_132490,2,0.572574,1
P_750191,W_64652,1,0.763535,0
P_750193,W_132541,4,0.622647,1
P_750280,W_27579,0,0.687047,1
P_750303,W_34728,1,0.594585,1
P_750369,W_79329,3,0.620196,0
P_750464,W_20005,0,0.6575,1
P_750530,W_82985,4,0.566652,1
P_750555,W_85332,0,0.556217,1
P_750703,W_7027,0,0.502882,1
P_750718,W_13127,4,0.335248,0
P_750823,W_9724,4,0.417954,0
P_750867,W_7261,3,0.338461,0
P_750868,W_199,1,0.231438,0
P_750925,W_45948,4,0.606059,1
P_750930,W_27164,2,0.719104,1
P_750932,W_3145,2,0.365213,0
P_751048,W_43898,1,0.517437,0
P_751199,W_26687,1,0.190236,0
P_751200,W_13216,3,0.517517,0
P_751204,W_195566,3,0.502185,0
P_751270,W_64489,1,0.788058,1
P_751510,W_26,3,0.418712,0
P_751572,W_24522,3,0.68121,1
P_751584,W_132490,2,0.826288,1
P_75169,W_6616,4,0.225676,1
P_751897,W_150625,0,0.400246,0
P_751900,W_64489,1,0.728876,0
P_751963,W_9643,0,0.484422,1
P_752243,W_135726,0,0.533188,0
P_752245,W_70887,0,0.772904,1
P_752251,W_11649,1,0.772501,1
P_752334,W_48,0,0.441394,1
P_752336,W_9507,1,0.305992,1
P_752337,W_8937,0,0.60939,1
P_752344,W_1130,2,0.525356,1
P_752345,W_1596,1,0.315483,0
P_752462,W_10641,3,0.512867,1
P_752466,W_10641,3,0.562938,0
P_752502,W_64627,4,0.711046,1
P_752537,W_14620,2,0.682064,0
P_752540,W_132541,4,0.702995,1
P_752603,W_3414,4,0.1922,0
P_752747,W_52660,4,0.328632,1
P_752802,W_43012,3,0.414243,0
P_752803,W_93655,0,0.54166,1
P_752813,W_150660,4,0.751186,1
P_752816,W_64513,2,0.493476,1
P_752917,W_83881,4,0.75612,1
P_752921,W_83871,4,0.592787,1
P_753202,W_64652,1,0.763778,0
P_753203,W_64627,4,0.78023,1
P_753204,W_122729,0,0.548133,1
P_753206,W_64648,2,0.814644,0
P_753207,W_64651,0,0.629634,1
P_753210,W_122729,0,0.159636,0
P_753222,W_122729,0,0.291563,0
P_75350,W_5396,1,0.404847,1
P_753505,W_132426,2,0.739013,1
P_753510,W_9131,0,0.512989,0
P_753526,W_9276,3,0.724445,1
P_753536,W_20960,1,0.856393,1
P_753543,W_20960,1,0.594293,1
P_753768,W_114712,0,0.538996,0
P_753847,W_62475,2,0.31851,1
P_753876,W_64651,0,0.825294,0
P_753881,W_69073,2,0.467013,1
P_753882,W_78838,3,0.609529,0
P_753930,W_34699,3,0.78999,0
P_75397,W_3995,4,0.200389,0
P_754125,W_4728,1,0.140872,1
P_754178,W_5388,1,0.224897,0
P_754181,W_856,2,0.166572,0
P_754466,W_11516,4,0.548317,0
P_75454,W_20414,1,0.283219,0
P_754592,W_59150,0,0.335521,0
P_754615,W_124809,1,0.139785,0
P_754625,W_40419,2,0.387476,0
P_754629,W_87758,0,0.292234,0
P_754639,W_26,3,0.393106,0
P_754646,W_92616,2,0.72818,1
P_754777,W_28784,2,0.320096,1
P_754780,W_14809,2,0.290702,0
P_754889,W_11054,3,0.419885,0
P_7550,W_7550,2,0.194869,0
P_7552,W_7552,2,0.287267,0
P_755217,W_142439,3,0.199322,1
P_755220,W_125863,1,0.638894,0
P_75526,W_13523,4,0.345854,0
P_755285,W_77153,3,0.1897,0
P_755315,W_46851,0,0.595362,0
P_755328,W_98311,3,0.328534,0
P_755329,W_125863,1,0.618153,1
P_755334,W_8339,0,0.757793,1
P_755376,W_43898,1,0.183535,1
P_755408,W_18507,4,0.514193,1
P_755413,W_98770,4,0.673883,0
P_755420,W_10581,3,0.478755,0
P_755428,W_20122,4,0.451304,1
P_75543,W_71473,2,0.370343,0
P_75545,W_71473,2,0.724512,1
P_75546,W_71473,2,0.72784,0
P_75558,W_13687,3,0.241494,1
P_755755,W_2271,1,0.650106,1
P_755774,W_8673,1,0.180372,0
P_755784,W_7446,1,0.217777,0
P_756044,W_4887,1,0.648659,1
P_756102,W_131020,0,0.659531,0
P_756117,W_116622,0,0.662551,1
P_756119,W_21695,1,0.6478,1
P_756123,W_34604,1,0.766144,0
P_756142,W_31091,0,0.4902,0
P_756151,W_4939,4,0.474265,1
P_756469,W_63932,4,0.620868,1
P_756521,W_132426,2,0.780423,1
P_756608,W_64489,1,0.772759,0
P_756638,W_1305,2,0.609677,1
P_756957,W_132426,2,0.555717,0
P_756963,W_64649,4,0.651777,1
P_756966,W_132426,2,0.664208,1
P_757123,W_656,1,0.068615,0
P_757126,W_41771,1,0.530026,1
P_757129,W_22556,4,0.049578,0
P_757131,W_13216,3,0.442381,0
P_757151,W_125863,1,0.450666,0
P_757180,W_7032,0,0.384168,1
P_757185,W_115054,1,0.130166,0
P_757282,W_25621,3,0.483334,1
P_757451,W_22936,0,0.789248,1
P_757551,W_3174,2,0.430893,0
P_757597,W_150625,0,0.246253,0
P_757739,W_6210,3,0.249838,0
P_757748,W_3995,4,0.068004,0
P_757777,W_47639,0,0.507105,0
P_7578,W_7578,1,0.727978,0
P_757840,W_430,3,0.16833,0
P_757841,W_6616,4,0.032833,0
P_757843,W_6602,2,0.355586,0
P_75786,W_20960,1,0.191328,0
P_757863,W_26839,4,0.444662,1
P_757889,W_112097,3,0.698867,1
P_757914,W_22154,4,0.622998,1
P_757972,W_4854,1,0.596829,1
P_757975,W_9376,4,0.682568,1
P_757978,W_954,4,0.115463,0
P_757981,W_103771,3,0.624748,1
P_757994,W_817,0,0.23176,0
P_7580,W_7580,4,0.431713,0
P_758049,W_31360,2,0.571189,1
P_7581,W_7581,1,0.695109,1
P_758114,W_52227,4,0.214711,0
P_758289,W_5118,4,0.044327,0
P_7583,W_7583,1,0.506227,0
P_758321,W_23142,1,0.302115,0
P_758323,W_5954,3,0.362928,0
P_7585,W_7577,0,0.510792,0
P_758514,W_11472,4,0.522631,1
P_758516,W_92417,1,0.636001,1
P_75853,W_7202,3,0.315324,1
P_758606,W_28221,2,0.780981,1
P_758607,W_29487,4,0.464304,1
P_7587,W_7578,1,0.631211,1
P_758751,W_122729,0,0.741461,1
P_75876,W_4642,1,0.38284,1
P_75877,W_1002,3,0.385137,1
P_7588,W_7580,4,0.465851,1
P_758910,W_9128,2,0.569968,1
P_758912,W_127547,3,0.760741,1
P_75903,W_6464,3,0.012978,0
P_759346,W_27894,2,0.676169,1
P_759667,W_11552,4,0.636228,0
P_759753,W_20541,3,0.697084,0
P_759776,W_74362,3,0.237155,0
P_759778,W_11535,0,0.655403,1
P_759829,W_121548,0,0.100677,1
P_759846,W_13127,4,0.253644,0
P_759888,W_19912,3,0.65908,1
P_759900,W_3839,2,0.676253,0
P_759957,W_1769,0,0.634696,1
P_760468,W_10781,0,0.555923,0
P_760512,W_123840,1,0.805067,1
P_760660,W_26988,2,0.132371,0
P_760675,W_40120,3,0.522504,1
P_760708,W_12031,1,0.548623,1
P_761105,W_121548,0,0.19691,1
P_761200,W_7584,0,0.743894,1
P_761201,W_114810,0,0.661341,1
P_761202,W_45783,3,0.718209,1
P_761225,W_2271,1,0.19301,0
P_761226,W_11472,4,0.756473,1
P_761227,W_28495,3,0.700712,1
P_761472,W_11794,2,0.786636,1
P_761474,W_7818,4,0.842744,1
P_761475,W_9350,2,0.709825,0
P_761552,W_79329,3,0.672245,0
P_761583,W_61207,0,0.614856,0
P_761600,W_1108,3,0.37721,0
P_76168,W_4749,1,0.197985,0
P_761703,W_4704,4,0.763702,1
P_76174,W_76174,2,0.576495,1
P_76186,W_6784,3,0.255679,0
P_761872,W_11898,0,0.216489,1
P_761876,W_32711,2,0.505432,1
P_761920,W_20414,1,0.368374,0
P_761939,W_156124,3,0.661555,1
P_761968,W_74245,4,0.6569,1
P_761973,W_115707,2,0.636183,1
P_762019,W_55442,0,0.11396,0
P_762026,W_233,4,0.129792,0
P_762130,W_4762,3,0.247951,1
P_762135,W_23525,3,0.619389,0
P_762203,W_4704,4,0.731221,1
P_762260,W_177431,4,0.073595,1
P_762505,W_28221,2,0.747126,1
P_762569,W_54816,3,0.746142,1
P_762832,W_14229,3,0.61551,1
P_762980,W_46288,2,0.320591,0
P_762984,W_167,1,0.042965,0
P_762991,W_4277,0,0.018699,0
P_763124,W_97414,3,0.65492,0
P_763286,W_123840,1,0.596503,1
P_763414,W_100,4,0.52915,1
P_763527,W_117417,4,0.565064,0
P_763560,W_57375,3,0.394587,1
P_76358,W_42521,4,0.750113,1
P_763582,W_430,3,0.316768,0
P_763590,W_5162,4,0.218409,1
P_763610,W_22053,0,0.264475,0
P_763695,W_121548,0,0.28653,1
P_763755,W_6453,1,0.673462,1
P_763882,W_9665,2,0.679157,1
P_763885,W_2145,0,0.731698,1
P_763886,W_112241,2,0.614456,0
P_763889,W_124745,0,0.748177,1
P_763890,W_34907,3,0.523547,1
P_763891,W_10852,4,0.6477,1
P_763893,W_9297,4,0.675151,1
P_763900,W_11641,0,0.594903,1
P_763903,W_30552,2,0.412895,1
P_763912,W_82200,4,0.500908,1
P_763939,W_3260,0,0.49712,1
P_763953,W_43997,4,0.443165,0
P_763956,W_13127,4,0.645849,1
P_763963,W_462,2,0.247561,0
P_764014,W_1108,3,0.080203,0
P_764025,W_7253,2,0.698827,1
P_764027,W_9263,3,0.841912,1
P_764032,W_12137,0,0.454694,1
P_764063,W_58781,1,0.470971,0
P_764128,W_167,1,0.316827,0
P_764132,W_99751,2,0.162486,0
P_764136,W_39525,3,0.019019,0
P_764139,W_10781,0,0.612736,0
P_76416,W_6753,3,0.097825,0
P_764210,W_226,3,0.398617,1
P_764240,W_6939,1,0.418039,0
P_764268,W_121296,2,0.701076,1
P_764269,W_122602,0,0.422292,0
P_764280,W_6394,2,0.804378,1
P_764310,W_23239,4,0.596859,0
P_764328,W_101001,4,0.61312,0
P_764350,W_113981,2,0.860148,1
P_764364,W_1055,2,0.474646,0
P_764367,W_8850,2,0.576408,0
P_764369,W_112640,1,0.1087,0
P_764372,W_3353,4,0.438514,0
P_764383,W_5368,3,0.223305,0
P_764384,W_30424,2,0.30318,0
P_764385,W_8521,2,0.445985,1
P_764386,W_20414,1,0.295015,1
P_764573,W_65381,2,0.716573,1
P_764766,W_119680,1,0.680297,1
P_76500,W_76498,4,0.24849,1
P_76504,W_76498,4,0.536273,0
P_765054,W_82218,3,0.165834,1
P_76506,W_76498,4,0.379209,0
P_765106,W_19353,0,0.657198,1
P_765115,W_5316,0,0.573635,1
P_765116,W_13687,3,0.723109,1
P_765117,W_98152,3,0.304141,1
P_765140,W_142008,0,0.74813,1
P_765142,W_27320,2,0.644619,1
P_765144,W_9571,2,0.620835,0
P_765145,W_159387,1,0.471358,1
P_765150,W_121182,0,0.635822,1
P_765233,W_7878,4,0.406341,1
P_765237,W_9290,4,0.548235,0
P_765278,W_12795,0,0.746193,1
P_765279,W_128680,1,0.816542,1
P_765287,W_20710,2,0.680461,1
P_765307,W_3177,2,0.445659,0
P_765364,W_27320,2,0.656514,0
P_765408,W_9571,2,0.673484,1
P_765410,W_9358,4,0.778999,1
P_765411,W_3264,4,0.60024,1
P_765472,W_63101,3,0.647359,0
P_765474,W_144648,4,0.478098,0
P_765495,W_6693,0,0.281164,0
P_765595,W_23239,4,0.278735,0
P_765675,W_11006,2,0.624018,1
P_76574,W_76574,3,0.615366,0
P_766140,W_62475,2,0.313527,0
P_766231,W_656,1,0.475874,1
P_766336,W_5388,1,0.319426,0
P_766397,W_11657,1,0.545728,0
P_766514,W_5915,0,0.673983,0
P_76653,W_10576,2,0.709328,1
P_7667,W_303,3,0.437243,0
P_766712,W_69970,2,0.457853,0
P_766713,W_6163,1,0.417948,1
P_766724,W_64652,1,0.708229,0
P_766750,W_114608,4,0.730668,0
P_766755,W_140168,2,0.686897,0
P_766803,W_127547,3,0.673547,0
P_766804,W_13552,4,0.725605,0
P_766806,W_4939,4,0.643093,1
P_766812,W_23772,3,0.722402,1
P_766813,W_38171,4,0.775894,1
P_766814,W_61933,3,0.803037,1
P_766815,W_39438,2,0.811165,1
P_766829,W_13540,3,0.704899,0
P_766924,W_93655,0,0.612058,1
P_766932,W_1795,3,0.329028,1
P_76695,W_42338,0,0.417382,1
P_766954,W_121182,0,0.616426,1
P_766956,W_53262,1,0.639605,0
P_766958,W_10852,4,0.673245,1
P_766960,W_10847,1,0.662257,1
P_766961,W_27906,0,0.733259,1
P_7670,W_1362,1,0.238704,0
P_767167,W_50523,2,0.543338,1
P_76717,W_55068,4,0.243841,1
P_767171,W_103,2,0.570669,1
P_767498,W_87758,0,0.313196,1
P_767500,W_124809,1,0.634053,0
P_767590,W_8543,3,0.505183,0
P_76761,W_24522,3,0.52308,1
P_767662,W_20639,4,0.240803,0
P_767665,W_1143,1,0.362915,0
P_767681,W_2271,1,0.210191,0
P_767788,W_45948,4,0.485334,0
P_767837,W_42521,4,0.707901,1
P_767843,W_118823,4,0.15503,1
P_767863,W_34699,3,0.574478,0
P_767886,W_3264,4,0.655863,1
P_767911,W_87758,0,0.18079,1
P_768027,W_119680,1,0.608984,1
P_768309,W_46288,2,0.457422,1
P_768311,W_434,4,0.202879,0
P_768496,W_3904,1,0.748713,1
P_768556,W_47674,1,0.053766,0
P_768846,W_97460,2,0.267822,1
P_768849,W_82218,3,0.667361,1
P_769216,W_10141,4,0.311704,0
P_769239,W_63932,4,0.498597,1
P_769404,W_656,1,0.050334,0
P_769479,W_122499,0,0.656332,1
P_769480,W_62433,0,0.685842,1
P_769576,W_143172,2,0.319973,1
P_769625,W_43898,1,0.561556,1
P_769749,W_20005,0,0.628776,0
P_769798,W_9128,2,0.254315,0
P_769802,W_31003,3,0.280362,0
P_769815,W_7247,2,0.522278,0
P_769884,W_11516,4,0.413005,1
P_769891,W_150660,4,0.691469,1
P_769934,W_24473,2,0.436746,1
P_769936,W_5233,4,0.554155,1
P_770058,W_9358,4,0.560543,0
P_770062,W_98311,3,0.679434,1
P_770102,W_22936,0,0.750236,0
P_770111,W_3099,2,0.514948,1
P_770269,W_111656,0,0.675226,1
P_770291,W_5500,4,0.507555,1
P_770310,W_106883,4,0.638452,1
P_770314,W_115054,1,0.406231,0
P_770328,W_6859,1,0.638423,1
P_770330,W_132642,1,0.749376,1
P_77051,W_69970,2,0.485951,0
P_770524,W_121504,2,0.425831,0
P_770570,W_9350,2,0.748987,0
P_770636,W_114712,0,0.554901,0
P_770669,W_65609,2,0.721247,0
P_770677,W_11817,2,0.744349,1
P_770749,W_70887,0,0.531715,1
P_770758,W_65381,2,0.788301,0
P_770874,W_132490,2,0.780465,0
P_770912,W_14861,0,0.723818,1
P_770913,W_11657,1,0.544498,0
P_770918,W_132541,4,0.639413,1
P_770946,W_64627,4,0.765565,1
P_770990,W_226,3,0.090496,0
P_771104,W_125863,1,0.506339,1
P_77111,W_33804,0,0.270767,0
P_771112,W_125863,1,0.374969,0
P_771130,W_5655,3,0.483755,1
P_771254,W_3978,1,0.302049,0
P_771389,W_78838,3,0.486827,1
P_771410,W_14620,2,0.728205,1
P_771428,W_150625,0,0.328785,0
P_771467,W_132541,4,0.80575,0
P_7715,W_1362,1,0.20836,1
P_77151,W_76498,4,0.764409,1
P_77153,W_77153,3,0.099722,0
P_77154,W_77153,3,0.277114,1
P_771552,W_7245,0,0.173776,0
P_77156,W_77153,3,0.370676,0
P_771645,W_46851,0,0.748531,0
P_771754,W_116565,3,0.830514,1
P_771840,W_132490,2,0.750723,1
P_77186,W_1308,0,0.383333,0
P_772160,W_122254,2,0.726797,1
P_772226,W_9271,2,0.479963,0
P_772330,W_9158,1,0.825222,1
P_772336,W_117417,4,0.654646,1
P_772369,W_103129,0,0.679347,1
P_772457,W_9297,4,0.455627,1
P_772487,W_32053,3,0.748109,1
P_772629,W_124809,1,0.686108,0
P_772673,W_125863,1,0.740424,1
P_772691,W_10154,4,0.575693,1
P_772743,W_115728,4,0.533577,0
P_7728,W_6102,0,0.171181,1
P_772864,W_21826,2,0.3317,0
P_772867,W_53997,1,0.471746,1
P_772868,W_3904,1,0.371065,1
P_773087,W_9358,4,0.56784,1
P_773184,W_179,3,0.28567,1
P_7733,W_1362,1,0.044071,1
P_77332,W_4775,3,0.328045,0
P_77336,W_46408,1,0.384302,0
P_773471,W_13216,3,0.418309,1
P_77349,W_19508,0,0.255227,1
P_773524,W_14354,0,0.257759,0
P_773525,W_10237,3,0.252712,0
P_773647,W_111535,0,0.182941,0
P_77370,W_26,3,0.447452,0
P_773843,W_15300,2,0.121773,0
P_773984,W_10526,0,0.105296,0
P_774304,W_13552,4,0.683263,1
P_774350,W_14379,0,0.364718,1
P_77470,W_272,0,0.11339,0
P_774812,W_25150,2,0.375262,1
P_774855,W_142439,3,0.578975,1
P_775,W_775,0,0.359994,0
P_775006,W_20254,0,0.737154,0
P_775013,W_115249,2,0.844543,1
P_775027,W_126478,0,0.739909,1
P_775037,W_11641,0,0.681986,1
P_77508,W_17053,4,0.115149,0
P_77511,W_64513,2,0.63824,0
P_775146,W_5930,0,0.444751,0
P_77517,W_24522,3,0.771708,1
P_775490,W_2558,3,0.176231,0
P_77550,W_3447,4,0.176424,0
P_775626,W_137056,1,0.309772,1
P_775629,W_136166,0,0.498711,1
P_775824,W_124745,0,0.577814,0
P_775850,W_119695,2,0.678431,0
P_775860,W_111991,0,0.373234,0
P_775903,W_15385,4,0.262664,0
P_776045,W_31091,0,0.331954,0
P_776095,W_82218,3,0.742978,0
P_776172,W_10154,4,0.239083,0
P_7762,W_7762,4,0.699175,1
P_776235,W_82218,3,0.647021,1
P_77638,W_10338,4,0.13219,0
P_776574,W_73656,0,0.681649,1
P_776652,W_9358,4,0.717866,1
P_776744,W_9724,4,0.779993,1
P_776768,W_64649,4,0.645079,1
P_776963,W_76574,3,0.593224,1
P_777002,W_9358,4,0.523171,1
P_777098,W_13693,4,0.78023,1
P_777100,W_4833,4,0.142764,0
P_77714,W_76574,3,0.581674,1
P_77727,W_28687,0,0.386887,0
P_777277,W_40419,2,0.547928,1
P_777280,W_9358,4,0.470742,1
P_777314,W_91832,4,0.701043,1
P_777321,W_38429,4,0.680362,0
P_77745,W_20622,0,0.594807,1
P_777547,W_124809,1,0.485841,0
P_77760,W_43195,4,0.494907,0
P_777601,W_9358,4,0.324602,1
P_777805,W_3264,4,0.330458,1
P_777819,W_12159,4,0.708002,1
P_777914,W_17274,1,0.794839,1
P_77792,W_8387,2,0.260883,0
P_778040,W_12460,1,0.514419,0
P_778057,W_233,4,0.257512,0
P_778064,W_11785,3,0.159457,1
P_778098,W_11474,2,0.79115,0
P_778126,W_14620,2,0.665765,1
P_778127,W_21528,1,0.76015,1
P_77841,W_77841,3,0.636993,1
P_77842,W_77841,3,0.488477,0
P_77844,W_77841,3,0.417436,0
P_77845,W_77841,3,0.544932,0
P_77846,W_77841,3,0.560209,0
P_778522,W_1017,2,0.256502,0
P_7786,W_7776,3,0.183112,0
P_778739,W_40419,2,0.304853,1
P_778969,W_13127,4,0.324585,1
P_77911,W_2966,4,0.453209,0
P_77932,W_383,3,0.230804,0
P_779375,W_112097,3,0.627472,1
P_779527,W_656,1,0.246692,0
P_779529,W_9276,3,0.128809,1
P_779530,W_11051,3,0.775378,1
P_779539,W_627,2,0.754853,1
P_779546,W_4887,1,0.685456,1
P_77962,W_4755,3,0.075324,0
P_77971,W_27790,3,0.311612,0
P_779812,W_121852,2,0.763483,1
P_779851,W_3270,0,0.103651,0
P_779935,W_52660,4,0.090977,0
P_779985,W_10129,1,0.363174,0
P_780413,W_81722,2,0.854205,1
P_780762,W_16560,3,0.13901,0
P_78082,W_7552,2,0.150563,0
P_780879,W_4816,2,0.674683,1
P_780996,W_4810,1,0.609264,0
P_781236,W_12460,1,0.289486,0
P_781300,W_10154,4,0.478914,0
P_781343,W_4762,3,0.337541,1
P_781434,W_12159,4,0.605699,1
P_781435,W_13549,0,0.727232,1
P_781436,W_27906,0,0.742449,1
P_781440,W_63854,0,0.740561,1
P_781571,W_13208,1,0.062892,0
P_7816,W_7816,2,0.7459,0
P_781868,W_399,2,0.324429,1
P_781921,W_9812,1,0.245308,0
P_781972,W_200724,2,0.700993,1
P_782060,W_195566,3,0.786841,0
P_782134,W_8543,3,0.552648,0
P_782177,W_200724,2,0.524353,1
P_782253,W_4833,4,0.050747,0
P_782444,W_177431,4,0.186721,0
P_782523,W_12140,0,0.650588,0
P_782535,W_7580,4,0.643064,1
P_782554,W_40034,1,0.550004,1
P_782583,W_118849,3,0.026507,0
P_782591,W_40034,1,0.428117,1
P_782623,W_25150,2,0.572194,1
P_782637,W_14238,2,0.369375,0
P_782784,W_23525,3,0.114161,0
P_782796,W_43088,2,0.034517,0
P_782797,W_7264,3,0.231807,0
P_782804,W_233,4,0.18331,0
P_782805,W_7245,0,0.153159,0
P_782861,W_26111,3,0.778737,1
P_782862,W_9574,1,0.726991,1
P_782863,W_2759,3,0.763414,1
P_782864,W_101001,4,0.739064,1
P_782865,W_19943,3,0.472242,1
P_782866,W_7584,0,0.709128,0
P_782868,W_111906,1,0.771107,1
P_782869,W_10914,1,0.762251,1
P_782870,W_11484,3,0.814136,1
P_783056,W_43195,4,0.248041,0
P_783199,W_7245,0,0.265668,0
P_783315,W_10931,1,0.314996,1
P_783330,W_29299,0,0.706869,0
P_783533,W_3145,2,0.361749,1
P_783585,W_5118,4,0.659998,0
P_783651,W_98311,3,0.653969,1
P_783689,W_4762,3,0.300545,0
P_783744,W_129436,1,0.445514,1
P_783826,W_13127,4,0.243934,0
P_78395,W_55442,0,0.157712,0
P_784035,W_2768,4,0.341648,0
P_784048,W_53262,1,0.657621,0
P_784049,W_23770,4,0.710303,1
P_784050,W_29380,0,0.685293,1
P_784064,W_10849,2,0.555704,0
P_784085,W_65049,3,0.783153,1
P_784132,W_21958,1,0.42423,1
P_784133,W_43997,4,0.643919,1
P_784424,W_43195,4,0.487854,1
P_7845,W_1412,1,0.737975,0
P_784681,W_32062,0,0.341678,1
P_784690,W_6453,1,0.205424,0
P_784837,W_7245,0,0.212281,0
P_784855,W_4841,1,0.550901,0
P_784861,W_32058,1,0.228916,0
P_785116,W_200724,2,0.216612,0
P_785134,W_200724,2,0.559213,1
P_785142,W_184,4,0.48658,1
P_785193,W_11054,3,0.316144,1
P_785194,W_11051,3,0.503431,1
P_785196,W_5342,3,0.768968,1
P_785222,W_17274,1,0.497549,0
P_785449,W_47674,1,0.112863,1
P_785519,W_9276,3,0.153271,0
P_785547,W_46288,2,0.234319,0
P_785564,W_6753,3,0.13976,0
P_785711,W_7446,1,0.124472,0
P_785731,W_13216,3,0.262748,0
P_785736,W_430,3,0.116724,0
P_785786,W_1108,3,0.155381,0
P_785816,W_133525,3,0.101696,0
P_786015,W_132426,2,0.68623,0
P_786253,W_103771,3,0.51768,0
P_786256,W_42521,4,0.717919,1
P_786305,W_42521,4,0.754975,0
P_786319,W_9092,4,0.417281,1
P_786332,W_82218,3,0.356819,1
P_786338,W_47639,0,0.516952,0
P_786342,W_98311,3,0.240346,1
P_786344,W_7032,0,0.143843,0
P_786345,W_32058,1,0.60196,1
P_786348,W_32062,0,0.084614,0
P_786373,W_13222,0,0.175258,0
P_786379,W_46851,0,0.694076,0
P_78638,W_3237,4,0.338137,1
P_786600,W_40199,4,0.454123,1
P_786605,W_17662,1,0.167825,0
P_786610,W_14379,0,0.084644,0
P_786620,W_117450,0,0.407691,0
P_786712,W_22961,4,0.643065,1
P_786713,W_140157,4,0.754443,1
P_786715,W_79329,3,0.702128,0
P_786793,W_62475,2,0.339887,0
P_786880,W_3264,4,0.612768,1
P_786932,W_124809,1,0.434864,0
P_786933,W_124809,1,0.699894,1
P_786955,W_6097,3,0.170634,0
P_787094,W_200724,2,0.435894,0
P_787192,W_200724,2,0.428142,1
P_787436,W_11474,2,0.863047,0
P_787448,W_52227,4,0.229465,0
P_787461,W_11352,1,0.626559,1
P_7877,W_3099,2,0.559726,1
P_787785,W_4751,3,0.407168,0
P_788012,W_200724,2,0.384203,1
P_78808,W_31327,2,0.194066,0
P_78819,W_103,2,0.225933,0
P_78838,W_78838,3,0.41758,0
P_788438,W_32595,1,0.141545,0
P_788446,W_32595,1,0.183574,0
P_788548,W_200724,2,0.195906,1
P_788552,W_200724,2,0.424444,1
P_788562,W_200724,2,0.392846,0
P_788591,W_200724,2,0.530659,1
P_788633,W_5697,2,0.168666,0
P_788651,W_4726,0,0.049221,0
P_788652,W_99751,2,0.275166,0
P_788706,W_132987,1,0.724562,1
P_78886,W_78838,3,0.393505,1
P_788981,W_23544,1,0.210773,0
P_789027,W_116622,0,0.63622,1
P_789036,W_54461,0,0.304744,0
P_789134,W_6292,2,0.157215,0
P_789279,W_20005,0,0.714708,1
P_78937,W_10237,3,0.424721,0
P_789398,W_122499,0,0.229792,1
P_78942,W_7253,2,0.678867,1
P_789479,W_64395,4,0.599069,1
P_78949,W_7253,2,0.704721,1
P_789564,W_9131,0,0.620857,1
P_789570,W_61933,3,0.397674,0
P_7898,W_7027,0,0.166525,0
P_78985,W_32711,2,0.661811,1
P_790160,W_200724,2,0.140505,0
P_79018,W_31938,2,0.524295,0
P_790226,W_30678,1,0.426446,1
P_790240,W_64652,1,0.643317,0
P_790263,W_122602,0,0.504586,1
P_790392,W_47674,1,0.085735,1
P_790496,W_62086,3,0.509195,1
P_790497,W_28094,0,0.736867,1
P_790547,W_87758,0,0.569298,0
P_790712,W_28784,2,0.744498,1
P_790780,W_20005,0,0.692928,1
P_790784,W_9350,2,0.777445,1
P_790823,W_10717,0,0.657972,1
P_791046,W_68472,3,0.425427,1
P_791048,W_59150,0,0.55833,1
P_791109,W_17662,1,0.266042,0
P_791338,W_32062,0,0.081645,0
P_791341,W_43195,4,0.162835,0
P_791391,W_109642,2,0.382748,0
P_791409,W_25154,0,0.820127,1
P_791438,W_19748,1,0.374377,0
P_791464,W_627,2,0.828366,1
P_791527,W_161,2,0.148267,0
P_791543,W_4945,3,0.291381,0
P_791807,W_4849,1,0.621012,1
P_791808,W_11358,1,0.761028,1
P_791827,W_5396,1,0.344596,1
P_791930,W_65609,2,0.66763,0
P_792303,W_82218,3,0.077295,1
P_792335,W_2928,1,0.104654,0
P_792417,W_31938,2,0.752473,1
P_792504,W_7257,3,0.77537,1
P_792549,W_43898,1,0.158776,0
P_792550,W_118823,4,0.36766,1
P_79259,W_74245,4,0.711379,1
P_792689,W_82218,3,0.721452,1
P_79280,W_9671,0,0.520128,1
P_79281,W_52227,4,0.388809,0
P_79282,W_74362,3,0.730737,0
P_792833,W_69970,2,0.565834,0
P_792854,W_11006,2,0.743577,1
P_792860,W_62433,0,0.481984,0
P_792867,W_20539,3,0.680208,0
P_79290,W_3177,2,0.491568,1
P_79294,W_10144,4,0.242973,0
P_79295,W_7961,3,0.548076,1
P_79296,W_26941,1,0.112417,0
P_793136,W_64445,2,0.06566,0
P_79329,W_79329,3,0.705697,0
P_793437,W_32062,0,0.04556,0
P_793516,W_58783,4,0.734989,1
P_793596,W_13687,3,0.843601,1
P_793683,W_22936,0,0.837756,0
P_793689,W_14238,2,0.581901,0
P_793716,W_5917,2,0.28901,0
P_793761,W_27477,3,0.579096,1
P_79381,W_10603,4,0.768993,1
P_79388,W_1017,2,0.693209,0
P_794050,W_4852,1,0.734743,1
P_794122,W_56781,0,0.324566,1
P_794176,W_26461,3,0.42705,1
P_794282,W_11823,4,0.68396,1
P_794509,W_25113,0,0.187364,0
P_79458,W_3270,0,0.616054,0
P_794647,W_954,4,0.42951,1
P_794739,W_9286,2,0.684414,1
P_794744,W_5118,4,0.448844,1
P_794971,W_114606,2,0.810293,1
P_794980,W_109122,1,0.511281,1
P_795004,W_9132,3,0.295824,0
P_795007,W_3497,1,0.763485,1
P_795008,W_28687,0,0.218172,0
P_795032,W_64766,0,0.480003,0
P_795091,W_3260,0,0.515999,0
P_795095,W_3260,0,0.551584,0
P_795306,W_5231,0,0.493978,0
P_795446,W_40251,0,0.797857,1
P_795447,W_10788,1,0.339841,0
P_795450,W_27641,3,0.61937,0
P_795477,W_28784,2,0.723738,1
P_795613,W_64489,1,0.711435,1
P_795617,W_150625,0,0.603654,1
P_796012,W_4887,1,0.631644,1
P_79609,W_11785,3,0.380004,0
P_796092,W_44137,3,0.643904,1
P_7961,W_7961,3,0.381046,0
P_796132,W_69073,2,0.731662,0
P_796165,W_111991,0,0.656418,0
P_796181,W_21958,1,0.38944,0
P_796216,W_21958,1,0.394111,0
P_796234,W_21958,1,0.578063,0
P_796243,W_21958,1,0.630566,0
P_796256,W_21958,1,0.237693,0
P_796373,W_118543,4,0.103126,0
P_796390,W_122709,2,0.093083,0
P_796497,W_39438,2,0.762337,1
P_796550,W_4812,1,0.722422,1
P_79660,W_33804,0,0.360356,0
P_79661,W_22148,1,0.355305,0
P_79665,W_3097,1,0.281125,1
P_796737,W_175,2,0.338979,0
P_797111,W_41771,1,0.448536,1
P_797242,W_71473,2,0.697967,1
P_797529,W_156542,3,0.131802,0
P_797623,W_47674,1,0.581239,1
P_798115,W_43088,2,0.031355,0
P_798214,W_11387,1,0.420795,0
P_798279,W_7580,4,0.736127,1
P_798285,W_20254,0,0.762092,0
P_798288,W_53351,4,0.75508,1
P_798289,W_4826,3,0.845176,1
P_79841,W_10065,3,0.342508,0
P_79842,W_10065,3,0.39397,1
P_798457,W_43088,2,0.029591,0
P_798476,W_13127,4,0.333984,0
P_79852,W_10065,3,0.356519,0
P_79854,W_10065,3,0.426026,0
P_798612,W_434,4,0.470717,1
P_798638,W_35395,2,0.67335,1
P_798645,W_62086,3,0.588293,1
P_798646,W_4801,4,0.8545,1
P_798647,W_80336,0,0.654776,0
P_798652,W_27164,2,0.665035,1
P_798657,W_98152,3,0.418377,0
P_798815,W_97460,2,0.410815,1
P_798977,W_14599,4,0.463547,0
P_799002,W_114606,2,0.401594,1
P_799008,W_40199,4,0.659261,0
P_799033,W_9376,4,0.846564,1
P_799035,W_62433,0,0.385635,1
P_79915,W_28495,3,0.70582,1
P_79917,W_28495,3,0.799262,0
P_79918,W_28495,3,0.815134,1
P_79921,W_42488,0,0.57555,0
P_799235,W_25113,0,0.231039,0
P_799413,W_5342,3,0.21835,1
P_799437,W_32202,2,0.44644,1
P_799537,W_31327,2,0.423988,0
P_799548,W_28547,4,0.422945,0
P_799553,W_20639,4,0.115493,0
P_80071,W_40199,4,0.567995,0
P_80077,W_29078,1,0.671317,1
P_80078,W_11779,3,0.613876,1
P_80267,W_580,3,0.569091,0
P_80275,W_39055,4,0.435704,1
P_80337,W_80336,0,0.45211,0
P_80338,W_21013,2,0.617293,1
P_80391,W_3092,1,0.441207,1
P_80464,W_4775,3,0.393867,1
P_80524,W_49809,4,0.451773,1
P_80590,W_63101,3,0.697761,0
P_80605,W_9290,4,0.768421,1
P_80630,W_20049,1,0.613476,0
P_80635,W_11649,1,0.762704,1
P_80758,W_2427,4,0.315501,1
P_80763,W_26687,1,0.134185,0
P_80779,W_11657,1,0.203214,0
P_80810,W_226,3,0.030143,0
P_80814,W_39525,3,0.394099,0
P_8096,W_3211,3,0.027026,0
P_8098,W_3211,3,0.040884,0
P_81016,W_22451,3,0.688058,1
P_81052,W_175,2,0.670246,1
P_81053,W_148,4,0.790323,1
P_81056,W_23772,3,0.619775,0
P_81057,W_51795,4,0.556576,0
P_81071,W_7249,0,0.403007,0
P_8108,W_3211,3,0.096185,0
P_8109,W_3211,3,0.043759,0
P_81116,W_14354,0,0.338699,0
P_81118,W_14354,0,0.381099,0
P_81119,W_14354,0,0.453668,1
P_81120,W_26542,4,0.436312,0
P_81125,W_26542,4,0.622914,0
P_8113,W_3211,3,0.346873,0
P_81148,W_2558,3,0.135698,0
P_8117,W_3211,3,0.095897,0
P_8120,W_3211,3,0.033338,0
P_81241,W_29487,4,0.669981,1
P_81243,W_22961,4,0.823172,1
P_81246,W_11794,2,0.697128,1
P_81267,W_7253,2,0.689796,1
P_81268,W_7253,2,0.50178,1
P_81274,W_10144,4,0.060536,0
P_81275,W_10144,4,0.082869,0
P_81277,W_15519,4,0.544587,0
P_81305,W_33213,1,0.633394,1
P_81306,W_10847,1,0.598865,0
P_81407,W_10849,2,0.530504,1
P_81612,W_1792,3,0.601636,0
P_81614,W_1792,3,0.560341,1
P_81618,W_1792,3,0.552064,0
P_817,W_817,0,0.396215,0
P_81704,W_10338,4,0.0208,0
P_81722,W_81722,2,0.486682,1
P_81723,W_81722,2,0.656007,1
P_81728,W_81722,2,0.770298,1
P_81801,W_7229,1,0.5195,0
P_81804,W_42117,0,0.623719,1
P_81814,W_1305,2,0.10611,0
P_81815,W_2974,3,0.088858,0
P_81816,W_8824,2,0.587267,1
P_81823,W_2558,3,0.187025,0
P_81824,W_209,0,0.214782,1
P_81924,W_1792,3,0.510543,0
P_8202,W_8202,2,0.652167,1
P_8204,W_8203,4,0.635537,1
P_8205,W_8203,4,0.468827,1
P_82078,W_6616,4,0.166953,1
P_82094,W_4690,0,0.680412,1
P_82103,W_20162,3,0.758897,1
P_82109,W_34604,1,0.791176,0
P_82110,W_4685,2,0.658383,0
P_82121,W_5438,3,0.753219,1
P_82122,W_81722,2,0.816461,1
P_82147,W_82146,3,0.519452,0
P_8215,W_2474,1,0.579723,1
P_82151,W_82146,3,0.705116,0
P_82155,W_82146,3,0.586033,1
P_8217,W_2928,1,0.09763,0
P_8218,W_8213,1,0.332803,1
P_82200,W_82200,4,0.507941,0
P_82201,W_82200,4,0.463314,1
P_82202,W_82200,4,0.487656,0
P_82225,W_82218,3,0.664182,1
P_82286,W_9507,1,0.16172,0
P_82289,W_81722,2,0.721984,1
P_82291,W_81722,2,0.772727,1
P_82328,W_2558,3,0.394974,1
P_82342,W_10313,0,0.707359,1
P_82343,W_30678,1,0.697147,0
P_82446,W_2081,0,0.136856,0
P_82505,W_29487,4,0.752173,1
P_82579,W_12992,4,0.101591,0
P_82704,W_7202,3,0.663527,0
P_82708,W_12255,4,0.63211,0
P_82709,W_12255,4,0.738815,1
P_82716,W_12255,4,0.682196,1
P_82722,W_12255,4,0.575558,1
P_82723,W_12255,4,0.728599,0
P_82724,W_12255,4,0.695966,1
P_82747,W_5294,1,0.761126,1
P_82754,W_5294,1,0.753274,1
P_82756,W_25150,2,0.784462,1
P_82760,W_22965,1,0.7356,1
P_82761,W_11794,2,0.484993,1
P_82763,W_4826,3,0.715803,1
P_82841,W_11850,0,0.706589,1
P_82842,W_4685,2,0.701287,0
P_82843,W_29380,0,0.763088,1
P_82846,W_5438,3,0.750683,1
P_82874,W_77841,3,0.627328,1
P_82876,W_77841,3,0.694648,1
P_82877,W_82877,4,0.242355,0
P_82880,W_82877,4,0.505272,0
P_82900,W_1153,3,0.163678,0
P_8292,W_161,2,0.484206,0
P_82922,W_1153,3,0.08445,0
P_82956,W_27328,1,0.553652,0
P_82958,W_2145,0,0.732896,0
P_82961,W_4820,4,0.726647,1
P_82962,W_4810,1,0.601159,1
P_82963,W_20088,1,0.775428,1
P_82965,W_20084,4,0.732108,1
P_82967,W_19353,0,0.717125,1
P_82968,W_20069,2,0.607323,0
P_82969,W_27320,2,0.711694,1
P_82972,W_20110,3,0.641853,0
P_82974,W_19945,4,0.442448,0
P_82975,W_7878,4,0.428012,0
P_82977,W_8203,4,0.717972,1
P_83038,W_7027,0,0.148624,0
P_83070,W_18,0,0.201478,0
P_8316,W_6536,2,0.108574,0
P_83296,W_83296,4,0.667523,0
P_83300,W_83296,4,0.690138,1
P_83301,W_83296,4,0.684202,0
P_83302,W_83296,4,0.334327,1
P_8334,W_575,4,0.344245,0
P_8339,W_8339,0,0.779704,1
P_8340,W_8339,0,0.533139,0
P_83423,W_34086,3,0.359934,0
P_83532,W_64766,0,0.675397,1
P_83544,W_5438,3,0.733742,1
P_83545,W_22965,1,0.70968,0
P_8371,W_3162,2,0.244281,0
P_83727,W_18,0,0.134758,0
P_8381,W_3162,2,0.046588,0
P_8386,W_3162,2,0.085575,0
P_83871,W_83871,4,0.286246,0
P_83873,W_83873,2,0.408031,0
P_8389,W_998,4,0.396287,0
P_83895,W_83871,4,0.803351,1
P_83908,W_83873,2,0.557862,1
P_8391,W_3162,2,0.274604,1
P_83911,W_83881,4,0.767042,1
P_83917,W_83881,4,0.826943,1
P_83920,W_83873,2,0.700449,1
P_83925,W_83871,4,0.724148,1
P_83926,W_83873,2,0.74158,1
P_83959,W_34604,1,0.849241,0
P_83979,W_1795,3,0.556099,0
P_83986,W_1795,3,0.418336,0
P_83987,W_1795,3,0.237701,1
P_84025,W_83881,4,0.645222,1
P_8404,W_3162,2,0.302901,0
P_841,W_841,1,0.317876,0
P_84140,W_29130,3,0.463719,0
P_84247,W_44435,3,0.640512,1
P_84249,W_28184,1,0.306274,0
P_84250,W_4837,4,0.388965,1
P_84252,W_21817,0,0.25779,0
P_84260,W_42338,0,0.626525,1
P_84377,W_21958,1,0.451779,0
P_84379,W_21958,1,0.305023,0
P_84380,W_21958,1,0.434072,0
P_84381,W_21958,1,0.609756,1
P_84382,W_5316,0,0.401811,1
P_84384,W_2968,4,0.729482,1
P_84386,W_4849,1,0.535068,1
P_84458,W_2158,3,0.689142,0
P_84554,W_18,0,0.454991,1
P_84578,W_82146,3,0.681528,0
P_84642,W_45783,3,0.560938,0
P_84739,W_4922,0,0.352813,0
P_84759,W_48,0,0.349937,1
P_84812,W_34568,3,0.218488,0
P_84873,W_20769,4,0.659801,1
P_84929,W_3997,3,0.101804,0
P_84983,W_13695,1,0.332191,0
P_85008,W_4728,1,0.119141,0
P_85086,W_2558,3,0.174436,0
P_85133,W_9132,3,0.3832,0
P_85203,W_2673,1,0.485466,1
P_8521,W_8521,2,0.636923,1
P_8522,W_8521,2,0.757409,1
P_8526,W_8521,2,0.893134,1
P_8527,W_2658,1,0.425344,0
P_85280,W_9132,3,0.520754,1
P_8529,W_4749,1,0.377077,1
P_8533,W_2928,1,0.427038,0
P_85332,W_85332,0,0.57608,1
P_85335,W_85332,0,0.443155,1
P_8535,W_8535,4,0.708357,0
P_85366,W_53262,1,0.559624,0
P_85367,W_53262,1,0.631593,0
P_85392,W_1795,3,0.504021,0
P_85417,W_6437,3,0.571892,1
P_8544,W_8543,3,0.526467,1
P_85447,W_2855,4,0.311322,0
P_85459,W_5102,0,0.244506,0
P_85479,W_70887,0,0.778465,1
P_85481,W_25489,1,0.415905,1
P_85491,W_29045,2,0.652683,1
P_8555,W_8521,2,0.280499,0
P_85555,W_28687,0,0.236639,1
P_856,W_856,2,0.338817,0
P_857,W_856,2,0.143957,0
P_85747,W_35395,2,0.464591,1
P_85752,W_2145,0,0.721549,0
P_85753,W_10576,2,0.668822,0
P_85754,W_4698,1,0.778314,1
P_85803,W_226,3,0.035214,0
P_85810,W_31938,2,0.429875,0
P_85812,W_1376,1,0.531126,0
P_85951,W_51795,4,0.517163,1
P_85952,W_54816,3,0.599582,0
P_85958,W_54461,0,0.371172,0
P_85959,W_22965,1,0.578993,1
P_85960,W_2970,1,0.380873,0
P_85967,W_5912,3,0.477828,0
P_8599,W_343,4,0.081987,0
P_86054,W_12542,1,0.100594,1
P_86072,W_6807,3,0.17967,0
P_86189,W_49809,4,0.345356,0
P_86198,W_1033,0,0.600131,1
P_86202,W_2081,0,0.275967,0
P_86311,W_25489,1,0.645811,1
P_86431,W_4681,1,0.615806,0
P_86463,W_59952,4,0.799588,1
P_86517,W_9263,3,0.697915,0
P_86519,W_10845,3,0.544951,0
P_86557,W_575,4,0.481145,0
P_86618,W_11823,4,0.357615,0
P_86622,W_11823,4,0.627085,1
P_86636,W_4820,4,0.725925,1
P_86638,W_22961,4,0.738637,1
P_86639,W_33213,1,0.491705,0
P_86640,W_83881,4,0.721507,1
P_86642,W_30668,4,0.553595,1
P_86643,W_7581,1,0.701849,1
P_867,W_867,3,0.070057,0
P_8679,W_6939,1,0.202818,0
P_86797,W_2759,3,0.450721,1
P_86798,W_10902,1,0.72865,0
P_8681,W_2768,4,0.113212,0
P_869,W_867,3,0.029698,0
P_86939,W_86939,4,0.541621,1
P_86940,W_86939,4,0.676816,0
P_86941,W_86939,4,0.421516,0
P_86946,W_10906,4,0.639909,1
P_8696,W_8696,0,0.144193,0
P_86972,W_43012,3,0.656523,1
P_8699,W_8696,0,0.063145,0
P_87015,W_70887,0,0.342417,1
P_87030,W_83871,4,0.673253,0
P_8705,W_2768,4,0.317489,1
P_87177,W_12140,0,0.732332,1
P_87213,W_83873,2,0.428844,0
P_87214,W_83873,2,0.72475,1
P_87392,W_4066,1,0.273742,0
P_87400,W_32058,1,0.339236,1
P_87404,W_7245,0,0.154596,0
P_87410,W_5958,0,0.163157,0
P_8749,W_3321,2,0.316499,0
P_87492,W_4692,0,0.658032,1
P_87494,W_4692,0,0.494845,1
P_87669,W_27579,0,0.270354,0
P_87847,W_7776,3,0.168173,0
P_87942,W_1376,1,0.761566,1
P_87979,W_31383,2,0.353546,1
P_87980,W_69970,2,0.293989,0
P_87989,W_13875,4,0.836483,1
P_87991,W_63854,0,0.452918,0
P_8807,W_1033,0,0.637418,1
P_88127,W_6031,2,0.544252,1
P_88128,W_1412,1,0.789997,1
P_882,W_882,0,0.379158,0
P_88203,W_17671,0,0.670183,1
P_88239,W_68472,3,0.597587,1
P_8824,W_8824,2,0.083988,0
P_88246,W_1792,3,0.547874,1
P_88295,W_63932,4,0.322811,1
P_8850,W_8850,2,0.579681,0
P_88509,W_88508,0,0.677371,1
P_88510,W_88508,0,0.730967,0
P_88511,W_88508,0,0.792487,1
P_88512,W_88508,0,0.647167,1
P_88513,W_88508,0,0.790742,1
P_8853,W_8850,2,0.539327,0
P_88556,W_6859,1,0.759655,1
P_88611,W_199,1,0.271713,0
P_88700,W_199,1,0.690137,0
P_8872,W_8872,4,0.078325,0
P_88775,W_11779,3,0.626408,1
P_88777,W_11779,3,0.796464,1
P_88779,W_2968,4,0.676762,1
P_88793,W_30235,3,0.703541,0
P_88797,W_1376,1,0.311661,0
P_88847,W_3099,2,0.513599,1
P_8887,W_8872,4,0.231107,0
P_88876,W_4690,0,0.760982,0
P_88877,W_4687,2,0.701703,1
P_88879,W_4692,0,0.695318,1
P_88886,W_10428,3,0.343761,0
P_88919,W_4700,1,0.641209,1
P_88933,W_679,2,0.222266,0
P_8895,W_26,3,0.343254,0
P_8897,W_246,1,0.520021,0
P_88972,W_13687,3,0.822192,1
P_89051,W_71473,2,0.712092,1
P_89052,W_50379,1,0.600361,1
P_89060,W_11859,4,0.696813,1
P_89064,W_70887,0,0.733566,1
P_89066,W_11833,1,0.753811,0
P_89067,W_11819,0,0.491396,1
P_89098,W_22556,4,0.090529,0
P_89123,W_6403,3,0.451694,1
P_89152,W_20257,1,0.55222,1
P_89468,W_61921,0,0.505226,1
P_89526,W_2930,3,0.193531,0
P_89534,W_817,0,0.505018,0
P_89645,W_3203,1,0.147105,0
P_89662,W_11850,0,0.711428,0
P_89777,W_5319,3,0.573245,1
P_89895,W_932,4,0.266936,1
P_9001,W_8213,1,0.485492,0
P_9004,W_9004,2,0.099679,0
P_9006,W_9006,2,0.855655,1
P_90418,W_21013,2,0.302596,0
P_90446,W_20185,3,0.594558,1
P_90620,W_14662,4,0.32909,0
P_90940,W_20185,3,0.660825,1
P_91000,W_9271,2,0.158434,0
P_9112,W_2855,4,0.355536,0
P_91140,W_13440,2,0.395863,0
P_9128,W_9128,2,0.108172,0
P_91280,W_43012,3,0.14427,1
P_9129,W_9128,2,0.287016,0
P_91301,W_8673,1,0.023337,0
P_91305,W_2427,4,0.732286,1
P_9131,W_9131,0,0.746415,1
P_9133,W_9133,4,0.011897,0
P_91376,W_7489,0,0.312422,0
P_91377,W_11841,4,0.356789,0
P_9146,W_2768,4,0.207699,0
P_91503,W_6715,2,0.718058,0
P_91508,W_30678,1,0.386674,0
P_91541,W_32408,2,0.606314,0
P_91546,W_7279,4,0.4339,1
P_9158,W_9158,1,0.665846,1
P_9170,W_4816,2,0.645492,1
P_9171,W_1353,0,0.687588,1
P_91727,W_34728,1,0.587276,1
P_9175,W_243,0,0.634332,1
P_91752,W_29045,2,0.570316,1
P_91755,W_70887,0,0.762505,0
P_91786,W_91786,2,0.482123,0
P_91788,W_91786,2,0.408174,0
P_91792,W_91786,2,0.664308,1
P_91806,W_42117,0,0.306935,0
P_91818,W_52660,4,0.483194,0
P_91821,W_4846,1,0.772868,0
P_91822,W_20610,2,0.130084,0
P_9183,W_4884,3,0.71516,1
P_9190,W_4939,4,0.756627,1
P_9199,W_9199,0,0.058924,0
P_9200,W_2966,4,0.123098,0
P_92137,W_564,4,0.072538,0
P_92170,W_6093,0,0.376699,0
P_92195,W_1033,0,0.315125,0
P_92338,W_7495,0,0.27963,0
P_92417,W_92417,1,0.613159,1
P_92616,W_92616,2,0.674999,1
P_92618,W_92616,2,0.327392,1
P_92619,W_92616,2,0.542542,1
P_92620,W_92616,2,0.539292,0
P_92627,W_92616,2,0.647413,1
P_92633,W_9199,0,0.118581,0
P_92643,W_83881,4,0.694532,0
P_92645,W_45783,3,0.512682,1
P_9266,W_9266,1,0.415279,0
P_92665,W_3077,4,0.675688,1
P_92666,W_3077,4,0.811385,0
P_92668,W_11798,3,0.615957,0
P_92670,W_14599,4,0.604709,0
P_9271,W_9271,2,0.407509,0
P_9277,W_9276,3,0.384131,1
P_92778,W_3077,4,0.542142,1
P_9285,W_2855,4,0.280986,0
P_9286,W_9286,2,0.705727,1
P_92863,W_91786,2,0.602343,1
P_92864,W_9133,4,0.164095,0
P_92888,W_83873,2,0.242654,0
P_92908,W_34353,3,0.355537,0
P_92909,W_34353,3,0.45751,0
P_92914,W_34353,3,0.643256,1
P_92915,W_34353,3,0.428094,0
P_9292,W_8872,4,0.345481,0
P_92928,W_92616,2,0.686156,0
P_9293,W_8872,4,0.06406,0
P_93053,W_86939,4,0.551359,0
P_93126,W_5500,4,0.194439,0
P_93139,W_4749,1,0.187607,0
P_93199,W_8339,0,0.152175,1
P_932,W_932,4,0.377175,0
P_93203,W_14019,3,0.287126,0
P_93221,W_44435,3,0.676782,1
P_9328,W_1362,1,0.459077,0
P_93494,W_20097,3,0.120993,0
P_9358,W_9358,4,0.361983,1
P_9364,W_6097,3,0.181818,1
P_93644,W_93644,0,0.708486,1
P_93655,W_93655,0,0.790531,1
P_93656,W_93655,0,0.416899,0
P_93660,W_93655,0,0.557251,1
P_93716,W_91832,4,0.832765,0
P_9372,W_8937,0,0.142721,0
P_9376,W_9376,4,0.662238,1
P_93886,W_3321,2,0.188642,1
P_93897,W_31327,2,0.538515,0
P_9394,W_3170,4,0.325216,0
P_93943,W_30326,0,0.24769,1
P_93944,W_22053,0,0.115425,0
P_93984,W_8673,1,0.07315,0
P_94,W_94,3,0.265006,1
P_94007,W_1347,4,0.60262,1
P_94014,W_4916,0,0.808622,1
P_94080,W_12460,1,0.355839,0
P_94081,W_14019,3,0.48456,0
P_94084,W_61207,0,0.702415,1
P_94346,W_2081,0,0.305858,0
P_94448,W_19748,1,0.596891,1
P_94516,W_27641,3,0.540538,0
P_94593,W_11798,3,0.609349,1
P_94594,W_11798,3,0.81477,1
P_94595,W_11798,3,0.58357,1
P_94611,W_11798,3,0.754178,1
P_94967,W_89492,2,0.663763,1
P_94968,W_89492,2,0.56455,0
P_95035,W_1376,1,0.418002,0
P_9508,W_9508,3,0.373131,0
P_9512,W_4655,2,0.553139,0
P_9513,W_775,0,0.342083,0
P_95361,W_799,4,0.14098,0
P_95403,W_56072,0,0.248827,0
P_95427,W_6485,3,0.414162,0
P_95441,W_1353,0,0.628173,0
P_95444,W_36064,4,0.278618,0
P_95451,W_2110,1,0.125341,0
P_95453,W_6485,3,0.615528,0
P_95472,W_10428,3,0.124517,1
P_95566,W_91786,2,0.474414,0
P_95597,W_91832,4,0.801131,0
P_9562,W_3097,1,0.271072,0
P_95698,W_11898,0,0.637247,1
P_95700,W_40675,1,0.775165,1
P_95701,W_2968,4,0.669989,1
P_9571,W_9571,2,0.68648,0
P_95710,W_54466,2,0.381367,0
P_95714,W_51795,4,0.759292,1
P_9572,W_9571,2,0.633985,0
P_9576,W_9576,4,0.510605,0
P_95834,W_58783,4,0.797084,1
P_95837,W_10577,3,0.666598,1
P_9599,W_9560,4,0.496548,0
P_9600,W_5500,4,0.691757,1
P_96011,W_998,4,0.362266,1
P_96059,W_20185,3,0.567995,1
P_9608,W_462,2,0.225297,0
P_96093,W_4867,0,0.708569,0
P_96302,W_2427,4,0.206313,0
P_96306,W_47901,1,0.425184,1
P_9633,W_9508,3,0.43786,1
P_96418,W_9507,1,0.086427,0
P_9643,W_9643,0,0.246698,0
P_9644,W_9644,4,0.241366,0
P_96480,W_35188,3,0.479556,1
P_96492,W_11485,4,0.02229,0
P_96499,W_14662,4,0.25076,0
P_9654,W_10906,4,0.658756,1
P_96638,W_5917,2,0.157778,0
P_9665,W_9665,2,0.562673,1
P_96671,W_7249,0,0.183003,0
P_96672,W_46408,1,0.685027,1
P_96680,W_23627,1,0.357411,1
P_96681,W_26988,2,0.380607,0
P_96682,W_37513,1,0.075963,0
P_96690,W_82877,4,0.45711,0
P_9671,W_9671,0,0.73977,1
P_96711,W_24473,2,0.349645,0
P_96715,W_54466,2,0.15652,0
P_96717,W_42453,1,0.509254,0
P_96719,W_62086,3,0.637208,1
P_96720,W_80336,0,0.543391,0
P_96787,W_3928,4,0.067784,0
P_96795,W_627,2,0.692276,0
P_9688,W_2158,3,0.652857,1
P_96884,W_2427,4,0.119586,1
P_9690,W_9671,0,0.551458,1
P_9691,W_124745,0,0.674765,1
P_96985,W_373,0,0.247959,0
P_9703,W_9703,3,0.579404,0
P_97058,W_12135,4,0.569674,1
P_9719,W_9719,0,0.269525,1
P_97225,W_6676,3,0.416455,0
P_97309,W_92616,2,0.413868,1
P_97311,W_4704,4,0.679404,1
P_97312,W_3266,0,0.280664,1
P_97359,W_48,0,0.4556,1
P_97453,W_9574,1,0.838652,0
P_97458,W_4683,2,0.707235,1
P_97461,W_97460,2,0.648383,1
P_97506,W_23142,1,0.589273,0
P_97516,W_4655,2,0.740102,1
P_97613,W_55861,0,0.615489,0
P_97614,W_55861,0,0.599182,1
P_97632,W_97632,1,0.697024,1
P_97634,W_97632,1,0.826244,1
P_97696,W_4698,1,0.818964,1
P_97698,W_11652,0,0.792382,1
P_97755,W_83881,4,0.688654,1
P_97765,W_91832,4,0.730545,1
P_97772,W_18507,4,0.58845,1
P_97773,W_82146,3,0.672611,1
P_97849,W_3097,1,0.138233,0
P_97910,W_8535,4,0.774346,0
P_97911,W_40034,1,0.40262,1
P_97912,W_55861,0,0.343906,0
P_97915,W_6031,2,0.567329,1
P_97916,W_27320,2,0.015524,1
P_97918,W_4820,4,0.740777,1
P_97923,W_29380,0,0.721901,1
P_9801,W_6417,3,0.365035,0
P_98011,W_6102,0,0.179992,0
P_9812,W_9812,1,0.092444,0
P_9819,W_9812,1,0.410941,1
P_98212,W_53687,2,0.570758,1
P_9828,W_9812,1,0.223865,0
P_98336,W_11785,3,0.209836,0
P_98351,W_28184,1,0.302994,0
P_9837,W_9812,1,0.465426,1
P_98387,W_27164,2,0.715403,1
P_98426,W_29380,0,0.705409,0
P_98427,W_29380,0,0.721944,1
P_98429,W_21352,3,0.445941,0
P_9843,W_9812,1,0.16305,0
P_98449,W_61921,0,0.570398,1
P_98453,W_28495,3,0.849822,1
P_98460,W_40924,0,0.461162,1
P_98465,W_83296,4,0.763265,1
P_98480,W_4217,3,0.653148,1
P_98752,W_34086,3,0.037134,0
P_98770,W_98770,4,0.712749,0
P_98771,W_98770,4,0.5955,0
P_98802,W_12140,0,0.362245,0
P_98809,W_3057,0,0.721969,1
P_98819,W_11051,3,0.170512,0
P_98822,W_161,2,0.120075,0
P_98925,W_97460,2,0.674411,1
P_98973,W_2968,4,0.685555,1
P_9902,W_9812,1,0.287799,0
P_9903,W_9812,1,0.418898,1
P_9905,W_3057,0,0.649064,1
P_99074,W_12317,3,0.723917,0
P_9919,W_9812,1,0.230361,1
P_99285,W_1278,0,0.656444,1
P_99375,W_9290,4,0.719118,1
P_994,W_994,2,0.159485,0
P_995,W_994,2,0.191972,0
P_99593,W_20120,1,0.684737,1
P_99596,W_9006,2,0.758354,0
P_99612,W_28493,4,0.738983,1
P_99630,W_1376,1,0.488325,0
P_99631,W_284,2,0.732481,1
P_99634,W_21826,2,0.643571,1
P_99643,W_42631,3,0.545325,1
P_99702,W_20069,2,0.708385,1
P_99707,W_83296,4,0.772882,1
P_99743,W_99743,2,0.430057,1
P_99751,W_99751,2,0.560089,1
P_99866,W_1347,4,0.653402,0
