candidate_pid,kocc10,hub_reference
P_100,15,0.848866
P_1002,6,0.899575
P_100518,3,0.890744
P_100549,3,0.890114
P_10081,4,0.867110
P_101001,11,0.873330
P_101081,9,0.898369
P_101261,8,0.901681
P_10129,10,0.878076
P_101399,15,0.887776
P_101400,4,0.874208
P_101419,23,0.858815
P_10144,12,0.866067
P_101442,15,0.862551
P_101515,8,0.891356
P_101520,10,0.888306
P_101529,5,0.885413
P_101533,5,0.865818
P_101534,4,0.890109
P_101536,24,0.882308
P_101690,6,0.886853
P_1017,9,0.903419
P_101853,2,0.851942
P_102024,6,0.886929
P_102104,4,0.896147
P_10212,10,0.860133
P_10216,3,0.870001
P_102166,1,0.895482
P_102167,7,0.888920
P_102171,17,0.879733
P_102273,12,0.862907
P_10229,2,0.890934
P_102343,13,0.882083
P_10237,12,0.872859
P_102396,6,0.856808
P_10242,12,0.857825
P_102435,10,0.894427
P_102458,13,0.840013
P_102471,8,0.874103
P_102472,11,0.874359
P_102474,5,0.878712
P_102499,10,0.884616
P_10253,10,0.886674
P_102533,5,0.842711
P_102560,3,0.846582
P_10257,4,0.848010
P_102577,3,0.874542
P_10259,5,0.872770
P_102602,3,0.838560
P_10261,3,0.885337
P_102624,6,0.852541
P_102627,19,0.851050
P_102651,11,0.887455
P_102653,11,0.869908
P_102710,14,0.865118
P_102746,8,0.888546
P_1028,2,0.886978
P_102802,16,0.872844
P_102917,8,0.891331
P_102950,6,0.874678
P_102984,9,0.838635
P_102987,20,0.861366
P_103,13,0.880650
P_103018,4,0.887373
P_103143,11,0.860646
P_10317,7,0.883786
P_103197,11,0.873816
P_103216,7,0.871865
P_103233,11,0.880784
P_103277,12,0.832122
P_103279,14,0.843752
P_103295,2,0.897260
P_1033,7,0.898871
P_103374,11,0.843103
P_103376,3,0.866846
P_10338,16,0.884968
P_103433,5,0.872629
P_103452,7,0.875664
P_103454,13,0.879700
P_103473,10,0.866670
P_103475,8,0.877883
P_103476,3,0.869084
P_103478,2,0.877164
P_103533,9,0.861931
P_103557,11,0.805692
P_103571,2,0.888180
P_10360,5,0.857616
P_103622,10,0.875700
P_103682,10,0.841205
P_103687,11,0.821604
P_103737,8,0.873591
P_103766,6,0.836478
P_103771,18,0.851892
P_103772,21,0.870535
P_103808,4,0.863477
P_103809,5,0.882921
P_103845,7,0.899493
P_103944,9,0.891807
P_104,3,0.888078
P_10401,17,0.850893
P_104042,12,0.856617
P_104063,0,0.848298
P_10408,9,0.856554
P_104176,4,0.892924
P_104213,7,0.874839
P_104226,12,0.887963
P_104258,5,0.895123
P_10428,19,0.849168
P_104314,15,0.848048
P_104315,11,0.838960
P_104317,4,0.868104
P_104320,6,0.862074
P_104353,2,0.880589
P_104354,6,0.872438
P_104357,3,0.888457
P_10436,4,0.886622
P_104365,3,0.877917
P_10437,5,0.881300
P_10441,15,0.852200
P_104429,5,0.872684
P_104437,6,0.842600
P_104513,7,0.865795
P_10456,10,0.888046
P_104604,3,0.884080
P_104659,8,0.893188
P_104683,2,0.889422
P_104689,5,0.884076
P_104716,9,0.831664
P_104733,7,0.876343
P_104734,6,0.876343
P_10476,9,0.842963
P_104780,6,0.902490
P_104781,2,0.852345
P_104788,7,0.892205
P_104791,2,0.870210
P_10483,11,0.848246
P_104834,12,0.871181
P_104838,7,0.876073
P_104854,6,0.865396
P_10488,12,0.880158
P_10492,13,0.843417
P_10500,13,0.875624
P_105004,7,0.883077
P_105015,7,0.878206
P_105019,6,0.885405
P_105030,4,0.880547
P_10504,16,0.845655
P_105053,4,0.868096
P_105082,3,0.899297
P_105086,8,0.888130
P_105107,12,0.883566
P_105113,6,0.899777
P_105142,7,0.881283
P_105227,7,0.888639
P_105231,6,0.857156
P_105233,2,0.878485
P_105327,7,0.900096
P_10533,14,0.859619
P_105408,3,0.894916
P_105417,4,0.877663
P_105418,7,0.897604
P_105420,5,0.885470
P_105421,10,0.892989
P_105424,4,0.865736
P_105425,4,0.865876
P_105434,12,0.877742
P_105438,8,0.878810
P_10546,2,0.879427
P_1055,6,0.858308
P_105501,6,0.897037
P_105563,9,0.851878
P_105702,15,0.881697
P_105713,6,0.880434
P_105724,5,0.886464
P_105740,6,0.855616
P_105746,4,0.852514
P_105753,7,0.889778
P_10577,3,0.827946
P_10582,18,0.842955
P_105840,7,0.859407
P_105843,8,0.874903
P_105885,7,0.880440
P_105887,8,0.881518
P_105890,9,0.892683
P_10603,13,0.862759
P_106062,5,0.861041
P_106203,12,0.869584
P_106207,8,0.864324
P_106366,6,0.895771
P_10641,16,0.850866
P_106560,8,0.865149
P_10662,7,0.887378
P_106674,6,0.840200
P_106678,2,0.852657
P_106837,23,0.894494
P_10685,7,0.871253
P_106883,14,0.883788
P_106922,5,0.876318
P_106924,18,0.842053
P_106946,7,0.870118
P_106970,10,0.874005
P_10717,10,0.869684
P_107170,8,0.839332
P_107205,2,0.779413
P_107498,7,0.833998
P_107502,11,0.858835
P_107520,6,0.848492
P_107524,6,0.888833
P_107529,2,0.872664
P_107531,9,0.849786
P_107555,8,0.880096
P_10758,10,0.897954
P_107595,16,0.875300
P_10761,6,0.872368
P_10762,5,0.871155
P_10766,6,0.850316
P_10767,5,0.856630
P_107684,10,0.836949
P_107727,3,0.893489
P_107739,21,0.873696
P_10774,4,0.837463
P_107781,6,0.854102
P_107795,7,0.875682
P_10784,14,0.887829
P_10785,5,0.865663
P_107872,6,0.885487
P_10788,3,0.870606
P_10799,6,0.890934
P_107990,1,0.881984
P_108072,4,0.852495
P_108134,7,0.892015
P_108135,4,0.894159
P_108150,7,0.867500
P_108182,7,0.848563
P_108218,3,0.839707
P_108237,12,0.860818
P_108259,9,0.875231
P_108282,10,0.838058
P_108286,8,0.860558
P_108327,3,0.856351
P_108364,9,0.873704
P_108372,4,0.865399
P_108376,4,0.893415
P_10838,12,0.894720
P_108434,9,0.851789
P_108449,15,0.876395
P_108458,9,0.873569
P_10846,15,0.860520
P_108465,10,0.876945
P_108473,10,0.867315
P_108475,11,0.876695
P_10848,15,0.879773
P_10849,3,0.878601
P_108509,8,0.893253
P_108518,8,0.817892
P_108526,8,0.852909
P_108548,7,0.866455
P_108588,0,0.894592
P_108686,9,0.850382
P_108687,6,0.854400
P_108690,18,0.827686
P_108692,12,0.829821
P_108693,7,0.876636
P_108694,23,0.855291
P_108697,28,0.858926
P_108698,26,0.861842
P_108700,12,0.869622
P_108752,10,0.842889
P_10886,2,0.853489
P_108867,10,0.891784
P_108939,6,0.869186
P_108951,13,0.852170
P_10901,31,0.867280
P_10902,13,0.857202
P_10905,6,0.837432
P_10907,8,0.856245
P_109089,15,0.878531
P_109122,4,0.839953
P_109124,6,0.848737
P_10913,7,0.860846
P_109138,3,0.840430
P_10914,13,0.854556
P_109217,13,0.879955
P_10932,8,0.900196
P_109324,7,0.898440
P_109377,9,0.884898
P_109386,12,0.882786
P_109435,9,0.843460
P_109440,10,0.880449
P_109597,3,0.858635
P_10963,10,0.876698
P_10964,7,0.885974
P_109642,7,0.879055
P_109643,11,0.887136
P_109644,3,0.879794
P_109646,5,0.876510
P_109985,9,0.881159
P_110044,2,0.881499
P_11006,5,0.871481
P_110106,6,0.881270
P_110123,15,0.864372
P_110124,19,0.855224
P_110128,11,0.840952
P_110134,3,0.848875
P_11014,5,0.859456
P_110161,5,0.859044
P_110170,2,0.871392
P_110236,12,0.872206
P_110254,10,0.865296
P_110279,20,0.840958
P_110345,6,0.873374
P_110384,8,0.850981
P_110437,15,0.871985
P_11045,9,0.872748
P_11048,13,0.850945
P_11051,9,0.879210
P_11054,7,0.880738
P_110549,9,0.884738
P_11067,5,0.896510
P_110726,12,0.841836
P_110727,10,0.865085
P_110791,10,0.875500
P_1108,6,0.880503
P_1109,11,0.852662
P_110919,6,0.866219
P_110932,8,0.846173
P_110956,6,0.873347
P_11096,2,0.893791
P_110964,7,0.876196
P_110965,16,0.869046
P_111009,18,0.851599
P_111106,5,0.864360
P_111108,10,0.861397
P_111226,12,0.837505
P_111338,18,0.834548
P_111341,2,0.853578
P_111343,21,0.834731
P_11143,10,0.894783
P_111432,10,0.896121
P_111607,9,0.878001
P_111666,13,0.884075
P_111674,4,0.874830
P_111734,19,0.866045
P_111747,2,0.886161
P_111763,3,0.873665
P_111787,8,0.854204
P_111822,8,0.874042
P_111909,12,0.815473
P_111932,37,0.830352
P_111944,14,0.844189
P_11197,15,0.852592
P_112043,4,0.833315
P_112044,11,0.815047
P_11215,17,0.864033
P_11221,9,0.876279
P_112288,12,0.777830
P_112319,2,0.886899
P_11235,12,0.872550
P_112416,10,0.868692
P_11242,9,0.883708
P_11243,9,0.862901
P_11246,11,0.880543
P_112482,7,0.851291
P_11249,20,0.876305
P_112523,7,0.849011
P_112559,7,0.883439
P_112560,2,0.868177
P_112580,13,0.884501
P_112613,3,0.893361
P_112686,20,0.838305
P_11275,9,0.876202
P_112944,14,0.843006
P_113059,7,0.863802
P_113175,13,0.835723
P_113226,7,0.863212
P_113253,9,0.867434
P_11333,14,0.850431
P_11334,8,0.841119
P_113409,11,0.873672
P_113472,10,0.853401
P_113534,13,0.832345
P_11358,19,0.837512
P_113609,5,0.904830
P_11365,2,0.877615
P_11366,6,0.880912
P_113701,19,0.838549
P_113702,15,0.845613
P_113703,8,0.836368
P_113704,5,0.784467
P_113713,7,0.820398
P_113724,6,0.887817
P_113964,8,0.871947
P_113966,11,0.863075
P_113976,11,0.890884
P_114054,17,0.853586
P_114055,10,0.853236
P_114056,14,0.863626
P_114057,12,0.847731
P_114060,3,0.886406
P_114061,5,0.852087
P_114062,10,0.859202
P_114063,13,0.870603
P_114082,20,0.862784
P_11411,8,0.898905
P_114131,11,0.854349
P_114132,7,0.857287
P_114133,11,0.852664
P_114153,22,0.822512
P_114215,10,0.846754
P_114217,11,0.868484
P_114218,20,0.872781
P_114228,4,0.875589
P_1143,13,0.856227
P_114331,12,0.880252
P_114485,10,0.904458
P_114486,12,0.894014
P_114490,4,0.898195
P_114491,23,0.897083
P_114525,9,0.879103
P_114535,3,0.874801
P_114559,5,0.872278
P_114587,2,0.886421
P_114588,11,0.857707
P_114590,7,0.881129
P_114603,10,0.853061
P_114605,7,0.848197
P_114679,8,0.854540
P_114680,10,0.867698
P_114682,6,0.885410
P_11471,6,0.860751
P_11473,3,0.878739
P_11478,7,0.853748
P_11485,10,0.871493
P_11488,15,0.892102
P_114908,12,0.839300
P_114909,12,0.869047
P_114927,6,0.845575
P_114935,6,0.887302
P_115006,12,0.880280
P_115029,16,0.842997
P_115030,18,0.854526
P_115032,6,0.858105
P_115033,24,0.837155
P_115034,2,0.803386
P_115055,9,0.892977
P_115064,22,0.857472
P_115080,10,0.876552
P_115095,10,0.861146
P_115096,4,0.835206
P_115102,12,0.852281
P_115133,6,0.856695
P_115135,9,0.844322
P_115137,29,0.862552
P_115139,12,0.865263
P_115142,5,0.869272
P_115143,7,0.852594
P_11516,6,0.887382
P_115176,13,0.841548
P_115177,20,0.848716
P_115178,12,0.825322
P_115179,14,0.840213
P_115180,17,0.824900
P_115182,15,0.830372
P_115203,11,0.878297
P_115210,6,0.876798
P_115250,5,0.892757
P_1153,8,0.877790
P_115446,12,0.895141
P_115455,13,0.850202
P_115475,3,0.876298
P_115482,9,0.858154
P_11552,7,0.855460
P_115534,5,0.870701
P_11554,11,0.861622
P_115556,18,0.842390
P_115612,12,0.849298
P_115616,11,0.842096
P_115655,1,0.860946
P_115829,6,0.886878
P_116008,3,0.876230
P_116022,16,0.870552
P_116151,15,0.857363
P_116159,29,0.877289
P_116166,9,0.850251
P_116172,12,0.849642
P_116173,13,0.877549
P_116175,16,0.841431
P_116176,19,0.852799
P_116183,2,0.885082
P_116188,6,0.851905
P_116190,11,0.862468
P_116197,15,0.861125
P_116200,7,0.853827
P_116201,7,0.871181
P_116220,8,0.872334
P_116234,7,0.823357
P_116238,19,0.852050
P_116255,18,0.864741
P_116259,10,0.841913
P_116264,7,0.856532
P_116273,3,0.850971
P_116274,2,0.840543
P_116281,11,0.832278
P_116305,9,0.882300
P_116320,12,0.879558
P_116367,20,0.851894
P_116418,10,0.848580
P_116420,5,0.878644
P_116432,15,0.845257
P_116438,11,0.837645
P_11649,29,0.803144
P_116508,19,0.880540
P_116543,6,0.895604
P_116552,8,0.870924
P_116624,19,0.843529
P_116625,8,0.852268
P_116630,7,0.883214
P_116635,9,0.872813
P_116636,13,0.871351
P_116638,10,0.891483
P_116640,6,0.860872
P_116641,8,0.831693
P_116653,14,0.859738
P_11667,12,0.881878
P_116742,4,0.859754
P_116752,4,0.841717
P_116768,7,0.878054
P_116787,11,0.882195
P_116816,5,0.890944
P_116825,14,0.851760
P_116835,5,0.875207
P_11685,4,0.867316
P_116865,7,0.848926
P_116877,14,0.895163
P_116924,2,0.866229
P_116945,3,0.888924
P_116990,4,0.851600
P_117083,8,0.859347
P_117093,10,0.836850
P_117233,2,0.866269
P_117235,9,0.860750
P_117251,10,0.870636
P_117330,6,0.859029
P_11737,3,0.895757
P_117796,7,0.861274
P_117823,8,0.877945
P_117844,7,0.847421
P_117849,10,0.872964
P_11785,9,0.872747
P_11787,5,0.851948
P_117885,2,0.873595
P_117925,11,0.845338
P_117939,4,0.874049
P_11794,5,0.834318
P_11796,15,0.842743
P_11798,15,0.839920
P_117994,3,0.886900
P_11801,3,0.848230
P_118037,6,0.835108
P_118057,10,0.839397
P_11806,11,0.846433
P_118124,4,0.826399
P_118164,4,0.837404
P_11817,13,0.862896
P_11818,7,0.869207
P_118180,10,0.853703
P_118182,8,0.822463
P_118184,7,0.828988
P_118185,12,0.872757
P_118186,15,0.832922
P_118187,14,0.870509
P_11819,0,0.878654
P_11820,10,0.851575
P_118204,7,0.879065
P_11821,10,0.825030
P_11823,14,0.877965
P_11824,8,0.867786
P_118285,2,0.874324
P_11837,4,0.883201
P_118381,3,0.842283
P_11841,12,0.873540
P_118419,10,0.841070
P_11842,5,0.884050
P_118476,11,0.863363
P_118586,5,0.869831
P_118603,11,0.880789
P_118604,22,0.842652
P_118671,2,0.895517
P_118672,9,0.864561
P_11871,14,0.844364
P_118729,15,0.854247
P_118730,13,0.815418
P_11874,9,0.832800
P_118763,5,0.873735
P_118772,18,0.872664
P_118773,11,0.875487
P_118774,8,0.876944
P_118776,15,0.857623
P_118801,9,0.857944
P_118879,8,0.879100
P_11889,6,0.872922
P_118897,11,0.886438
P_118905,13,0.855376
P_118912,5,0.843093
P_118916,1,0.853540
P_118921,12,0.846196
P_11898,6,0.882834
P_11900,5,0.851819
P_11902,4,0.875583
P_119041,9,0.888332
P_11905,9,0.881449
P_119239,8,0.826508
P_119242,8,0.891006
P_119272,10,0.862530
P_11928,7,0.821569
P_119303,16,0.851849
P_119313,8,0.861396
P_11936,10,0.866226
P_119455,7,0.872013
P_119457,2,0.851222
P_11953,7,0.903722
P_119553,4,0.858864
P_119555,9,0.893672
P_119560,10,0.854296
P_119561,7,0.865941
P_119562,14,0.856937
P_119568,9,0.858525
P_119569,13,0.867077
P_119577,6,0.901069
P_11958,7,0.900816
P_119585,20,0.861913
P_11959,8,0.905973
P_119683,9,0.889700
P_119701,8,0.867740
P_119706,7,0.854733
P_119727,10,0.813973
P_119734,8,0.841439
P_119766,13,0.856974
P_119767,14,0.865246
P_119768,8,0.889423
P_119777,9,0.878033
P_119840,6,0.860105
P_119866,9,0.862791
P_11990,10,0.841921
P_119937,4,0.883049
P_11997,0,0.894277
P_11998,9,0.841781
P_120078,30,0.853498
P_12017,11,0.833139
P_120174,8,0.854142
P_12018,4,0.869608
P_12021,6,0.883200
P_12022,2,0.885481
P_12024,11,0.870670
P_120303,13,0.854274
P_120309,10,0.867292
P_12031,8,0.859895
P_120310,6,0.881788
P_120324,4,0.893000
P_120330,5,0.870520
P_120331,19,0.874841
P_120333,9,0.871539
P_120334,9,0.833022
P_120336,7,0.865732
P_120337,5,0.879774
P_120352,9,0.855102
P_120356,1,0.863132
P_12037,6,0.866136
P_120419,8,0.850558
P_12043,2,0.884750
P_120442,8,0.853443
P_120523,8,0.848088
P_120528,9,0.859890
P_12053,6,0.881153
P_120552,4,0.841006
P_12058,7,0.885794
P_120600,8,0.819448
P_120628,10,0.857523
P_120649,15,0.868451
P_120652,13,0.889502
P_120661,7,0.842703
P_1207,9,0.873869
P_120709,9,0.875885
P_120765,14,0.889886
P_12083,1,0.890759
P_120946,5,0.856633
P_121047,13,0.839767
P_121048,8,0.879170
P_121064,9,0.859342
P_121202,11,0.860478
P_121203,12,0.871754
P_121206,5,0.873778
P_121297,12,0.878166
P_121338,7,0.850515
P_121348,4,0.898448
P_12135,3,0.875087
P_121361,11,0.894654
P_121389,15,0.882814
P_12140,3,0.845965
P_121402,14,0.863751
P_121424,8,0.858110
P_121427,13,0.901666
P_121428,12,0.853416
P_121429,10,0.887688
P_121488,4,0.871475
P_121498,11,0.859108
P_121500,17,0.835177
P_121547,4,0.888433
P_121599,8,0.886000
P_12168,7,0.897112
P_12179,3,0.866862
P_12180,5,0.893652
P_121803,10,0.824554
P_12182,14,0.886869
P_121822,6,0.872620
P_121823,8,0.858727
P_121824,6,0.881809
P_121851,12,0.865326
P_121871,15,0.870754
P_121918,15,0.858713
P_121989,8,0.840197
P_122011,5,0.845549
P_122031,5,0.889136
P_122035,3,0.872074
P_122038,3,0.857984
P_122096,22,0.840691
P_122162,20,0.876880
P_122231,1,0.894480
P_122263,14,0.883085
P_122300,6,0.854100
P_122303,16,0.850054
P_12233,6,0.878347
P_122353,8,0.879153
P_122484,10,0.867676
P_122525,9,0.896394
P_122530,11,0.864230
P_122534,5,0.872518
P_12255,20,0.878314
P_122588,9,0.808235
P_122654,15,0.835993
P_122676,6,0.872178
P_12269,12,0.871377
P_12270,10,0.846321
P_122902,10,0.860558
P_122916,5,0.823579
P_122933,3,0.850152
P_122934,10,0.873247
P_122935,8,0.854977
P_12317,10,0.850375
P_123187,12,0.867510
P_123223,5,0.882838
P_123481,11,0.898783
P_123913,3,0.852363
P_124019,5,0.891018
P_124036,10,0.873247
P_124040,14,0.846150
P_12406,8,0.891670
P_124071,10,0.776578
P_124173,14,0.862303
P_12429,10,0.880905
P_12433,5,0.863866
P_124373,4,0.879409
P_124468,13,0.847597
P_124470,11,0.857344
P_124516,11,0.887564
P_124579,10,0.866002
P_12460,8,0.862072
P_124644,21,0.853935
P_124661,9,0.791522
P_124676,9,0.790398
P_124681,7,0.863859
P_12470,11,0.858551
P_12476,3,0.886927
P_12478,15,0.900417
P_12484,7,0.894376
P_12486,5,0.858103
P_124892,15,0.882310
P_124895,11,0.891537
P_124896,10,0.899925
P_125112,14,0.893646
P_125119,2,0.890986
P_125122,10,0.891293
P_125125,4,0.855810
P_125330,4,0.862263
P_125333,28,0.864720
P_125339,11,0.883117
P_12540,4,0.857594
P_12545,8,0.882345
P_125467,12,0.877656
P_12547,5,0.875051
P_12548,8,0.868205
P_125846,4,0.899386
P_125847,4,0.869475
P_126067,11,0.865816
P_12611,4,0.885699
P_126178,7,0.851713
P_12618,8,0.875877
P_126221,17,0.845811
P_126241,12,0.857351
P_126372,7,0.884396
P_126395,7,0.875890
P_126396,5,0.879080
P_126409,1,0.837505
P_126431,9,0.863343
P_126432,23,0.857526
P_126434,15,0.841768
P_126445,4,0.844156
P_126446,6,0.865340
P_126451,13,0.882595
P_12656,14,0.897566
P_12658,8,0.888449
P_12659,6,0.891784
P_126620,2,0.892985
P_12675,17,0.879746
P_126898,12,0.856714
P_126951,4,0.882690
P_1270,2,0.894614
P_127072,8,0.885650
P_127089,9,0.850300
P_127142,10,0.872046
P_127302,14,0.872542
P_127327,11,0.863587
P_127330,13,0.843890
P_127410,12,0.864274
P_127420,6,0.862543
P_127428,4,0.830997
P_127489,3,0.862500
P_127491,8,0.863290
P_127548,3,0.872852
P_1276,12,0.891642
P_1278,11,0.875582
P_12784,3,0.888608
P_12786,4,0.879592
P_127887,15,0.856621
P_127888,10,0.870974
P_1279,9,0.880838
P_127907,7,0.895191
P_127917,8,0.847898
P_12792,7,0.859418
P_127921,2,0.865482
P_128034,15,0.840899
P_128187,9,0.865561
P_128283,4,0.884394
P_1283,2,0.885031
P_128305,2,0.834097
P_12834,16,0.896425
P_128365,6,0.889043
P_128392,5,0.862881
P_128395,9,0.870941
P_12858,13,0.861065
P_12861,8,0.855114
P_12864,2,0.888035
P_128673,11,0.847139
P_128674,4,0.861531
P_128709,6,0.876741
P_12877,2,0.894903
P_128782,15,0.865104
P_1288,2,0.884524
P_128902,7,0.852504
P_129019,6,0.837447
P_129045,3,0.868828
P_129070,3,0.852218
P_129079,12,0.848572
P_129086,3,0.880404
P_129088,8,0.881590
P_129091,10,0.877323
P_129093,9,0.844381
P_129127,4,0.871814
P_129373,15,0.858239
P_129386,6,0.859542
P_129391,10,0.885062
P_129393,15,0.869397
P_129396,7,0.889852
P_129467,3,0.875428
P_129468,18,0.878355
P_129504,24,0.854123
P_129505,9,0.867636
P_129521,4,0.865834
P_129538,1,0.853093
P_129541,8,0.861877
P_129553,29,0.856066
P_129653,6,0.889013
P_12968,3,0.882876
P_129702,2,0.898422
P_12972,2,0.898894
P_12974,5,0.888887
P_129865,12,0.882779
P_129867,3,0.844219
P_129914,9,0.811571
P_12992,9,0.876214
P_129935,6,0.861689
P_12997,6,0.894714
P_130017,11,0.861433
P_130024,9,0.832917
P_13005,15,0.818768
P_130151,26,0.853111
P_130257,10,0.880713
P_130260,4,0.866135
P_130284,13,0.876790
P_13030,3,0.872098
P_130313,9,0.885352
P_130388,7,0.878560
P_130389,22,0.863399
P_130499,4,0.885081
P_1305,5,0.872637
P_130543,11,0.886299
P_130565,10,0.889803
P_130572,8,0.903072
P_130750,5,0.896378
P_130754,4,0.868688
P_130755,7,0.887467
P_130766,16,0.871949
P_130821,13,0.885755
P_130822,11,0.874598
P_130828,6,0.865978
P_130829,20,0.868368
P_130921,13,0.858337
P_131025,19,0.852864
P_131026,3,0.873046
P_131028,16,0.855476
P_131030,7,0.856783
P_13114,5,0.867430
P_131172,25,0.855041
P_13118,8,0.887546
P_131220,8,0.879510
P_131221,12,0.848600
P_131254,3,0.865539
P_13127,4,0.846028
P_131288,6,0.840622
P_131290,16,0.814238
P_131292,10,0.850124
P_131293,27,0.863379
P_131295,17,0.860378
P_131296,14,0.850202
P_131298,9,0.866381
P_131300,8,0.855703
P_13132,5,0.870158
P_131376,4,0.899535
P_131379,12,0.879740
P_131398,3,0.887767
P_131511,20,0.848095
P_13159,5,0.868347
P_131630,12,0.899054
P_131738,12,0.843852
P_131813,4,0.892191
P_131859,33,0.855277
P_131874,5,0.865694
P_131927,7,0.868548
P_131929,5,0.866702
P_131936,10,0.854427
P_131960,5,0.851526
P_131965,14,0.859999
P_131984,10,0.875167
P_13204,4,0.869864
P_132041,7,0.863518
P_132045,18,0.836799
P_132049,19,0.875540
P_132051,2,0.876577
P_132052,6,0.880448
P_132053,7,0.880722
P_132071,14,0.868522
P_13216,4,0.844701
P_132182,6,0.856555
P_13222,5,0.860830
P_132245,13,0.848425
P_13232,10,0.884875
P_132368,7,0.863064
P_132412,7,0.879544
P_132413,3,0.863057
P_132436,7,0.853342
P_132470,15,0.862239
P_132518,8,0.881723
P_132570,3,0.852681
P_132577,11,0.851383
P_132584,21,0.870391
P_132586,18,0.857096
P_1326,3,0.886956
P_132649,5,0.868880
P_132656,13,0.853219
P_132657,5,0.852056
P_132660,17,0.854248
P_132663,23,0.867551
P_132758,12,0.865055
P_132866,0,0.887490
P_132979,4,0.841776
P_132996,3,0.888402
P_13302,14,0.873962
P_133039,5,0.889889
P_133129,2,0.864720
P_133357,12,0.847935
P_133440,1,0.886256
P_133519,22,0.841924
P_133523,9,0.875030
P_133524,8,0.851835
P_133761,4,0.878292
P_133785,7,0.872463
P_133816,8,0.871999
P_133831,11,0.864274
P_133832,10,0.841657
P_133833,11,0.852000
P_133836,7,0.785433
P_13385,9,0.893876
P_133941,11,0.841140
P_133946,18,0.857429
P_133981,8,0.874297
P_133982,4,0.883774
P_133988,7,0.861916
P_134053,4,0.893471
P_134120,2,0.884117
P_134125,4,0.888895
P_134144,14,0.883969
P_134145,6,0.885244
P_134175,22,0.879767
P_13421,4,0.900751
P_134245,3,0.894776
P_13425,15,0.891314
P_134250,5,0.896782
P_134258,12,0.882973
P_134262,15,0.897916
P_13431,14,0.880510
P_134349,2,0.886259
P_134352,3,0.887711
P_134355,11,0.856283
P_13440,2,0.891664
P_134414,7,0.843089
P_13447,9,0.893869
P_134476,8,0.797105
P_134587,12,0.862453
P_134660,12,0.884163
P_134661,8,0.875618
P_134662,14,0.859123
P_134695,0,0.810163
P_1347,7,0.848175
P_134711,4,0.867326
P_134730,2,0.834575
P_134742,12,0.843356
P_134764,2,0.849957
P_134765,4,0.903046
P_134767,8,0.865185
P_134775,12,0.887264
P_134783,5,0.898508
P_1348,12,0.883643
P_135031,12,0.876510
P_135060,4,0.894234
P_135061,3,0.889783
P_135084,13,0.851139
P_13513,6,0.897127
P_13522,11,0.869753
P_13523,14,0.887095
P_1353,26,0.853950
P_13552,13,0.849749
P_135528,11,0.847426
P_135595,13,0.861866
P_135628,9,0.877693
P_135643,7,0.875406
P_13566,7,0.840670
P_135668,8,0.838190
P_135670,17,0.849818
P_135672,4,0.889308
P_135675,13,0.821686
P_135677,7,0.813545
P_135695,3,0.864123
P_135738,6,0.832404
P_135759,16,0.857535
P_135793,9,0.841818
P_1359,6,0.871535
P_135935,9,0.891799
P_136020,10,0.870235
P_136132,7,0.864330
P_136182,7,0.847421
P_136185,8,0.870196
P_136233,3,0.848340
P_136281,11,0.878667
P_1364,15,0.845446
P_136457,9,0.845669
P_13658,6,0.896937
P_1367,5,0.851464
P_136809,5,0.874399
P_13687,9,0.867321
P_136870,5,0.882910
P_136884,5,0.901349
P_136908,2,0.837801
P_13695,6,0.845424
P_13698,7,0.850857
P_137291,17,0.851750
P_137292,4,0.872948
P_137293,10,0.877901
P_137294,14,0.879714
P_137296,6,0.876467
P_137375,9,0.853496
P_137414,16,0.849318
P_137485,6,0.897200
P_137537,16,0.855895
P_137556,13,0.875661
P_137558,4,0.883565
P_137588,5,0.877760
P_137590,11,0.872559
P_1376,14,0.848936
P_137629,13,0.858263
P_137708,14,0.868064
P_137716,16,0.879223
P_137740,14,0.827384
P_137764,7,0.899304
P_1378,11,0.859025
P_137822,5,0.896773
P_13805,4,0.822759
P_13807,14,0.903110
P_138093,5,0.887406
P_138116,3,0.887969
P_138150,6,0.885239
P_138156,11,0.838843
P_138212,2,0.889303
P_13831,10,0.876564
P_13832,3,0.869373
P_138459,12,0.887471
P_138491,6,0.897790
P_138508,10,0.861619
P_138614,12,0.903077
P_138652,6,0.861664
P_13869,6,0.852936
P_138718,17,0.894632
P_138719,7,0.888683
P_138721,8,0.890848
P_138722,8,0.883540
P_138727,2,0.860659
P_138731,8,0.881389
P_13888,8,0.894262
P_13895,13,0.895933
P_138967,11,0.879339
P_139000,13,0.833784
P_13908,11,0.879275
P_139092,9,0.886466
P_139161,15,0.882922
P_139304,9,0.872338
P_139305,13,0.885590
P_139401,9,0.869009
P_139431,9,0.843313
P_139457,3,0.879059
P_139528,9,0.891505
P_139545,11,0.859088
P_139673,10,0.852902
P_139768,13,0.866000
P_139835,8,0.863896
P_139969,8,0.833696
P_139989,9,0.898077
P_140021,18,0.841004
P_140023,11,0.894489
P_140165,2,0.882058
P_140166,6,0.876016
P_14019,9,0.868898
P_140200,12,0.898328
P_140236,2,0.903486
P_140237,2,0.901759
P_140253,6,0.849157
P_140376,7,0.882519
P_14040,18,0.857499
P_140410,9,0.884745
P_140445,11,0.855250
P_140473,12,0.856213
P_140475,7,0.886146
P_140478,8,0.877825
P_140479,14,0.853533
P_140497,5,0.847136
P_140498,2,0.874027
P_140587,10,0.879808
P_140598,7,0.882070
P_140737,10,0.856199
P_140792,14,0.874432
P_140793,15,0.857521
P_140865,6,0.870968
P_140874,13,0.865246
P_140886,9,0.856270
P_140894,14,0.859426
P_1409,14,0.844280
P_140922,8,0.880016
P_141062,11,0.887286
P_141084,18,0.873284
P_141095,27,0.845521
P_141097,12,0.875700
P_1411,7,0.870822
P_141101,9,0.856123
P_1412,10,0.884650
P_141269,5,0.895468
P_141280,2,0.850689
P_141284,17,0.837714
P_14137,13,0.857770
P_141458,17,0.845796
P_141475,8,0.854341
P_141499,12,0.870228
P_141562,5,0.855793
P_141563,17,0.865450
P_141592,5,0.833319
P_141593,8,0.862362
P_141594,8,0.866069
P_141597,17,0.885371
P_141604,3,0.842505
P_141608,9,0.854089
P_141619,7,0.793323
P_141718,9,0.849200
P_141768,14,0.889858
P_141777,8,0.894512
P_141778,9,0.884468
P_141887,6,0.900625
P_141912,11,0.889607
P_141972,13,0.860419
P_141976,21,0.858108
P_14198,12,0.857172
P_141991,17,0.869002
P_141996,10,0.837371
P_14204,2,0.867471
P_14205,5,0.884202
P_142111,7,0.891722
P_142176,22,0.875622
P_14225,9,0.877457
P_142330,3,0.842410
P_14238,9,0.898238
P_14251,6,0.900967
P_14254,7,0.883062
P_142577,5,0.876593
P_14261,8,0.899724
P_14263,12,0.894139
P_14264,3,0.898332
P_14272,11,0.891343
P_142727,11,0.872311
P_14273,14,0.890003
P_142740,11,0.877838
P_14275,16,0.897247
P_142804,9,0.894036
P_142968,7,0.874191
P_143115,14,0.798327
P_143186,2,0.874183
P_143322,16,0.876685
P_14342,6,0.905908
P_143450,6,0.896667
P_14348,7,0.877364
P_14349,5,0.896459
P_14350,1,0.862646
P_14352,8,0.887256
P_14354,3,0.878781
P_14355,8,0.858209
P_143552,5,0.860727
P_14356,8,0.859181
P_143634,2,0.850860
P_143647,7,0.864933
P_143653,9,0.861567
P_143661,7,0.861169
P_143672,4,0.875374
P_143699,4,0.881181
P_143752,12,0.866995
P_143757,15,0.832728
P_14379,14,0.861312
P_143796,13,0.830129
P_14380,14,0.856283
P_14387,10,0.875130
P_143960,9,0.868040
P_144067,4,0.853077
P_144097,12,0.870190
P_144099,7,0.855230
P_144115,7,0.872861
P_14414,6,0.862005
P_1443,4,0.861779
P_144320,8,0.883508
P_144383,15,0.884591
P_14446,6,0.886418
P_144503,3,0.873263
P_144666,4,0.881887
P_144682,8,0.839585
P_144706,1,0.850611
P_144724,2,0.877746
P_144727,7,0.813112
P_144774,8,0.891845
P_144786,4,0.892895
P_144811,14,0.885486
P_144815,8,0.874235
P_144821,6,0.868215
P_144822,10,0.880175
P_14485,11,0.872461
P_14486,11,0.885619
P_144862,11,0.852732
P_144863,4,0.865638
P_144864,10,0.870624
P_144869,8,0.878386
P_144877,8,0.891546
P_144916,5,0.886515
P_145006,11,0.867751
P_14501,13,0.907406
P_14502,12,0.891016
P_14504,14,0.890848
P_145056,8,0.896634
P_145071,5,0.882146
P_145072,12,0.883756
P_145075,13,0.890454
P_145078,7,0.861775
P_1453,4,0.883157
P_145396,3,0.848075
P_145397,16,0.877341
P_145401,16,0.841671
P_145429,21,0.881611
P_145430,22,0.865729
P_145432,7,0.857353
P_1455,12,0.897940
P_145599,13,0.853365
P_14560,0,0.902606
P_145667,20,0.797823
P_145670,9,0.810344
P_145673,19,0.823882
P_145678,11,0.881598
P_145822,4,0.868667
P_145830,2,0.815338
P_145834,7,0.869927
P_145842,7,0.899420
P_145853,7,0.850527
P_145855,11,0.894047
P_14590,8,0.871063
P_14597,5,0.878280
P_145978,2,0.842138
P_146000,0,0.882239
P_146160,0,0.868490
P_146163,5,0.852018
P_146166,9,0.893722
P_146236,2,0.878518
P_146238,25,0.867677
P_146239,10,0.859367
P_146241,15,0.855729
P_146242,10,0.858021
P_146243,7,0.871367
P_146255,10,0.866950
P_146256,4,0.859899
P_146257,30,0.866857
P_146359,7,0.843116
P_146419,10,0.880983
P_146422,8,0.867130
P_146423,15,0.821084
P_146437,7,0.885834
P_146454,11,0.887171
P_146514,5,0.897946
P_146558,10,0.890412
P_146573,7,0.883919
P_146607,6,0.846067
P_146608,11,0.829166
P_146609,13,0.866900
P_146610,23,0.826547
P_146614,8,0.842065
P_146615,8,0.803211
P_14662,8,0.887199
P_146629,8,0.879135
P_146650,6,0.840983
P_146664,11,0.859734
P_146721,4,0.839521
P_146723,9,0.879718
P_146748,6,0.857391
P_146873,22,0.871500
P_146931,5,0.894842
P_147084,6,0.886418
P_147150,2,0.873748
P_147220,15,0.848117
P_147244,17,0.863378
P_147267,6,0.861050
P_147478,13,0.835018
P_147529,2,0.881965
P_147562,4,0.881496
P_147563,11,0.871066
P_14775,2,0.902977
P_1478,5,0.878542
P_147868,11,0.880679
P_147869,9,0.866574
P_1479,0,0.873891
P_148,4,0.854040
P_1481,6,0.860251
P_148173,8,0.840154
P_148223,16,0.865516
P_148308,12,0.891527
P_148343,6,0.859647
P_148486,6,0.872747
P_148487,11,0.883199
P_1485,5,0.863921
P_14857,7,0.893962
P_14871,14,0.885079
P_148743,6,0.866589
P_148744,4,0.895028
P_148747,10,0.867735
P_148754,9,0.857698
P_14877,5,0.880171
P_148804,17,0.853972
P_148848,7,0.887591
P_148855,10,0.873715
P_148858,3,0.891475
P_148894,14,0.888475
P_148936,5,0.869735
P_148940,7,0.874309
P_148989,7,0.893004
P_149024,0,0.875011
P_149044,5,0.887144
P_149188,6,0.857414
P_149191,11,0.866103
P_149229,6,0.887137
P_149230,7,0.883571
P_149275,8,0.844240
P_149282,11,0.878245
P_149391,13,0.886365
P_149448,6,0.889808
P_1495,8,0.870652
P_149570,10,0.868235
P_14958,7,0.855780
P_149614,16,0.852374
P_14963,13,0.866141
P_149688,3,0.860058
P_14970,9,0.898734
P_149738,8,0.877157
P_1498,5,0.893163
P_150054,12,0.880186
P_1501,17,0.853974
P_150105,23,0.858954
P_150129,7,0.901147
P_150158,10,0.862910
P_150193,5,0.868949
P_150194,25,0.855787
P_150198,14,0.876113
P_150244,7,0.857624
P_150246,8,0.876006
P_150247,22,0.869502
P_150258,7,0.877071
P_150454,12,0.860638
P_150621,19,0.853390
P_150629,8,0.845576
P_150730,11,0.878092
P_150853,6,0.891804
P_150902,6,0.888422
P_150964,4,0.857201
P_15103,12,0.858371
P_151056,4,0.887744
P_1511,7,0.877458
P_151133,21,0.861473
P_151148,16,0.854107
P_151153,9,0.867663
P_151165,13,0.872440
P_151245,16,0.843646
P_151276,8,0.884040
P_151354,8,0.887328
P_151356,7,0.901741
P_151399,11,0.868818
P_1515,13,0.873877
P_151500,10,0.845363
P_151512,12,0.875267
P_151604,12,0.847003
P_151609,13,0.875380
P_151666,12,0.843660
P_151669,5,0.886161
P_151834,15,0.868135
P_151846,12,0.880544
P_151873,16,0.874836
P_151876,10,0.876951
P_151877,4,0.872848
P_151884,17,0.863002
P_151902,8,0.814732
P_151903,5,0.876051
P_151938,12,0.875398
P_15206,7,0.892232
P_152071,5,0.891787
P_152125,6,0.831516
P_15223,3,0.864339
P_15224,6,0.861602
P_152300,11,0.882871
P_152324,8,0.882073
P_152346,4,0.836073
P_152366,3,0.870163
P_152375,9,0.836757
P_152439,3,0.852934
P_152442,14,0.746263
P_152446,4,0.836959
P_152460,4,0.859057
P_152536,21,0.870813
P_152589,8,0.882965
P_152595,9,0.880413
P_152601,0,0.899099
P_152609,5,0.878006
P_152838,11,0.858907
P_152840,5,0.858948
P_152901,5,0.896564
P_152902,8,0.835598
P_152994,5,0.871308
P_15300,16,0.862361
P_153025,10,0.849110
P_153045,3,0.891309
P_153123,8,0.887149
P_153124,11,0.877216
P_153170,2,0.872061
P_153276,7,0.841587
P_153520,11,0.860724
P_153755,17,0.859151
P_153775,6,0.872155
P_15385,11,0.895576
P_153894,0,0.894346
P_153923,13,0.843853
P_153936,7,0.892187
P_153947,10,0.854935
P_153951,13,0.842079
P_153988,10,0.803035
P_154035,7,0.827564
P_154064,12,0.858289
P_15415,5,0.884572
P_15417,6,0.890579
P_154170,5,0.897795
P_154247,11,0.871731
P_154332,11,0.898903
P_154337,11,0.880737
P_15435,8,0.878368
P_154363,1,0.900037
P_154494,11,0.885576
P_154497,5,0.870249
P_154529,4,0.891130
P_154639,15,0.870963
P_154782,20,0.822614
P_154822,7,0.902706
P_154936,5,0.882107
P_154994,4,0.870372
P_155009,6,0.902944
P_155069,6,0.882159
P_155071,7,0.872079
P_155073,9,0.874725
P_155074,6,0.845482
P_15519,8,0.881706
P_15533,3,0.855846
P_155536,7,0.907372
P_155602,8,0.875283
P_155621,13,0.855279
P_155623,9,0.892144
P_155751,4,0.897237
P_155865,6,0.823794
P_155869,9,0.865607
P_155884,11,0.834827
P_155948,12,0.882633
P_155982,4,0.860331
P_155983,3,0.850779
P_155995,9,0.828384
P_155998,8,0.851597
P_156011,15,0.826767
P_156080,16,0.849318
P_156207,19,0.892816
P_156209,7,0.889327
P_156258,13,0.815103
P_156281,7,0.880604
P_156285,11,0.869742
P_156339,4,0.896695
P_156374,9,0.898668
P_156441,6,0.842136
P_156442,11,0.860408
P_156497,12,0.848431
P_156506,4,0.873838
P_156613,11,0.876176
P_156709,3,0.895896
P_156747,4,0.881109
P_156801,3,0.848631
P_156802,8,0.856621
P_156817,8,0.870438
P_156818,10,0.860858
P_156946,5,0.892219
P_157027,8,0.852785
P_157049,9,0.842838
P_157050,9,0.878960
P_157095,5,0.878614
P_157216,6,0.838421
P_157280,5,0.889845
P_157328,12,0.816391
P_157358,4,0.883326
P_1574,6,0.850458
P_15743,8,0.893389
P_157630,11,0.872077
P_157631,12,0.843577
P_157733,8,0.877485
P_157750,6,0.875251
P_157815,1,0.844979
P_157890,8,0.831338
P_157900,1,0.831976
P_157927,10,0.849908
P_157962,4,0.867122
P_158109,6,0.864068
P_158111,6,0.868598
P_158121,5,0.903351
P_158183,13,0.854291
P_1583,6,0.873960
P_158367,5,0.814281
P_158406,6,0.853696
P_158417,6,0.890951
P_158428,9,0.872330
P_158493,9,0.883454
P_158494,6,0.857131
P_158503,13,0.897288
P_158511,1,0.876684
P_158531,12,0.871829
P_158532,3,0.877367
P_158621,13,0.869326
P_158635,11,0.883665
P_15869,3,0.894645
P_158718,6,0.896813
P_158810,9,0.897053
P_158947,15,0.870982
P_158972,13,0.871816
P_159107,14,0.858005
P_159108,6,0.850125
P_159109,13,0.857973
P_159133,5,0.873025
P_15918,6,0.902378
P_159281,18,0.860391
P_159367,5,0.891629
P_159403,11,0.843809
P_159437,25,0.849334
P_159439,9,0.866645
P_159440,20,0.871617
P_159441,13,0.851707
P_159444,7,0.824568
P_159445,11,0.877780
P_159446,9,0.835489
P_159463,16,0.826644
P_159474,8,0.875428
P_1596,10,0.878734
P_159650,5,0.885643
P_159652,8,0.856866
P_159680,7,0.875014
P_159689,7,0.879561
P_1597,4,0.882223
P_1600,4,0.905017
P_160072,9,0.868430
P_160085,13,0.848459
P_160086,17,0.833173
P_160087,7,0.830883
P_160088,10,0.833720
P_160089,6,0.877515
P_160090,9,0.852694
P_160098,4,0.845008
P_160134,8,0.873643
P_160135,5,0.872973
P_160153,8,0.888602
P_160274,6,0.867667
P_160356,4,0.872480
P_160380,25,0.854023
P_160405,11,0.859237
P_160406,10,0.846599
P_160407,11,0.860785
P_160491,2,0.885006
P_160492,0,0.901895
P_160508,16,0.899966
P_160536,12,0.861788
P_160565,7,0.889776
P_1606,5,0.887393
P_160621,4,0.882719
P_160764,5,0.876067
P_160791,8,0.878810
P_160938,11,0.892532
P_160966,17,0.899993
P_161,3,0.866445
P_1610,8,0.894424
P_16115,3,0.880240
P_161163,6,0.876738
P_161198,3,0.859918
P_161224,5,0.848645
P_161248,10,0.894647
P_161294,2,0.894680
P_161328,2,0.855240
P_161345,15,0.856863
P_161358,0,0.855438
P_161424,5,0.883319
P_161465,11,0.834254
P_161470,2,0.874570
P_161475,0,0.888935
P_161479,6,0.871113
P_161480,1,0.865284
P_161481,6,0.885358
P_161490,8,0.866563
P_161503,14,0.848713
P_161507,16,0.846285
P_161531,15,0.862100
P_161807,13,0.844186
P_161809,8,0.883610
P_161821,9,0.835621
P_161825,6,0.893664
P_161853,8,0.885962
P_16187,6,0.902084
P_161922,3,0.839720
P_161961,2,0.856633
P_162009,2,0.877223
P_162012,16,0.886365
P_162068,2,0.867340
P_162069,6,0.884171
P_162144,9,0.864488
P_162278,7,0.889854
P_162284,6,0.876390
P_162302,2,0.880618
P_162303,10,0.874847
P_162323,14,0.804661
P_162336,9,0.857082
P_162337,9,0.862728
P_162348,6,0.828161
P_162352,11,0.901861
P_162423,9,0.839331
P_162437,8,0.868325
P_162438,4,0.878377
P_16245,5,0.899556
P_16246,7,0.885212
P_162474,13,0.873367
P_162673,10,0.876913
P_162676,11,0.859655
P_162694,7,0.875584
P_162721,13,0.846977
P_162819,9,0.863816
P_163020,13,0.856193
P_163033,7,0.837429
P_163123,12,0.832784
P_163126,3,0.856378
P_163134,12,0.864867
P_163141,12,0.860665
P_163152,8,0.876045
P_163156,11,0.831081
P_163184,7,0.851412
P_163356,9,0.846792
P_163431,6,0.891797
P_163489,3,0.846077
P_163527,11,0.789770
P_163733,8,0.864396
P_163736,6,0.830778
P_163775,2,0.895401
P_163931,14,0.852854
P_163933,6,0.850176
P_163946,6,0.863201
P_164095,9,0.863721
P_164102,14,0.823518
P_164106,10,0.845440
P_164111,13,0.864680
P_164116,11,0.852903
P_164138,8,0.855441
P_164141,12,0.862984
P_164389,6,0.883042
P_164393,15,0.850125
P_164394,21,0.874934
P_164402,14,0.872298
P_164442,4,0.855687
P_164461,12,0.868955
P_164481,10,0.833403
P_164484,12,0.827088
P_164490,17,0.839617
P_164537,15,0.854226
P_164730,7,0.875481
P_164733,2,0.876006
P_164734,13,0.877267
P_164785,6,0.868276
P_164871,4,0.887025
P_164872,12,0.897491
P_164895,9,0.864439
P_164896,8,0.891656
P_164902,2,0.895800
P_164961,3,0.871986
P_1650,9,0.858389
P_165140,6,0.871540
P_165141,5,0.880042
P_165143,5,0.868645
P_165190,7,0.881537
P_165356,16,0.831692
P_165357,17,0.838523
P_165359,7,0.859201
P_165362,6,0.842440
P_165417,18,0.865715
P_165422,10,0.875922
P_165536,7,0.879787
P_16560,9,0.892151
P_16561,10,0.889682
P_1657,3,0.834896
P_165769,4,0.873477
P_165807,13,0.897043
P_165834,7,0.890676
P_165866,4,0.893200
P_165904,9,0.870720
P_166048,3,0.884664
P_166086,5,0.856171
P_166095,6,0.867904
P_166100,9,0.896685
P_166104,6,0.884519
P_166122,8,0.855354
P_166132,3,0.847230
P_166184,4,0.883191
P_166223,10,0.833462
P_166225,10,0.883970
P_166378,10,0.874672
P_166424,20,0.877222
P_166443,4,0.884385
P_166495,20,0.859460
P_166500,1,0.881246
P_166501,9,0.850732
P_166568,7,0.888807
P_166595,5,0.867482
P_166597,13,0.882133
P_166610,10,0.872008
P_166621,10,0.892007
P_166641,12,0.847456
P_166680,8,0.850654
P_166755,14,0.845846
P_166788,4,0.891979
P_166886,10,0.829048
P_166942,4,0.884643
P_166951,0,0.879301
P_166999,16,0.881118
P_167,9,0.876062
P_167107,6,0.901579
P_167121,9,0.889997
P_167153,13,0.842881
P_16717,17,0.868506
P_16718,7,0.873673
P_16719,8,0.830124
P_167232,2,0.896832
P_167248,6,0.845421
P_16731,6,0.868584
P_167310,1,0.901134
P_167358,10,0.837098
P_167380,9,0.861168
P_16740,12,0.877826
P_167403,8,0.878437
P_167548,7,0.894447
P_167552,13,0.845551
P_167554,14,0.863307
P_167556,15,0.863138
P_167558,10,0.849117
P_167560,18,0.868835
P_1676,15,0.844386
P_167603,11,0.838734
P_167700,0,0.883515
P_167748,14,0.861653
P_167825,10,0.838552
P_167853,2,0.888221
P_167916,7,0.860054
P_168050,12,0.847920
P_168054,24,0.863003
P_168057,14,0.846955
P_168058,3,0.850678
P_168059,10,0.855058
P_168066,16,0.883159
P_168093,1,0.869064
P_168117,11,0.842247
P_16813,9,0.878848
P_168130,2,0.893663
P_168132,7,0.866301
P_168134,2,0.855816
P_168135,4,0.878789
P_168186,0,0.871987
P_168189,8,0.845637
P_168391,10,0.882118
P_168394,12,0.887805
P_168397,13,0.884052
P_16846,14,0.850811
P_16849,12,0.854656
P_16854,13,0.874512
P_168609,18,0.873716
P_16895,7,0.879652
P_168957,22,0.865256
P_169006,5,0.894135
P_169263,12,0.887003
P_169500,6,0.887877
P_169566,12,0.882028
P_169573,21,0.877570
P_169654,2,0.862018
P_169946,8,0.885572
P_16997,11,0.895749
P_170014,11,0.884350
P_170020,11,0.863452
P_170075,4,0.883904
P_17008,5,0.887585
P_170134,5,0.888384
P_170283,14,0.857275
P_170284,7,0.880841
P_170285,12,0.867903
P_170294,14,0.873928
P_170295,6,0.883016
P_170345,9,0.882136
P_170349,2,0.873626
P_170361,10,0.864831
P_170414,16,0.861503
P_170418,13,0.865954
P_170429,5,0.829789
P_170455,7,0.884735
P_170461,6,0.857258
P_170463,6,0.849627
P_170481,8,0.854611
P_170484,5,0.844078
P_170488,8,0.840824
P_1705,14,0.872632
P_170503,14,0.851696
P_170506,17,0.858275
P_17053,7,0.877767
P_17054,10,0.857912
P_170621,9,0.866631
P_170623,9,0.869952
P_170746,8,0.867594
P_170771,3,0.869891
P_170847,15,0.854527
P_170893,1,0.867551
P_170900,7,0.884537
P_170905,16,0.865079
P_170912,12,0.877090
P_17092,11,0.860329
P_170924,4,0.890113
P_170936,31,0.865694
P_171047,19,0.888875
P_171343,12,0.839057
P_171386,12,0.888972
P_171387,13,0.883391
P_171462,16,0.865935
P_171525,15,0.891571
P_171728,1,0.870643
P_171800,9,0.900209
P_172133,10,0.900754
P_172153,7,0.887981
P_17229,5,0.876343
P_172563,5,0.845358
P_172586,6,0.888170
P_172607,4,0.897974
P_172637,8,0.857583
P_172641,9,0.843166
P_172645,6,0.863476
P_17274,5,0.876499
P_17275,17,0.875017
P_172807,5,0.876919
P_172836,7,0.874827
P_172847,2,0.901028
P_172896,9,0.817128
P_172916,9,0.882040
P_172939,5,0.866618
P_173245,2,0.876244
P_173265,4,0.901210
P_173303,1,0.850710
P_173394,1,0.898747
P_173553,9,0.867745
P_173675,13,0.895953
P_173702,4,0.902750
P_173740,2,0.833459
P_173747,12,0.854875
P_173792,4,0.903395
P_173804,9,0.899521
P_173891,12,0.833814
P_173896,8,0.820888
P_173956,8,0.832007
P_174082,10,0.906494
P_17412,8,0.847841
P_174140,5,0.879696
P_174185,5,0.880486
P_17419,5,0.851057
P_174266,2,0.900790
P_174340,10,0.864570
P_174400,5,0.874218
P_174440,2,0.880330
P_174451,6,0.893699
P_17446,9,0.855206
P_17453,8,0.895209
P_174555,2,0.876008
P_174564,7,0.837666
P_174607,15,0.854010
P_174614,6,0.840545
P_174782,12,0.865793
P_174783,4,0.833328
P_174802,25,0.896751
P_174835,9,0.843926
P_174871,3,0.903812
P_174934,8,0.891259
P_174935,9,0.851580
P_17498,9,0.883793
P_175,5,0.879736
P_17500,6,0.831727
P_175004,8,0.896853
P_175016,6,0.898333
P_175200,21,0.851557
P_175206,15,0.813036
P_175207,3,0.829494
P_175212,2,0.836426
P_175269,6,0.879348
P_175297,29,0.872767
P_175303,10,0.850667
P_175304,4,0.878031
P_175362,16,0.863575
P_175439,5,0.846242
P_175441,8,0.848068
P_175444,10,0.865139
P_17565,9,0.887350
P_17567,7,0.884648
P_175718,10,0.870924
P_175739,10,0.899915
P_175751,10,0.847506
P_175821,14,0.896432
P_176058,4,0.887087
P_176165,8,0.894331
P_176167,5,0.881634
P_176193,11,0.809515
P_176259,7,0.891171
P_176320,6,0.883595
P_176363,5,0.888958
P_176512,9,0.855744
P_176594,13,0.839977
P_17671,10,0.889516
P_17672,2,0.885574
P_176790,3,0.878082
P_1768,11,0.861482
P_176876,7,0.900432
P_1769,9,0.881724
P_17690,14,0.829149
P_176961,8,0.877991
P_177008,12,0.843057
P_177038,7,0.864105
P_177097,7,0.885509
P_177278,10,0.873411
P_177324,8,0.888249
P_177348,2,0.897650
P_177395,8,0.855323
P_177469,6,0.879376
P_177515,4,0.890191
P_177555,9,0.885965
P_177566,7,0.870315
P_177568,14,0.869436
P_17757,7,0.889791
P_177570,12,0.850363
P_177572,1,0.852586
P_177632,2,0.892638
P_177634,9,0.863106
P_177637,9,0.879271
P_177664,7,0.866241
P_177665,12,0.858429
P_177671,2,0.903199
P_177688,7,0.886435
P_177689,3,0.887683
P_177698,7,0.889773
P_177712,2,0.890422
P_17772,12,0.868801
P_177753,6,0.879258
P_177888,9,0.895673
P_177896,11,0.861353
P_177960,11,0.889051
P_177996,2,0.903714
P_178035,14,0.898915
P_178176,8,0.857269
P_178187,18,0.897762
P_178265,3,0.893171
P_178281,14,0.881635
P_178356,9,0.879046
P_17840,24,0.846277
P_17845,18,0.830733
P_17846,1,0.891700
P_178622,4,0.862559
P_17866,16,0.899943
P_17869,6,0.898594
P_17876,8,0.840953
P_178922,16,0.875578
P_178954,13,0.823752
P_178962,6,0.884800
P_179,10,0.872427
P_179022,16,0.871038
P_1792,7,0.876874
P_17922,4,0.885935
P_179391,15,0.846960
P_179405,9,0.877288
P_179572,8,0.845207
P_179575,10,0.840006
P_179588,5,0.869181
P_1796,5,0.873766
P_179667,9,0.882356
P_179743,5,0.879514
P_179759,16,0.853035
P_179763,12,0.855320
P_179764,18,0.853047
P_179765,7,0.846946
P_179767,11,0.868720
P_179782,8,0.879697
P_179792,17,0.876423
P_180,7,0.882575
P_180386,6,0.867951
P_180421,8,0.874597
P_180565,9,0.866258
P_180591,12,0.845685
P_180632,6,0.855788
P_180633,7,0.855788
P_180701,9,0.881649
P_180729,15,0.874590
P_180878,10,0.872150
P_181014,7,0.884060
P_181101,7,0.862634
P_1812,10,0.879545
P_181263,4,0.821040
P_181292,23,0.862852
P_181318,12,0.858345
P_181424,15,0.863114
P_181425,15,0.850277
P_181501,4,0.863471
P_181534,5,0.900378
P_181554,7,0.841228
P_181557,7,0.855310
P_181574,5,0.878824
P_181577,8,0.845762
P_181693,15,0.856736
P_181764,2,0.870254
P_181818,17,0.878430
P_181822,4,0.891966
P_181869,1,0.886347
P_181870,11,0.879574
P_181882,4,0.886100
P_181883,11,0.888497
P_181942,10,0.894374
P_181969,9,0.840962
P_181970,5,0.857985
P_181972,10,0.824228
P_182041,6,0.857385
P_182220,12,0.858004
P_182233,7,0.894990
P_182308,18,0.867331
P_182310,5,0.888729
P_182341,17,0.860828
P_182346,13,0.864452
P_182366,8,0.861785
P_182452,11,0.852158
P_182503,6,0.883834
P_182510,5,0.875108
P_182620,4,0.880178
P_182642,5,0.886217
P_182644,7,0.881801
P_182666,8,0.867427
P_182728,15,0.900743
P_182733,18,0.883780
P_182750,7,0.881082
P_182751,5,0.879096
P_182752,4,0.873559
P_1828,14,0.869931
P_182904,6,0.897110
P_182916,13,0.829241
P_183019,5,0.856278
P_183038,7,0.845015
P_183104,7,0.836116
P_183113,11,0.870788
P_183117,1,0.861401
P_183144,7,0.858391
P_183167,5,0.882317
P_183226,5,0.873770
P_183318,6,0.875147
P_183344,10,0.877011
P_183395,10,0.870333
P_183396,9,0.856487
P_18345,7,0.878448
P_183461,7,0.862367
P_18353,9,0.889076
P_183532,11,0.839755
P_183548,8,0.846513
P_183549,8,0.869253
P_183550,7,0.876027
P_183551,10,0.877221
P_183552,17,0.876316
P_183565,13,0.818813
P_183589,8,0.867681
P_183590,13,0.870717
P_183611,12,0.858969
P_18364,3,0.882263
P_183720,3,0.883049
P_18374,7,0.881541
P_18379,4,0.888118
P_183870,7,0.833813
P_183891,10,0.865196
P_183993,12,0.846932
P_183996,7,0.865801
P_184,10,0.869591
P_184130,2,0.835215
P_184133,7,0.827389
P_184186,12,0.852061
P_184189,5,0.901334
P_184241,8,0.851165
P_184307,4,0.809374
P_184314,8,0.865741
P_184318,2,0.852673
P_184320,7,0.893710
P_184376,2,0.835497
P_184465,24,0.847638
P_184474,4,0.891621
P_184483,8,0.849942
P_184492,10,0.853129
P_184502,14,0.833969
P_184504,22,0.855443
P_184512,11,0.862308
P_184546,34,0.847891
P_184570,19,0.874035
P_184571,10,0.884968
P_184572,9,0.889303
P_184576,21,0.862229
P_184592,11,0.819521
P_184618,24,0.853925
P_184626,6,0.870721
P_184655,11,0.848513
P_184662,14,0.870445
P_184667,10,0.845557
P_184680,13,0.847224
P_184683,6,0.886074
P_184684,12,0.866630
P_184704,10,0.840300
P_184844,3,0.854074
P_184849,5,0.856989
P_18507,23,0.855076
P_185207,10,0.841688
P_185275,10,0.862754
P_185279,8,0.863281
P_185307,2,0.860640
P_18535,16,0.860769
P_185369,4,0.864120
P_185370,12,0.873213
P_185374,11,0.891833
P_1854,0,0.844104
P_185505,10,0.858625
P_185506,11,0.842393
P_185516,8,0.842845
P_185645,7,0.883103
P_18568,3,0.854402
P_185708,3,0.895927
P_185800,20,0.848451
P_185899,17,0.871659
P_185903,21,0.875574
P_185929,23,0.854117
P_185954,16,0.877786
P_185956,8,0.823775
P_185957,9,0.890194
P_186004,13,0.878602
P_186037,11,0.847003
P_186046,2,0.885510
P_186102,10,0.873831
P_186116,5,0.884296
P_18625,7,0.883346
P_186439,7,0.890597
P_186446,3,0.880688
P_186505,7,0.884280
P_186570,9,0.869097
P_186582,5,0.875937
P_186633,2,0.857597
P_186652,7,0.862511
P_186739,12,0.863930
P_186784,13,0.887696
P_186813,7,0.871505
P_186824,8,0.882434
P_18687,6,0.900758
P_187004,6,0.897245
P_187109,9,0.884766
P_187155,3,0.857133
P_187325,9,0.882732
P_187331,3,0.890442
P_1874,1,0.860173
P_187510,7,0.865398
P_187655,11,0.854649
P_187698,6,0.865190
P_187700,11,0.865478
P_187741,9,0.849677
P_187752,6,0.896445
P_187809,9,0.868803
P_187812,3,0.827946
P_1879,16,0.859239
P_187902,5,0.867910
P_187903,9,0.871782
P_187914,7,0.873183
P_187984,5,0.839169
P_187995,12,0.882860
P_188071,9,0.880017
P_188104,5,0.830680
P_188197,10,0.882839
P_188317,2,0.887363
P_188464,6,0.871541
P_188469,8,0.875835
P_1885,13,0.873124
P_188521,20,0.887993
P_188548,17,0.878140
P_188549,8,0.867824
P_188729,5,0.866538
P_188795,11,0.890449
P_188809,11,0.859677
P_188810,8,0.879815
P_188856,10,0.890294
P_1889,10,0.839944
P_188902,7,0.873687
P_188906,7,0.874884
P_188908,17,0.854204
P_189004,6,0.884364
P_189024,8,0.877720
P_18913,12,0.878719
P_189232,19,0.842687
P_189238,24,0.874138
P_189372,11,0.840871
P_189373,13,0.883464
P_189404,6,0.867025
P_189419,7,0.876730
P_18947,6,0.898854
P_189525,12,0.857836
P_18953,7,0.879284
P_189567,9,0.886880
P_189574,16,0.879798
P_189725,4,0.864534
P_18978,4,0.859225
P_18988,10,0.834078
P_189927,6,0.868608
P_189928,7,0.876585
P_189931,9,0.891936
P_189979,3,0.875596
P_190175,12,0.879995
P_190202,10,0.895385
P_190379,6,0.883198
P_190406,1,0.872907
P_190491,8,0.876626
P_190511,9,0.853101
P_190513,10,0.874596
P_190514,19,0.874253
P_190515,6,0.881005
P_190516,4,0.875617
P_190518,8,0.845647
P_190519,11,0.850593
P_190520,11,0.817879
P_190521,1,0.822075
P_190529,9,0.868844
P_190598,20,0.885614
P_190599,5,0.893702
P_190704,12,0.875185
P_190707,6,0.876797
P_190715,8,0.876373
P_190720,12,0.867032
P_190770,4,0.889030
P_190786,5,0.884549
P_190905,32,0.868202
P_190921,15,0.849321
P_190987,5,0.885469
P_191114,21,0.851653
P_191122,9,0.854462
P_191123,6,0.884990
P_191143,6,0.881890
P_191202,11,0.893882
P_191230,3,0.877026
P_191344,11,0.870725
P_191347,8,0.876035
P_191352,10,0.873294
P_191376,12,0.842098
P_191383,29,0.854877
P_191387,11,0.880805
P_191424,8,0.854735
P_191608,6,0.841166
P_191636,6,0.887142
P_191761,14,0.853793
P_191768,8,0.854917
P_191806,18,0.874694
P_191874,3,0.885533
P_191937,12,0.887051
P_191943,10,0.830051
P_191958,3,0.810307
P_191973,9,0.830357
P_191974,8,0.872489
P_191986,4,0.882296
P_192143,21,0.884707
P_192155,13,0.849764
P_192160,9,0.884684
P_192163,14,0.890016
P_192173,5,0.858584
P_192178,4,0.862294
P_192179,11,0.871485
P_192199,10,0.882797
P_192212,6,0.860449
P_192366,7,0.844908
P_1924,9,0.761714
P_192560,9,0.800979
P_192561,14,0.865701
P_192594,12,0.871849
P_192595,17,0.864885
P_192611,4,0.855251
P_192667,10,0.887756
P_192775,10,0.844667
P_192821,10,0.833905
P_192834,9,0.873354
P_192835,13,0.872840
P_192836,12,0.855270
P_192842,13,0.862551
P_192847,16,0.845381
P_192868,13,0.875242
P_193069,22,0.873975
P_193099,2,0.898262
P_193278,1,0.870769
P_193298,1,0.891466
P_1933,17,0.789577
P_1934,11,0.851861
P_193566,10,0.860820
P_1936,9,0.805475
P_193626,7,0.861984
P_19365,6,0.891980
P_193689,9,0.874865
P_193762,15,0.848395
P_193900,12,0.858243
P_193902,12,0.858713
P_193903,12,0.824989
P_194100,7,0.863327
P_194103,7,0.898334
P_19413,3,0.862805
P_19419,6,0.865374
P_19420,9,0.871865
P_19425,3,0.872574
P_1944,3,0.855095
P_194421,7,0.874573
P_194422,12,0.872144
P_194423,11,0.864448
P_194456,8,0.859869
P_194458,11,0.878219
P_194509,8,0.881753
P_194514,8,0.876685
P_194572,6,0.815504
P_194725,13,0.858823
P_194781,21,0.856203
P_194786,27,0.844881
P_194822,9,0.859195
P_194824,3,0.888653
P_194831,5,0.892397
P_195006,13,0.816723
P_195007,5,0.871217
P_19508,3,0.900346
P_19509,3,0.853009
P_19510,1,0.894711
P_195107,6,0.884734
P_195138,8,0.885398
P_195262,11,0.890297
P_195327,8,0.875243
P_195352,9,0.853034
P_195353,4,0.858965
P_195412,7,0.843683
P_195556,17,0.849566
P_19558,14,0.836229
P_195743,7,0.827481
P_195879,8,0.881931
P_195882,17,0.891861
P_195926,17,0.831676
P_195937,7,0.884924
P_195972,1,0.895396
P_1960,11,0.808206
P_196009,20,0.842321
P_196025,3,0.867839
P_1961,13,0.838773
P_196143,10,0.873517
P_196148,7,0.868010
P_196236,11,0.838341
P_1963,15,0.783469
P_196363,10,0.892214
P_196370,8,0.861875
P_196380,5,0.845160
P_196529,11,0.880260
P_196676,5,0.832816
P_196679,4,0.857821
P_196711,12,0.853309
P_196788,11,0.840599
P_196899,8,0.863213
P_196904,18,0.813617
P_19698,8,0.863042
P_197002,8,0.848498
P_197014,4,0.873470
P_197016,8,0.873384
P_197025,7,0.849002
P_197103,13,0.853997
P_197166,2,0.842519
P_197167,6,0.873608
P_197318,13,0.852257
P_197337,9,0.895645
P_197341,8,0.876003
P_197402,2,0.836327
P_197418,15,0.865707
P_197419,8,0.856673
P_197450,17,0.827454
P_197456,8,0.849390
P_19748,19,0.860999
P_19749,7,0.885658
P_197511,9,0.857110
P_197559,5,0.855762
P_197562,8,0.847305
P_197563,8,0.868187
P_197625,10,0.858668
P_197651,12,0.862408
P_197654,2,0.857580
P_197667,7,0.878099
P_197710,7,0.854142
P_197718,5,0.843525
P_197725,6,0.857941
P_197859,14,0.889630
P_197898,5,0.859237
P_197900,11,0.860238
P_197902,14,0.844550
P_197904,10,0.824210
P_19791,11,0.882591
P_197917,7,0.884805
P_19792,2,0.892000
P_197936,8,0.877932
P_197938,1,0.853283
P_197940,9,0.848638
P_198000,6,0.891355
P_198050,15,0.864585
P_198052,36,0.851665
P_198053,3,0.863774
P_198054,13,0.859995
P_198055,13,0.867734
P_198058,18,0.834904
P_198060,21,0.850783
P_198062,13,0.890503
P_198079,32,0.831375
P_198104,6,0.859779
P_198136,18,0.868102
P_198156,7,0.838567
P_198254,16,0.879896
P_198286,27,0.849617
P_198294,8,0.843705
P_198298,15,0.866251
P_198301,11,0.872626
P_198313,29,0.847331
P_198343,1,0.844443
P_198432,26,0.864540
P_1985,9,0.847953
P_198526,6,0.865673
P_198532,10,0.858059
P_198562,9,0.845633
P_198631,24,0.859538
P_19878,1,0.890288
P_198869,10,0.883900
P_198887,11,0.869408
P_198940,9,0.870937
P_199,11,0.882057
P_19903,7,0.812922
P_199067,9,0.857983
P_19909,3,0.845753
P_19912,13,0.878710
P_19927,17,0.855692
P_199332,5,0.854075
P_199348,5,0.818316
P_199359,27,0.838749
P_199360,10,0.854055
P_199369,8,0.779502
P_199379,27,0.868037
P_199536,9,0.870814
P_19955,16,0.877781
P_19957,8,0.884241
P_19958,7,0.845923
P_199684,4,0.871703
P_19969,4,0.773350
P_199726,11,0.856129
P_19973,8,0.866139
P_199739,5,0.853277
P_199741,15,0.821847
P_199753,9,0.867077
P_19976,10,0.894726
P_19977,7,0.887164
P_199778,2,0.866798
P_19979,4,0.874394
P_19980,13,0.870009
P_199866,24,0.844740
P_199944,6,0.892182
P_199979,6,0.858209
P_20005,2,0.830431
P_200096,7,0.863783
P_200098,8,0.862227
P_200118,6,0.845213
P_200119,6,0.865983
P_200147,11,0.869894
P_20015,6,0.823552
P_200152,6,0.864280
P_200223,14,0.845437
P_2003,14,0.887729
P_200315,8,0.893795
P_20036,13,0.843869
P_200390,12,0.854647
P_200397,3,0.865044
P_20049,13,0.835441
P_200504,10,0.893570
P_200542,12,0.907292
P_20064,7,0.889144
P_200647,4,0.885825
P_200667,13,0.860404
P_20069,5,0.848310
P_200838,9,0.855488
P_20097,7,0.864381
P_201132,6,0.865092
P_201134,14,0.874957
P_201137,14,0.873155
P_201138,10,0.871550
P_201140,11,0.877935
P_20120,17,0.849836
P_201270,11,0.825940
P_201327,7,0.875103
P_201388,10,0.847088
P_201445,5,0.877618
P_201544,3,0.888770
P_201604,12,0.850047
P_201605,13,0.875171
P_201608,9,0.867767
P_201618,10,0.874109
P_20162,6,0.882531
P_201621,4,0.845859
P_201662,8,0.867604
P_2018,9,0.841815
P_20183,9,0.860870
P_20186,8,0.888177
P_201942,5,0.882044
P_201957,7,0.862619
P_201971,5,0.873601
P_202083,9,0.860577
P_202091,9,0.866018
P_202092,8,0.849787
P_202129,14,0.850412
P_202213,9,0.902095
P_202224,24,0.874266
P_20226,3,0.866627
P_202264,15,0.854743
P_2024,4,0.886490
P_20240,5,0.884890
P_20254,11,0.854552
P_20257,19,0.850217
P_202759,3,0.897789
P_202853,6,0.884340
P_202898,6,0.872966
P_20298,7,0.843330
P_20299,11,0.871944
P_202996,19,0.857408
P_20300,1,0.860197
P_20301,2,0.871666
P_20321,15,0.849411
P_20325,9,0.829921
P_2034,6,0.890089
P_203442,12,0.878571
P_203479,7,0.861042
P_2036,7,0.855030
P_203605,9,0.870626
P_203606,7,0.848116
P_203609,3,0.826482
P_203610,9,0.858129
P_203614,4,0.861722
P_203690,2,0.870656
P_203691,10,0.851787
P_203693,6,0.892649
P_203700,9,0.877407
P_203702,12,0.859199
P_203810,8,0.875871
P_203852,6,0.881534
P_203922,10,0.864434
P_203975,10,0.888752
P_203977,5,0.904069
P_204065,4,0.881744
P_204067,6,0.885320
P_20414,9,0.899168
P_20415,6,0.877500
P_204171,2,0.882991
P_20421,5,0.857539
P_204276,13,0.857687
P_20442,8,0.873047
P_204551,17,0.851492
P_204559,6,0.856983
P_204626,9,0.886370
P_204721,5,0.868808
P_204723,7,0.866120
P_204730,10,0.842696
P_204751,1,0.874775
P_204841,10,0.871036
P_204877,0,0.876304
P_204984,6,0.864703
P_205016,6,0.881855
P_205027,8,0.876181
P_20524,6,0.855199
P_205374,9,0.861819
P_20539,13,0.867786
P_20541,14,0.878557
P_20542,9,0.854370
P_205433,6,0.871687
P_20545,9,0.861258
P_20546,7,0.862553
P_205614,21,0.872820
P_205741,5,0.841680
P_205747,4,0.885501
P_205812,17,0.880260
P_205814,12,0.876384
P_205819,3,0.889797
P_205820,4,0.887465
P_205824,7,0.878702
P_205855,11,0.885053
P_205891,13,0.877438
P_205937,5,0.898314
P_2060,10,0.859761
P_20601,5,0.859281
P_206061,7,0.889115
P_206063,16,0.863715
P_206064,15,0.849810
P_206088,13,0.877850
P_206090,12,0.861839
P_20610,9,0.853956
P_206152,3,0.891661
P_20616,8,0.879925
P_206186,10,0.864996
P_20622,4,0.852704
P_206295,9,0.880818
P_20632,7,0.826028
P_20639,17,0.840118
P_206470,10,0.877151
P_206514,6,0.887073
P_20660,15,0.874950
P_206781,4,0.888245
P_206789,6,0.887260
P_206799,1,0.885818
P_206854,11,0.854543
P_206878,10,0.872814
P_206887,4,0.879251
P_207028,6,0.869101
P_20710,8,0.833028
P_207167,0,0.885547
P_207296,11,0.894654
P_207342,8,0.876272
P_207382,7,0.886334
P_207404,7,0.873129
P_207427,13,0.864920
P_20745,3,0.855068
P_207585,7,0.866996
P_207654,10,0.865618
P_207678,18,0.834071
P_207683,10,0.835802
P_207686,14,0.836014
P_207688,17,0.826295
P_20769,15,0.860353
P_207690,18,0.812589
P_207696,9,0.826602
P_207709,6,0.876208
P_207713,3,0.890759
P_207782,11,0.886879
P_207806,6,0.864006
P_207867,11,0.879518
P_207900,4,0.865100
P_207981,9,0.877880
P_207986,6,0.861570
P_208038,13,0.883061
P_208050,11,0.860501
P_208097,18,0.874453
P_208120,9,0.843471
P_208123,4,0.872562
P_208126,12,0.869823
P_208127,6,0.894260
P_208132,7,0.868753
P_208133,4,0.879544
P_208134,8,0.871169
P_208136,12,0.880639
P_208137,15,0.868916
P_208139,13,0.850389
P_208144,2,0.873295
P_2082,5,0.899180
P_208276,8,0.880719
P_208466,7,0.885918
P_208519,6,0.855812
P_20858,9,0.898145
P_208639,9,0.834461
P_208641,0,0.873042
P_208735,8,0.858903
P_208777,6,0.881417
P_208817,3,0.888745
P_208968,6,0.824727
P_209175,5,0.803748
P_20921,9,0.896441
P_209345,13,0.808581
P_209378,7,0.864410
P_209413,11,0.875090
P_209420,8,0.891260
P_209468,4,0.841562
P_209481,9,0.832055
P_20960,11,0.869732
P_20962,5,0.852028
P_209790,7,0.872833
P_209812,4,0.839785
P_20991,4,0.887691
P_209936,12,0.877919
P_209995,8,0.883599
P_210013,11,0.901681
P_210150,9,0.849172
P_210151,4,0.841509
P_210232,7,0.851332
P_21025,11,0.880493
P_21037,10,0.857362
P_21042,11,0.860365
P_21053,8,0.880608
P_21058,13,0.874705
P_210636,12,0.864874
P_210637,7,0.834113
P_210638,10,0.823489
P_21064,10,0.884211
P_210640,3,0.860171
P_210684,9,0.871541
P_21082,5,0.900190
P_21084,0,0.864802
P_210872,8,0.903832
P_210895,11,0.876222
P_210910,14,0.798987
P_21095,12,0.900006
P_210996,11,0.840086
P_2110,10,0.865781
P_211000,2,0.844603
P_211002,5,0.839337
P_211003,5,0.873177
P_21105,6,0.905169
P_211099,7,0.890961
P_211150,7,0.871096
P_211156,7,0.885332
P_211170,13,0.863955
P_211189,5,0.878333
P_211289,5,0.877005
P_211326,13,0.861271
P_21135,12,0.874340
P_211393,8,0.845576
P_211439,13,0.873512
P_211441,2,0.866255
P_211500,8,0.838846
P_211548,2,0.877794
P_21162,10,0.850750
P_211730,7,0.845208
P_21189,5,0.901465
P_211902,6,0.849016
P_21199,3,0.895167
P_21208,10,0.848397
P_212160,2,0.885740
P_212165,10,0.859727
P_212175,7,0.883005
P_212303,15,0.857731
P_212381,7,0.897206
P_212385,2,0.848152
P_212386,7,0.854536
P_212410,8,0.858053
P_21247,6,0.904788
P_212500,4,0.856551
P_212512,6,0.866129
P_212569,4,0.863112
P_212587,12,0.840518
P_212617,7,0.875295
P_21263,14,0.871630
P_21264,16,0.866898
P_21266,7,0.866009
P_212666,13,0.877446
P_212667,12,0.882739
P_21268,12,0.869623
P_21269,5,0.849616
P_212737,3,0.850097
P_212758,3,0.878380
P_212759,6,0.889879
P_21277,4,0.888496
P_21287,11,0.845852
P_212897,4,0.881002
P_21295,5,0.893775
P_212971,3,0.875190
P_212976,7,0.884493
P_213016,6,0.887551
P_21302,8,0.888126
P_213046,6,0.882993
P_213104,8,0.854698
P_213105,11,0.856800
P_213392,13,0.892654
P_213410,2,0.891220
P_21352,11,0.866947
P_21373,6,0.863328
P_21374,9,0.876205
P_21385,3,0.883508
P_213893,14,0.837887
P_213993,9,0.871788
P_214001,4,0.819983
P_214036,8,0.899889
P_214046,1,0.888712
P_214048,8,0.898566
P_214174,6,0.872146
P_214183,2,0.889917
P_214416,12,0.876809
P_214466,8,0.821287
P_214467,4,0.888027
P_214472,2,0.885804
P_214473,10,0.857140
P_214506,16,0.835020
P_214511,8,0.873676
P_214512,2,0.871909
P_214515,8,0.849197
P_214519,11,0.816327
P_214665,14,0.863437
P_214666,15,0.857627
P_214667,8,0.855061
P_214685,5,0.850313
P_214688,7,0.860438
P_21469,9,0.854908
P_21470,11,0.880614
P_214722,6,0.893570
P_214793,6,0.890320
P_215049,7,0.861244
P_215086,4,0.885932
P_215089,8,0.840496
P_215233,1,0.801164
P_21527,7,0.835483
P_21528,18,0.855288
P_215391,6,0.861827
P_215542,4,0.900983
P_215605,13,0.863771
P_2158,13,0.859430
P_215853,6,0.904691
P_215876,7,0.839859
P_215909,7,0.830221
P_215918,20,0.847504
P_215982,1,0.880175
P_216005,8,0.869317
P_216183,8,0.861430
P_216238,4,0.849809
P_216240,8,0.877110
P_216356,12,0.865331
P_216484,5,0.890477
P_216491,12,0.869011
P_216658,7,0.899455
P_216675,9,0.883771
P_216737,7,0.854912
P_216883,3,0.862361
P_216930,11,0.870724
P_21695,21,0.878690
P_217161,3,0.866605
P_2172,8,0.865876
P_21720,9,0.864903
P_21722,3,0.865532
P_217265,11,0.867328
P_217414,10,0.865789
P_217421,13,0.845171
P_217530,10,0.796366
P_21757,7,0.886642
P_217603,12,0.884674
P_217607,8,0.873860
P_217622,13,0.866134
P_21763,1,0.898003
P_21775,7,0.875523
P_217766,2,0.900942
P_217883,5,0.877127
P_217884,5,0.878499
P_217893,11,0.872662
P_217947,1,0.891750
P_218,0,0.878334
P_218105,8,0.895841
P_21817,4,0.856584
P_218178,10,0.852795
P_218179,15,0.840825
P_218180,11,0.856256
P_218216,3,0.866921
P_218230,3,0.896715
P_218231,5,0.852828
P_21828,11,0.866637
P_218361,13,0.820199
P_21838,4,0.883357
P_21841,5,0.877000
P_21842,7,0.844269
P_21843,9,0.854587
P_218560,0,0.853118
P_218561,8,0.880068
P_2186,11,0.858845
P_218626,5,0.890618
P_218681,3,0.851567
P_219066,8,0.877433
P_219288,6,0.865432
P_219553,12,0.860891
P_219571,7,0.888671
P_219596,2,0.899443
P_219608,15,0.836807
P_219629,9,0.857844
P_219678,15,0.861196
P_219761,8,0.863492
P_219764,3,0.857225
P_219797,17,0.869514
P_219847,11,0.835626
P_219848,6,0.857937
P_219849,13,0.800020
P_219850,9,0.835041
P_219855,2,0.846721
P_219864,7,0.842755
P_219865,14,0.860098
P_21993,8,0.896504
P_22,3,0.897170
P_22028,6,0.899803
P_22053,11,0.889589
P_22066,3,0.860577
P_22078,9,0.822579
P_220802,7,0.860645
P_220803,6,0.889571
P_22084,5,0.874126
P_22085,10,0.854638
P_22086,9,0.866663
P_220880,5,0.848148
P_220910,9,0.890028
P_220926,5,0.883668
P_22111,2,0.894347
P_221273,5,0.863653
P_22129,6,0.889693
P_221391,5,0.874892
P_22147,4,0.891294
P_22148,6,0.868120
P_221488,7,0.871924
P_221491,8,0.884822
P_221513,1,0.885915
P_22157,11,0.877058
P_22159,9,0.870069
P_221641,2,0.885726
P_221656,8,0.883606
P_221659,14,0.875619
P_221718,13,0.855467
P_221719,6,0.850901
P_221758,12,0.871516
P_221763,5,0.874193
P_221773,6,0.879636
P_221797,16,0.837757
P_221866,12,0.870215
P_221869,5,0.890293
P_22192,10,0.855841
P_221923,5,0.835285
P_222091,14,0.838809
P_22210,7,0.869020
P_22214,3,0.868582
P_22216,9,0.876694
P_222302,6,0.863538
P_222508,14,0.848905
P_222511,5,0.864429
P_22254,5,0.870875
P_222590,13,0.858677
P_22260,19,0.838790
P_222658,1,0.885161
P_222673,9,0.880704
P_222678,10,0.875103
P_222695,1,0.887503
P_222702,11,0.879488
P_22286,2,0.885368
P_222878,4,0.880017
P_222880,7,0.838480
P_222887,5,0.881088
P_22289,9,0.896591
P_222890,14,0.845229
P_222891,7,0.878883
P_222897,11,0.880714
P_222906,19,0.861650
P_22310,8,0.891287
P_223227,1,0.895430
P_223228,20,0.862218
P_223265,5,0.884794
P_223271,7,0.889366
P_223295,10,0.875502
P_223314,14,0.871625
P_223316,14,0.886301
P_223350,5,0.853706
P_223581,6,0.873807
P_223588,8,0.852385
P_223624,4,0.859840
P_223629,4,0.863603
P_223817,21,0.859532
P_22388,3,0.861808
P_223911,4,0.864457
P_223928,13,0.896123
P_224018,9,0.841384
P_224025,11,0.854707
P_224028,10,0.853216
P_22406,7,0.900391
P_224251,7,0.880678
P_224606,8,0.860328
P_224609,12,0.851120
P_22462,2,0.876469
P_22463,6,0.866974
P_224642,6,0.825826
P_224666,13,0.847011
P_224906,6,0.859008
P_225069,5,0.875125
P_22526,3,0.891615
P_225281,3,0.880631
P_225297,10,0.895353
P_225467,23,0.861517
P_22547,4,0.872114
P_225483,6,0.864926
P_225493,8,0.891962
P_225497,16,0.833242
P_22554,7,0.858353
P_225541,8,0.836617
P_225550,21,0.840817
P_22557,5,0.898002
P_225583,7,0.860168
P_22559,5,0.885149
P_225775,14,0.895085
P_22581,14,0.861612
P_22585,6,0.886906
P_225875,9,0.844340
P_225943,3,0.865084
P_225946,11,0.845889
P_225951,4,0.874783
P_225957,5,0.866696
P_225958,5,0.897784
P_225959,10,0.815423
P_225991,18,0.863348
P_226,11,0.879040
P_226016,10,0.873441
P_226028,6,0.866256
P_226035,14,0.848859
P_226036,8,0.869796
P_226039,7,0.854154
P_226042,5,0.864443
P_226046,8,0.864761
P_226051,13,0.882982
P_226065,11,0.846810
P_226089,6,0.877749
P_226104,3,0.892258
P_226141,8,0.857469
P_226149,10,0.867908
P_226156,8,0.860419
P_226175,23,0.869412
P_226375,7,0.890654
P_226403,4,0.879090
P_226451,14,0.874840
P_226468,8,0.872865
P_226609,8,0.884199
P_22661,14,0.861905
P_226710,9,0.843569
P_226969,8,0.840599
P_226997,9,0.840673
P_227053,7,0.870665
P_2271,13,0.901851
P_227182,9,0.885517
P_227244,19,0.902067
P_227397,2,0.869163
P_227447,12,0.844055
P_227449,15,0.824099
P_22760,4,0.877005
P_227762,9,0.855194
P_227799,6,0.870655
P_2279,8,0.889793
P_228003,0,0.902548
P_228033,6,0.884148
P_228050,10,0.850625
P_228227,7,0.890001
P_2283,16,0.901928
P_22839,8,0.868167
P_228633,1,0.860679
P_228808,3,0.819366
P_228881,11,0.874409
P_228939,3,0.871232
P_228942,11,0.870929
P_228945,10,0.839029
P_228963,17,0.862340
P_228984,7,0.870401
P_22908,12,0.815339
P_229095,6,0.880090
P_229140,10,0.858703
P_229229,8,0.894406
P_22925,4,0.880844
P_22927,7,0.873053
P_22937,8,0.839514
P_22944,8,0.847765
P_229453,8,0.851076
P_229457,7,0.818330
P_22946,9,0.837207
P_22947,2,0.853078
P_22952,14,0.877766
P_22954,17,0.844033
P_22955,9,0.843163
P_229554,6,0.835949
P_22962,9,0.848815
P_22963,13,0.845212
P_229672,3,0.894076
P_22971,6,0.846686
P_22974,24,0.872948
P_229916,11,0.871714
P_23,2,0.864076
P_230025,6,0.833797
P_230101,12,0.877667
P_230107,17,0.877928
P_230110,12,0.867897
P_23018,12,0.861655
P_2302,6,0.850323
P_230230,8,0.878011
P_230280,7,0.839752
P_230405,11,0.841131
P_230601,7,0.858788
P_230610,4,0.867273
P_230739,15,0.892154
P_230985,3,0.889439
P_231038,6,0.858636
P_23107,10,0.869538
P_231076,9,0.880543
P_23111,15,0.861957
P_23115,19,0.855942
P_23117,14,0.866659
P_23120,2,0.889705
P_23127,11,0.857564
P_23133,6,0.871166
P_231334,16,0.883889
P_23142,7,0.867892
P_23153,6,0.860856
P_23154,10,0.856003
P_23155,1,0.819875
P_231574,5,0.886779
P_231628,12,0.867606
P_23165,11,0.896761
P_2317,7,0.875964
P_231781,3,0.868162
P_231881,12,0.871779
P_231916,5,0.884902
P_231950,8,0.821872
P_231958,2,0.844315
P_232100,15,0.848069
P_232148,10,0.859950
P_232311,11,0.869202
P_232312,10,0.865932
P_23239,4,0.863948
P_232420,7,0.820731
P_232531,5,0.894004
P_232565,18,0.821764
P_232585,9,0.842091
P_232588,3,0.890229
P_232596,5,0.879807
P_232720,13,0.899874
P_232786,5,0.880359
P_232788,7,0.869449
P_232973,22,0.845578
P_232992,8,0.862704
P_233,11,0.876161
P_233011,11,0.862595
P_233140,11,0.851816
P_233192,7,0.854569
P_233383,1,0.875276
P_233399,14,0.854298
P_233405,6,0.858437
P_233418,13,0.837511
P_233428,9,0.846660
P_233430,3,0.847253
P_233464,8,0.891989
P_233537,3,0.857412
P_233597,14,0.866672
P_233671,11,0.886093
P_233725,16,0.819336
P_233845,10,0.875566
P_234,5,0.874357
P_234166,2,0.858703
P_234293,9,0.890562
P_234299,9,0.821493
P_234319,5,0.854997
P_23441,2,0.869217
P_23452,4,0.885766
P_23453,2,0.882580
P_23455,14,0.853545
P_234634,10,0.898976
P_234649,11,0.861681
P_234650,6,0.835940
P_23483,14,0.883201
P_23485,5,0.886223
P_234850,7,0.865994
P_23489,6,0.848980
P_234951,10,0.895941
P_234979,14,0.883997
P_234980,2,0.880430
P_234995,12,0.881932
P_234996,10,0.879524
P_235026,0,0.862120
P_235027,12,0.866878
P_235028,16,0.860986
P_235039,3,0.874810
P_235045,3,0.851592
P_235091,4,0.858553
P_23515,8,0.871516
P_23516,4,0.839780
P_235183,20,0.848604
P_23521,9,0.867470
P_23526,11,0.857340
P_2354,3,0.896655
P_23544,4,0.879399
P_235598,8,0.861393
P_235612,10,0.853489
P_235613,11,0.853203
P_23563,14,0.898200
P_235635,7,0.882298
P_235707,4,0.849306
P_235738,12,0.869973
P_23575,5,0.871048
P_23586,17,0.845946
P_23587,9,0.851355
P_23588,6,0.853251
P_23589,7,0.842882
P_235957,7,0.893177
P_23601,7,0.861253
P_236088,4,0.867605
P_236167,9,0.886705
P_23623,4,0.877448
P_23627,11,0.859471
P_23628,8,0.885703
P_236374,4,0.880040
P_236429,9,0.885030
P_236534,8,0.861945
P_236541,4,0.876678
P_236599,8,0.841671
P_236627,6,0.841670
P_236628,9,0.876614
P_236817,13,0.865783
P_236984,12,0.859805
P_237127,2,0.903068
P_23725,5,0.849892
P_23737,4,0.895419
P_23738,10,0.895597
P_237423,10,0.861853
P_237450,9,0.879041
P_237457,16,0.861334
P_23753,7,0.873846
P_237664,4,0.842234
P_23767,5,0.818083
P_23772,10,0.868835
P_237724,3,0.855757
P_23776,7,0.886618
P_23782,9,0.877535
P_237976,20,0.836611
P_237977,9,0.828429
P_237978,7,0.858496
P_238008,10,0.875367
P_238013,5,0.856009
P_238296,1,0.889333
P_23841,5,0.894864
P_238441,0,0.859794
P_238442,2,0.873718
P_23846,10,0.888759
P_238461,14,0.863936
P_238540,5,0.859841
P_238613,16,0.872851
P_238705,6,0.825727
P_238818,3,0.883274
P_238887,12,0.862928
P_238955,6,0.854923
P_23907,8,0.856289
P_23912,9,0.862279
P_23915,8,0.869168
P_23917,8,0.821330
P_23923,4,0.798504
P_23924,17,0.827092
P_23926,10,0.859574
P_2393,6,0.893861
P_23941,6,0.861591
P_239452,19,0.890669
P_23947,16,0.854576
P_23948,2,0.854595
P_23952,3,0.870160
P_23955,10,0.849868
P_239555,12,0.814754
P_239573,10,0.866731
P_239812,4,0.872302
P_239901,12,0.872775
P_239993,5,0.863302
P_240006,4,0.877100
P_240007,7,0.856454
P_240197,9,0.866300
P_240211,7,0.845408
P_240389,7,0.866738
P_240411,9,0.888327
P_240416,5,0.881437
P_240468,11,0.830801
P_240472,4,0.885402
P_240548,2,0.879178
P_240615,5,0.884945
P_240706,5,0.860208
P_240801,12,0.862822
P_240803,5,0.884415
P_240804,10,0.892436
P_240805,12,0.870357
P_240811,5,0.874991
P_240822,14,0.811891
P_24086,3,0.866611
P_240926,12,0.878992
P_241027,7,0.876748
P_241193,7,0.846863
P_241323,3,0.891311
P_24143,5,0.891746
P_241454,5,0.887238
P_241653,7,0.862089
P_241664,14,0.878874
P_241665,11,0.866139
P_241687,6,0.890180
P_241818,8,0.852621
P_241858,7,0.858487
P_241920,9,0.810227
P_2420,9,0.891772
P_242063,3,0.871905
P_242082,3,0.883884
P_242110,7,0.872728
P_242120,6,0.872443
P_242128,8,0.864291
P_242171,6,0.871490
P_24222,11,0.889676
P_24223,6,0.882107
P_242360,8,0.863345
P_242464,11,0.902325
P_242507,9,0.881837
P_242510,11,0.884297
P_242572,9,0.837834
P_242615,17,0.826387
P_242624,5,0.856208
P_242636,6,0.845491
P_2427,11,0.880333
P_242723,1,0.900518
P_242734,7,0.895534
P_242735,3,0.855908
P_242753,8,0.879158
P_24280,12,0.863713
P_242805,4,0.867384
P_24282,10,0.853799
P_242823,4,0.906465
P_242828,3,0.903768
P_24285,2,0.868475
P_242880,12,0.876297
P_242903,6,0.897287
P_243043,2,0.830703
P_243047,18,0.827079
P_243049,7,0.865868
P_243075,7,0.843953
P_243103,13,0.842884
P_243134,9,0.867120
P_243201,9,0.871337
P_243323,5,0.849449
P_243329,9,0.848485
P_243332,11,0.863357
P_243417,12,0.873785
P_243541,4,0.894500
P_243558,15,0.897205
P_243599,6,0.852782
P_243608,15,0.866398
P_243612,0,0.885188
P_243615,3,0.846486
P_243672,2,0.875812
P_243693,6,0.838129
P_243786,8,0.822373
P_243814,7,0.894596
P_243833,4,0.868769
P_243850,13,0.850247
P_243960,6,0.852956
P_243961,6,0.856864
P_243963,6,0.851317
P_243964,12,0.841056
P_243965,17,0.857716
P_243966,10,0.861591
P_243969,9,0.840927
P_243996,7,0.847286
P_244158,21,0.865723
P_244159,17,0.872725
P_244160,3,0.859217
P_244163,12,0.869549
P_244168,6,0.881416
P_244177,7,0.884813
P_244193,10,0.868593
P_24428,5,0.889923
P_244304,11,0.863186
P_244448,11,0.882884
P_244467,11,0.822408
P_24449,9,0.890650
P_24451,2,0.858622
P_24454,5,0.882832
P_24455,8,0.838249
P_244594,11,0.872640
P_244633,11,0.880744
P_244649,6,0.882909
P_244666,8,0.880974
P_244712,15,0.874770
P_24473,14,0.889095
P_24474,4,0.893328
P_24475,12,0.895743
P_24477,2,0.871477
P_24479,3,0.886357
P_244807,8,0.867035
P_244912,6,0.854893
P_244933,8,0.892690
P_244948,9,0.872948
P_24499,13,0.859254
P_245022,10,0.889204
P_24507,8,0.894790
P_245161,9,0.855526
P_24523,5,0.875947
P_24527,13,0.857203
P_245361,11,0.876607
P_2454,13,0.900392
P_245404,9,0.889634
P_2455,9,0.899736
P_245502,14,0.835192
P_245544,9,0.869835
P_245555,16,0.890378
P_245559,4,0.841526
P_245627,9,0.889699
P_24565,0,0.884135
P_245675,15,0.864727
P_24570,6,0.866986
P_24571,7,0.879440
P_245847,6,0.871811
P_245884,10,0.844820
P_245886,12,0.838227
P_245887,3,0.862484
P_245935,19,0.876733
P_245936,8,0.876529
P_245937,12,0.850528
P_246,6,0.886669
P_246061,12,0.853934
P_246118,2,0.858334
P_246183,13,0.898658
P_246224,6,0.897706
P_246511,8,0.877507
P_2466,1,0.836082
P_246657,11,0.853570
P_246771,9,0.880187
P_246773,3,0.874621
P_246848,2,0.876759
P_246856,16,0.874605
P_247037,2,0.843363
P_247039,9,0.893431
P_247169,12,0.868888
P_247188,1,0.876570
P_247195,10,0.858557
P_247196,8,0.816781
P_247381,9,0.859074
P_24739,1,0.857855
P_24743,5,0.868157
P_24747,3,0.882224
P_2475,11,0.855285
P_247568,8,0.853842
P_247572,8,0.838644
P_24758,8,0.876792
P_247584,8,0.882218
P_24761,8,0.845097
P_24763,9,0.871705
P_247734,5,0.886692
P_247876,15,0.875642
P_24788,14,0.866774
P_248064,10,0.856967
P_248074,10,0.881054
P_248075,8,0.857217
P_248083,11,0.881901
P_248084,3,0.876348
P_248151,13,0.853955
P_248154,11,0.874117
P_248158,13,0.875561
P_248165,8,0.893283
P_248258,6,0.872472
P_248281,10,0.880993
P_248377,5,0.863272
P_248428,10,0.881276
P_248491,6,0.885026
P_248516,13,0.902927
P_248549,6,0.894331
P_248559,12,0.887713
P_248628,17,0.859223
P_248629,14,0.864734
P_248648,5,0.892415
P_248649,7,0.884927
P_248701,7,0.876151
P_248747,10,0.841698
P_248783,3,0.853980
P_248785,4,0.869842
P_24879,15,0.889471
P_248800,13,0.859835
P_24884,3,0.859450
P_24885,5,0.892893
P_248852,5,0.870222
P_24892,8,0.878906
P_248944,11,0.878494
P_249041,29,0.861529
P_249046,9,0.891779
P_249067,8,0.873417
P_249082,10,0.897642
P_249151,13,0.836134
P_249154,3,0.868549
P_249294,5,0.870332
P_249300,7,0.853420
P_24932,9,0.880662
P_24938,1,0.873576
P_249462,9,0.875019
P_249468,8,0.865862
P_249483,4,0.847366
P_249505,2,0.884587
P_249506,9,0.862160
P_249509,12,0.841949
P_249510,12,0.857657
P_249511,16,0.848301
P_24962,5,0.887926
P_24963,3,0.892781
P_2497,10,0.873267
P_24984,8,0.862255
P_249858,4,0.883380
P_249861,10,0.855546
P_249933,6,0.892260
P_249934,1,0.887418
P_25002,16,0.869423
P_25003,11,0.862426
P_25005,4,0.847365
P_25007,5,0.840363
P_25010,14,0.856554
P_25030,9,0.851597
P_25031,6,0.851507
P_25033,17,0.880992
P_25043,6,0.885921
P_250480,14,0.854367
P_250538,9,0.895840
P_250642,11,0.885957
P_25070,12,0.872684
P_250708,8,0.857765
P_250722,10,0.842434
P_250728,3,0.881372
P_250746,17,0.832362
P_25075,4,0.868463
P_250764,12,0.855934
P_25077,6,0.892287
P_250781,5,0.846004
P_250818,7,0.862896
P_250826,9,0.859593
P_250827,6,0.823788
P_250830,5,0.849034
P_250853,16,0.878957
P_250856,12,0.897679
P_250998,8,0.842299
P_251004,14,0.855698
P_25101,13,0.853243
P_25102,6,0.873231
P_25107,8,0.888361
P_251088,22,0.878494
P_25110,1,0.865401
P_251106,20,0.873712
P_251116,27,0.866793
P_25113,10,0.878907
P_25114,7,0.873071
P_25115,5,0.895119
P_25116,1,0.900522
P_251261,10,0.869861
P_25131,9,0.806661
P_251479,19,0.838176
P_25150,20,0.835340
P_25151,13,0.855175
P_25154,4,0.900153
P_251547,13,0.881472
P_25155,6,0.877373
P_25157,7,0.848369
P_25159,7,0.854462
P_25160,13,0.847719
P_25163,3,0.868573
P_25164,6,0.888838
P_25166,13,0.845178
P_251707,2,0.872474
P_25173,8,0.861668
P_25174,7,0.868727
P_251785,11,0.853484
P_25180,10,0.870580
P_25181,2,0.867954
P_251853,15,0.864068
P_251857,9,0.882275
P_251896,7,0.856869
P_251898,12,0.881823
P_251900,10,0.880751
P_25191,7,0.856906
P_251944,2,0.877058
P_251952,12,0.889417
P_252165,6,0.886113
P_252242,7,0.860762
P_252323,2,0.888011
P_252351,10,0.893053
P_252526,10,0.851815
P_252532,10,0.837314
P_252545,4,0.855292
P_252625,6,0.844395
P_252688,3,0.872527
P_252711,36,0.855993
P_25274,6,0.899185
P_25276,3,0.889517
P_252767,4,0.869646
P_25304,9,0.874812
P_253135,6,0.879786
P_253163,9,0.884444
P_253177,1,0.868861
P_253207,6,0.880939
P_253273,8,0.856763
P_25331,3,0.873409
P_253330,6,0.829428
P_253385,9,0.873997
P_253412,2,0.869381
P_253475,7,0.880869
P_253491,5,0.858691
P_253528,20,0.855456
P_25365,4,0.895697
P_25372,3,0.871378
P_253772,13,0.886317
P_25385,9,0.842982
P_25386,7,0.870379
P_25387,12,0.847503
P_25388,1,0.869815
P_253908,10,0.868542
P_25391,6,0.839538
P_25392,10,0.861000
P_25393,9,0.863681
P_254170,9,0.896398
P_25428,9,0.856883
P_254461,7,0.883100
P_254520,11,0.901852
P_254624,7,0.858094
P_25467,14,0.833970
P_25468,13,0.884127
P_254731,8,0.884998
P_254873,15,0.859237
P_254880,9,0.846905
P_2549,14,0.884377
P_255030,9,0.866052
P_25511,2,0.857516
P_255292,8,0.871882
P_25538,4,0.889437
P_25548,12,0.889952
P_255552,9,0.880449
P_255604,4,0.850458
P_255621,11,0.850485
P_255634,9,0.864082
P_2558,10,0.878758
P_255875,4,0.889927
P_256121,8,0.872602
P_25621,6,0.874964
P_25622,6,0.890357
P_256220,2,0.853505
P_256325,5,0.882726
P_256332,6,0.868911
P_256407,6,0.877942
P_256413,13,0.850447
P_256415,18,0.835536
P_25642,5,0.875949
P_256439,4,0.830543
P_256469,3,0.899569
P_256574,10,0.861185
P_2566,4,0.901289
P_25660,8,0.900619
P_256700,9,0.897774
P_256711,3,0.877240
P_256715,7,0.881245
P_256796,2,0.879151
P_25680,4,0.889345
P_25682,6,0.845467
P_25685,1,0.892763
P_256898,5,0.896607
P_256942,12,0.840469
P_256985,3,0.868403
P_257171,7,0.861179
P_257184,12,0.834548
P_257199,4,0.846123
P_257548,4,0.871569
P_257739,9,0.838076
P_257993,6,0.860008
P_258014,6,0.869908
P_258337,8,0.877352
P_258340,5,0.887867
P_258360,8,0.900655
P_258388,6,0.864929
P_25844,0,0.883805
P_258642,8,0.882229
P_258643,6,0.894679
P_258726,13,0.885526
P_258728,9,0.881031
P_258730,6,0.852101
P_258781,10,0.874357
P_258799,4,0.847567
P_258811,2,0.882234
P_258814,15,0.881621
P_258913,5,0.881238
P_259030,10,0.873437
P_259058,1,0.843231
P_259093,13,0.885978
P_259143,8,0.870696
P_259204,10,0.899323
P_259330,12,0.826392
P_259333,2,0.839825
P_259349,17,0.823891
P_259356,10,0.868748
P_259420,12,0.883693
P_259431,11,0.869759
P_259441,11,0.893346
P_259629,10,0.805836
P_259640,10,0.860015
P_259651,14,0.877613
P_259652,4,0.873685
P_259662,11,0.835138
P_259663,7,0.858813
P_259664,7,0.870864
P_259666,6,0.879470
P_259671,10,0.860867
P_259692,8,0.847510
P_259977,7,0.857194
P_26,15,0.877518
P_26002,13,0.851886
P_260034,10,0.867795
P_260050,1,0.867980
P_260218,0,0.887160
P_260259,15,0.810433
P_260268,5,0.863491
P_2603,6,0.881335
P_26030,6,0.881715
P_26037,13,0.842387
P_260434,8,0.894403
P_260459,10,0.892937
P_260536,4,0.879639
P_260538,10,0.834579
P_260913,8,0.891103
P_260984,4,0.890728
P_261102,15,0.855195
P_261106,17,0.859492
P_26111,12,0.893912
P_261111,5,0.880227
P_261112,18,0.860998
P_26112,10,0.875795
P_261202,8,0.845634
P_26130,13,0.878408
P_261324,12,0.887062
P_261340,12,0.857400
P_261356,17,0.864813
P_261448,28,0.854841
P_261513,2,0.896761
P_261521,8,0.828900
P_261536,0,0.866231
P_261542,10,0.849568
P_26155,11,0.867002
P_261701,3,0.892087
P_261708,13,0.841650
P_261712,4,0.819876
P_261875,9,0.850161
P_261902,7,0.860713
P_262014,4,0.882832
P_26203,6,0.861713
P_262054,11,0.891951
P_262069,6,0.895724
P_262080,4,0.897806
P_26212,9,0.902204
P_262156,12,0.861204
P_262160,8,0.891221
P_262182,4,0.897535
P_262201,0,0.838671
P_262210,8,0.883644
P_262215,3,0.895642
P_262477,3,0.897185
P_262482,19,0.892932
P_262483,15,0.896130
P_262564,8,0.880046
P_262600,4,0.872566
P_262601,5,0.889094
P_262605,8,0.869213
P_262606,4,0.859882
P_262685,12,0.867456
P_262718,10,0.877895
P_262746,14,0.857020
P_262800,9,0.845300
P_26283,11,0.877907
P_263006,4,0.898258
P_263092,19,0.859361
P_263210,13,0.864365
P_263217,3,0.871818
P_263293,8,0.901267
P_263304,14,0.878999
P_26332,6,0.884152
P_26334,11,0.894024
P_26335,3,0.897262
P_26336,5,0.885708
P_263471,3,0.889394
P_263502,10,0.847690
P_263564,7,0.845485
P_263572,9,0.885621
P_263668,13,0.871604
P_26374,7,0.876439
P_263986,5,0.893095
P_264006,20,0.855446
P_264037,4,0.869726
P_264149,9,0.876066
P_264170,7,0.858641
P_264176,7,0.860899
P_264199,12,0.836778
P_264201,1,0.877828
P_264332,15,0.869648
P_264458,1,0.886306
P_264475,5,0.884054
P_26461,3,0.889285
P_264632,7,0.880976
P_264676,12,0.863185
P_264785,3,0.880180
P_264816,7,0.869370
P_264967,4,0.872032
P_264987,11,0.862414
P_265037,9,0.862024
P_265102,2,0.891824
P_265281,12,0.886274
P_265503,10,0.856705
P_265508,4,0.893041
P_26552,11,0.853484
P_26553,3,0.884339
P_265541,8,0.872185
P_265544,12,0.852604
P_265545,1,0.886501
P_265555,7,0.881073
P_265558,2,0.843063
P_265574,7,0.872901
P_265602,2,0.886006
P_265611,6,0.868981
P_265625,12,0.855768
P_265637,6,0.841680
P_265638,5,0.857331
P_265642,23,0.861493
P_265765,10,0.873718
P_265808,21,0.856518
P_265813,8,0.871687
P_2659,12,0.837593
P_265913,8,0.890439
P_265916,3,0.897815
P_265918,9,0.870936
P_265943,7,0.834050
P_265944,9,0.873502
P_265949,5,0.884178
P_265988,8,0.857805
P_266029,0,0.883355
P_266050,6,0.889060
P_266122,1,0.895191
P_266139,6,0.885154
P_266181,11,0.876765
P_26629,9,0.900391
P_266299,4,0.897700
P_266310,7,0.871834
P_266326,5,0.878783
P_26640,7,0.871778
P_266474,6,0.898652
P_266501,7,0.847288
P_266510,24,0.881952
P_266512,2,0.878625
P_266515,7,0.899313
P_266518,7,0.833614
P_266519,19,0.876783
P_266543,30,0.839872
P_266556,12,0.865336
P_266599,6,0.889643
P_266601,8,0.898919
P_266643,7,0.841266
P_266682,12,0.855286
P_266720,4,0.874580
P_266731,11,0.877140
P_266732,4,0.883003
P_266733,3,0.887167
P_266736,5,0.831075
P_266810,19,0.892573
P_266822,6,0.857900
P_266829,15,0.874028
P_26687,10,0.872722
P_266887,5,0.893926
P_26689,2,0.845551
P_2669,9,0.897479
P_26691,6,0.873712
P_26693,4,0.863139
P_266947,0,0.852251
P_266948,20,0.851569
P_266952,8,0.880380
P_266956,8,0.861949
P_266958,10,0.822254
P_266993,5,0.829454
P_266996,9,0.830807
P_267009,15,0.895050
P_267039,5,0.888381
P_267040,15,0.878494
P_267059,1,0.886692
P_267077,1,0.885663
P_267300,11,0.852302
P_267332,6,0.888512
P_267631,8,0.868806
P_26784,18,0.877999
P_267873,10,0.890985
P_267886,5,0.864971
P_268032,10,0.890490
P_268142,15,0.877713
P_268220,11,0.862972
P_268361,12,0.871104
P_268366,6,0.836266
P_26837,24,0.813350
P_26838,17,0.814949
P_26839,3,0.865109
P_26840,6,0.891721
P_268407,10,0.889362
P_26842,10,0.867902
P_26844,4,0.891122
P_268563,9,0.871297
P_268572,3,0.805741
P_268600,6,0.815862
P_26862,10,0.872666
P_268760,10,0.872282
P_268761,16,0.868942
P_268928,12,0.861545
P_268935,10,0.872001
P_269006,9,0.893690
P_26901,3,0.877358
P_26921,13,0.862245
P_269222,4,0.879098
P_269229,7,0.826106
P_26924,10,0.854320
P_269255,5,0.880044
P_269272,17,0.864837
P_269273,4,0.882947
P_269274,12,0.865932
P_269275,10,0.869202
P_269278,17,0.848027
P_269280,20,0.823041
P_269316,7,0.869933
P_269317,9,0.844570
P_269319,21,0.860645
P_269321,20,0.846628
P_269326,9,0.881243
P_269329,3,0.874927
P_26934,11,0.872408
P_26935,8,0.889547
P_26939,12,0.886858
P_269391,12,0.859283
P_26941,8,0.869521
P_269415,7,0.879733
P_269419,9,0.879762
P_269430,8,0.835877
P_269438,10,0.845116
P_269472,8,0.834157
P_269473,1,0.872148
P_269496,30,0.859529
P_269505,9,0.875066
P_269510,10,0.880141
P_269511,13,0.866754
P_269514,7,0.883660
P_269528,12,0.839127
P_269536,2,0.881547
P_269549,19,0.865215
P_269553,11,0.855265
P_269555,7,0.880736
P_269562,5,0.882592
P_269576,9,0.866658
P_2696,15,0.889344
P_26963,11,0.883407
P_269647,12,0.877304
P_269649,8,0.867694
P_269652,5,0.872064
P_269677,10,0.873831
P_269690,9,0.816998
P_2697,8,0.890127
P_269701,5,0.853074
P_269725,2,0.868908
P_269727,7,0.806628
P_269729,8,0.861601
P_269733,11,0.825344
P_269742,3,0.891476
P_269787,5,0.864445
P_269817,6,0.868424
P_269877,20,0.873750
P_26988,7,0.875409
P_269893,6,0.881346
P_269896,4,0.858818
P_269904,7,0.882191
P_269905,1,0.876551
P_269906,5,0.866364
P_269931,5,0.849238
P_269947,14,0.852450
P_270049,8,0.837551
P_270065,14,0.836326
P_270083,4,0.861068
P_270097,5,0.835422
P_270112,7,0.865375
P_270132,11,0.852929
P_270134,11,0.875157
P_270135,6,0.879825
P_270170,5,0.882208
P_270172,16,0.860104
P_270176,7,0.847197
P_270177,10,0.839601
P_270178,15,0.860086
P_270190,3,0.831997
P_270192,1,0.859677
P_270196,4,0.873519
P_270216,7,0.898975
P_270255,7,0.880568
P_270257,1,0.879685
P_270279,1,0.889713
P_270285,2,0.870559
P_270288,6,0.846393
P_270290,14,0.842004
P_27030,4,0.860255
P_270313,3,0.882094
P_270331,8,0.868332
P_270414,10,0.825279
P_270419,3,0.891408
P_270420,9,0.884306
P_270464,3,0.872194
P_27064,3,0.883238
P_27065,8,0.886964
P_270657,4,0.896284
P_27068,2,0.867658
P_27070,10,0.876464
P_27071,4,0.883189
P_270758,12,0.841949
P_270763,4,0.834910
P_270809,3,0.871125
P_270827,11,0.858641
P_270939,16,0.839161
P_270940,7,0.850788
P_270941,17,0.829854
P_271012,10,0.878700
P_271176,13,0.892353
P_271177,14,0.871668
P_271178,27,0.873799
P_271180,14,0.873861
P_271210,7,0.878077
P_271211,5,0.866125
P_271214,7,0.852963
P_271219,8,0.849819
P_271221,7,0.862705
P_271222,7,0.864233
P_27126,3,0.891216
P_271299,13,0.851745
P_271308,8,0.894215
P_271341,2,0.890920
P_27142,4,0.901793
P_271426,6,0.840699
P_271438,5,0.877972
P_271441,3,0.853656
P_271442,9,0.811746
P_271451,13,0.818067
P_271454,16,0.886618
P_271456,14,0.880157
P_271462,14,0.889698
P_27157,7,0.880899
P_271597,6,0.877875
P_27164,3,0.855983
P_271646,4,0.872155
P_27165,16,0.861490
P_27167,11,0.836122
P_271672,23,0.872353
P_271685,5,0.854616
P_27172,8,0.849986
P_271933,10,0.843203
P_271939,21,0.858392
P_271940,14,0.847942
P_271946,9,0.842771
P_271947,4,0.848726
P_271980,7,0.857014
P_271983,4,0.836985
P_272,11,0.867022
P_272275,8,0.888415
P_272323,7,0.858605
P_272476,7,0.857919
P_272515,5,0.843204
P_27252,4,0.872906
P_272536,5,0.876522
P_272793,12,0.887516
P_27289,4,0.858183
P_272964,11,0.874790
P_273087,11,0.886494
P_27314,7,0.882467
P_273212,20,0.851139
P_273223,16,0.847878
P_273233,12,0.850562
P_27328,4,0.852510
P_273302,15,0.866775
P_273316,3,0.852090
P_273330,9,0.865097
P_273348,6,0.894502
P_27342,12,0.858103
P_273427,1,0.873950
P_27345,9,0.875216
P_2735,2,0.898716
P_273591,5,0.865005
P_273651,3,0.850889
P_273658,3,0.897132
P_27373,6,0.868605
P_273766,7,0.881571
P_273776,8,0.867885
P_273779,8,0.882523
P_273799,6,0.871434
P_274061,4,0.874820
P_274110,9,0.842775
P_274303,7,0.880817
P_274309,2,0.871185
P_274316,12,0.873814
P_274328,14,0.847367
P_274362,4,0.892159
P_274468,9,0.846894
P_274470,7,0.870542
P_274516,13,0.838857
P_274522,25,0.847985
P_27477,6,0.871675
P_27488,10,0.877529
P_274922,7,0.882296
P_275,7,0.901708
P_27501,1,0.874759
P_27508,7,0.873719
P_275091,6,0.876211
P_27514,15,0.880929
P_275174,11,0.872559
P_275179,10,0.872334
P_275186,7,0.876813
P_275232,4,0.894321
P_275271,7,0.880475
P_275387,5,0.865908
P_275410,4,0.863799
P_275418,8,0.895170
P_275595,8,0.824177
P_275596,17,0.832664
P_275597,14,0.847024
P_275598,3,0.849728
P_275599,3,0.844315
P_275601,15,0.841282
P_275602,8,0.830820
P_27566,5,0.881295
P_275680,11,0.854905
P_275686,5,0.872185
P_275830,10,0.884851
P_275831,16,0.865896
P_275832,11,0.878889
P_2759,12,0.842141
P_275953,6,0.854925
P_27602,10,0.863812
P_27604,13,0.846522
P_27608,15,0.880756
P_27609,17,0.850073
P_276212,9,0.859084
P_276217,6,0.854661
P_27641,11,0.882494
P_276435,12,0.869152
P_276448,11,0.873596
P_27651,11,0.892198
P_276515,13,0.846021
P_276517,3,0.852051
P_276535,12,0.849648
P_276653,5,0.890759
P_276684,2,0.904593
P_2767,14,0.880927
P_276704,4,0.856851
P_276735,6,0.869321
P_276776,5,0.892459
P_276802,4,0.888561
P_276866,7,0.893701
P_276890,9,0.895646
P_276967,12,0.863805
P_277062,4,0.874532
P_2771,12,0.888785
P_277113,17,0.887563
P_277123,5,0.892412
P_277233,4,0.867107
P_277331,5,0.863090
P_27734,5,0.891672
P_277360,12,0.881249
P_27742,15,0.891314
P_27747,4,0.872377
P_277476,3,0.858231
P_277535,6,0.877847
P_277537,15,0.853771
P_277541,9,0.857795
P_277612,9,0.860079
P_277719,13,0.843740
P_277753,12,0.847267
P_277827,13,0.846460
P_277842,5,0.862634
P_277843,10,0.881975
P_277872,6,0.860765
P_27790,20,0.869611
P_277962,12,0.851025
P_278,4,0.872403
P_278003,8,0.883270
P_27847,15,0.896333
P_278600,16,0.861320
P_278601,8,0.832222
P_278726,10,0.802444
P_278730,10,0.873764
P_278742,15,0.866088
P_278753,5,0.880418
P_278810,11,0.845679
P_278842,7,0.865373
P_278860,27,0.862100
P_278861,5,0.858101
P_278916,13,0.875016
P_278924,9,0.832437
P_278975,6,0.850344
P_279015,7,0.889476
P_27903,2,0.876714
P_27904,20,0.871098
P_27905,5,0.876142
P_27906,6,0.883636
P_279075,4,0.857379
P_27908,10,0.870617
P_27912,13,0.840023
P_279147,2,0.871470
P_279148,7,0.884978
P_27919,5,0.865186
P_27920,15,0.876736
P_279284,13,0.854137
P_279287,14,0.845627
P_279290,8,0.852783
P_279303,12,0.835685
P_279304,2,0.850831
P_279307,23,0.847139
P_279308,10,0.823461
P_279313,9,0.812638
P_279316,8,0.848961
P_279318,5,0.848552
P_279319,26,0.837301
P_279485,11,0.884257
P_279611,5,0.797987
P_279616,15,0.811659
P_279792,13,0.880997
P_279794,12,0.869930
P_279841,10,0.895147
P_279843,5,0.885077
P_279857,16,0.827187
P_279858,19,0.847446
P_279884,6,0.879379
P_279889,11,0.877320
P_279890,12,0.859164
P_279912,21,0.846615
P_279921,8,0.899378
P_279973,4,0.887487
P_279974,2,0.856002
P_279998,13,0.841229
P_280102,9,0.895871
P_280159,6,0.891369
P_28017,4,0.870904
P_280176,9,0.899643
P_280343,9,0.874553
P_280391,5,0.868907
P_280395,10,0.861736
P_280502,6,0.877755
P_280586,9,0.893556
P_280678,14,0.859294
P_28070,7,0.886413
P_280734,5,0.886257
P_28082,7,0.881601
P_280846,5,0.860306
P_280950,8,0.880258
P_280974,9,0.889558
P_280975,7,0.873072
P_281009,6,0.834689
P_281014,11,0.852007
P_28109,4,0.878077
P_28110,5,0.887782
P_281154,4,0.873230
P_281156,9,0.884772
P_281158,6,0.847106
P_281196,6,0.874825
P_281223,6,0.864027
P_281401,2,0.872684
P_281511,8,0.904357
P_281552,7,0.789810
P_281569,11,0.869088
P_28165,9,0.865886
P_281722,4,0.862860
P_281800,2,0.885400
P_28184,6,0.883961
P_281856,11,0.856173
P_281862,7,0.879647
P_281990,13,0.853857
P_281993,6,0.882289
P_282344,13,0.851988
P_282442,12,0.883369
P_282478,5,0.860378
P_282480,3,0.851780
P_282624,4,0.870084
P_28274,5,0.871218
P_282759,12,0.879569
P_282812,12,0.839277
P_282819,8,0.804938
P_282844,17,0.850257
P_283014,8,0.839575
P_283015,14,0.840297
P_283016,15,0.830154
P_283017,16,0.826553
P_283019,6,0.809182
P_283020,13,0.863027
P_283022,3,0.864264
P_283049,6,0.847242
P_283160,7,0.892841
P_283261,12,0.879900
P_283262,4,0.891707
P_283325,7,0.842487
P_283329,6,0.833691
P_283388,2,0.897994
P_283400,9,0.877159
P_283401,6,0.858084
P_283421,10,0.858717
P_283458,6,0.862734
P_283461,10,0.861607
P_283475,9,0.880540
P_283568,15,0.863234
P_283614,8,0.866384
P_283618,5,0.852221
P_283647,11,0.853220
P_283664,24,0.862454
P_283666,23,0.847626
P_283739,11,0.842963
P_283745,11,0.862814
P_283750,10,0.860315
P_28402,7,0.869462
P_284158,3,0.846804
P_28423,7,0.854384
P_284235,3,0.898180
P_28424,8,0.870548
P_284259,12,0.835069
P_284269,3,0.896045
P_284415,4,0.838279
P_284416,6,0.869074
P_284422,11,0.850366
P_284758,18,0.848763
P_284810,4,0.892784
P_28486,9,0.849460
P_28493,4,0.847159
P_28495,10,0.886720
P_285096,10,0.888675
P_285108,3,0.889405
P_285109,4,0.889116
P_285130,7,0.902029
P_28522,7,0.855918
P_28523,2,0.907181
P_285234,10,0.852911
P_28525,10,0.887752
P_285328,6,0.886114
P_285329,4,0.877925
P_28540,16,0.869860
P_28547,18,0.855896
P_2855,8,0.895277
P_285520,12,0.829399
P_285622,14,0.872936
P_28563,13,0.868365
P_285692,9,0.890623
P_285843,9,0.883510
P_285880,2,0.895929
P_285938,9,0.880625
P_286089,3,0.869728
P_286161,10,0.873764
P_28633,12,0.856414
P_28635,6,0.867002
P_286524,17,0.834574
P_286528,5,0.829215
P_286611,11,0.888181
P_286637,9,0.833160
P_286638,12,0.818008
P_286639,4,0.864724
P_286640,6,0.866951
P_286642,5,0.859505
P_286643,11,0.862450
P_286658,16,0.850552
P_286660,23,0.877618
P_286698,3,0.876619
P_286724,6,0.879055
P_286726,6,0.880781
P_286810,4,0.788085
P_286812,11,0.855197
P_287008,6,0.879463
P_287010,2,0.876364
P_287035,15,0.836058
P_28707,13,0.898296
P_287098,5,0.884617
P_287103,6,0.883972
P_287152,13,0.865574
P_287190,5,0.854201
P_287207,15,0.863632
P_28723,14,0.856782
P_28726,18,0.869371
P_28727,7,0.878771
P_28733,1,0.902325
P_287391,6,0.883836
P_287410,10,0.862655
P_287459,2,0.854557
P_287575,10,0.879002
P_287634,10,0.844561
P_287726,7,0.885205
P_28778,10,0.869470
P_287832,4,0.882460
P_28784,8,0.841639
P_287858,13,0.876146
P_28787,33,0.860544
P_287901,7,0.873487
P_287997,15,0.894121
P_288015,10,0.846666
P_288063,16,0.836734
P_288107,11,0.891823
P_28828,2,0.862251
P_288336,8,0.858020
P_288368,0,0.894748
P_288370,10,0.890195
P_288371,12,0.886445
P_288372,11,0.893242
P_288433,5,0.864840
P_288454,8,0.904080
P_288542,11,0.860891
P_288543,14,0.853740
P_288622,15,0.868711
P_288628,8,0.863585
P_288724,6,0.877399
P_28876,4,0.874647
P_288772,9,0.867950
P_288790,4,0.882935
P_288943,4,0.854100
P_289030,5,0.864685
P_289048,12,0.859371
P_289084,2,0.847506
P_289098,12,0.862624
P_28914,15,0.875787
P_289175,5,0.835812
P_289314,10,0.847109
P_28934,4,0.861792
P_289421,7,0.865562
P_289485,7,0.881589
P_289491,18,0.875476
P_28950,3,0.828982
P_289623,18,0.850890
P_289628,2,0.850903
P_289638,18,0.846099
P_289737,12,0.848303
P_28976,4,0.873682
P_289780,11,0.851566
P_289784,7,0.837024
P_289785,21,0.812091
P_289792,7,0.838947
P_289793,10,0.874492
P_28991,8,0.901691
P_28994,10,0.882893
P_289949,4,0.853984
P_2901,5,0.863180
P_290213,13,0.874311
P_290247,8,0.857406
P_290275,8,0.886167
P_290357,7,0.893748
P_290370,13,0.839140
P_29039,7,0.882434
P_290416,11,0.896868
P_290520,10,0.882486
P_290542,11,0.853519
P_29055,16,0.879537
P_29061,16,0.845989
P_29067,16,0.852774
P_290731,5,0.839108
P_29075,17,0.856969
P_29078,8,0.858903
P_29080,8,0.866511
P_290844,3,0.849764
P_290848,6,0.857623
P_290865,12,0.878279
P_29096,7,0.905098
P_290973,3,0.871447
P_290991,9,0.857144
P_290992,13,0.859121
P_290993,8,0.860923
P_290994,13,0.856537
P_291006,16,0.847080
P_291007,12,0.834427
P_291034,13,0.848501
P_291044,14,0.816936
P_29108,13,0.887369
P_29110,15,0.886526
P_291145,12,0.892803
P_29115,7,0.880731
P_291190,7,0.817854
P_291194,11,0.814427
P_291196,4,0.853749
P_291209,3,0.862434
P_29121,4,0.819276
P_29130,12,0.877929
P_29131,17,0.844904
P_2914,11,0.891899
P_291404,14,0.807069
P_291445,8,0.877088
P_291452,17,0.875162
P_291507,10,0.893238
P_29157,3,0.851200
P_291619,14,0.826471
P_291620,14,0.810216
P_29163,10,0.837291
P_291676,3,0.884263
P_291677,9,0.868315
P_291857,15,0.879485
P_291874,2,0.902840
P_291936,11,0.867643
P_291938,14,0.871002
P_29201,8,0.866545
P_29205,7,0.897612
P_292066,10,0.871007
P_292074,5,0.875218
P_292113,11,0.848041
P_292133,6,0.887957
P_292219,19,0.863277
P_292306,16,0.876510
P_292310,6,0.888038
P_29237,14,0.888051
P_292414,10,0.852606
P_292467,12,0.884350
P_292569,1,0.846749
P_292570,3,0.875620
P_292573,4,0.869611
P_292581,7,0.889904
P_292654,3,0.851063
P_292655,6,0.877952
P_292657,9,0.863277
P_292660,19,0.881459
P_292681,16,0.839552
P_292685,2,0.873064
P_292689,12,0.882704
P_292690,13,0.855409
P_292695,3,0.855635
P_292704,15,0.803845
P_292705,16,0.871767
P_292706,7,0.833874
P_292711,8,0.860571
P_292714,6,0.859790
P_292717,14,0.863617
P_292740,7,0.889147
P_292769,9,0.898235
P_292773,8,0.834208
P_292776,16,0.867236
P_292807,4,0.866735
P_292861,14,0.881270
P_2929,7,0.865942
P_292916,10,0.892886
P_292938,5,0.867935
P_292966,11,0.873476
P_292968,5,0.839686
P_292978,11,0.847165
P_29299,12,0.885068
P_2931,5,0.861834
P_2933,5,0.890328
P_293409,13,0.867499
P_293410,9,0.870907
P_293415,11,0.848128
P_293419,17,0.844478
P_293427,10,0.847595
P_293487,16,0.856814
P_293558,8,0.896609
P_293564,9,0.873765
P_293582,6,0.887228
P_293596,10,0.865523
P_293612,16,0.852869
P_29362,4,0.893816
P_293631,9,0.883260
P_293633,5,0.864431
P_293643,12,0.875545
P_293648,6,0.844259
P_29366,8,0.861150
P_293668,10,0.860651
P_293669,8,0.882145
P_293680,11,0.870377
P_29372,5,0.875608
P_29380,15,0.862626
P_294264,7,0.842297
P_294283,7,0.900442
P_294362,18,0.863364
P_29457,7,0.869155
P_294654,16,0.866593
P_294768,9,0.881082
P_294819,12,0.893347
P_29486,16,0.859333
P_294866,9,0.874264
P_29487,6,0.861121
P_294870,17,0.884052
P_294882,10,0.860747
P_294917,4,0.859034
P_294979,4,0.886185
P_294999,28,0.892123
P_295012,4,0.863923
P_29505,2,0.903708
P_295267,11,0.833943
P_295271,10,0.852786
P_295273,8,0.828157
P_295400,10,0.863229
P_295405,5,0.883259
P_295406,8,0.855312
P_295444,8,0.881019
P_295487,12,0.863570
P_295488,10,0.855811
P_295536,11,0.882112
P_295580,3,0.858132
P_295670,12,0.881604
P_295678,9,0.833421
P_295801,4,0.856501
P_295809,2,0.866875
P_295821,5,0.878354
P_295879,10,0.864679
P_29600,11,0.885467
P_296078,2,0.889829
P_296091,5,0.854824
P_296093,16,0.839520
P_296379,3,0.871866
P_296418,9,0.874025
P_296540,6,0.830546
P_296583,4,0.895976
P_2966,13,0.868358
P_296675,7,0.847150
P_29670,6,0.893278
P_2968,6,0.860700
P_296827,10,0.861700
P_296834,4,0.862326
P_296871,9,0.856878
P_2970,7,0.859463
P_297058,4,0.891015
P_297145,12,0.840939
P_297178,4,0.876218
P_297186,13,0.891016
P_297208,6,0.870584
P_297243,15,0.862502
P_297318,6,0.885027
P_297335,10,0.832762
P_297336,12,0.838580
P_29734,4,0.866507
P_297386,6,0.855481
P_297388,6,0.871208
P_2974,14,0.887175
P_297532,11,0.888303
P_2976,6,0.888600
P_297682,11,0.877737
P_297685,4,0.859678
P_297739,7,0.844409
P_297740,3,0.844331
P_297762,4,0.869000
P_29810,10,0.880480
P_298104,12,0.877580
P_298134,12,0.855455
P_298138,14,0.841903
P_298143,21,0.829652
P_298154,21,0.842325
P_298182,7,0.862198
P_298311,5,0.839013
P_29838,4,0.902107
P_298392,6,0.867222
P_298540,14,0.870623
P_298571,4,0.860702
P_2986,9,0.859931
P_298621,9,0.839016
P_298622,11,0.876209
P_298651,11,0.836247
P_298659,4,0.884642
P_298664,8,0.848044
P_298681,11,0.875809
P_298701,5,0.867342
P_298702,4,0.870851
P_298747,12,0.868671
P_298749,2,0.876122
P_298786,5,0.895647
P_298812,1,0.893034
P_298834,8,0.849401
P_298868,9,0.856450
P_298874,11,0.852092
P_299,12,0.876547
P_299084,8,0.883374
P_299119,11,0.868711
P_299224,9,0.854966
P_299226,18,0.861492
P_299285,11,0.827562
P_29929,10,0.885762
P_299300,6,0.839652
P_299351,6,0.885639
P_29942,9,0.866997
P_299425,6,0.885546
P_299438,16,0.895927
P_299477,2,0.808461
P_29950,4,0.887701
P_299501,4,0.882642
P_299739,13,0.881480
P_299742,20,0.893691
P_299760,3,0.864722
P_299875,2,0.829123
P_299936,4,0.862072
P_300048,6,0.885868
P_300071,20,0.869003
P_300119,4,0.893342
P_300139,12,0.881007
P_300144,9,0.866357
P_300170,5,0.851309
P_300182,10,0.873298
P_300183,6,0.853751
P_300400,2,0.899568
P_300409,12,0.826756
P_30045,7,0.880312
P_300456,9,0.876293
P_300795,6,0.874186
P_3008,5,0.870278
P_300808,7,0.894031
P_300810,12,0.885961
P_301071,10,0.892753
P_30108,8,0.887436
P_301292,1,0.892739
P_301389,7,0.883481
P_301422,8,0.898412
P_30145,10,0.854851
P_30148,8,0.850243
P_30149,2,0.866282
P_301636,2,0.868532
P_30176,11,0.872570
P_301782,6,0.871271
P_301783,6,0.882909
P_30180,8,0.861734
P_301816,5,0.886033
P_301821,29,0.848210
P_30183,2,0.831780
P_30186,11,0.855608
P_301921,7,0.860009
P_301976,10,0.860740
P_302072,10,0.875648
P_302089,5,0.870187
P_30209,12,0.858351
P_30210,3,0.857555
P_302102,12,0.899632
P_302162,6,0.901724
P_302184,12,0.880066
P_302213,8,0.894636
P_302249,5,0.839583
P_30226,10,0.881508
P_30230,10,0.852128
P_30232,15,0.868869
P_30235,8,0.869019
P_30236,8,0.851415
P_302370,8,0.865749
P_302389,7,0.891638
P_302435,19,0.838417
P_30246,11,0.813790
P_30256,14,0.854878
P_302688,6,0.872555
P_302692,9,0.862200
P_302710,5,0.891154
P_302713,8,0.884780
P_30273,11,0.896974
P_302993,10,0.856000
P_30309,12,0.860861
P_303253,4,0.868115
P_30326,3,0.888114
P_303328,11,0.894346
P_303432,16,0.874918
P_30344,7,0.898504
P_30360,12,0.871097
P_303689,18,0.876576
P_303873,3,0.888190
P_303921,2,0.865877
P_303954,3,0.858751
P_303967,16,0.871044
P_3040,7,0.883382
P_304107,3,0.893697
P_304221,0,0.856988
P_30424,11,0.875073
P_304311,13,0.871642
P_304347,12,0.859633
P_30436,10,0.884214
P_304381,16,0.842741
P_304502,3,0.829897
P_304513,11,0.856324
P_304662,14,0.867523
P_304727,5,0.845423
P_30476,8,0.881037
P_30478,7,0.881342
P_304892,4,0.869787
P_304897,2,0.889593
P_304900,5,0.868950
P_304915,4,0.885009
P_304919,7,0.876939
P_30492,2,0.895111
P_304928,18,0.794394
P_30493,8,0.895377
P_305205,3,0.872163
P_305210,4,0.852721
P_305265,17,0.899466
P_305409,4,0.889179
P_305422,5,0.869866
P_30552,10,0.859022
P_30553,2,0.875005
P_305532,17,0.865662
P_305586,2,0.866587
P_305625,11,0.900135
P_305663,11,0.798261
P_305696,5,0.832679
P_3057,13,0.881868
P_305915,5,0.899416
P_3061,12,0.880402
P_306190,15,0.830774
P_306192,8,0.877522
P_306196,12,0.842171
P_306197,20,0.842522
P_306198,14,0.868458
P_306200,4,0.869514
P_306204,10,0.832055
P_306205,10,0.863261
P_306207,19,0.821053
P_306208,16,0.856118
P_306211,6,0.833225
P_306218,17,0.832463
P_30623,9,0.894021
P_306234,3,0.840083
P_306256,3,0.883372
P_3063,5,0.871570
P_306434,15,0.869355
P_306455,3,0.903429
P_306462,9,0.894556
P_30653,5,0.900928
P_30668,12,0.857570
P_30678,6,0.886036
P_306795,17,0.883427
P_306950,8,0.890463
P_306952,11,0.875676
P_307102,6,0.872333
P_307230,10,0.883348
P_307240,6,0.884267
P_307314,4,0.892335
P_307369,4,0.844096
P_307396,11,0.895703
P_307429,5,0.862764
P_307454,6,0.883241
P_307473,15,0.881983
P_307583,11,0.869045
P_3077,6,0.862929
P_307769,4,0.901788
P_307800,4,0.854882
P_307960,3,0.835916
P_307999,3,0.873889
P_308000,12,0.879879
P_308296,10,0.854161
P_308315,11,0.861655
P_308414,12,0.826696
P_30849,5,0.861409
P_30855,5,0.901758
P_308565,4,0.859868
P_308718,7,0.830134
P_308822,5,0.887653
P_308838,6,0.893969
P_309150,1,0.903929
P_30917,11,0.868792
P_30918,11,0.851477
P_309281,4,0.872294
P_3093,4,0.881757
P_309322,8,0.882528
P_309350,11,0.876647
P_309427,4,0.853616
P_309430,4,0.865716
P_309491,2,0.872459
P_309650,4,0.858948
P_3097,5,0.876475
P_309730,2,0.887155
P_309741,5,0.809753
P_309744,12,0.841886
P_309746,5,0.844228
P_309756,23,0.869625
P_309796,14,0.883296
P_3098,4,0.873960
P_309801,8,0.896775
P_309822,3,0.875304
P_309845,11,0.876455
P_309872,7,0.879971
P_309959,8,0.882237
P_31002,6,0.825177
P_310022,10,0.881377
P_310024,11,0.849629
P_31003,4,0.851962
P_310033,11,0.881377
P_310037,4,0.889977
P_310041,9,0.853485
P_310045,12,0.861730
P_310055,25,0.841616
P_310115,5,0.854596
P_310201,7,0.844798
P_310252,6,0.891829
P_310271,8,0.901229
P_310394,6,0.868181
P_3104,10,0.872416
P_310474,8,0.899410
P_310614,5,0.899717
P_310617,5,0.897700
P_310729,10,0.900528
P_310772,10,0.853481
P_310840,4,0.891370
P_310927,23,0.840573
P_31094,6,0.862704
P_31097,2,0.831442
P_311013,3,0.876690
P_311051,0,0.873446
P_311179,9,0.850742
P_311181,9,0.840484
P_311233,7,0.840668
P_311235,4,0.871983
P_311372,9,0.895789
P_31159,0,0.885806
P_311731,11,0.884728
P_311898,2,0.865715
P_31192,22,0.830218
P_312116,2,0.856433
P_312134,3,0.869997
P_31216,9,0.872928
P_312371,8,0.883798
P_312503,10,0.812938
P_312526,8,0.863083
P_312651,10,0.877517
P_312807,9,0.872042
P_312851,6,0.874155
P_313220,5,0.827452
P_31327,17,0.894125
P_31330,10,0.883405
P_31332,12,0.898095
P_313329,12,0.891510
P_313338,13,0.841300
P_31337,0,0.854687
P_313376,8,0.868395
P_31344,7,0.861207
P_31346,1,0.841067
P_313494,15,0.875954
P_31350,4,0.853107
P_313506,2,0.897593
P_31351,9,0.887366
P_31352,8,0.860082
P_31354,10,0.857951
P_313586,10,0.905501
P_31360,9,0.875302
P_313602,3,0.867203
P_31384,17,0.897299
P_31385,6,0.883827
P_313911,6,0.877707
P_313927,10,0.818598
P_313996,3,0.872316
P_314,8,0.889628
P_314014,2,0.871508
P_314176,0,0.874558
P_314487,7,0.866201
P_314494,10,0.888849
P_314497,1,0.868040
P_3145,11,0.862890
P_314507,4,0.872532
P_3146,14,0.846577
P_314618,5,0.870045
P_314702,6,0.846362
P_314714,8,0.846035
P_314756,7,0.873629
P_314765,9,0.879833
P_314790,8,0.872483
P_314818,7,0.872860
P_314859,11,0.851607
P_314878,2,0.887500
P_314928,4,0.871921
P_314978,5,0.841602
P_314990,15,0.838998
P_315090,10,0.875777
P_315259,7,0.871990
P_315265,9,0.860587
P_315306,4,0.858690
P_315365,12,0.866349
P_31548,9,0.879212
P_315481,10,0.850646
P_315482,18,0.840947
P_31569,4,0.868883
P_315744,5,0.851727
P_315759,4,0.821399
P_315762,6,0.852626
P_315775,11,0.899978
P_315818,6,0.868892
P_315820,4,0.875529
P_315932,11,0.879995
P_315966,5,0.899559
P_316010,14,0.890075
P_316064,9,0.862552
P_316082,12,0.852023
P_31612,21,0.868331
P_316159,7,0.887483
P_316170,5,0.893489
P_316175,6,0.873001
P_316192,14,0.841816
P_316195,19,0.863493
P_3162,6,0.879805
P_316231,1,0.875833
P_316232,18,0.867700
P_316241,7,0.883453
P_316293,0,0.867681
P_31633,10,0.878368
P_316386,7,0.887718
P_316521,9,0.849563
P_316763,13,0.865621
P_316816,4,0.883388
P_316827,3,0.883988
P_316935,8,0.875861
P_316937,10,0.864678
P_316984,12,0.851553
P_316985,3,0.872633
P_31702,9,0.853946
P_31704,11,0.841480
P_317214,3,0.881454
P_31725,4,0.866449
P_317294,8,0.866198
P_31731,19,0.837900
P_31734,3,0.863829
P_31737,16,0.815271
P_317373,2,0.861320
P_317374,14,0.844218
P_31738,18,0.871321
P_31739,18,0.846227
P_3174,10,0.856692
P_317503,7,0.879312
P_31754,12,0.856443
P_317572,17,0.863359
P_317782,2,0.878103
P_31801,10,0.867161
P_318020,13,0.886088
P_31803,10,0.857073
P_318050,9,0.848324
P_31807,10,0.885570
P_318097,10,0.873807
P_31812,12,0.887959
P_318168,8,0.856056
P_318185,8,0.860676
P_318326,5,0.874686
P_318331,11,0.882662
P_318368,9,0.879256
P_318410,8,0.866465
P_318534,3,0.882347
P_318578,6,0.850194
P_318629,5,0.882865
P_318891,11,0.861632
P_318892,6,0.888558
P_318901,16,0.880011
P_318910,15,0.881281
P_318921,23,0.867399
P_318923,16,0.848849
P_31894,1,0.882843
P_319129,12,0.857265
P_31914,5,0.902559
P_319145,2,0.847599
P_319152,14,0.849763
P_319177,8,0.838110
P_319212,6,0.843084
P_319232,5,0.890494
P_31928,7,0.890710
P_319284,6,0.881928
P_319330,9,0.872474
P_319335,14,0.833071
P_319806,7,0.848230
P_320017,10,0.864005
P_320076,7,0.846074
P_320095,18,0.842770
P_320099,6,0.877657
P_320214,3,0.878252
P_320221,11,0.891200
P_320226,8,0.896878
P_320258,9,0.890539
P_320278,18,0.796491
P_320280,10,0.870592
P_3203,11,0.887962
P_320342,16,0.847042
P_320357,12,0.888602
P_32039,12,0.870173
P_320406,13,0.830342
P_32043,8,0.866271
P_320490,3,0.876049
P_32050,6,0.873557
P_32053,7,0.897124
P_32055,4,0.845131
P_320556,4,0.873585
P_320568,8,0.864430
P_320571,10,0.893874
P_32060,7,0.892465
P_320612,6,0.864452
P_320622,29,0.847890
P_32072,10,0.870199
P_320723,5,0.897244
P_32074,6,0.899008
P_3211,8,0.876804
P_321141,4,0.859786
P_321186,10,0.870826
P_321190,7,0.875709
P_321226,6,0.885137
P_321230,8,0.902644
P_32128,3,0.889853
P_321347,8,0.855803
P_321414,13,0.873609
P_321425,15,0.845728
P_321518,14,0.886631
P_32155,9,0.843136
P_321559,34,0.860213
P_321563,9,0.872338
P_321620,6,0.896135
P_321732,16,0.849039
P_321797,2,0.895084
P_321871,4,0.854888
P_321973,5,0.882303
P_32199,7,0.897011
P_322002,6,0.873828
P_32202,5,0.889010
P_32203,2,0.899699
P_3221,13,0.887422
P_32211,6,0.841892
P_3222,5,0.860137
P_322230,18,0.828889
P_322232,10,0.859129
P_322233,12,0.875123
P_322256,12,0.867102
P_322257,13,0.875165
P_322413,7,0.858249
P_322477,5,0.890360
P_32249,8,0.887087
P_32255,6,0.892686
P_322642,6,0.890270
P_32270,4,0.854682
P_322714,7,0.884024
P_322796,7,0.870239
P_322798,5,0.868398
P_322800,2,0.888317
P_322803,6,0.855148
P_32284,14,0.851619
P_32287,5,0.872246
P_322870,2,0.895297
P_322895,11,0.874954
P_32301,6,0.876274
P_323142,7,0.888143
P_323200,10,0.874439
P_32340,9,0.871541
P_323488,6,0.889999
P_323537,15,0.903719
P_323666,2,0.828410
P_32381,12,0.862799
P_323904,3,0.885794
P_323919,4,0.895999
P_32393,10,0.883634
P_323938,3,0.868863
P_32401,14,0.894715
P_324048,2,0.875060
P_32408,5,0.874644
P_324102,6,0.836867
P_324126,8,0.865568
P_324332,6,0.879764
P_3244,4,0.884987
P_324429,6,0.845902
P_324479,6,0.867294
P_324634,6,0.858267
P_324874,10,0.852441
P_324884,6,0.870217
P_325177,15,0.866372
P_325192,4,0.870298
P_32531,11,0.863487
P_32534,6,0.887831
P_32535,2,0.873249
P_32539,9,0.882504
P_325457,3,0.882644
P_3255,8,0.882081
P_32552,12,0.848373
P_32553,9,0.810118
P_325579,14,0.845258
P_325679,5,0.871821
P_325685,7,0.886972
P_325711,5,0.873518
P_325746,10,0.860202
P_325788,17,0.842559
P_325842,14,0.834487
P_325881,8,0.892924
P_325914,6,0.838022
P_32595,5,0.869952
P_32613,6,0.864765
P_32630,7,0.886240
P_326354,8,0.871934
P_326367,6,0.888756
P_3264,2,0.856492
P_326446,5,0.856122
P_32646,1,0.861565
P_326463,7,0.840571
P_32647,11,0.860882
P_326490,4,0.880833
P_3266,12,0.880530
P_326673,3,0.854230
P_32679,2,0.855177
P_326829,7,0.865641
P_326854,6,0.839287
P_326862,8,0.866246
P_326907,17,0.872827
P_3270,10,0.875688
P_32711,16,0.855300
P_327160,7,0.866811
P_327198,9,0.864749
P_327225,12,0.901730
P_327238,10,0.847301
P_327310,5,0.893268
P_327362,7,0.859947
P_327459,5,0.795314
P_327572,7,0.901171
P_327574,8,0.886137
P_327671,19,0.872333
P_327717,7,0.842077
P_32778,9,0.899177
P_327901,8,0.889883
P_327944,6,0.888135
P_328245,2,0.897534
P_328247,13,0.848059
P_328254,10,0.862703
P_328263,21,0.853334
P_328436,9,0.886188
P_328467,7,0.876950
P_328552,15,0.880060
P_328681,7,0.879463
P_32871,5,0.839185
P_32881,5,0.883279
P_328983,4,0.882753
P_328984,11,0.848042
P_32904,5,0.851254
P_329074,13,0.861058
P_329150,2,0.885151
P_329254,12,0.863124
P_329279,10,0.869455
P_329327,3,0.897529
P_329333,3,0.877689
P_329353,16,0.865392
P_329539,11,0.868001
P_329647,2,0.866278
P_329650,11,0.872521
P_329651,4,0.889155
P_329813,2,0.866127
P_329867,7,0.888786
P_329977,21,0.878615
P_329978,7,0.873026
P_329987,2,0.875787
P_330011,1,0.871402
P_330012,14,0.871640
P_330013,9,0.879267
P_330014,1,0.871906
P_330056,5,0.877109
P_330057,5,0.794668
P_330059,5,0.855548
P_330119,21,0.869584
P_330133,15,0.818723
P_330220,3,0.855163
P_330349,9,0.874057
P_330362,17,0.873616
P_330534,4,0.880648
P_330572,10,0.876774
P_330645,6,0.867532
P_330661,6,0.874141
P_330797,12,0.839666
P_330864,12,0.858674
P_330884,13,0.865394
P_330886,4,0.833544
P_33110,5,0.892202
P_331161,4,0.878214
P_331239,17,0.859674
P_33124,20,0.870990
P_331240,2,0.880450
P_331245,1,0.836807
P_331435,0,0.877892
P_331535,5,0.892403
P_331537,10,0.843883
P_331671,7,0.882846
P_331684,4,0.859624
P_331749,8,0.820929
P_331751,5,0.865746
P_331769,0,0.877575
P_332025,9,0.890743
P_332026,10,0.891786
P_332093,1,0.887321
P_33213,6,0.848875
P_33215,14,0.844171
P_332213,13,0.878940
P_33235,7,0.854803
P_33236,6,0.851111
P_332739,2,0.881781
P_332778,2,0.884941
P_33305,7,0.891024
P_333360,13,0.844080
P_333362,16,0.874105
P_333387,14,0.861032
P_333388,5,0.856980
P_333458,8,0.828948
P_333459,9,0.849677
P_333460,18,0.844149
P_333461,10,0.855938
P_333464,11,0.860340
P_333466,9,0.832191
P_333635,6,0.875576
P_33364,9,0.869107
P_333695,14,0.859903
P_333703,18,0.859903
P_333756,8,0.889514
P_333820,4,0.862083
P_333827,9,0.831807
P_333828,19,0.822331
P_333890,13,0.869739
P_333897,2,0.867964
P_3339,3,0.845138
P_333901,3,0.888043
P_333902,13,0.872439
P_333905,7,0.846958
P_333926,14,0.892975
P_333952,8,0.861528
P_333986,11,0.861960
P_334016,5,0.881714
P_334029,8,0.859392
P_334032,12,0.867721
P_334060,21,0.830601
P_334061,5,0.853252
P_334064,9,0.839302
P_334067,20,0.857666
P_334091,3,0.871629
P_334094,9,0.873764
P_334095,5,0.851717
P_334101,9,0.841246
P_334113,10,0.874897
P_334175,5,0.881058
P_334188,14,0.838537
P_334284,12,0.846106
P_334288,11,0.855168
P_334289,10,0.868462
P_334290,10,0.855406
P_334378,12,0.810802
P_334405,13,0.898209
P_334507,13,0.858607
P_334525,4,0.872544
P_334546,7,0.882478
P_334573,5,0.882142
P_334880,13,0.831669
P_334882,6,0.851255
P_3349,3,0.866278
P_33498,12,0.871615
P_335015,4,0.878553
P_335032,6,0.873777
P_335171,0,0.879040
P_335282,7,0.859467
P_335299,9,0.887374
P_3353,15,0.858138
P_335342,5,0.853339
P_335479,12,0.897722
P_335480,12,0.874056
P_335481,11,0.846506
P_335548,4,0.850298
P_335572,2,0.846603
P_335574,19,0.890373
P_335843,9,0.896855
P_335844,4,0.882035
P_335862,6,0.820889
P_335869,7,0.899540
P_335891,11,0.860265
P_335894,8,0.853348
P_335898,6,0.868050
P_336027,9,0.820200
P_336104,6,0.855460
P_33612,9,0.796611
P_3362,11,0.896107
P_336225,2,0.825520
P_3364,0,0.888458
P_336552,4,0.847254
P_336561,8,0.871525
P_336571,1,0.896026
P_3366,11,0.889938
P_336862,20,0.855875
P_336866,15,0.857375
P_3369,5,0.889339
P_336923,6,0.894072
P_336974,4,0.871938
P_336983,6,0.872262
P_337075,6,0.900042
P_337219,13,0.878410
P_337222,6,0.884221
P_337262,4,0.859698
P_337349,21,0.826831
P_337362,0,0.864157
P_337479,12,0.873957
P_337485,4,0.820832
P_337751,12,0.872031
P_337877,9,0.891425
P_337934,10,0.825397
P_337969,9,0.869094
P_33799,8,0.859351
P_337992,13,0.847817
P_33804,7,0.876415
P_338080,4,0.878454
P_338099,6,0.837711
P_338123,9,0.847282
P_338210,10,0.879241
P_33847,3,0.875827
P_338535,4,0.896528
P_338547,5,0.869139
P_338599,9,0.856902
P_338608,4,0.834496
P_338609,7,0.847330
P_338634,7,0.864931
P_338662,4,0.859894
P_338791,8,0.822999
P_339026,10,0.873267
P_339094,21,0.828830
P_339212,4,0.833441
P_339308,3,0.902041
P_339322,1,0.888735
P_339328,9,0.849394
P_339347,2,0.886053
P_33941,5,0.883640
P_339414,13,0.871124
P_33943,10,0.883592
P_339434,13,0.850968
P_339695,7,0.897541
P_339780,6,0.892544
P_339788,1,0.881188
P_339803,6,0.892276
P_339858,15,0.854468
P_339897,7,0.886065
P_340310,6,0.848375
P_340318,5,0.853691
P_340439,2,0.877717
P_340442,11,0.865049
P_340446,12,0.868488
P_340449,12,0.873759
P_340452,4,0.876215
P_340468,11,0.894399
P_340486,9,0.897002
P_340575,14,0.821517
P_340576,8,0.822075
P_340578,5,0.859812
P_340579,5,0.826590
P_340583,6,0.838388
P_340598,13,0.835973
P_340602,9,0.903922
P_340606,22,0.823756
P_340622,9,0.880185
P_340683,12,0.840811
P_340689,10,0.898027
P_340690,10,0.881987
P_340695,4,0.875900
P_340729,9,0.856659
P_340731,3,0.844720
P_340736,17,0.855230
P_340798,29,0.855510
P_340805,3,0.887583
P_340835,11,0.829003
P_340844,6,0.853002
P_340845,22,0.847929
P_340855,14,0.840628
P_340858,14,0.822380
P_34086,7,0.877622
P_340958,18,0.873061
P_340988,9,0.888857
P_340989,7,0.895182
P_340993,8,0.839711
P_341041,2,0.852153
P_341147,4,0.877082
P_3414,20,0.898529
P_34140,16,0.885680
P_341403,16,0.875086
P_341448,7,0.853748
P_34150,5,0.865178
P_341774,1,0.835916
P_34203,8,0.870121
P_342046,11,0.848835
P_342100,0,0.882568
P_34211,10,0.885771
P_34212,5,0.837002
P_342197,9,0.891458
P_342383,8,0.876568
P_342385,14,0.873998
P_342414,3,0.845236
P_34243,5,0.872152
P_342499,4,0.887978
P_342673,5,0.888099
P_342696,9,0.823536
P_342711,8,0.878560
P_342779,16,0.870378
P_342830,9,0.880086
P_342834,5,0.876497
P_342835,3,0.866378
P_34295,1,0.893342
P_343,10,0.862030
P_343016,7,0.842002
P_343068,8,0.868612
P_343075,4,0.871335
P_343177,5,0.878969
P_343346,16,0.845592
P_34343,2,0.892483
P_343443,5,0.890963
P_343462,5,0.869875
P_343504,10,0.878951
P_34353,9,0.857425
P_343780,8,0.864611
P_343787,8,0.867647
P_343818,10,0.882256
P_343849,13,0.830113
P_343874,3,0.855642
P_344020,2,0.795568
P_344024,5,0.801196
P_344035,14,0.871522
P_3441,10,0.888343
P_344325,8,0.869212
P_344326,27,0.853959
P_344381,5,0.868085
P_34445,7,0.903543
P_344641,8,0.859135
P_344642,13,0.834858
P_344643,11,0.833061
P_344644,11,0.848495
P_34466,17,0.904265
P_344713,13,0.847602
P_344723,11,0.833890
P_344728,4,0.872181
P_344729,2,0.863747
P_344759,6,0.899068
P_344798,10,0.872113
P_344831,12,0.852875
P_344848,4,0.885826
P_344914,5,0.890848
P_344918,6,0.848322
P_3450,3,0.887893
P_345001,5,0.881937
P_345002,13,0.874009
P_34505,11,0.867960
P_345075,11,0.836459
P_345136,16,0.847947
P_345137,12,0.847127
P_345144,27,0.838223
P_345147,9,0.888817
P_345213,13,0.875173
P_34522,8,0.866709
P_345220,12,0.867611
P_345227,10,0.892504
P_345377,4,0.873333
P_34540,7,0.849124
P_34541,6,0.875293
P_345459,17,0.896165
P_345488,5,0.899630
P_3455,3,0.858372
P_34550,5,0.869134
P_345538,5,0.871594
P_345637,13,0.883630
P_34568,3,0.894360
P_345809,6,0.882187
P_345810,10,0.875296
P_345813,2,0.894101
P_346013,17,0.840867
P_346027,12,0.863702
P_346035,1,0.896071
P_34604,8,0.890757
P_346235,7,0.843740
P_3463,4,0.889599
P_346402,14,0.850664
P_346410,5,0.851629
P_346474,12,0.815551
P_346476,16,0.805552
P_346478,7,0.788530
P_346482,8,0.829725
P_3467,2,0.885568
P_34674,2,0.877932
P_346861,8,0.882844
P_34700,10,0.869873
P_347012,2,0.877192
P_34702,9,0.871369
P_347029,6,0.857284
P_347082,31,0.863554
P_347116,5,0.868398
P_347118,2,0.880438
P_347160,3,0.867564
P_347198,6,0.890503
P_347199,9,0.876270
P_347204,16,0.841242
P_347310,2,0.849888
P_347389,14,0.869203
P_347393,23,0.884838
P_347503,3,0.849546
P_347520,10,0.876261
P_347567,17,0.878446
P_3476,4,0.892447
P_347637,6,0.842819
P_347654,8,0.850094
P_347687,5,0.882974
P_347773,11,0.894511
P_347779,12,0.844583
P_347799,4,0.901171
P_347864,14,0.848455
P_34788,12,0.866658
P_347904,24,0.864019
P_34791,10,0.869387
P_34792,8,0.883341
P_34795,13,0.853944
P_34797,2,0.885715
P_347984,10,0.883185
P_347987,4,0.902927
P_3480,3,0.888120
P_348033,10,0.834260
P_348034,7,0.847638
P_348086,8,0.851741
P_348093,11,0.856584
P_348239,9,0.874311
P_348252,7,0.882938
P_348259,16,0.805069
P_348329,11,0.893170
P_348331,6,0.901824
P_348459,4,0.884094
P_348815,17,0.874769
P_348844,8,0.891600
P_348856,12,0.860144
P_348914,15,0.876039
P_348985,13,0.875153
P_348986,10,0.866282
P_34907,24,0.851535
P_349075,17,0.842746
P_349111,3,0.876314
P_349166,2,0.883700
P_349279,5,0.878291
P_349307,12,0.854817
P_349308,14,0.850634
P_349311,7,0.870060
P_349312,13,0.833645
P_349313,15,0.828051
P_349315,22,0.850991
P_349368,9,0.847194
P_349374,17,0.865116
P_349375,13,0.853557
P_349376,21,0.867167
P_349391,12,0.871511
P_349393,9,0.875254
P_349394,18,0.863849
P_349399,8,0.843542
P_34940,7,0.824354
P_349483,4,0.900965
P_349536,5,0.857606
P_349633,11,0.894958
P_349647,14,0.844916
P_349717,19,0.841367
P_349787,18,0.860473
P_3498,11,0.868456
P_349837,8,0.879031
P_349979,4,0.873865
P_350006,5,0.877415
P_350160,11,0.812979
P_350162,17,0.844259
P_350305,8,0.875245
P_350392,2,0.888493
P_350484,7,0.849780
P_350672,15,0.870005
P_350674,10,0.853923
P_351047,9,0.894579
P_351108,11,0.871525
P_351112,10,0.883633
P_351114,8,0.858418
P_351115,14,0.865182
P_351121,8,0.871787
P_351157,7,0.874454
P_351183,1,0.838109
P_351191,10,0.877546
P_351218,7,0.864236
P_351222,4,0.896135
P_351270,11,0.867614
P_351280,8,0.894418
P_351300,13,0.880960
P_351301,16,0.865163
P_351306,7,0.832253
P_351320,3,0.863217
P_351373,8,0.881372
P_351374,9,0.897937
P_351377,11,0.893165
P_351380,7,0.876322
P_351383,9,0.888005
P_351386,1,0.882788
P_351387,12,0.885328
P_35139,8,0.868755
P_35141,6,0.853683
P_35145,9,0.872876
P_351459,10,0.879540
P_35146,4,0.894262
P_351472,8,0.901238
P_351498,18,0.895014
P_3515,0,0.883937
P_35151,8,0.885038
P_351571,7,0.897043
P_351626,6,0.883421
P_351686,10,0.901371
P_351798,5,0.891687
P_351799,6,0.872987
P_351810,9,0.879893
P_351826,7,0.900255
P_351827,9,0.896684
P_351833,5,0.888360
P_351850,8,0.865070
P_351861,9,0.897262
P_351895,11,0.874711
P_35190,14,0.866866
P_35206,11,0.873473
P_352102,5,0.847408
P_352104,5,0.870201
P_35214,11,0.867736
P_352146,14,0.834721
P_352147,11,0.837836
P_352148,7,0.848089
P_35215,16,0.850721
P_35217,9,0.874277
P_352194,11,0.880028
P_352274,2,0.820844
P_35232,12,0.860229
P_352419,5,0.863588
P_3529,8,0.871929
P_352910,4,0.836583
P_352975,11,0.851870
P_353097,6,0.866926
P_353231,10,0.840634
P_353232,15,0.870832
P_353319,9,0.840013
P_353668,12,0.866120
P_353734,8,0.858858
P_353736,5,0.869954
P_353737,19,0.834383
P_353787,1,0.877569
P_35389,7,0.868101
P_35405,2,0.869213
P_354088,9,0.896461
P_354091,7,0.887412
P_3541,18,0.898475
P_354148,5,0.850801
P_3542,9,0.891149
P_354295,12,0.853889
P_354296,8,0.868775
P_3543,6,0.829732
P_3545,9,0.873667
P_354692,0,0.848210
P_35472,1,0.856918
P_35473,10,0.877196
P_35475,0,0.899446
P_354763,12,0.859186
P_354779,4,0.865297
P_354833,0,0.837394
P_354846,6,0.844784
P_354850,7,0.834992
P_354860,14,0.882171
P_354918,9,0.863075
P_354919,1,0.886705
P_354921,14,0.829961
P_354922,10,0.845980
P_354923,5,0.872491
P_354938,14,0.877684
P_354956,3,0.867826
P_35505,12,0.896337
P_355087,11,0.891247
P_355161,4,0.851066
P_355166,10,0.872450
P_355194,15,0.894424
P_355195,10,0.884429
P_355267,6,0.896989
P_355271,18,0.851639
P_355295,17,0.873711
P_3553,4,0.869291
P_355301,8,0.859931
P_355304,8,0.872712
P_355307,9,0.882806
P_355369,1,0.887922
P_355399,16,0.865726
P_3554,8,0.856638
P_355404,11,0.879724
P_3555,10,0.877723
P_355576,4,0.894357
P_355577,6,0.894707
P_355578,8,0.883773
P_355584,5,0.883100
P_355585,3,0.878908
P_355608,6,0.884104
P_355664,4,0.843240
P_355665,7,0.840204
P_3557,5,0.883139
P_355763,10,0.880155
P_35579,13,0.849139
P_3558,9,0.851846
P_355811,8,0.877093
P_355834,11,0.857047
P_355984,5,0.869436
P_356008,11,0.890013
P_356115,5,0.895348
P_35615,4,0.880955
P_356152,13,0.871077
P_356154,6,0.812898
P_356164,10,0.814552
P_356165,13,0.817183
P_356180,13,0.834685
P_356193,25,0.873715
P_356216,11,0.841581
P_35633,10,0.873421
P_35636,8,0.880324
P_356409,12,0.862988
P_35649,5,0.843016
P_356505,8,0.846087
P_356506,10,0.817004
P_35651,11,0.889212
P_356640,5,0.884077
P_356648,4,0.873407
P_356660,10,0.856775
P_356664,15,0.869529
P_356691,8,0.855870
P_356729,5,0.888823
P_356802,8,0.850464
P_356815,9,0.802204
P_356817,5,0.826938
P_356926,10,0.856703
P_356966,7,0.866571
P_356975,14,0.845065
P_35701,5,0.853001
P_357398,10,0.881688
P_357535,4,0.804636
P_357560,7,0.905512
P_357607,15,0.828644
P_357764,12,0.882685
P_357830,15,0.829816
P_357909,13,0.862331
P_357918,8,0.884077
P_357919,10,0.882693
P_357978,11,0.892174
P_358020,1,0.855730
P_358047,4,0.833700
P_358049,17,0.844805
P_358051,6,0.890432
P_358184,10,0.870897
P_358256,3,0.857120
P_35837,4,0.807188
P_358410,5,0.877354
P_35845,16,0.897645
P_358554,2,0.859697
P_358568,9,0.851889
P_358569,15,0.841003
P_358571,6,0.863480
P_358578,9,0.884514
P_35858,10,0.837551
P_35862,3,0.864573
P_358623,22,0.859493
P_358624,8,0.878899
P_358626,6,0.885701
P_358638,9,0.872579
P_358639,10,0.864316
P_35881,13,0.832652
P_359061,7,0.885423
P_359156,15,0.866676
P_359159,5,0.880214
P_359361,3,0.892603
P_359509,5,0.883586
P_35956,3,0.900568
P_359600,20,0.786652
P_35965,3,0.879095
P_35967,10,0.882816
P_3599,7,0.849217
P_36000,3,0.835553
P_360119,9,0.852063
P_360120,6,0.844891
P_36015,11,0.896176
P_36016,7,0.900754
P_360185,7,0.857721
P_360192,3,0.842374
P_360240,8,0.855482
P_360271,12,0.874212
P_360391,6,0.882908
P_360446,2,0.825166
P_360508,4,0.884557
P_360521,14,0.892854
P_36065,17,0.863451
P_360677,2,0.872721
P_360682,7,0.871736
P_360769,4,0.875276
P_36079,16,0.861961
P_36083,15,0.841330
P_360872,5,0.852847
P_360878,9,0.859022
P_360953,3,0.860450
P_361158,12,0.863162
P_361179,8,0.885721
P_361200,6,0.862420
P_36121,11,0.868677
P_361210,16,0.882244
P_361238,3,0.867781
P_361293,4,0.869174
P_361294,9,0.890997
P_361360,6,0.844120
P_36145,7,0.893978
P_361450,7,0.836401
P_36147,11,0.863096
P_36148,12,0.851914
P_36149,0,0.837845
P_361501,5,0.890912
P_36158,2,0.879515
P_36160,5,0.837434
P_361600,6,0.900219
P_361604,7,0.887657
P_361606,1,0.881132
P_36161,4,0.884718
P_361626,1,0.866691
P_361632,19,0.882339
P_361709,8,0.843234
P_361788,7,0.855794
P_361814,9,0.861817
P_361930,3,0.890630
P_36202,8,0.876731
P_362055,14,0.835230
P_362170,4,0.897261
P_362233,5,0.877342
P_362255,12,0.891358
P_36231,7,0.894304
P_362467,4,0.869481
P_36255,13,0.867478
P_362679,9,0.890179
P_362789,16,0.903866
P_362836,20,0.839748
P_362880,6,0.872213
P_362881,9,0.879396
P_362901,12,0.881462
P_362948,6,0.842926
P_362951,9,0.887674
P_362975,3,0.863183
P_363057,2,0.857670
P_363112,8,0.889640
P_363180,8,0.885069
P_363252,1,0.874471
P_363308,6,0.861437
P_363337,19,0.870281
P_363385,9,0.884767
P_363401,6,0.843771
P_36341,2,0.854771
P_363411,12,0.858593
P_363412,17,0.865484
P_363436,9,0.859839
P_36344,9,0.807855
P_363529,7,0.845756
P_363602,12,0.872679
P_363648,3,0.893457
P_363769,17,0.843785
P_363772,7,0.829827
P_363775,3,0.860077
P_363860,14,0.883615
P_363904,18,0.848464
P_363915,18,0.839501
P_363922,5,0.842654
P_363928,5,0.854594
P_363932,7,0.890097
P_363942,4,0.875490
P_363956,6,0.871456
P_364177,19,0.872684
P_364228,14,0.869622
P_364385,5,0.863613
P_364474,16,0.873717
P_364478,9,0.817503
P_364617,7,0.870083
P_364696,4,0.876078
P_364713,6,0.890780
P_364748,1,0.882381
P_364760,6,0.817945
P_364777,5,0.819652
P_364784,6,0.803539
P_364845,4,0.862389
P_364900,3,0.872717
P_364933,6,0.876136
P_364991,2,0.883258
P_365005,11,0.884326
P_365052,12,0.851045
P_365057,3,0.830500
P_365058,6,0.865750
P_365060,6,0.857152
P_365220,8,0.888615
P_365364,7,0.882541
P_36538,1,0.880261
P_365445,4,0.866921
P_365458,6,0.861847
P_36546,10,0.872084
P_36551,9,0.893983
P_365562,9,0.832287
P_365591,6,0.880188
P_365600,9,0.893960
P_365614,12,0.880462
P_36563,5,0.893301
P_365820,3,0.871426
P_365993,7,0.882718
P_366063,3,0.892301
P_366275,6,0.878813
P_366277,2,0.891988
P_366394,3,0.898481
P_366432,14,0.859618
P_366489,4,0.838598
P_366490,16,0.845879
P_366529,6,0.832472
P_366539,13,0.896729
P_366541,6,0.868336
P_366551,6,0.864375
P_366653,17,0.854987
P_366678,13,0.854870
P_366682,14,0.847742
P_366686,20,0.860161
P_366687,16,0.866884
P_366692,2,0.847820
P_366766,11,0.869933
P_366828,7,0.857654
P_366873,13,0.853885
P_366876,11,0.853065
P_366877,4,0.857785
P_366880,8,0.871052
P_366882,7,0.868826
P_367,15,0.863442
P_367027,7,0.899245
P_367057,2,0.904118
P_367112,3,0.882103
P_367243,7,0.886234
P_367266,12,0.878449
P_367288,9,0.892394
P_367289,6,0.881052
P_367291,11,0.880327
P_367295,11,0.887849
P_367297,16,0.851606
P_36741,7,0.897525
P_367460,3,0.876541
P_367591,5,0.904342
P_367611,10,0.882503
P_367612,12,0.903404
P_367709,18,0.900434
P_367732,5,0.864283
P_367765,13,0.850903
P_367792,8,0.897078
P_367901,3,0.868999
P_36793,12,0.869379
P_367940,3,0.877440
P_367962,13,0.876187
P_368009,7,0.866694
P_368013,9,0.861320
P_368015,7,0.864654
P_368028,10,0.887278
P_368108,10,0.893471
P_368129,2,0.900186
P_368138,9,0.886650
P_368183,5,0.893437
P_368260,9,0.881581
P_368309,12,0.858426
P_368312,9,0.877657
P_368313,10,0.904757
P_368321,2,0.889299
P_368325,6,0.870484
P_368326,8,0.831566
P_368353,3,0.877742
P_368451,6,0.892129
P_368538,4,0.890707
P_368568,5,0.861540
P_368587,21,0.858751
P_368592,31,0.856769
P_368602,5,0.886549
P_368785,14,0.903775
P_368789,6,0.852791
P_369036,9,0.883316
P_369135,5,0.881418
P_369234,4,0.866482
P_369235,14,0.849494
P_369239,12,0.872545
P_369241,8,0.879939
P_369319,5,0.885347
P_369449,4,0.898150
P_369475,8,0.833297
P_369519,22,0.865996
P_36956,14,0.866196
P_369579,14,0.833839
P_36965,6,0.890099
P_369689,5,0.892057
P_369721,12,0.873545
P_369743,4,0.873031
P_369747,7,0.860663
P_369780,14,0.858923
P_369802,11,0.821269
P_369879,2,0.879489
P_369964,10,0.873604
P_369981,22,0.869324
P_37032,11,0.860718
P_370326,10,0.878772
P_370430,3,0.895630
P_370607,15,0.890956
P_370695,2,0.886790
P_370966,24,0.851514
P_371072,9,0.890301
P_371145,10,0.866472
P_371166,6,0.853449
P_371192,5,0.873799
P_371282,11,0.880190
P_371329,3,0.899007
P_371330,4,0.856318
P_371447,4,0.848703
P_37176,3,0.874077
P_37182,4,0.880851
P_371865,4,0.901066
P_371868,3,0.881903
P_37191,9,0.902955
P_371914,4,0.883106
P_37200,19,0.859142
P_372028,8,0.874649
P_372030,7,0.886263
P_372061,8,0.887809
P_372062,6,0.892303
P_372185,4,0.890149
P_372190,5,0.897313
P_372207,23,0.844008
P_372210,15,0.876103
P_372227,6,0.886922
P_37227,8,0.884587
P_372448,8,0.875650
P_372457,7,0.890910
P_372538,6,0.866396
P_372666,3,0.860517
P_372667,7,0.861560
P_372688,9,0.810027
P_372689,10,0.882692
P_372692,5,0.873971
P_372694,10,0.874076
P_372710,9,0.838592
P_372845,6,0.892103
P_372859,14,0.805393
P_372941,13,0.859068
P_373,12,0.876857
P_373023,13,0.840726
P_373025,5,0.867571
P_373143,12,0.861839
P_37315,9,0.869178
P_373168,4,0.888662
P_373184,24,0.833103
P_373199,1,0.877838
P_373208,16,0.856768
P_373213,11,0.838814
P_373242,15,0.855958
P_373258,7,0.868115
P_373291,7,0.873350
P_373305,24,0.844745
P_373306,10,0.855580
P_373386,6,0.893331
P_373421,5,0.887646
P_373469,8,0.881628
P_37378,7,0.873568
P_373784,18,0.884461
P_37382,5,0.874652
P_37389,7,0.889655
P_373912,7,0.904877
P_374156,0,0.873607
P_374159,5,0.855655
P_3744,4,0.850696
P_374678,15,0.891262
P_374679,11,0.888535
P_374773,4,0.875538
P_37478,3,0.860586
P_374793,7,0.868071
P_374890,3,0.869922
P_374891,13,0.873355
P_374951,15,0.886125
P_375,7,0.851536
P_375068,6,0.879859
P_375105,4,0.857929
P_37513,16,0.867146
P_375131,11,0.878468
P_375198,5,0.817983
P_375336,10,0.870230
P_37559,7,0.902742
P_375734,7,0.868448
P_376143,8,0.888809
P_376320,10,0.868133
P_376366,14,0.858886
P_376367,7,0.883814
P_37649,6,0.886224
P_376558,6,0.854131
P_376869,23,0.853204
P_376871,28,0.858732
P_376875,11,0.859886
P_376884,7,0.889727
P_376892,9,0.863405
P_37701,7,0.877037
P_37702,10,0.868974
P_377134,16,0.846672
P_37715,19,0.867973
P_377269,9,0.862591
P_37733,9,0.885102
P_377343,7,0.881712
P_377351,7,0.889786
P_37736,5,0.881708
P_377385,4,0.892254
P_37743,8,0.856393
P_377441,6,0.886743
P_377519,6,0.859603
P_377523,14,0.886607
P_377531,25,0.835747
P_377599,5,0.865953
P_377601,2,0.879583
P_377605,4,0.878245
P_37776,7,0.874826
P_377879,15,0.875891
P_377881,13,0.854827
P_378028,8,0.840656
P_378077,3,0.867919
P_378138,4,0.876942
P_378139,9,0.863896
P_378161,1,0.895144
P_378176,12,0.824163
P_378180,6,0.856223
P_378233,6,0.895169
P_378255,12,0.870898
P_378292,24,0.812537
P_378294,17,0.868872
P_378304,7,0.852121
P_378347,12,0.871823
P_378418,5,0.894347
P_378421,6,0.879611
P_378448,10,0.873526
P_378485,18,0.845213
P_378486,19,0.853192
P_378489,9,0.852430
P_378512,9,0.887620
P_378562,3,0.877295
P_378573,6,0.861550
P_378684,12,0.875860
P_37872,10,0.881452
P_378721,2,0.897402
P_378732,7,0.895529
P_37877,9,0.847083
P_378816,12,0.841059
P_37882,3,0.885360
P_378854,11,0.849240
P_379088,12,0.842424
P_379249,4,0.873059
P_379254,14,0.872222
P_379266,11,0.868558
P_37937,3,0.878885
P_379423,11,0.868465
P_379424,13,0.855417
P_379433,13,0.893344
P_37947,6,0.864323
P_37948,17,0.857556
P_379504,15,0.877784
P_379507,12,0.865093
P_379527,6,0.893455
P_37956,6,0.894832
P_379591,11,0.871148
P_379599,13,0.882501
P_379622,10,0.885069
P_379641,1,0.881599
P_37975,15,0.886106
P_37978,7,0.867340
P_379846,6,0.891929
P_379848,12,0.887362
P_379968,11,0.886108
P_379984,3,0.857961
P_379986,10,0.855167
P_38007,12,0.898992
P_38008,13,0.893520
P_380099,11,0.874428
P_38010,13,0.881024
P_380121,7,0.881599
P_380275,6,0.879029
P_380307,1,0.892470
P_380313,10,0.885723
P_380333,7,0.873630
P_380392,11,0.857123
P_380400,5,0.865013
P_380403,7,0.860000
P_380407,5,0.872960
P_380431,6,0.866280
P_380439,11,0.857872
P_380452,4,0.851879
P_38051,6,0.814255
P_380530,15,0.883704
P_38054,5,0.846065
P_380566,5,0.845774
P_380587,3,0.887164
P_380590,8,0.861102
P_380663,3,0.848305
P_38079,4,0.829915
P_380822,10,0.829078
P_380824,2,0.866210
P_380828,9,0.833648
P_38090,10,0.821042
P_38094,7,0.833881
P_38096,16,0.836265
P_38097,10,0.837516
P_381027,10,0.901331
P_381040,19,0.867466
P_381089,3,0.899735
P_381144,7,0.838932
P_38120,6,0.883686
P_381226,11,0.898292
P_381336,12,0.904962
P_381351,8,0.873120
P_381385,8,0.891547
P_381580,11,0.881938
P_381581,7,0.879806
P_381582,2,0.884996
P_381614,9,0.877870
P_38171,20,0.829608
P_381745,5,0.813891
P_381792,12,0.859117
P_381929,9,0.887123
P_381967,16,0.855332
P_382100,6,0.884636
P_382132,2,0.879964
P_38219,6,0.881259
P_382220,11,0.895172
P_382334,10,0.859952
P_382363,11,0.898843
P_382378,13,0.851742
P_382380,10,0.876369
P_382511,19,0.837938
P_382512,10,0.866844
P_382721,7,0.893898
P_382799,14,0.842392
P_382827,18,0.826828
P_382930,5,0.846632
P_38295,6,0.850651
P_382996,6,0.887147
P_383018,4,0.882436
P_383019,1,0.869215
P_383035,7,0.879081
P_383143,18,0.858666
P_383148,4,0.875163
P_383231,6,0.885366
P_383397,10,0.893449
P_383498,7,0.883066
P_383694,6,0.901672
P_383730,5,0.898143
P_383734,3,0.881778
P_38384,6,0.861284
P_383897,12,0.881988
P_3839,23,0.868709
P_383913,12,0.821598
P_383952,1,0.877973
P_383953,9,0.831521
P_383960,15,0.879771
P_383966,6,0.859613
P_383991,9,0.843196
P_3840,4,0.868188
P_38416,6,0.855724
P_384242,6,0.852166
P_384275,8,0.885489
P_384276,17,0.899529
P_384279,7,0.867821
P_38432,6,0.883331
P_38434,5,0.858083
P_38439,4,0.859328
P_38440,8,0.818956
P_384637,11,0.857458
P_384682,8,0.868812
P_38472,18,0.852654
P_384737,5,0.890416
P_38474,17,0.855109
P_38475,5,0.838649
P_38476,6,0.878946
P_384766,11,0.853469
P_38489,13,0.859710
P_3849,5,0.902592
P_38497,19,0.857346
P_38506,24,0.836023
P_38509,2,0.855548
P_385095,4,0.888294
P_38510,8,0.820124
P_38511,15,0.847432
P_38519,14,0.836569
P_385196,7,0.872554
P_38523,14,0.883752
P_38524,9,0.838571
P_38534,4,0.870483
P_38536,16,0.873187
P_385365,11,0.874918
P_385393,19,0.862403
P_385399,8,0.882194
P_385451,13,0.832081
P_385505,11,0.889730
P_38557,8,0.863587
P_38564,7,0.830683
P_38566,2,0.832349
P_385723,14,0.868898
P_3858,18,0.868075
P_38582,7,0.881519
P_38583,8,0.886309
P_385903,6,0.884378
P_38593,9,0.892674
P_385933,11,0.865067
P_385969,11,0.855977
P_385992,7,0.860817
P_38600,7,0.880227
P_386077,7,0.837317
P_386123,13,0.865745
P_38639,8,0.884050
P_386413,11,0.893308
P_386447,1,0.845456
P_38647,6,0.880268
P_386476,10,0.884130
P_38649,2,0.885014
P_38653,8,0.870198
P_386533,11,0.871406
P_38655,5,0.876964
P_386557,6,0.890120
P_386559,3,0.879817
P_386592,3,0.881207
P_386618,15,0.869955
P_38662,8,0.805408
P_386625,8,0.891182
P_386653,16,0.849450
P_386738,8,0.859224
P_386751,5,0.865575
P_386765,4,0.881926
P_386865,15,0.816655
P_38690,5,0.871662
P_38691,6,0.879060
P_386910,6,0.892675
P_386912,2,0.885313
P_38692,6,0.889462
P_386944,6,0.848531
P_38696,7,0.889021
P_38708,10,0.861425
P_38710,7,0.883621
P_38711,11,0.896205
P_38715,5,0.870549
P_38716,7,0.893645
P_387185,2,0.833991
P_387228,8,0.886008
P_387229,9,0.890311
P_387315,2,0.841217
P_387356,6,0.888527
P_387373,10,0.863154
P_387377,16,0.829839
P_387378,6,0.854520
P_38738,6,0.867611
P_387380,10,0.859168
P_387381,11,0.880419
P_38739,2,0.874008
P_38741,4,0.878636
P_387417,16,0.861912
P_38744,0,0.863049
P_387461,4,0.873701
P_387472,13,0.893522
P_387513,16,0.853817
P_387644,12,0.892337
P_38771,3,0.805605
P_38772,12,0.851766
P_387723,8,0.883259
P_38775,6,0.867820
P_38782,0,0.880615
P_38783,10,0.886740
P_38784,1,0.862000
P_38785,5,0.856356
P_38787,9,0.880471
P_38788,5,0.896226
P_38789,12,0.878005
P_3879,4,0.886156
P_38790,14,0.868959
P_38791,8,0.845986
P_38792,13,0.890797
P_387924,6,0.828472
P_387925,11,0.822735
P_38802,9,0.864850
P_388036,15,0.845504
P_388037,7,0.854554
P_388039,13,0.849905
P_388109,2,0.884408
P_38813,1,0.855509
P_388131,3,0.867827
P_388280,9,0.882145
P_388306,2,0.875809
P_38832,6,0.856744
P_38833,11,0.871610
P_38835,8,0.868855
P_38837,5,0.865821
P_38838,8,0.811973
P_388396,3,0.868463
P_388397,8,0.878003
P_38841,8,0.863278
P_388411,15,0.848358
P_388414,6,0.872159
P_38842,3,0.871043
P_388420,1,0.876148
P_38843,11,0.827495
P_38845,4,0.825576
P_38848,6,0.877349
P_388542,7,0.879762
P_388546,5,0.876343
P_38855,6,0.873946
P_38856,6,0.836435
P_38857,5,0.851842
P_38858,6,0.863748
P_38859,5,0.881631
P_38860,12,0.792164
P_388605,5,0.876244
P_38861,8,0.845876
P_38862,6,0.873965
P_38863,7,0.881748
P_38865,5,0.855171
P_38866,6,0.841969
P_38867,7,0.847354
P_38871,8,0.831626
P_38872,9,0.876699
P_38873,5,0.870779
P_38875,5,0.855184
P_388753,3,0.860967
P_388803,6,0.866827
P_388813,5,0.891650
P_388880,7,0.889248
P_388997,6,0.843614
P_389008,4,0.838613
P_38903,11,0.860680
P_389044,7,0.832476
P_389115,10,0.898319
P_389178,4,0.877154
P_38938,14,0.894562
P_389553,13,0.841407
P_389555,2,0.835042
P_389568,4,0.870135
P_389583,7,0.873868
P_389653,6,0.890143
P_389754,13,0.846030
P_389755,14,0.814909
P_389857,6,0.872378
P_389903,5,0.852075
P_389913,7,0.860721
P_390061,7,0.838441
P_390080,9,0.861479
P_39009,6,0.869838
P_390150,5,0.852611
P_390327,14,0.903421
P_390363,6,0.839415
P_3904,14,0.879176
P_390426,11,0.870009
P_390462,4,0.858424
P_390464,4,0.882745
P_390524,6,0.883026
P_39055,10,0.838327
P_390595,5,0.889903
P_390610,5,0.869023
P_390624,13,0.874903
P_390628,13,0.870377
P_390685,9,0.900310
P_39079,8,0.870786
P_391074,5,0.887597
P_391148,6,0.865436
P_391224,10,0.840929
P_391237,5,0.857197
P_391556,12,0.908912
P_391628,6,0.885072
P_391737,6,0.890931
P_391758,5,0.890868
P_391776,17,0.871988
P_391862,12,0.886131
P_391863,4,0.848659
P_391865,19,0.834110
P_391867,1,0.860875
P_391868,16,0.889909
P_391869,24,0.884184
P_391993,5,0.895664
P_392,7,0.892547
P_392015,14,0.887512
P_392029,8,0.883575
P_392032,5,0.850211
P_392131,6,0.895100
P_392200,8,0.867229
P_39227,7,0.881638
P_392275,10,0.873906
P_392276,11,0.840066
P_392282,12,0.872111
P_392283,8,0.858890
P_392285,6,0.849432
P_3923,6,0.870442
P_392349,6,0.883090
P_392406,20,0.841051
P_392407,3,0.881545
P_392408,11,0.840371
P_392455,12,0.837084
P_392456,8,0.831197
P_392475,3,0.868669
P_392494,4,0.847848
P_392513,7,0.888657
P_392525,9,0.882809
P_392527,5,0.854391
P_392557,14,0.851252
P_392587,9,0.867768
P_392672,7,0.856155
P_392673,10,0.863295
P_392698,10,0.854028
P_392701,13,0.855565
P_392702,15,0.836960
P_39283,5,0.845148
P_392872,8,0.891852
P_392889,4,0.893674
P_392896,5,0.890097
P_392899,13,0.891616
P_3929,9,0.854600
P_392902,6,0.887499
P_392935,6,0.875423
P_392984,3,0.869927
P_39319,7,0.854179
P_393263,1,0.881704
P_393283,7,0.893680
P_393293,8,0.866389
P_393319,3,0.844094
P_393325,9,0.879327
P_393327,5,0.866890
P_393329,6,0.852853
P_393362,25,0.861984
P_393381,5,0.841928
P_393406,6,0.859945
P_39348,8,0.869429
P_393554,8,0.851275
P_39359,9,0.871448
P_393623,7,0.897635
P_393735,4,0.902544
P_393829,7,0.866705
P_393830,6,0.853823
P_393832,8,0.864425
P_393893,12,0.844681
P_393898,13,0.837746
P_393908,10,0.865001
P_393918,9,0.890600
P_393959,5,0.894791
P_394002,8,0.877742
P_394022,2,0.881900
P_394026,3,0.850968
P_394039,6,0.860609
P_394044,4,0.876967
P_394047,2,0.862755
P_394159,13,0.885652
P_39423,13,0.865471
P_394397,8,0.884822
P_394497,10,0.898240
P_394498,9,0.841977
P_394540,9,0.880768
P_394550,7,0.862909
P_394578,12,0.875566
P_394585,12,0.828564
P_394586,15,0.880521
P_394639,5,0.862527
P_39470,7,0.840906
P_394716,23,0.837882
P_394769,22,0.841056
P_394777,9,0.838657
P_394780,4,0.876264
P_394791,6,0.859292
P_394854,18,0.839974
P_394880,16,0.861114
P_39491,7,0.900342
P_394911,17,0.863242
P_394914,11,0.862328
P_394919,15,0.840695
P_394958,17,0.884032
P_395126,5,0.873644
P_395140,9,0.869757
P_39520,8,0.874312
P_395207,11,0.853302
P_39525,14,0.853442
P_395368,2,0.878465
P_395369,6,0.875094
P_395607,13,0.875948
P_395696,5,0.885927
P_395713,6,0.854077
P_395717,8,0.829269
P_39576,21,0.852440
P_395808,9,0.870595
P_39582,7,0.847585
P_395940,8,0.819018
P_39596,4,0.880797
P_396012,13,0.885784
P_396053,2,0.901600
P_39612,4,0.867729
P_396166,8,0.882778
P_396196,11,0.891952
P_39629,3,0.867793
P_39631,6,0.883763
P_396352,14,0.867801
P_396392,3,0.864932
P_396393,1,0.890513
P_3964,8,0.862971
P_396461,8,0.900092
P_396488,12,0.891270
P_3965,3,0.893950
P_396524,4,0.873437
P_39653,2,0.876115
P_39654,4,0.860830
P_396576,5,0.854624
P_396757,4,0.839430
P_396874,8,0.861201
P_396907,9,0.881158
P_396934,11,0.863583
P_396939,4,0.861466
P_397072,7,0.852451
P_397074,7,0.885443
P_397112,2,0.901988
P_397178,10,0.884476
P_39718,5,0.854514
P_397414,15,0.886268
P_39757,9,0.854072
P_397769,10,0.879564
P_397783,7,0.884937
P_397805,5,0.834127
P_39783,13,0.872025
P_39785,14,0.859089
P_397914,6,0.891781
P_397966,7,0.875502
P_39804,7,0.879013
P_398110,6,0.862213
P_398167,14,0.820877
P_398263,5,0.886894
P_398294,6,0.845762
P_398316,9,0.837596
P_398349,13,0.867508
P_398350,8,0.858569
P_398395,5,0.878329
P_398400,14,0.877041
P_398428,4,0.872367
P_398444,7,0.839218
P_398450,5,0.865024
P_398456,8,0.866997
P_398466,10,0.860959
P_398672,3,0.868579
P_398691,5,0.870046
P_39871,10,0.890908
P_398780,12,0.862826
P_398784,7,0.886563
P_398849,6,0.882749
P_398905,10,0.848669
P_39897,6,0.861005
P_398999,8,0.892054
P_399,7,0.871698
P_399006,5,0.886753
P_399007,1,0.884425
P_399034,10,0.895429
P_399037,6,0.903630
P_399094,17,0.883821
P_399118,5,0.893113
P_399156,2,0.889139
P_399209,3,0.880786
P_399215,7,0.856131
P_399220,4,0.886358
P_399225,3,0.892099
P_399265,5,0.868074
P_399276,8,0.870203
P_399284,8,0.859406
P_399322,4,0.891832
P_39938,4,0.880233
P_3995,11,0.867025
P_39953,3,0.883778
P_399545,5,0.886507
P_3996,14,0.872867
P_399648,2,0.889690
P_399664,11,0.886714
P_399680,8,0.872055
P_3997,16,0.872926
P_399705,11,0.832598
P_399710,13,0.891793
P_399713,15,0.821564
P_399760,12,0.845618
P_399766,6,0.874806
P_3998,12,0.872349
P_399827,9,0.869190
P_399888,15,0.892705
P_399953,2,0.867345
P_400,10,0.871048
P_4000,8,0.883513
P_400032,4,0.872070
P_400055,10,0.887090
P_400098,7,0.829660
P_400102,6,0.838168
P_400106,9,0.861728
P_400136,14,0.859220
P_400159,10,0.852516
P_400160,12,0.854229
P_400161,12,0.873576
P_400172,10,0.835572
P_400174,5,0.855515
P_400239,8,0.893359
P_400263,10,0.881909
P_400315,7,0.891207
P_400336,6,0.865420
P_40034,4,0.876546
P_400347,24,0.858869
P_400369,5,0.865054
P_400370,16,0.861628
P_400380,9,0.883128
P_400388,6,0.849666
P_400408,7,0.815141
P_400428,10,0.879690
P_400429,6,0.851267
P_400435,5,0.857006
P_400436,18,0.881343
P_400448,12,0.856749
P_400516,6,0.884869
P_400520,5,0.859922
P_400537,2,0.883390
P_400540,6,0.875633
P_400562,12,0.897030
P_400570,5,0.877037
P_40060,11,0.880327
P_400758,7,0.883799
P_400788,9,0.872819
P_400870,2,0.896377
P_400913,1,0.864259
P_400975,14,0.883746
P_401,10,0.895925
P_401007,10,0.835932
P_401011,4,0.832818
P_401080,17,0.838607
P_401107,9,0.883313
P_401110,4,0.875478
P_401140,11,0.799292
P_401147,8,0.837502
P_401148,8,0.869129
P_401164,7,0.839135
P_401176,7,0.839172
P_40119,4,0.874094
P_4012,6,0.895473
P_401238,19,0.882244
P_401239,12,0.879971
P_401287,13,0.835247
P_401288,4,0.886169
P_401384,7,0.879923
P_401669,6,0.881429
P_40174,13,0.851082
P_40178,5,0.861169
P_401780,12,0.825224
P_401786,5,0.904688
P_40181,22,0.833633
P_40184,6,0.831574
P_40186,10,0.856095
P_401870,2,0.851603
P_40188,10,0.868093
P_40189,9,0.839316
P_40190,2,0.870883
P_40192,9,0.830388
P_40199,7,0.879776
P_40200,6,0.889877
P_40207,8,0.882199
P_402087,7,0.891031
P_402093,3,0.879826
P_402103,9,0.856524
P_402104,2,0.887087
P_402114,10,0.874742
P_402157,12,0.868880
P_402194,2,0.896271
P_402257,1,0.881071
P_402287,3,0.837986
P_402428,8,0.845560
P_402464,13,0.878121
P_402476,11,0.847451
P_402493,6,0.884096
P_402507,12,0.859240
P_40251,3,0.842930
P_402519,5,0.884175
P_402567,6,0.854486
P_402601,4,0.831753
P_402608,3,0.792776
P_402641,14,0.865740
P_402715,9,0.855440
P_402829,6,0.869561
P_402848,12,0.892489
P_402877,9,0.882367
P_402924,5,0.883635
P_402926,13,0.842153
P_402927,16,0.856959
P_402958,13,0.860154
P_402990,9,0.849510
P_402993,15,0.855175
P_402994,13,0.855017
P_403017,9,0.850243
P_40312,9,0.832572
P_403294,15,0.865820
P_403300,9,0.861770
P_403559,11,0.879078
P_403565,3,0.853795
P_403606,3,0.858495
P_403629,10,0.840975
P_403662,9,0.870527
P_403663,10,0.887374
P_403673,6,0.872928
P_403679,5,0.872057
P_403707,7,0.875650
P_403772,3,0.877902
P_403801,7,0.883839
P_403811,7,0.883531
P_403845,16,0.868075
P_403863,5,0.864469
P_403868,4,0.876469
P_403885,2,0.880187
P_403900,5,0.882580
P_403963,1,0.893849
P_403991,5,0.858779
P_40400,5,0.880538
P_404002,10,0.896964
P_404046,10,0.852440
P_404058,9,0.876439
P_404137,9,0.883566
P_40419,5,0.865019
P_404206,15,0.854122
P_404245,7,0.880331
P_404284,5,0.877369
P_404331,9,0.871996
P_40434,9,0.853056
P_404341,6,0.862968
P_40435,5,0.858847
P_404355,7,0.874153
P_40436,2,0.869260
P_404381,2,0.886952
P_404397,15,0.889493
P_404402,4,0.889428
P_40443,10,0.860802
P_404442,7,0.879380
P_40446,5,0.868000
P_40449,7,0.868174
P_404578,7,0.862035
P_40458,3,0.864638
P_404602,7,0.829542
P_404643,4,0.870984
P_404645,7,0.884770
P_404662,9,0.881352
P_404692,5,0.858746
P_404695,16,0.826905
P_404699,6,0.860527
P_404713,0,0.849998
P_404725,10,0.874484
P_404746,13,0.845930
P_404786,4,0.890884
P_404801,8,0.856001
P_40482,8,0.889926
P_404935,4,0.868131
P_404953,9,0.868793
P_404967,15,0.872966
P_404999,5,0.861912
P_405001,2,0.860494
P_405020,4,0.850934
P_40508,9,0.858670
P_405115,4,0.901957
P_405172,12,0.870126
P_405192,10,0.858459
P_405388,12,0.856300
P_405398,7,0.894783
P_405404,10,0.899007
P_405575,1,0.882606
P_405596,6,0.888975
P_405621,7,0.819890
P_405638,7,0.835022
P_405690,9,0.890829
P_405773,7,0.853289
P_405785,9,0.876275
P_405879,9,0.864292
P_40599,12,0.840830
P_40602,15,0.824201
P_406049,11,0.895801
P_406063,11,0.869461
P_406073,5,0.861509
P_406179,16,0.843450
P_406191,14,0.817692
P_40623,8,0.878280
P_406274,15,0.844973
P_406311,17,0.862864
P_406333,8,0.876164
P_40641,8,0.838788
P_40642,10,0.875156
P_40646,11,0.848288
P_406468,7,0.874915
P_40650,7,0.863814
P_40652,5,0.863669
P_40654,11,0.847519
P_406553,7,0.881512
P_406559,7,0.862993
P_4066,8,0.885362
P_406632,6,0.869180
P_406634,11,0.873463
P_406659,6,0.835242
P_406664,6,0.877616
P_40668,9,0.861518
P_4067,7,0.906423
P_40671,4,0.867168
P_40673,5,0.887317
P_406732,5,0.850670
P_406768,5,0.859225
P_40677,12,0.885532
P_406818,2,0.881724
P_406824,5,0.845365
P_40685,10,0.859457
P_406877,16,0.864924
P_40688,10,0.864425
P_40691,9,0.859253
P_406921,3,0.878022
P_4070,2,0.887838
P_40702,23,0.869372
P_40711,12,0.833808
P_407122,12,0.871359
P_407133,9,0.856339
P_407139,3,0.880956
P_40722,4,0.878818
P_407221,21,0.867374
P_407222,8,0.855518
P_407225,8,0.864758
P_40727,15,0.858705
P_407272,1,0.842920
P_40728,11,0.877897
P_40729,10,0.878575
P_407344,1,0.838445
P_407459,7,0.896309
P_407468,5,0.888313
P_40751,1,0.887401
P_40755,14,0.861151
P_40756,9,0.883736
P_40758,11,0.898237
P_4076,7,0.873604
P_40760,9,0.843267
P_407629,9,0.894350
P_40766,9,0.882135
P_407694,5,0.889821
P_40770,12,0.865644
P_407864,9,0.878673
P_407998,19,0.856618
P_4080,8,0.900011
P_408006,6,0.888794
P_408009,11,0.865303
P_408028,8,0.890105
P_40804,3,0.876032
P_408049,13,0.890960
P_408086,4,0.853085
P_408101,7,0.866655
P_408165,13,0.888219
P_408178,9,0.818919
P_408186,9,0.867465
P_408209,11,0.873238
P_408211,13,0.882098
P_408218,7,0.858412
P_408243,6,0.898578
P_408298,11,0.871500
P_4083,10,0.899875
P_408334,6,0.862408
P_408336,16,0.874120
P_408338,0,0.871253
P_408343,8,0.804531
P_408353,7,0.873260
P_408366,9,0.847269
P_408399,7,0.872556
P_40844,3,0.897591
P_408468,2,0.873562
P_408491,5,0.827331
P_408551,13,0.875649
P_408631,6,0.823368
P_408699,4,0.843493
P_4087,5,0.886146
P_408729,10,0.893252
P_408747,7,0.894862
P_40876,7,0.861621
P_40877,10,0.874801
P_408782,6,0.856906
P_408796,4,0.886102
P_4088,3,0.895982
P_408892,8,0.806069
P_4089,4,0.893301
P_408973,3,0.878667
P_408975,16,0.842396
P_408990,16,0.860082
P_409007,7,0.865005
P_409114,7,0.877841
P_40913,6,0.877166
P_40914,7,0.855618
P_40916,8,0.861957
P_409162,8,0.890325
P_40923,9,0.880502
P_40925,8,0.841803
P_40926,3,0.877048
P_409260,14,0.860784
P_40927,17,0.853198
P_409289,10,0.863430
P_409321,14,0.856037
P_409349,0,0.866126
P_409487,2,0.874878
P_409494,7,0.853409
P_409514,14,0.875282
P_409517,6,0.878083
P_40955,1,0.880464
P_409570,11,0.840978
P_40964,4,0.868019
P_409852,5,0.858310
P_409883,10,0.856966
P_409990,2,0.876910
P_410043,10,0.848145
P_410126,3,0.859724
P_410163,4,0.829157
P_410192,1,0.894317
P_41020,10,0.893251
P_410495,7,0.894400
P_410520,7,0.870069
P_410543,5,0.851938
P_410545,9,0.856291
P_410575,2,0.892502
P_410635,13,0.837233
P_410680,9,0.858590
P_410715,7,0.853459
P_410716,11,0.870542
P_410834,9,0.871312
P_41092,4,0.801892
P_410941,17,0.853907
P_411007,8,0.862514
P_411029,5,0.879307
P_411037,14,0.897313
P_411038,13,0.893963
P_411079,5,0.889203
P_411130,6,0.828340
P_411341,18,0.873003
P_411343,19,0.855082
P_411410,10,0.895648
P_411509,10,0.886973
P_411510,12,0.854041
P_411512,9,0.894740
P_411527,4,0.892427
P_411555,7,0.898642
P_411567,3,0.870286
P_411662,16,0.875807
P_411838,13,0.849460
P_411840,2,0.902990
P_411847,6,0.830701
P_411853,8,0.848403
P_411856,9,0.857065
P_411862,24,0.843979
P_411867,13,0.866858
P_411873,3,0.855602
P_411998,9,0.869786
P_412005,9,0.882796
P_412096,9,0.875070
P_412176,3,0.838244
P_412234,11,0.857990
P_412257,6,0.855508
P_412288,3,0.842152
P_412291,4,0.870001
P_412303,15,0.838523
P_412307,6,0.876662
P_412323,7,0.857663
P_412324,6,0.864718
P_41246,4,0.840410
P_412476,7,0.828822
P_412486,9,0.834257
P_412578,17,0.827772
P_41261,11,0.846438
P_412660,8,0.893871
P_412681,10,0.826307
P_412684,3,0.857274
P_412766,5,0.848884
P_412784,8,0.874693
P_412793,12,0.840312
P_412808,8,0.876158
P_412911,9,0.887811
P_412982,15,0.879160
P_412988,8,0.877075
P_413027,13,0.855827
P_413086,8,0.853675
P_41309,2,0.901933
P_413160,21,0.847961
P_413176,11,0.860377
P_413179,9,0.863805
P_413180,10,0.863697
P_413195,7,0.862118
P_413198,9,0.868566
P_413236,5,0.870808
P_413244,9,0.871374
P_413249,12,0.857535
P_413324,5,0.807806
P_413462,21,0.826534
P_413463,21,0.826534
P_413465,20,0.826585
P_413476,17,0.857463
P_413479,5,0.805284
P_413555,8,0.846281
P_413619,9,0.867089
P_413727,21,0.853781
P_413729,10,0.878942
P_413730,19,0.878923
P_413873,0,0.885017
P_413915,8,0.874305
P_414011,14,0.872934
P_414177,24,0.857391
P_414215,2,0.860428
P_414233,9,0.876753
P_414436,6,0.832272
P_414466,6,0.818241
P_4145,5,0.896713
P_414553,10,0.806971
P_414555,6,0.807251
P_414556,5,0.841760
P_414559,9,0.817035
P_414588,10,0.860006
P_414591,5,0.872211
P_414646,13,0.855954
P_414675,9,0.879071
P_414678,3,0.862986
P_414679,8,0.861174
P_414687,20,0.877519
P_414695,2,0.865447
P_414727,8,0.836825
P_414735,14,0.875792
P_414741,10,0.877316
P_414808,17,0.870780
P_414830,6,0.882353
P_414944,6,0.877398
P_414960,8,0.858985
P_414972,12,0.864372
P_415020,15,0.871595
P_415063,15,0.867646
P_415148,6,0.818969
P_415176,7,0.855638
P_415195,7,0.880845
P_415294,4,0.870208
P_41530,11,0.830042
P_415314,11,0.883435
P_415321,7,0.858110
P_415329,15,0.850286
P_415416,13,0.833837
P_415420,30,0.844385
P_415448,10,0.855553
P_415505,14,0.834395
P_415506,1,0.879163
P_415529,3,0.866485
P_415535,7,0.878722
P_415570,16,0.868895
P_415598,25,0.861472
P_415601,6,0.869704
P_415688,5,0.861386
P_415697,7,0.881408
P_415733,3,0.885015
P_415737,5,0.890188
P_415773,6,0.878744
P_4158,6,0.885165
P_415909,9,0.891632
P_415922,13,0.840184
P_415954,3,0.885689
P_415961,11,0.875489
P_415975,13,0.811186
P_415976,17,0.856675
P_415978,15,0.861998
P_415993,6,0.885875
P_415999,12,0.856615
P_416000,2,0.859981
P_416001,9,0.859552
P_416002,4,0.861991
P_416004,9,0.861550
P_416041,6,0.850648
P_416050,8,0.882150
P_416065,3,0.872527
P_416067,8,0.852814
P_416068,0,0.868741
P_416071,10,0.885063
P_416073,12,0.870210
P_416076,5,0.843885
P_416080,10,0.874916
P_416092,13,0.879534
P_416093,12,0.865015
P_416109,11,0.885351
P_41612,8,0.862887
P_416131,9,0.814271
P_416136,12,0.861147
P_416140,10,0.857535
P_416166,4,0.866534
P_41617,6,0.826943
P_416183,2,0.810296
P_416186,10,0.807999
P_416226,2,0.897661
P_416230,3,0.864148
P_416252,8,0.852769
P_416286,17,0.876126
P_416290,7,0.834633
P_416294,10,0.885509
P_416317,13,0.861724
P_416327,13,0.859872
P_416347,4,0.846983
P_416353,5,0.901605
P_416356,7,0.864728
P_416360,18,0.901830
P_416411,9,0.840768
P_416414,17,0.864979
P_416416,3,0.892829
P_416422,9,0.853867
P_416426,18,0.858272
P_416434,11,0.850896
P_416436,9,0.865993
P_416456,10,0.841753
P_416457,3,0.849678
P_416458,18,0.845647
P_416459,16,0.854109
P_416460,4,0.838471
P_416461,1,0.841981
P_416462,2,0.864757
P_416465,9,0.826176
P_416466,6,0.859882
P_416478,6,0.875163
P_416534,6,0.870622
P_416537,9,0.893422
P_416559,6,0.875885
P_416614,13,0.871671
P_416615,12,0.884934
P_416641,5,0.892938
P_416643,7,0.900336
P_416647,6,0.873736
P_416693,9,0.870772
P_416830,6,0.889587
P_416960,7,0.875697
P_416969,10,0.852424
P_416982,10,0.807727
P_416985,8,0.880614
P_416988,5,0.840374
P_417034,8,0.852350
P_417052,9,0.841339
P_417055,15,0.856853
P_417120,8,0.823296
P_417124,7,0.840817
P_417511,6,0.900223
P_417553,24,0.863739
P_417559,6,0.861185
P_417560,15,0.836301
P_417562,19,0.850132
P_417563,34,0.858226
P_417564,8,0.865890
P_417565,9,0.857747
P_417570,8,0.827163
P_417678,5,0.856391
P_41771,2,0.847384
P_417735,9,0.866758
P_417818,7,0.857292
P_417837,13,0.870786
P_417851,11,0.892576
P_417967,6,0.844825
P_418002,3,0.880466
P_418157,5,0.865499
P_418198,16,0.881332
P_418217,4,0.842123
P_418386,5,0.854372
P_418462,5,0.879792
P_418463,9,0.869704
P_41848,6,0.855724
P_41851,7,0.847520
P_418562,12,0.842667
P_418672,12,0.879739
P_418739,11,0.821653
P_418778,8,0.877546
P_41878,6,0.834720
P_418845,3,0.874018
P_418847,9,0.886201
P_418914,5,0.824654
P_418918,5,0.847980
P_418951,16,0.870055
P_419043,5,0.855957
P_419045,7,0.842884
P_419052,6,0.866068
P_419059,5,0.797480
P_419072,4,0.878513
P_419085,22,0.848618
P_419087,5,0.839098
P_419093,12,0.863117
P_419220,18,0.843296
P_419226,8,0.871913
P_419253,9,0.871423
P_419255,14,0.840478
P_419256,16,0.860549
P_419260,7,0.884662
P_419265,5,0.879694
P_41937,1,0.878362
P_41946,7,0.848326
P_419461,7,0.887159
P_419490,5,0.825412
P_419611,11,0.869304
P_419621,5,0.875813
P_419624,3,0.873335
P_419626,4,0.869098
P_419643,7,0.891388
P_419644,11,0.862300
P_419647,6,0.883633
P_419648,6,0.893928
P_419649,13,0.872134
P_419651,14,0.868034
P_419681,13,0.861566
P_419683,5,0.847293
P_419684,12,0.877952
P_419710,14,0.834768
P_419723,15,0.846314
P_419735,20,0.845269
P_419736,8,0.836425
P_419741,9,0.859619
P_419742,10,0.843642
P_419746,11,0.855981
P_419804,12,0.863698
P_419810,12,0.845866
P_419819,1,0.893555
P_420045,12,0.860680
P_420047,6,0.859434
P_420049,11,0.861198
P_420050,22,0.840408
P_420051,8,0.796959
P_420054,7,0.888452
P_420057,3,0.871761
P_420069,18,0.857685
P_420073,14,0.854197
P_420083,4,0.844508
P_420111,9,0.821393
P_420233,17,0.881680
P_420284,18,0.870835
P_420362,7,0.865570
P_420363,5,0.870728
P_420365,16,0.856348
P_420370,5,0.817419
P_420388,12,0.882543
P_420394,9,0.870159
P_420436,11,0.865536
P_420464,11,0.861381
P_420468,9,0.826315
P_420477,6,0.852878
P_42048,8,0.876178
P_420485,24,0.837443
P_420498,10,0.887231
P_420514,9,0.834507
P_420519,1,0.879753
P_420520,9,0.861743
P_42054,7,0.866626
P_420575,7,0.848285
P_420609,3,0.887406
P_420616,7,0.851704
P_420678,8,0.872297
P_420743,4,0.884468
P_420797,10,0.835987
P_420798,10,0.848319
P_420812,7,0.878767
P_420882,7,0.896938
P_421006,10,0.871027
P_421027,12,0.893361
P_42103,1,0.854185
P_42104,6,0.901489
P_421115,8,0.830259
P_421121,10,0.799641
P_42117,10,0.895739
P_421245,12,0.886734
P_421333,6,0.841653
P_421343,14,0.833203
P_421507,1,0.881647
P_421544,5,0.866363
P_42158,6,0.889166
P_421628,9,0.851703
P_421629,10,0.870040
P_4217,5,0.891740
P_421739,11,0.889969
P_421740,8,0.868834
P_421787,2,0.858484
P_421829,4,0.851952
P_421831,6,0.865622
P_421895,5,0.872851
P_421903,3,0.888691
P_421929,7,0.887907
P_421947,17,0.849003
P_42203,3,0.885329
P_422062,6,0.892781
P_422095,10,0.871678
P_422118,20,0.850615
P_422121,23,0.843850
P_422134,13,0.842147
P_4223,9,0.880127
P_422307,9,0.877325
P_422317,8,0.822249
P_422447,12,0.863071
P_422483,6,0.885179
P_422536,7,0.875127
P_42257,14,0.894168
P_42260,1,0.896588
P_42261,4,0.878016
P_422793,1,0.887216
P_422794,7,0.868006
P_422796,11,0.840440
P_422800,16,0.845831
P_422817,7,0.855500
P_422876,11,0.887683
P_422929,7,0.884064
P_42305,8,0.890794
P_42309,19,0.830433
P_42311,15,0.865988
P_42312,9,0.869245
P_42317,11,0.863531
P_423194,12,0.850097
P_42322,10,0.893289
P_423334,11,0.885734
P_42338,26,0.835874
P_42342,11,0.850014
P_423639,9,0.844236
P_423665,5,0.831690
P_423749,12,0.827023
P_423784,5,0.871411
P_423785,7,0.813196
P_423840,1,0.872274
P_423882,15,0.842408
P_42396,8,0.853881
P_424051,17,0.799517
P_424052,13,0.809653
P_424053,1,0.834838
P_424059,3,0.847260
P_424081,4,0.877044
P_42411,9,0.897409
P_424148,17,0.795935
P_424191,6,0.854095
P_424298,5,0.870474
P_424302,7,0.865787
P_424382,13,0.845348
P_424394,4,0.875537
P_4244,5,0.876841
P_424408,7,0.851794
P_424425,4,0.869216
P_424457,10,0.896819
P_42463,10,0.893668
P_424714,8,0.858070
P_42473,10,0.873210
P_424740,9,0.862829
P_424772,5,0.866437
P_424773,11,0.864974
P_424775,9,0.887202
P_424779,5,0.878742
P_424781,3,0.885817
P_424789,2,0.875800
P_424792,5,0.886839
P_424802,3,0.885301
P_42481,1,0.877414
P_42482,7,0.871880
P_42483,1,0.861212
P_42484,15,0.835638
P_42485,11,0.846446
P_424850,15,0.867874
P_42486,7,0.869680
P_424861,14,0.871335
P_42487,28,0.855951
P_424879,7,0.872670
P_42489,16,0.882587
P_424900,14,0.876376
P_424963,8,0.854393
P_424970,3,0.832410
P_424998,14,0.852377
P_425000,7,0.856172
P_425191,13,0.855575
P_42522,7,0.868644
P_425250,13,0.888488
P_425326,3,0.881237
P_425576,7,0.885632
P_425578,4,0.894105
P_425590,1,0.861808
P_425795,9,0.882626
P_425900,7,0.863524
P_426118,28,0.849147
P_426120,13,0.840904
P_426130,23,0.851369
P_426133,6,0.844437
P_426143,8,0.838525
P_426150,14,0.848916
P_426165,3,0.855952
P_426166,12,0.859601
P_42620,4,0.877637
P_426241,6,0.880619
P_426272,9,0.856619
P_426277,22,0.847110
P_426304,9,0.859872
P_42631,3,0.887707
P_426332,3,0.852344
P_426548,9,0.899420
P_426550,8,0.880896
P_426555,2,0.820635
P_4267,8,0.873242
P_426715,1,0.884777
P_42672,8,0.868223
P_426746,19,0.877062
P_426749,9,0.887162
P_426753,10,0.865098
P_426772,13,0.844584
P_426805,6,0.847166
P_426832,10,0.883941
P_426835,3,0.857000
P_426851,6,0.869331
P_426877,19,0.840016
P_426956,5,0.873893
P_427016,21,0.867790
P_427041,6,0.871684
P_42705,13,0.885788
P_427219,18,0.842352
P_427239,1,0.876925
P_427243,9,0.883288
P_427301,14,0.890371
P_427306,2,0.879183
P_427310,6,0.873730
P_427340,5,0.880747
P_427687,8,0.878045
P_427757,8,0.855074
P_427883,8,0.842114
P_427963,5,0.841989
P_427965,2,0.881080
P_427967,2,0.881080
P_427989,11,0.836958
P_4280,2,0.896138
P_428038,16,0.809994
P_428156,12,0.851644
P_428183,10,0.874668
P_428184,7,0.885724
P_428216,2,0.831466
P_428249,6,0.812320
P_42842,10,0.865671
P_428429,6,0.881628
P_428481,9,0.895284
P_428575,6,0.806943
P_428602,10,0.876599
P_428637,4,0.881373
P_42886,3,0.888178
P_42893,16,0.901358
P_42909,12,0.869333
P_429104,10,0.852527
P_42911,9,0.889682
P_429171,8,0.865077
P_429172,14,0.883278
P_429194,10,0.898104
P_429321,5,0.891193
P_429341,15,0.882820
P_42935,10,0.868122
P_429496,12,0.872072
P_429515,32,0.851375
P_429521,7,0.841681
P_429525,8,0.850545
P_429549,7,0.861804
P_429551,12,0.872875
P_429597,11,0.883611
P_42964,8,0.861879
P_42965,8,0.885734
P_42966,3,0.884260
P_42967,4,0.871782
P_42968,5,0.856304
P_42971,11,0.880092
P_429789,4,0.866408
P_42994,3,0.895424
P_42997,1,0.865646
P_42998,4,0.853164
P_430,12,0.859898
P_43002,9,0.869947
P_43012,14,0.883251
P_43014,11,0.855373
P_430242,9,0.844929
P_430257,3,0.882685
P_430519,8,0.868031
P_430566,11,0.867599
P_430666,8,0.847295
P_430671,19,0.845875
P_430698,11,0.847187
P_430812,10,0.866852
P_430879,14,0.875449
P_43088,15,0.870855
P_430912,15,0.843496
P_43092,5,0.906026
P_430923,7,0.842220
P_430932,7,0.850939
P_430940,3,0.861767
P_43096,11,0.890596
P_431023,14,0.869811
P_431088,5,0.863852
P_43109,4,0.864991
P_431092,27,0.858548
P_431105,4,0.866024
P_431133,7,0.862053
P_431224,19,0.868414
P_43127,8,0.889469
P_431397,13,0.861921
P_431414,2,0.877082
P_431433,10,0.819219
P_431461,11,0.868473
P_431471,6,0.867001
P_431496,4,0.865128
P_43156,11,0.875511
P_43157,10,0.879389
P_43163,1,0.879403
P_431643,6,0.879922
P_431691,6,0.886271
P_431692,9,0.876029
P_431926,9,0.863487
P_43195,13,0.840284
P_43196,9,0.864336
P_432010,8,0.863686
P_432061,16,0.864191
P_432101,8,0.901967
P_432103,11,0.879294
P_432104,5,0.873179
P_432124,8,0.884049
P_432126,14,0.861527
P_432128,12,0.880019
P_432131,38,0.845199
P_432141,6,0.861735
P_432146,3,0.868483
P_432157,13,0.853834
P_432165,1,0.889143
P_432176,5,0.883269
P_432206,7,0.848665
P_432283,10,0.893538
P_432481,9,0.835884
P_432485,4,0.867101
P_432499,17,0.886770
P_432655,3,0.864892
P_432662,7,0.880867
P_432673,8,0.876022
P_432676,4,0.867582
P_432678,7,0.835923
P_432680,5,0.869549
P_432683,17,0.863062
P_432699,20,0.871840
P_432745,6,0.844915
P_432765,4,0.854399
P_432879,5,0.860889
P_432903,18,0.851946
P_43294,5,0.864348
P_432995,12,0.887246
P_43301,4,0.844363
P_433038,10,0.864054
P_433051,13,0.878501
P_433119,14,0.847545
P_433125,14,0.869127
P_433128,13,0.819339
P_433130,5,0.839825
P_433132,11,0.860982
P_433136,20,0.847573
P_433198,5,0.875817
P_433202,9,0.878124
P_433214,19,0.896986
P_433216,10,0.888351
P_433309,10,0.843227
P_433311,15,0.817871
P_433345,3,0.880006
P_433348,9,0.845423
P_433469,12,0.868925
P_43347,13,0.851764
P_433509,11,0.847149
P_433524,19,0.853782
P_43353,12,0.814315
P_433575,2,0.900148
P_433633,8,0.880453
P_433662,7,0.862258
P_433670,5,0.856953
P_433696,9,0.850407
P_433699,12,0.847020
P_433702,14,0.856343
P_433708,23,0.855930
P_433725,13,0.859819
P_433726,9,0.875418
P_433727,14,0.850356
P_433728,10,0.857385
P_433768,30,0.822359
P_433843,15,0.881824
P_43386,2,0.877054
P_433869,12,0.879753
P_433905,15,0.879157
P_433925,6,0.887511
P_433927,12,0.891357
P_433931,7,0.872933
P_433932,15,0.892941
P_434,12,0.890582
P_434049,12,0.868740
P_43409,9,0.896753
P_434196,10,0.866051
P_434222,11,0.824909
P_434224,3,0.864486
P_434296,12,0.876501
P_434298,13,0.851155
P_434306,6,0.869328
P_434353,22,0.865168
P_434356,7,0.882159
P_43442,11,0.872037
P_434535,2,0.877384
P_434538,7,0.853805
P_434560,6,0.876889
P_434625,3,0.846549
P_434627,3,0.887007
P_434631,0,0.859733
P_434632,6,0.892845
P_434636,6,0.882086
P_434641,14,0.851022
P_434711,12,0.855790
P_434825,3,0.812482
P_43486,10,0.893676
P_434948,5,0.862976
P_435,4,0.863909
P_435006,6,0.871809
P_435009,4,0.897571
P_43515,19,0.865764
P_435187,5,0.893058
P_435189,9,0.880448
P_435316,6,0.883415
P_435329,12,0.870621
P_43535,7,0.864432
P_4354,5,0.894504
P_435424,9,0.846657
P_435426,16,0.864094
P_435427,10,0.863750
P_435428,3,0.833546
P_435431,17,0.885300
P_43551,10,0.823944
P_435520,19,0.861459
P_435524,16,0.867906
P_435527,15,0.854727
P_435528,12,0.866832
P_435529,6,0.844384
P_43553,4,0.859187
P_435530,9,0.861099
P_435551,8,0.879577
P_435555,3,0.820740
P_435567,7,0.871869
P_435571,14,0.836702
P_435582,5,0.888702
P_435594,8,0.885521
P_435620,9,0.862011
P_435638,29,0.840725
P_435650,17,0.841925
P_435743,8,0.866833
P_435746,16,0.872362
P_435748,7,0.827699
P_43576,3,0.897385
P_435778,20,0.822305
P_435864,13,0.850462
P_435910,26,0.847853
P_435923,19,0.858932
P_435999,6,0.876070
P_436001,7,0.872360
P_436227,8,0.891356
P_436229,9,0.889413
P_436327,4,0.872149
P_436328,10,0.878229
P_436329,6,0.882522
P_436349,11,0.855329
P_436358,12,0.831882
P_436362,1,0.846230
P_436390,3,0.820928
P_436404,7,0.868529
P_436473,12,0.861308
P_436487,6,0.815117
P_436488,8,0.865711
P_436527,11,0.856927
P_436528,12,0.856660
P_436539,17,0.856430
P_436543,7,0.886777
P_436662,4,0.894018
P_436682,7,0.889361
P_436698,17,0.867446
P_436711,2,0.869108
P_436815,7,0.864818
P_436883,5,0.861053
P_436924,7,0.848691
P_436925,7,0.860492
P_437129,15,0.858120
P_437310,4,0.839649
P_437319,15,0.897115
P_437329,7,0.892433
P_437338,11,0.887799
P_437347,18,0.861358
P_437349,11,0.826775
P_437396,8,0.877129
P_437404,2,0.867589
P_437407,10,0.877509
P_437414,11,0.873185
P_437502,3,0.877379
P_437538,9,0.865235
P_437547,19,0.857602
P_437548,10,0.821269
P_437553,13,0.843031
P_437608,5,0.826994
P_437609,4,0.833491
P_437660,6,0.868302
P_437696,15,0.832485
P_437750,3,0.853385
P_437805,6,0.860900
P_437840,4,0.896611
P_43786,2,0.873453
P_437887,7,0.881565
P_437923,5,0.868696
P_438002,7,0.873263
P_4381,4,0.876307
P_438107,9,0.859300
P_43812,4,0.862654
P_438132,8,0.862949
P_438147,3,0.884022
P_438212,11,0.871071
P_438236,13,0.847198
P_438380,7,0.874332
P_438386,22,0.845666
P_438407,16,0.846964
P_438412,4,0.856956
P_438539,11,0.867799
P_438551,14,0.877546
P_438557,7,0.853724
P_438561,20,0.862974
P_438562,11,0.847599
P_438564,9,0.834668
P_438566,23,0.853691
P_438570,8,0.855186
P_438572,11,0.861032
P_438573,29,0.865644
P_438623,4,0.883408
P_438626,2,0.902390
P_438646,6,0.862433
P_438680,1,0.795906
P_438725,3,0.853296
P_438726,10,0.864663
P_438727,13,0.850643
P_438752,11,0.894003
P_438778,3,0.890200
P_438900,7,0.859705
P_43892,9,0.889907
P_438942,9,0.894317
P_43904,7,0.884460
P_439098,10,0.883445
P_43913,6,0.900814
P_439166,10,0.879748
P_439167,6,0.873323
P_439178,20,0.849791
P_439179,7,0.836608
P_439183,13,0.861913
P_439185,25,0.854422
P_439186,10,0.838571
P_439189,10,0.858438
P_439194,20,0.846140
P_439196,16,0.856490
P_439204,3,0.875635
P_439228,6,0.847324
P_439240,4,0.868919
P_439241,6,0.845154
P_439242,7,0.869480
P_439245,10,0.856228
P_439247,5,0.890853
P_439248,8,0.829225
P_439249,9,0.862046
P_439251,10,0.865414
P_439252,2,0.888852
P_439253,5,0.885724
P_439256,14,0.853387
P_439261,5,0.881378
P_439278,3,0.882580
P_439291,8,0.858166
P_439296,10,0.839086
P_439329,13,0.850096
P_439377,5,0.880579
P_439402,11,0.870423
P_439474,16,0.841321
P_439518,12,0.878092
P_439568,10,0.882038
P_439605,9,0.882665
P_439608,9,0.854584
P_439609,5,0.852433
P_439610,11,0.829443
P_439757,5,0.860824
P_43977,9,0.878463
P_43978,14,0.886392
P_439882,6,0.858141
P_439895,9,0.880208
P_440041,5,0.896217
P_440075,8,0.861995
P_440131,7,0.858241
P_440147,9,0.850076
P_440153,11,0.857358
P_440169,13,0.859953
P_440222,13,0.878997
P_44023,6,0.887307
P_44047,7,0.848403
P_440485,15,0.893472
P_44051,10,0.872610
P_440519,13,0.863562
P_44053,3,0.860057
P_440532,10,0.890271
P_440575,2,0.833054
P_440578,13,0.885794
P_44060,3,0.871344
P_440646,11,0.868297
P_440738,6,0.891264
P_440752,9,0.861707
P_441027,18,0.835202
P_441098,16,0.881713
P_44121,12,0.880305
P_441275,5,0.871189
P_441276,6,0.853094
P_441278,17,0.898054
P_441281,13,0.866221
P_44134,10,0.853861
P_441374,3,0.869274
P_441379,12,0.843005
P_441383,7,0.838328
P_441397,6,0.859396
P_441430,13,0.845641
P_441442,17,0.861405
P_441456,13,0.864759
P_441485,36,0.857224
P_441505,14,0.833580
P_441535,5,0.893768
P_441650,5,0.871450
P_441693,6,0.830012
P_441713,19,0.848732
P_441715,9,0.878255
P_44191,17,0.881668
P_441950,10,0.863232
P_441959,24,0.853805
P_442028,10,0.861676
P_442043,16,0.880909
P_442053,2,0.892221
P_442054,26,0.864062
P_442062,6,0.879377
P_442089,6,0.846497
P_442090,6,0.870854
P_442124,3,0.838304
P_44213,8,0.898070
P_442155,12,0.899824
P_442190,13,0.856117
P_442195,5,0.864491
P_442204,8,0.907486
P_442214,4,0.890382
P_442319,12,0.853289
P_442557,5,0.836412
P_442566,4,0.883988
P_44261,4,0.874857
P_442753,5,0.897038
P_44284,6,0.887194
P_442847,6,0.837078
P_442854,12,0.867404
P_442880,5,0.876211
P_442979,5,0.892008
P_443002,14,0.887263
P_44305,10,0.865473
P_44306,8,0.855895
P_44307,6,0.855464
P_443173,0,0.880832
P_443273,8,0.886837
P_443327,10,0.891267
P_443454,9,0.875308
P_443501,6,0.836650
P_443509,13,0.879440
P_443550,9,0.894710
P_443551,21,0.873800
P_443600,13,0.856162
P_443601,1,0.848025
P_443961,12,0.847758
P_444172,7,0.889970
P_444247,12,0.874322
P_44427,8,0.899493
P_444296,13,0.861764
P_444300,15,0.867342
P_44435,16,0.864852
P_444429,6,0.881099
P_444457,10,0.885646
P_444464,11,0.885097
P_444501,9,0.881143
P_444506,10,0.870488
P_444535,12,0.872360
P_444561,26,0.862476
P_444573,4,0.880629
P_444594,4,0.864581
P_444618,7,0.879357
P_44463,17,0.827355
P_444647,5,0.894617
P_44466,7,0.849465
P_444753,8,0.865573
P_444773,6,0.890611
P_44478,5,0.873670
P_444870,20,0.878170
P_44489,5,0.874083
P_444930,3,0.884088
P_445065,15,0.850999
P_445070,7,0.882566
P_44508,12,0.867040
P_445104,6,0.860072
P_44511,8,0.894862
P_44515,10,0.899547
P_44516,8,0.882146
P_445206,13,0.821700
P_44525,4,0.888214
P_445260,16,0.869697
P_445537,14,0.864174
P_44555,8,0.809935
P_44561,9,0.871494
P_44562,4,0.874664
P_445639,4,0.842488
P_445644,6,0.870490
P_445648,7,0.848419
P_44569,14,0.845544
P_445714,10,0.854291
P_44583,5,0.869963
P_44584,13,0.857661
P_44585,4,0.847631
P_445880,5,0.826758
P_445881,9,0.877117
P_44590,8,0.852470
P_445904,5,0.878012
P_446045,16,0.856087
P_44607,10,0.866416
P_446095,5,0.877644
P_446107,9,0.866321
P_446114,14,0.861603
P_446181,6,0.842165
P_446188,7,0.887554
P_446253,0,0.886555
P_446271,9,0.870717
P_446302,6,0.894106
P_446304,14,0.884909
P_446310,10,0.900015
P_446319,4,0.868748
P_446415,10,0.891147
P_446469,6,0.888395
P_446489,7,0.882211
P_446502,6,0.873892
P_446592,5,0.863319
P_446734,9,0.889597
P_446757,14,0.862186
P_4468,5,0.891068
P_446855,7,0.883926
P_446860,6,0.843601
P_446887,7,0.865724
P_446916,13,0.857407
P_446971,15,0.867265
P_446972,6,0.869306
P_447058,6,0.900244
P_44714,3,0.886364
P_447188,16,0.831364
P_447189,17,0.841095
P_447427,4,0.859495
P_447445,10,0.879044
P_447446,8,0.838153
P_447449,4,0.857351
P_447453,5,0.870343
P_447455,7,0.865912
P_447457,14,0.840490
P_447487,2,0.881006
P_447589,1,0.885565
P_447596,6,0.869843
P_44761,4,0.904149
P_447611,14,0.857418
P_447743,9,0.850504
P_447744,16,0.852050
P_447795,11,0.859407
P_447813,16,0.853002
P_447869,1,0.874441
P_447929,12,0.842189
P_447953,10,0.873736
P_448014,10,0.884360
P_448046,7,0.849622
P_448081,12,0.839918
P_448084,5,0.880014
P_448233,11,0.864539
P_448272,8,0.826736
P_448319,1,0.875228
P_44833,11,0.880754
P_448332,5,0.874463
P_448385,2,0.888241
P_448732,1,0.890998
P_448808,7,0.859849
P_448810,10,0.879332
P_448819,2,0.876544
P_448910,9,0.860822
P_448983,9,0.877766
P_448991,4,0.867525
P_449014,4,0.859620
P_449040,5,0.877183
P_449076,7,0.872489
P_449108,8,0.839200
P_449119,16,0.865286
P_449144,8,0.880708
P_449146,7,0.871877
P_449162,3,0.879328
P_449216,7,0.882484
P_449228,5,0.892236
P_449243,3,0.906784
P_449248,7,0.905219
P_449297,3,0.881057
P_449298,27,0.865793
P_449436,4,0.860356
P_449464,6,0.883656
P_449521,5,0.886955
P_449522,6,0.899798
P_449523,7,0.885164
P_449527,4,0.866808
P_449530,12,0.867057
P_44970,6,0.883846
P_449710,2,0.881833
P_44976,10,0.860170
P_44977,2,0.875214
P_449778,9,0.875289
P_449783,9,0.893887
P_449784,14,0.877877
P_449794,10,0.848055
P_449846,5,0.838271
P_449857,3,0.892555
P_449861,11,0.829319
P_449862,1,0.890059
P_449972,11,0.890447
P_450060,4,0.896451
P_450295,5,0.892926
P_450398,15,0.856488
P_45040,11,0.839849
P_45048,4,0.852763
P_45050,6,0.874174
P_450503,10,0.870995
P_450521,6,0.886871
P_45054,4,0.836559
P_45057,16,0.852201
P_450576,11,0.887951
P_45058,10,0.900171
P_450618,2,0.861830
P_450621,7,0.868215
P_450635,15,0.855585
P_45069,17,0.885212
P_45070,5,0.869419
P_450805,19,0.854224
P_450924,5,0.885635
P_450934,4,0.875458
P_450981,2,0.884864
P_450984,16,0.888557
P_451033,11,0.887621
P_451039,2,0.888899
P_451054,9,0.881101
P_45114,6,0.878808
P_45118,6,0.854320
P_45121,11,0.873906
P_451214,5,0.890056
P_451224,1,0.847150
P_45123,17,0.848107
P_45129,8,0.870124
P_45139,4,0.884004
P_451397,11,0.885455
P_45151,12,0.857853
P_451539,7,0.860871
P_451616,12,0.869133
P_451666,7,0.847260
P_45176,5,0.848407
P_451918,5,0.867405
P_451942,4,0.886171
P_452101,6,0.880171
P_452103,5,0.885726
P_452105,16,0.863067
P_452262,11,0.845274
P_452264,3,0.881383
P_452322,11,0.847830
P_452335,9,0.867855
P_452357,4,0.816939
P_452359,4,0.878681
P_452376,9,0.865059
P_452396,4,0.865751
P_452451,5,0.837965
P_452457,19,0.851281
P_452490,5,0.892304
P_452646,4,0.891256
P_452667,6,0.897417
P_45267,8,0.845188
P_4527,3,0.901488
P_452794,4,0.889077
P_452835,17,0.855619
P_452841,13,0.867907
P_452853,7,0.863955
P_452917,4,0.824928
P_452920,9,0.811211
P_452922,17,0.841404
P_452927,12,0.852406
P_452930,4,0.826298
P_452931,10,0.814156
P_452932,20,0.849774
P_452935,11,0.779230
P_452982,5,0.849997
P_452983,6,0.771862
P_453046,10,0.865947
P_453174,9,0.897125
P_45322,8,0.891197
P_453246,3,0.878776
P_453269,9,0.867707
P_453289,6,0.813189
P_453293,13,0.898077
P_453317,4,0.843085
P_453327,7,0.868330
P_453368,17,0.794934
P_453405,10,0.900095
P_453440,6,0.856767
P_453464,8,0.881570
P_453544,8,0.856050
P_45360,6,0.881218
P_453614,7,0.874351
P_453757,9,0.859745
P_453810,2,0.884518
P_454015,11,0.856341
P_454018,10,0.855743
P_4541,14,0.868897
P_454149,10,0.814495
P_454150,7,0.881329
P_4542,9,0.861247
P_454265,3,0.892210
P_454283,3,0.886055
P_454307,8,0.870321
P_454414,5,0.851722
P_454417,5,0.883747
P_454418,11,0.876065
P_454419,13,0.853395
P_454428,10,0.887708
P_454448,17,0.869512
P_454450,4,0.875366
P_454567,3,0.888714
P_454575,1,0.871109
P_454597,5,0.854597
P_454614,6,0.867505
P_454712,7,0.892510
P_454736,8,0.865845
P_454796,9,0.886784
P_4548,17,0.885719
P_45480,6,0.872506
P_454880,9,0.851939
P_45494,14,0.882781
P_45506,7,0.891571
P_455118,10,0.882856
P_455121,11,0.891004
P_45513,6,0.886938
P_455300,7,0.881088
P_455362,18,0.858344
P_455368,8,0.867509
P_455416,12,0.864092
P_455460,10,0.867113
P_455461,6,0.862548
P_455476,17,0.872228
P_455480,19,0.828618
P_455485,3,0.867634
P_455568,7,0.879638
P_455569,17,0.876891
P_45558,7,0.870044
P_45559,7,0.872036
P_455598,6,0.882317
P_455679,13,0.834151
P_455768,6,0.861044
P_455771,11,0.851823
P_455777,5,0.864090
P_45582,3,0.890777
P_455908,15,0.820561
P_455942,9,0.838440
P_456062,7,0.894753
P_456080,8,0.826665
P_456088,6,0.826233
P_456134,7,0.859733
P_45619,16,0.859968
P_45620,11,0.858576
P_456229,18,0.867612
P_456362,9,0.875475
P_456370,11,0.846027
P_456393,3,0.856701
P_456441,6,0.838054
P_456459,9,0.839063
P_456460,14,0.830716
P_456461,7,0.862638
P_456656,14,0.845433
P_456664,4,0.866411
P_456692,5,0.871849
P_456710,10,0.854061
P_45675,10,0.880277
P_45676,18,0.892204
P_456768,4,0.863895
P_45677,6,0.878250
P_45678,4,0.877033
P_456781,20,0.877299
P_45679,10,0.878721
P_456809,9,0.873567
P_456838,23,0.833335
P_456867,20,0.857054
P_456868,18,0.841571
P_45697,6,0.875102
P_456979,4,0.866926
P_457034,9,0.889376
P_45704,7,0.870351
P_457271,3,0.890713
P_457436,13,0.905367
P_457566,8,0.852141
P_457608,6,0.845121
P_45783,17,0.853491
P_457844,3,0.841649
P_45785,17,0.884092
P_457856,5,0.804386
P_45786,12,0.859734
P_45788,7,0.850931
P_458011,13,0.835540
P_458109,14,0.843007
P_45812,16,0.886812
P_458152,3,0.854263
P_45823,11,0.841062
P_458250,7,0.905060
P_458327,8,0.848541
P_458344,6,0.852942
P_458524,17,0.858761
P_458528,8,0.880365
P_458678,10,0.882065
P_458686,15,0.878400
P_458803,11,0.880408
P_458830,0,0.879982
P_458854,7,0.832001
P_458881,9,0.866535
P_458938,6,0.853257
P_459136,6,0.877966
P_459188,2,0.879504
P_459262,14,0.886113
P_459276,11,0.864460
P_459330,14,0.856347
P_459334,7,0.879900
P_459337,8,0.889888
P_459391,13,0.825471
P_459397,7,0.800998
P_459407,15,0.881233
P_459450,7,0.875189
P_45948,16,0.850250
P_45953,7,0.883910
P_459593,8,0.789805
P_459597,11,0.809838
P_45969,4,0.867715
P_45979,9,0.872330
P_45982,10,0.846575
P_45986,12,0.845517
P_459873,5,0.888327
P_460118,11,0.857259
P_460127,7,0.871323
P_460187,8,0.882046
P_460281,2,0.853591
P_460288,8,0.881140
P_46029,8,0.891232
P_460317,9,0.871270
P_460318,13,0.875975
P_460322,11,0.859357
P_460323,11,0.868577
P_460341,13,0.871781
P_460366,6,0.856840
P_460446,13,0.847280
P_460453,7,0.854733
P_460458,7,0.845635
P_460636,5,0.883834
P_46083,1,0.867805
P_460869,5,0.847946
P_460916,16,0.891777
P_460919,7,0.863491
P_461,2,0.898737
P_461061,11,0.855005
P_461096,12,0.890516
P_461099,9,0.875587
P_46112,2,0.834428
P_46121,5,0.871791
P_461339,4,0.874335
P_461390,14,0.877151
P_461419,6,0.870033
P_461447,9,0.891295
P_461449,10,0.892220
P_461453,8,0.889626
P_461485,2,0.865019
P_461486,4,0.842409
P_461510,7,0.879795
P_461511,2,0.890686
P_461513,3,0.899398
P_461516,11,0.873017
P_46153,5,0.865513
P_461598,15,0.882832
P_461607,14,0.862885
P_461619,13,0.881431
P_461692,7,0.806355
P_461693,9,0.837398
P_461700,2,0.806228
P_461746,19,0.882047
P_461754,17,0.878084
P_461762,8,0.873295
P_461875,10,0.855109
P_461897,9,0.869319
P_462,8,0.876491
P_46204,6,0.853304
P_462105,3,0.872105
P_462410,7,0.808420
P_462559,9,0.890706
P_462668,9,0.835759
P_462718,5,0.858606
P_462725,0,0.879728
P_46284,6,0.883995
P_462841,4,0.865236
P_462849,12,0.858902
P_462865,13,0.822229
P_462867,26,0.843230
P_462868,14,0.861924
P_46288,10,0.868425
P_462911,4,0.870630
P_462992,9,0.841893
P_463001,11,0.866486
P_463004,11,0.865232
P_4631,10,0.858733
P_463272,11,0.895901
P_463279,5,0.857995
P_46328,4,0.867412
P_46348,11,0.856163
P_463565,22,0.871308
P_46369,29,0.856878
P_463718,4,0.855791
P_463725,10,0.828463
P_463784,17,0.828855
P_463792,21,0.832319
P_463861,9,0.892106
P_46400,7,0.884858
P_464029,8,0.832695
P_464036,3,0.838843
P_464055,6,0.861372
P_46419,10,0.881986
P_4642,8,0.857532
P_464458,2,0.888263
P_464553,4,0.860934
P_4646,3,0.872140
P_464651,14,0.869207
P_464669,3,0.854209
P_46476,12,0.860848
P_464770,12,0.853647
P_464776,7,0.834315
P_464875,8,0.849632
P_464990,3,0.881375
P_465001,3,0.875527
P_465081,11,0.857181
P_465085,18,0.870122
P_4651,9,0.896237
P_465106,7,0.866401
P_46526,11,0.822755
P_465278,7,0.861668
P_465412,12,0.861010
P_46547,17,0.870887
P_46554,14,0.867367
P_465554,6,0.851618
P_465560,10,0.852859
P_465573,7,0.843980
P_465577,3,0.866075
P_465732,8,0.862547
P_465826,5,0.872119
P_465827,9,0.855354
P_466007,12,0.812965
P_466167,6,0.880359
P_466256,15,0.860849
P_466285,3,0.865622
P_466343,7,0.900303
P_466353,2,0.881337
P_466594,9,0.894028
P_466706,8,0.877177
P_466723,3,0.864136
P_466785,6,0.863607
P_467010,11,0.873868
P_46703,6,0.837599
P_46710,12,0.850191
P_467176,3,0.849670
P_46730,4,0.853043
P_46732,5,0.873016
P_467327,9,0.869982
P_46734,6,0.827337
P_46742,7,0.860233
P_467447,3,0.861575
P_467471,3,0.861480
P_46748,3,0.867945
P_467498,12,0.793840
P_46755,3,0.883731
P_46757,10,0.834717
P_46759,11,0.880988
P_467594,9,0.899724
P_46763,12,0.863000
P_467658,9,0.859822
P_467924,4,0.868730
P_467932,9,0.861610
P_468003,5,0.884491
P_468086,10,0.868973
P_468096,2,0.873185
P_468172,2,0.863995
P_468174,6,0.849722
P_468176,13,0.845734
P_468182,10,0.853702
P_468185,16,0.861114
P_468199,13,0.804115
P_468200,14,0.861004
P_468201,8,0.878660
P_468207,12,0.869128
P_468213,9,0.864769
P_468259,9,0.882537
P_468296,11,0.846422
P_468325,12,0.820561
P_468348,5,0.854056
P_468440,16,0.872389
P_46848,2,0.865424
P_4685,12,0.856759
P_46851,3,0.855059
P_468567,6,0.889003
P_468625,17,0.870508
P_4687,13,0.859220
P_468812,11,0.897742
P_4689,2,0.869856
P_468934,2,0.870828
P_4691,7,0.827757
P_469115,4,0.875908
P_469133,9,0.850501
P_469260,7,0.898007
P_469296,8,0.842792
P_46935,3,0.863829
P_469383,16,0.856059
P_469384,18,0.849938
P_4695,3,0.878856
P_469507,10,0.883143
P_469586,9,0.892145
P_469786,5,0.860058
P_469842,8,0.857988
P_469924,7,0.855831
P_4700,5,0.864205
P_470024,2,0.874248
P_470187,8,0.875613
P_47023,6,0.834649
P_4703,9,0.836298
P_470355,1,0.888579
P_470389,14,0.847828
P_4704,11,0.882743
P_470454,4,0.872489
P_470520,11,0.864325
P_4707,2,0.862493
P_470760,2,0.888541
P_470849,12,0.898916
P_47093,6,0.850838
P_470980,8,0.873834
P_47101,6,0.895173
P_47102,10,0.872143
P_47103,13,0.868205
P_471156,9,0.886919
P_47143,17,0.847804
P_47145,8,0.866097
P_471476,3,0.885484
P_471499,7,0.838675
P_471705,16,0.898013
P_471830,24,0.822889
P_471838,12,0.853843
P_471841,15,0.844356
P_471942,6,0.888516
P_471977,14,0.878240
P_472165,8,0.866014
P_472205,11,0.825745
P_472206,7,0.831468
P_47230,2,0.871199
P_472336,4,0.875603
P_472401,10,0.897855
P_472427,17,0.851626
P_472430,10,0.851817
P_472431,11,0.852308
P_472433,15,0.855815
P_472438,16,0.858127
P_472440,10,0.867790
P_472443,15,0.858979
P_472454,12,0.854852
P_47256,7,0.893069
P_472561,6,0.856428
P_472565,4,0.819224
P_4726,12,0.834338
P_472607,11,0.836481
P_472634,7,0.862591
P_472667,3,0.877636
P_472669,2,0.855205
P_472682,4,0.888396
P_472683,8,0.879860
P_472697,9,0.863386
P_4727,1,0.854821
P_472707,10,0.868543
P_472746,8,0.859303
P_472747,9,0.868275
P_4728,8,0.821419
P_472884,3,0.904475
P_472943,23,0.810466
P_472975,8,0.862297
P_473031,10,0.886446
P_473058,3,0.887349
P_47323,8,0.899740
P_473351,5,0.874852
P_47343,5,0.900844
P_473932,2,0.884791
P_473934,7,0.874855
P_47414,5,0.814164
P_474170,7,0.886714
P_474240,5,0.850124
P_474312,12,0.884894
P_474363,5,0.879261
P_474378,7,0.862506
P_474421,12,0.881242
P_474425,17,0.891996
P_474432,8,0.884943
P_474446,20,0.873105
P_474466,1,0.847179
P_474550,9,0.843790
P_474553,17,0.853032
P_474554,8,0.868950
P_474936,7,0.857175
P_474937,3,0.867096
P_474946,6,0.887134
P_474968,15,0.876753
P_4750,2,0.823620
P_475001,10,0.862484
P_475024,14,0.881175
P_475070,4,0.889438
P_4751,8,0.863003
P_475137,3,0.894107
P_475249,9,0.857245
P_47525,5,0.886248
P_475254,4,0.824886
P_475273,2,0.865982
P_475319,4,0.855313
P_475321,12,0.860942
P_475486,5,0.889025
P_4755,13,0.866987
P_475509,12,0.860343
P_475545,9,0.837412
P_4756,12,0.869811
P_475628,6,0.831361
P_475723,3,0.860920
P_475724,3,0.855814
P_47583,9,0.899037
P_4762,7,0.861813
P_476292,14,0.878759
P_476309,6,0.848963
P_476368,10,0.836912
P_47638,6,0.885737
P_476381,10,0.870834
P_47639,11,0.871894
P_47640,8,0.871418
P_476503,12,0.852618
P_476573,1,0.875961
P_476616,12,0.839177
P_476635,12,0.871621
P_476697,16,0.864203
P_4767,9,0.866555
P_476712,3,0.908472
P_4768,13,0.860663
P_476861,9,0.840456
P_47690,7,0.875594
P_476978,13,0.813290
P_477067,10,0.870826
P_477183,8,0.878437
P_477226,6,0.890433
P_477228,8,0.847944
P_477233,10,0.878888
P_477234,6,0.884464
P_477461,4,0.841071
P_4776,12,0.855066
P_477853,4,0.887600
P_4779,9,0.813797
P_477918,20,0.838769
P_477919,5,0.886320
P_477920,9,0.867158
P_477923,8,0.861922
P_477939,8,0.853671
P_477995,13,0.894676
P_478079,10,0.896641
P_478231,6,0.904367
P_478290,9,0.889211
P_478323,8,0.847347
P_478353,4,0.897606
P_478386,3,0.882418
P_478442,5,0.864835
P_47854,5,0.828612
P_478584,7,0.837781
P_478643,6,0.860934
P_478669,11,0.866854
P_478671,0,0.860779
P_478678,4,0.893986
P_47868,2,0.857134
P_47869,10,0.869527
P_478849,12,0.837531
P_479005,7,0.878545
P_47901,13,0.852377
P_479043,9,0.879647
P_479099,7,0.895148
P_479142,9,0.882113
P_479150,5,0.878944
P_479187,9,0.892093
P_479217,11,0.877914
P_479228,18,0.902272
P_479264,2,0.858587
P_479269,3,0.898522
P_479271,1,0.874404
P_47935,10,0.820316
P_479361,9,0.878458
P_47937,13,0.842521
P_47939,8,0.836128
P_47940,5,0.857031
P_479405,18,0.824572
P_479413,5,0.868362
P_479518,8,0.867725
P_479563,12,0.852904
P_479582,10,0.901957
P_479585,4,0.871560
P_479597,16,0.851231
P_479630,16,0.870992
P_479632,8,0.811627
P_479731,3,0.817753
P_479972,11,0.842077
P_479996,7,0.845326
P_480002,5,0.841453
P_480034,2,0.868713
P_4801,8,0.870100
P_480113,17,0.850501
P_480127,10,0.810475
P_48017,7,0.847568
P_48018,8,0.880824
P_480223,4,0.891792
P_480245,11,0.836651
P_480249,8,0.838844
P_4803,17,0.880598
P_480403,4,0.848379
P_480432,8,0.880302
P_480585,3,0.825460
P_480654,7,0.880144
P_480771,5,0.854309
P_480774,5,0.893093
P_480858,7,0.787428
P_480944,9,0.865451
P_481038,16,0.894638
P_481046,7,0.875757
P_48118,15,0.865055
P_4812,5,0.870996
P_481291,12,0.897125
P_481340,14,0.884139
P_481343,8,0.860777
P_481458,6,0.853903
P_481462,8,0.878274
P_48148,7,0.872894
P_481558,12,0.873586
P_481599,6,0.858549
P_4816,5,0.868575
P_481699,7,0.821867
P_481706,16,0.804501
P_481728,10,0.889826
P_481749,6,0.899065
P_481769,6,0.891287
P_481775,13,0.886658
P_481832,4,0.880474
P_481876,11,0.863592
P_48232,4,0.858516
P_482375,4,0.880564
P_482432,6,0.860470
P_482437,8,0.854684
P_482488,7,0.883040
P_482507,13,0.853209
P_4826,20,0.839552
P_482726,8,0.893218
P_482854,7,0.874126
P_482916,3,0.826898
P_482918,22,0.856452
P_482942,9,0.891794
P_482943,11,0.887217
P_482949,7,0.831854
P_482958,16,0.871146
P_482964,9,0.891888
P_482965,5,0.879536
P_482967,8,0.878721
P_482972,6,0.881235
P_482986,10,0.894636
P_483007,22,0.832982
P_483170,3,0.895749
P_48322,7,0.871745
P_48323,6,0.867020
P_483252,6,0.861865
P_483260,5,0.843040
P_483277,4,0.854545
P_483286,7,0.847305
P_4833,14,0.855738
P_4834,5,0.855236
P_483426,12,0.819050
P_483427,6,0.872862
P_483430,4,0.840007
P_483437,5,0.883494
P_483474,15,0.833679
P_483494,3,0.854219
P_4835,15,0.857552
P_483592,17,0.868901
P_483605,6,0.862110
P_483629,7,0.885649
P_483652,11,0.877629
P_483716,14,0.869433
P_483718,18,0.889939
P_483736,13,0.882134
P_483737,11,0.879129
P_483752,13,0.890469
P_48381,3,0.882437
P_483827,10,0.864339
P_483862,9,0.864293
P_483879,3,0.865910
P_483902,3,0.876048
P_484071,1,0.825070
P_484080,9,0.877121
P_484082,2,0.889073
P_4841,5,0.843863
P_484137,3,0.882300
P_484181,6,0.846504
P_484187,12,0.870595
P_484238,15,0.876951
P_48425,7,0.876841
P_4843,14,0.852483
P_484328,7,0.865810
P_484353,5,0.847874
P_484367,10,0.866346
P_484418,12,0.885699
P_484498,9,0.905617
P_484503,13,0.903474
P_484506,16,0.860515
P_484560,7,0.868022
P_4846,18,0.878496
P_484613,5,0.838559
P_484639,6,0.862938
P_48466,3,0.890265
P_484669,6,0.884204
P_484675,11,0.886331
P_484683,8,0.855321
P_48491,3,0.872800
P_48496,10,0.832012
P_484986,15,0.844228
P_484987,26,0.864826
P_484996,6,0.830647
P_485043,10,0.861456
P_48508,4,0.865466
P_485234,4,0.845169
P_485456,18,0.820466
P_485564,8,0.889935
P_485566,4,0.889674
P_485567,6,0.878996
P_485570,2,0.885734
P_485571,9,0.867854
P_485573,4,0.851336
P_485672,19,0.781661
P_485676,6,0.784770
P_485679,14,0.828111
P_48571,8,0.862119
P_48572,4,0.819595
P_485731,13,0.861725
P_485919,3,0.863287
P_485972,7,0.888881
P_486021,11,0.882335
P_486064,5,0.871230
P_486067,8,0.864313
P_486184,6,0.871405
P_486191,9,0.856357
P_486228,12,0.869763
P_486233,11,0.897822
P_486239,1,0.885776
P_486248,14,0.831463
P_486284,2,0.852401
P_486289,8,0.828737
P_486405,8,0.867677
P_486468,9,0.882098
P_486590,5,0.840890
P_486643,7,0.892981
P_486686,12,0.839108
P_486700,9,0.890661
P_486767,8,0.901131
P_486776,15,0.880937
P_486777,11,0.847916
P_486829,6,0.856276
P_48686,8,0.863995
P_48688,4,0.865902
P_4869,11,0.866691
P_48694,6,0.862994
P_487024,4,0.871986
P_487157,11,0.862844
P_487164,9,0.850821
P_487165,6,0.869958
P_487183,0,0.890138
P_487189,9,0.892488
P_487193,9,0.890538
P_48722,15,0.868475
P_487221,13,0.876183
P_487237,4,0.875867
P_487243,6,0.884381
P_487244,6,0.892626
P_487275,3,0.845863
P_487498,10,0.890346
P_487499,8,0.873397
P_487578,13,0.900409
P_4876,6,0.864788
P_48760,7,0.844274
P_487647,6,0.893653
P_487648,15,0.854460
P_487679,8,0.897707
P_487694,13,0.860770
P_488055,8,0.889552
P_488155,5,0.856360
P_488194,17,0.874727
P_488196,19,0.879605
P_488245,7,0.873892
P_488264,15,0.848205
P_488300,8,0.852400
P_488304,9,0.852587
P_488306,21,0.854548
P_488502,8,0.868037
P_488504,4,0.892606
P_488584,9,0.859177
P_4886,4,0.855949
P_48868,11,0.885515
P_488802,3,0.887514
P_488963,11,0.876143
P_489000,2,0.888001
P_489120,10,0.868287
P_48918,7,0.855591
P_48919,30,0.845431
P_489194,4,0.864867
P_489196,12,0.896644
P_489277,14,0.831891
P_489304,10,0.842765
P_489356,13,0.886722
P_489568,8,0.893811
P_489623,5,0.874550
P_489646,3,0.854554
P_489795,6,0.883397
P_48981,8,0.868394
P_489864,16,0.897372
P_489866,2,0.891745
P_49,9,0.889683
P_490021,0,0.870009
P_490085,11,0.888664
P_490201,6,0.778117
P_490350,9,0.866725
P_490441,17,0.832426
P_490443,8,0.825805
P_490448,12,0.863259
P_490703,1,0.870398
P_490722,0,0.833720
P_49080,6,0.869753
P_49081,2,0.905043
P_490862,2,0.865000
P_490863,12,0.853898
P_490866,7,0.878727
P_490899,4,0.883679
P_490901,4,0.876765
P_490948,6,0.858398
P_491070,6,0.871427
P_491101,3,0.870814
P_491106,12,0.875438
P_491210,7,0.821529
P_491212,0,0.881101
P_491263,9,0.866782
P_4916,15,0.869853
P_491706,7,0.874351
P_491711,12,0.866676
P_491767,22,0.808074
P_491773,9,0.796816
P_4918,7,0.864842
P_491824,7,0.860522
P_491829,7,0.843709
P_491832,2,0.868554
P_491839,0,0.887523
P_491847,7,0.900189
P_491966,18,0.835374
P_491992,11,0.876476
P_492013,3,0.883219
P_492026,5,0.894117
P_492072,13,0.861349
P_492074,10,0.862113
P_492097,12,0.863618
P_492201,7,0.857988
P_492202,7,0.885031
P_492210,12,0.884501
P_492242,2,0.884182
P_49228,7,0.886671
P_4923,8,0.815551
P_492420,14,0.870487
P_492446,16,0.890054
P_492461,9,0.826094
P_492468,2,0.800238
P_492470,13,0.791753
P_492479,12,0.837669
P_492480,4,0.843844
P_492482,5,0.804837
P_492557,4,0.854998
P_492612,2,0.884261
P_492666,22,0.855543
P_492678,15,0.848748
P_49272,13,0.889646
P_49277,14,0.883072
P_492792,9,0.903723
P_492795,2,0.841609
P_492796,6,0.897733
P_492801,10,0.840085
P_49281,10,0.897621
P_493050,3,0.882333
P_493209,15,0.854024
P_493217,7,0.867254
P_493270,4,0.893702
P_493317,4,0.880779
P_493349,7,0.897719
P_493467,3,0.889656
P_493523,4,0.880881
P_493580,7,0.824915
P_493609,14,0.898882
P_493630,13,0.891643
P_493659,7,0.889654
P_49369,7,0.876962
P_49374,8,0.854748
P_49375,15,0.867688
P_4939,19,0.850773
P_49391,9,0.855337
P_494246,10,0.871535
P_494275,4,0.875555
P_494365,2,0.858637
P_49438,8,0.890987
P_494460,8,0.886162
P_494540,7,0.869578
P_4946,9,0.874574
P_494676,9,0.890738
P_494745,8,0.840773
P_494755,5,0.895228
P_494866,7,0.905747
P_4950,3,0.872955
P_495053,9,0.843024
P_495060,6,0.853334
P_495395,3,0.866006
P_495481,10,0.857068
P_495483,6,0.861604
P_495503,3,0.843218
P_49554,7,0.877020
P_49555,6,0.870535
P_49557,7,0.865508
P_495654,7,0.889855
P_495680,11,0.877421
P_495812,5,0.860793
P_495930,7,0.876845
P_495955,8,0.850324
P_49601,6,0.871865
P_496040,7,0.868829
P_496066,11,0.876311
P_49613,7,0.885802
P_496149,12,0.872022
P_49619,6,0.866037
P_49620,6,0.868664
P_49621,6,0.875381
P_49623,4,0.833568
P_496301,13,0.807270
P_496305,7,0.861491
P_496418,13,0.855146
P_496570,5,0.882879
P_496653,10,0.889155
P_496915,14,0.837585
P_496978,13,0.885558
P_497030,11,0.803544
P_497229,6,0.842687
P_497232,8,0.868574
P_49726,16,0.848412
P_49727,3,0.858566
P_49734,9,0.844505
P_49739,4,0.858198
P_497392,8,0.896942
P_497395,5,0.869504
P_497399,3,0.875152
P_49740,10,0.843832
P_49743,2,0.853245
P_497460,8,0.851695
P_497516,0,0.847079
P_497608,5,0.880702
P_497615,17,0.858245
P_497635,4,0.856379
P_497651,4,0.872787
P_49772,9,0.824291
P_497763,15,0.873256
P_497867,4,0.890738
P_497998,5,0.845891
P_498216,14,0.839390
P_498219,4,0.846336
P_498220,18,0.849790
P_49828,14,0.826459
P_49830,12,0.837820
P_498345,8,0.899983
P_498407,3,0.862974
P_498415,5,0.853119
P_498429,6,0.881094
P_498431,8,0.853055
P_4985,15,0.867932
P_498550,4,0.867260
P_498557,10,0.822811
P_498682,4,0.858801
P_498823,15,0.857832
P_498828,3,0.869055
P_499034,16,0.841246
P_499035,12,0.845955
P_499050,14,0.849426
P_499055,3,0.868088
P_49907,11,0.864096
P_499476,3,0.870981
P_499479,6,0.868452
P_499775,20,0.876972
P_499907,7,0.884010
P_499938,9,0.876525
P_499945,12,0.825062
P_50000,9,0.848313
P_50001,6,0.850119
P_500073,2,0.872397
P_500386,6,0.852747
P_500706,14,0.878207
P_500708,11,0.844968
P_500806,5,0.864397
P_501,15,0.901601
P_501032,11,0.833213
P_501077,4,0.876451
P_501090,12,0.842396
P_501387,14,0.858321
P_501399,3,0.873248
P_501407,9,0.862242
P_501410,0,0.834861
P_50146,3,0.888973
P_501501,6,0.881018
P_501551,8,0.853799
P_501647,8,0.864534
P_50177,8,0.858117
P_501807,13,0.886957
P_501977,14,0.848236
P_502117,19,0.842728
P_50229,4,0.870302
P_502382,12,0.885527
P_502436,8,0.862019
P_502441,3,0.824580
P_502567,8,0.874279
P_502732,3,0.861793
P_502777,2,0.854603
P_50283,4,0.885349
P_502835,7,0.889292
P_50289,1,0.869299
P_502898,3,0.866916
P_502900,6,0.901079
P_502956,4,0.873827
P_502991,9,0.857004
P_503054,9,0.857085
P_50318,6,0.879187
P_503398,6,0.878525
P_503418,5,0.884038
P_50381,8,0.850056
P_503842,6,0.871953
P_504004,4,0.870857
P_504012,3,0.891375
P_504077,5,0.850313
P_504082,10,0.883322
P_504084,10,0.837314
P_504128,20,0.813625
P_504129,7,0.878587
P_504231,7,0.841232
P_504236,10,0.840274
P_504323,3,0.876312
P_504386,8,0.870242
P_50446,2,0.889776
P_50449,2,0.883755
P_50456,5,0.891745
P_504594,5,0.870522
P_504605,3,0.854051
P_504682,2,0.889181
P_504725,5,0.866906
P_504802,7,0.867538
P_504843,3,0.871582
P_504954,18,0.808043
P_504955,15,0.856132
P_505012,3,0.869600
P_505212,9,0.867892
P_50523,13,0.861349
P_505295,16,0.818295
P_505298,11,0.856353
P_505372,6,0.832798
P_505492,4,0.875655
P_505493,6,0.873113
P_505531,7,0.881883
P_505671,7,0.856095
P_505675,11,0.853205
P_505678,3,0.881806
P_505728,8,0.894444
P_505729,3,0.896708
P_505873,14,0.884693
P_505923,5,0.895825
P_505984,4,0.876321
P_506,14,0.890218
P_506140,5,0.865069
P_506141,7,0.826136
P_506151,5,0.813840
P_506256,5,0.865782
P_506348,8,0.876355
P_506495,5,0.877979
P_506553,16,0.861457
P_506744,8,0.892409
P_5071,11,0.873207
P_507182,6,0.876660
P_507191,12,0.879700
P_507194,11,0.835272
P_507201,14,0.881977
P_507289,4,0.877258
P_507290,8,0.883502
P_507302,6,0.866279
P_50742,5,0.852186
P_50743,13,0.833012
P_50744,3,0.859874
P_50773,1,0.871376
P_507732,3,0.893427
P_507734,5,0.890969
P_507805,2,0.874921
P_507843,7,0.868026
P_50785,3,0.823934
P_50786,9,0.858995
P_507871,6,0.835980
P_507892,10,0.859391
P_507964,7,0.868356
P_507992,10,0.890882
P_508007,1,0.879193
P_508067,6,0.865517
P_508070,11,0.882436
P_508073,6,0.850956
P_508085,8,0.867742
P_50809,8,0.830215
P_508176,13,0.847914
P_508186,17,0.867574
P_508235,5,0.859495
P_508389,5,0.865762
P_508428,2,0.869103
P_508611,10,0.861483
P_508633,6,0.884518
P_508728,12,0.883042
P_508761,14,0.874709
P_508817,11,0.877108
P_508819,11,0.849251
P_508822,5,0.879229
P_508827,11,0.863560
P_508891,5,0.803405
P_50915,11,0.856188
P_509199,4,0.885602
P_509213,5,0.867106
P_509283,1,0.867937
P_50940,4,0.907005
P_5095,4,0.871294
P_5096,3,0.879213
P_509603,19,0.835206
P_509666,15,0.867499
P_509687,5,0.843506
P_509694,4,0.889887
P_509695,10,0.832778
P_50982,9,0.864539
P_50983,6,0.851255
P_50990,15,0.863809
P_509921,5,0.876610
P_509949,2,0.838893
P_509959,10,0.872243
P_50997,10,0.879660
P_510144,8,0.877096
P_51019,6,0.894384
P_5102,7,0.896646
P_510206,9,0.867211
P_510230,9,0.855085
P_510242,7,0.860305
P_510244,13,0.849426
P_510246,8,0.848407
P_510460,10,0.828658
P_510555,6,0.872045
P_510572,7,0.876833
P_510574,6,0.843685
P_510609,6,0.865219
P_510614,15,0.852134
P_510626,11,0.867341
P_510644,2,0.889448
P_51068,7,0.888636
P_510715,3,0.867689
P_510748,11,0.871010
P_510774,7,0.869206
P_510781,14,0.858169
P_510787,9,0.875237
P_510835,12,0.875057
P_510836,5,0.865102
P_510838,13,0.880799
P_51089,9,0.869229
P_510937,5,0.845865
P_511038,5,0.862966
P_511097,10,0.869461
P_511127,8,0.872940
P_511144,6,0.852856
P_511202,0,0.877387
P_511223,11,0.862928
P_51124,4,0.900803
P_511336,19,0.874308
P_51141,6,0.882622
P_51142,4,0.894861
P_51144,8,0.887233
P_511465,9,0.831742
P_511509,11,0.835755
P_511519,7,0.847124
P_511520,4,0.845981
P_511521,14,0.840437
P_511523,10,0.856886
P_511617,11,0.874436
P_511619,26,0.853720
P_511622,14,0.873388
P_511623,17,0.862448
P_511625,18,0.831755
P_511626,2,0.852418
P_511681,7,0.894090
P_511704,10,0.879971
P_511714,12,0.816520
P_511781,18,0.820381
P_511782,12,0.858460
P_511792,7,0.868824
P_511793,5,0.874327
P_511794,14,0.865926
P_511795,11,0.869603
P_511796,9,0.884186
P_511899,16,0.847808
P_5119,13,0.896981
P_51197,7,0.857782
P_512013,6,0.865011
P_512049,4,0.878147
P_512061,5,0.857824
P_512076,4,0.850858
P_512125,3,0.894284
P_512223,12,0.869597
P_512225,8,0.865974
P_51236,13,0.880906
P_512360,12,0.848382
P_51237,16,0.895677
P_51238,6,0.894929
P_51240,9,0.883061
P_51241,5,0.893533
P_512525,8,0.883993
P_512606,7,0.853070
P_512653,21,0.845564
P_512657,11,0.843491
P_512706,22,0.876453
P_512737,11,0.831818
P_512767,15,0.864560
P_512806,3,0.859874
P_512811,5,0.855566
P_512815,5,0.836501
P_512900,12,0.875339
P_512910,9,0.882050
P_512992,7,0.845031
P_513031,12,0.843704
P_513173,3,0.858516
P_513178,10,0.849267
P_513219,5,0.842763
P_513232,6,0.844352
P_513318,15,0.857687
P_513337,5,0.865167
P_513358,3,0.874462
P_513366,5,0.876352
P_513404,2,0.882157
P_513704,9,0.848291
P_513865,3,0.889030
P_51392,6,0.868423
P_51393,11,0.883036
P_51395,11,0.854692
P_513954,11,0.877032
P_513985,22,0.886027
P_514074,11,0.859762
P_5141,6,0.897260
P_514117,4,0.857521
P_51415,7,0.866765
P_514257,10,0.865586
P_514274,3,0.881634
P_51434,9,0.885134
P_514506,6,0.864609
P_514507,5,0.891443
P_514509,5,0.892675
P_514511,6,0.879401
P_514512,8,0.867542
P_514513,3,0.872503
P_514514,13,0.880064
P_514518,9,0.890159
P_514526,8,0.876454
P_51455,10,0.873093
P_514556,5,0.862254
P_514574,7,0.848009
P_51460,5,0.890562
P_514725,6,0.860552
P_514982,16,0.879126
P_514983,2,0.880546
P_515165,4,0.865103
P_515197,13,0.872472
P_515332,8,0.879670
P_515355,14,0.827703
P_515356,2,0.864599
P_515358,3,0.853841
P_515359,8,0.815437
P_515398,1,0.891310
P_515412,4,0.861472
P_515422,1,0.857049
P_515428,5,0.879590
P_515430,8,0.870340
P_515453,15,0.841275
P_515476,3,0.848584
P_515478,12,0.866912
P_515479,17,0.853925
P_515480,7,0.863863
P_515495,9,0.884390
P_515530,11,0.861826
P_515541,25,0.869812
P_515547,5,0.863520
P_515553,16,0.859232
P_515613,4,0.850634
P_515619,10,0.885832
P_515620,9,0.867611
P_515624,9,0.847097
P_515625,4,0.876502
P_515728,12,0.891063
P_515953,6,0.856619
P_516096,7,0.870386
P_516099,8,0.883958
P_516105,15,0.862358
P_516183,16,0.866987
P_5162,4,0.895897
P_5163,3,0.875983
P_516310,3,0.849508
P_516420,6,0.884276
P_516454,31,0.853074
P_516462,9,0.880822
P_516627,10,0.835572
P_516721,13,0.882588
P_516735,8,0.885687
P_516752,15,0.855563
P_516959,7,0.814217
P_516960,7,0.766176
P_517114,10,0.860711
P_517127,1,0.852354
P_517141,3,0.869030
P_517160,3,0.809628
P_517168,10,0.865718
P_517187,14,0.854699
P_517216,2,0.884434
P_517233,6,0.835788
P_517242,15,0.851536
P_517247,6,0.869776
P_517249,10,0.851968
P_517255,5,0.861392
P_517308,7,0.850425
P_51737,15,0.878964
P_517425,9,0.841543
P_517551,17,0.850101
P_517558,11,0.854191
P_517587,8,0.855410
P_517595,11,0.860801
P_517700,4,0.856922
P_517705,11,0.881819
P_517795,7,0.897936
P_517802,2,0.868754
P_517832,5,0.844994
P_517839,14,0.849160
P_517840,11,0.853992
P_517843,13,0.850945
P_51795,12,0.865266
P_517999,9,0.878437
P_51800,15,0.829530
P_518017,4,0.852948
P_518019,6,0.859574
P_518021,8,0.875084
P_518029,3,0.890505
P_518072,9,0.845292
P_518221,20,0.898245
P_518388,10,0.859701
P_518403,1,0.851197
P_518404,6,0.876245
P_518408,9,0.886694
P_518452,8,0.872210
P_518485,3,0.836578
P_518486,12,0.835512
P_518490,9,0.845814
P_518510,13,0.841606
P_518547,3,0.873857
P_5186,10,0.890853
P_518722,3,0.886152
P_518999,6,0.826301
P_51905,3,0.874452
P_519068,3,0.892683
P_51907,2,0.879075
P_51909,6,0.870353
P_519102,16,0.902133
P_51913,1,0.882574
P_519134,11,0.898758
P_519178,6,0.840201
P_519179,6,0.874820
P_519282,19,0.854795
P_519284,12,0.873373
P_519292,12,0.870089
P_519293,7,0.883204
P_519320,6,0.850049
P_51935,5,0.863443
P_519417,9,0.848690
P_51952,2,0.868932
P_51954,4,0.848275
P_519551,13,0.874573
P_51957,3,0.880125
P_51958,1,0.886514
P_519613,2,0.880776
P_519686,8,0.865524
P_519705,4,0.863885
P_519713,6,0.861941
P_519717,4,0.842534
P_519804,13,0.849074
P_51983,10,0.873735
P_51984,15,0.879865
P_519914,6,0.877171
P_520102,4,0.857889
P_520115,7,0.884503
P_520309,5,0.851924
P_520343,4,0.863836
P_520348,2,0.820576
P_520573,13,0.869012
P_520606,8,0.870977
P_52062,7,0.864050
P_52063,3,0.851616
P_52065,10,0.865737
P_52066,15,0.867427
P_520698,14,0.855166
P_520805,30,0.861703
P_520806,11,0.863997
P_520807,30,0.854210
P_520813,4,0.869495
P_520816,13,0.862373
P_520819,18,0.859290
P_520821,9,0.876034
P_520823,2,0.878739
P_520984,7,0.817540
P_521098,16,0.868046
P_521104,11,0.868436
P_521107,2,0.821124
P_521109,6,0.854303
P_521110,18,0.866226
P_521322,2,0.871641
P_521337,7,0.854759
P_521342,10,0.812610
P_521403,6,0.878970
P_521404,13,0.884884
P_521410,22,0.840326
P_521411,6,0.832318
P_521432,17,0.834400
P_521442,21,0.872598
P_52150,8,0.875611
P_521539,8,0.866230
P_521548,4,0.861965
P_521550,5,0.880075
P_521553,3,0.886077
P_521652,9,0.881533
P_521717,17,0.892865
P_52176,11,0.889099
P_52177,13,0.864592
P_52178,4,0.862869
P_52179,3,0.868843
P_52180,7,0.881393
P_521897,6,0.864382
P_52194,7,0.868820
P_52195,9,0.883256
P_522073,5,0.880279
P_522115,16,0.775249
P_522119,5,0.869141
P_522134,9,0.827940
P_522135,11,0.827862
P_522177,10,0.825847
P_52219,7,0.864066
P_522192,8,0.809041
P_52220,5,0.836416
P_522256,16,0.858713
P_52227,5,0.780307
P_522297,7,0.863489
P_522379,9,0.900282
P_522413,12,0.863239
P_522430,6,0.882173
P_522499,7,0.875744
P_522505,12,0.827025
P_522640,13,0.862966
P_522649,9,0.867822
P_522650,1,0.850272
P_522710,22,0.818315
P_522713,3,0.891318
P_522714,9,0.882909
P_522716,1,0.871879
P_522717,5,0.874551
P_522729,12,0.883346
P_52277,5,0.860966
P_522819,8,0.858133
P_522881,10,0.819601
P_522887,9,0.838930
P_522939,14,0.853603
P_523017,8,0.881416
P_523045,5,0.825384
P_523048,9,0.841459
P_523057,5,0.882053
P_523061,9,0.891508
P_523071,17,0.882120
P_5231,12,0.887660
P_523164,4,0.867730
P_523212,6,0.891411
P_52324,9,0.872336
P_5233,9,0.873509
P_523333,12,0.872075
P_523380,3,0.860347
P_523545,3,0.862787
P_523746,2,0.845744
P_523779,10,0.868945
P_523785,6,0.828653
P_523933,15,0.842459
P_523979,13,0.886162
P_524004,13,0.886602
P_524005,9,0.886844
P_524007,8,0.880795
P_524008,6,0.879247
P_524009,3,0.883046
P_524124,6,0.894588
P_524125,8,0.866498
P_524288,5,0.870185
P_524338,9,0.892837
P_524339,14,0.883578
P_524341,14,0.891234
P_524365,8,0.891495
P_524380,9,0.895583
P_524453,5,0.853544
P_524455,8,0.878312
P_524608,5,0.872336
P_524684,4,0.888034
P_52469,4,0.854172
P_524692,8,0.882137
P_524700,13,0.859869
P_524707,19,0.846251
P_524711,7,0.891288
P_524806,18,0.868094
P_524883,6,0.883945
P_524945,7,0.867633
P_524982,15,0.890921
P_525015,13,0.873206
P_525037,17,0.844285
P_525039,8,0.846772
P_525040,15,0.845853
P_525041,14,0.883654
P_525044,5,0.848283
P_525195,9,0.870969
P_525200,10,0.863318
P_525239,2,0.880584
P_525243,7,0.900425
P_525282,14,0.872550
P_525310,6,0.884036
P_525438,9,0.882797
P_52547,6,0.878985
P_525500,7,0.840004
P_525513,6,0.862900
P_525514,9,0.834974
P_52557,8,0.877597
P_525577,15,0.883948
P_5257,8,0.869160
P_525806,9,0.894000
P_525906,3,0.836598
P_525970,5,0.853146
P_526038,3,0.874630
P_526222,8,0.787402
P_526235,6,0.795526
P_526244,3,0.785354
P_526271,9,0.876845
P_526491,8,0.847114
P_52650,4,0.876456
P_52660,8,0.878948
P_52663,6,0.907475
P_526668,10,0.782130
P_526770,12,0.886769
P_526850,3,0.882881
P_526858,16,0.793993
P_526874,42,0.854027
P_526875,12,0.869359
P_526876,13,0.858368
P_526878,11,0.863651
P_526894,1,0.882578
P_526896,11,0.841183
P_526980,5,0.882634
P_52701,1,0.849935
P_52703,3,0.888674
P_527063,3,0.891123
P_52713,4,0.882006
P_52714,3,0.880506
P_52718,5,0.863754
P_527191,9,0.877494
P_527193,15,0.798727
P_527203,6,0.834650
P_527204,2,0.844396
P_527210,5,0.873373
P_52740,3,0.897109
P_527585,7,0.886544
P_527597,6,0.831383
P_527629,8,0.871528
P_527741,9,0.867820
P_527802,1,0.791942
P_527897,14,0.869744
P_528047,4,0.890988
P_5283,5,0.868008
P_52838,4,0.871360
P_52839,5,0.884814
P_52843,6,0.875179
P_52851,10,0.893822
P_528563,10,0.855985
P_528599,6,0.890926
P_528644,6,0.876555
P_528646,7,0.889634
P_528659,15,0.875627
P_528661,10,0.844091
P_528776,10,0.873764
P_52896,7,0.896313
P_529002,9,0.823236
P_529105,9,0.886060
P_529194,12,0.842874
P_529238,18,0.863527
P_52929,5,0.877277
P_52933,7,0.865270
P_529362,13,0.852900
P_529481,5,0.896258
P_529485,9,0.889065
P_529495,1,0.868439
P_52963,3,0.879676
P_529744,11,0.850357
P_52978,6,0.897709
P_529780,11,0.875793
P_529784,23,0.843831
P_529791,24,0.872734
P_529794,8,0.885421
P_529806,5,0.894909
P_529829,2,0.783768
P_530004,7,0.828470
P_530008,11,0.860264
P_530021,6,0.897002
P_530053,12,0.881267
P_530057,7,0.861650
P_530080,8,0.865730
P_530087,10,0.858867
P_530257,3,0.860714
P_530261,5,0.862658
P_530292,7,0.843887
P_530306,9,0.886143
P_530390,19,0.873183
P_53040,9,0.865048
P_530402,3,0.883355
P_53042,20,0.868428
P_53049,2,0.858578
P_53050,3,0.867663
P_530514,1,0.845710
P_530544,8,0.869101
P_530565,1,0.838466
P_530760,4,0.881093
P_530818,6,0.832096
P_530880,6,0.878202
P_530946,2,0.824176
P_530950,6,0.852217
P_531026,1,0.858621
P_531060,20,0.838376
P_531074,3,0.876431
P_531080,6,0.852954
P_531222,13,0.872157
P_531223,0,0.870827
P_531252,9,0.880537
P_531253,10,0.855524
P_531258,18,0.888468
P_531280,4,0.873320
P_531285,8,0.863064
P_531289,14,0.872196
P_531290,5,0.859356
P_531292,14,0.837012
P_531352,7,0.857337
P_531376,5,0.825907
P_531377,4,0.821282
P_531426,21,0.861589
P_531439,2,0.875632
P_531446,12,0.875172
P_5316,3,0.860289
P_53166,10,0.896267
P_5319,7,0.886795
P_531945,4,0.857709
P_531974,9,0.823916
P_531997,9,0.863240
P_5320,6,0.883328
P_532066,3,0.887026
P_532131,14,0.828300
P_532170,22,0.869513
P_532176,4,0.861757
P_532177,8,0.887836
P_532190,8,0.857523
P_532253,9,0.866074
P_53240,17,0.895398
P_532415,14,0.827662
P_532485,6,0.870437
P_532537,5,0.836845
P_532548,9,0.843586
P_532578,6,0.880921
P_53262,8,0.833325
P_53263,5,0.821159
P_532673,11,0.878287
P_532720,6,0.857548
P_532867,6,0.873103
P_533026,1,0.893338
P_533033,8,0.869076
P_533113,19,0.869096
P_533132,10,0.829583
P_533202,8,0.891687
P_533334,8,0.872986
P_533352,6,0.876514
P_533374,4,0.891310
P_533426,5,0.846943
P_53351,15,0.867123
P_53352,4,0.872613
P_53354,13,0.865436
P_53356,7,0.865881
P_53357,25,0.835453
P_533579,5,0.821463
P_533605,11,0.878140
P_53369,10,0.867305
P_533717,3,0.870750
P_53378,7,0.876445
P_533796,1,0.873293
P_533840,2,0.885980
P_533841,13,0.886381
P_53385,10,0.866521
P_533851,11,0.847605
P_533864,16,0.858113
P_533874,6,0.868959
P_53389,10,0.860395
P_533910,10,0.803407
P_533932,11,0.808394
P_5342,4,0.888996
P_534214,15,0.841031
P_534241,9,0.877819
P_534242,5,0.879381
P_5343,9,0.890997
P_534335,14,0.857835
P_534339,6,0.894962
P_534356,3,0.876516
P_534410,12,0.872397
P_534522,1,0.878260
P_534565,12,0.864517
P_534627,1,0.867037
P_534748,11,0.888044
P_534761,13,0.887868
P_534768,6,0.873468
P_53481,9,0.869348
P_53482,11,0.869757
P_534932,16,0.837309
P_534961,17,0.837413
P_535145,4,0.892433
P_535314,16,0.892812
P_535333,10,0.891967
P_535366,9,0.860209
P_535388,11,0.887525
P_535492,9,0.869430
P_5355,4,0.901230
P_535555,17,0.847613
P_535558,9,0.868045
P_535692,10,0.835681
P_535732,9,0.868833
P_535740,7,0.853190
P_53591,12,0.895341
P_536146,6,0.853354
P_536217,17,0.867620
P_536219,4,0.827365
P_5363,1,0.887214
P_536314,9,0.858965
P_536364,9,0.895724
P_536375,5,0.865178
P_536388,7,0.870573
P_536442,6,0.827260
P_536470,11,0.841583
P_536488,16,0.874646
P_536624,3,0.879873
P_536744,4,0.857783
P_536812,21,0.879709
P_53687,10,0.881675
P_537066,16,0.888120
P_537137,15,0.876268
P_537524,9,0.820597
P_537529,5,0.890411
P_537601,6,0.842779
P_53765,7,0.878460
P_537723,11,0.855502
P_537784,16,0.880621
P_537786,12,0.860384
P_537788,15,0.843046
P_537802,16,0.861793
P_537831,10,0.888185
P_537845,3,0.886527
P_537868,4,0.904882
P_53787,17,0.905953
P_537947,8,0.865735
P_53805,11,0.870682
P_538100,8,0.887085
P_538354,2,0.861734
P_538502,5,0.900240
P_538614,22,0.881790
P_538616,5,0.852700
P_53862,4,0.877592
P_53863,4,0.899602
P_538680,2,0.889347
P_538728,4,0.900492
P_538758,12,0.850794
P_5388,14,0.888575
P_539199,4,0.845653
P_53921,7,0.896421
P_539233,18,0.857066
P_539380,5,0.877885
P_539422,6,0.833322
P_539468,13,0.849827
P_53959,6,0.878358
P_5396,6,0.903843
P_53960,9,0.872389
P_539642,10,0.889539
P_53965,5,0.870973
P_53966,8,0.880567
P_539740,5,0.815121
P_539744,5,0.854237
P_53985,7,0.893586
P_539895,9,0.891039
P_53997,17,0.843652
P_539984,9,0.879596
P_53999,19,0.863068
P_54000,9,0.868442
P_540372,5,0.858090
P_540474,5,0.883082
P_540564,18,0.848429
P_540608,10,0.862173
P_540632,4,0.881537
P_540638,7,0.890513
P_540799,13,0.868789
P_540811,4,0.867330
P_54089,5,0.892077
P_54092,6,0.898780
P_540949,5,0.837675
P_540951,8,0.861689
P_540981,29,0.858394
P_54100,7,0.876839
P_541004,10,0.865969
P_541006,5,0.868408
P_541007,20,0.856455
P_541115,7,0.899814
P_541126,6,0.880677
P_541212,12,0.845264
P_541280,11,0.833417
P_541281,1,0.878158
P_541290,10,0.875215
P_541314,6,0.852663
P_541347,7,0.862065
P_54136,13,0.821430
P_541431,3,0.871840
P_541439,9,0.873768
P_541481,3,0.872121
P_541484,6,0.855270
P_541637,9,0.842454
P_541837,8,0.836255
P_541845,2,0.847401
P_541909,3,0.840496
P_541925,4,0.884961
P_541979,10,0.827795
P_54204,0,0.907178
P_54210,9,0.866771
P_542201,9,0.845651
P_542204,2,0.885093
P_54230,7,0.872533
P_542368,7,0.889154
P_542428,8,0.845281
P_542468,3,0.883140
P_542487,6,0.864078
P_542512,4,0.885958
P_542535,7,0.872209
P_542553,15,0.883164
P_542575,12,0.857425
P_542638,5,0.839353
P_542673,18,0.862775
P_542702,10,0.859292
P_542776,16,0.845714
P_542854,18,0.860826
P_542855,10,0.875971
P_542857,9,0.857633
P_542870,17,0.874950
P_542894,2,0.874866
P_543087,6,0.874583
P_543164,9,0.867618
P_543244,6,0.877561
P_543251,11,0.887426
P_543267,9,0.881792
P_543290,3,0.880583
P_543390,3,0.882099
P_543541,3,0.892674
P_543574,10,0.886521
P_543672,3,0.853867
P_543729,13,0.854570
P_5438,9,0.837899
P_54402,10,0.857525
P_544237,3,0.871415
P_544266,13,0.890866
P_544319,3,0.864894
P_544484,6,0.842656
P_544549,8,0.817866
P_544551,9,0.833205
P_544586,5,0.887148
P_544588,3,0.880445
P_54461,2,0.842563
P_544642,7,0.878814
P_54466,10,0.799012
P_544675,13,0.846275
P_544693,2,0.852520
P_544701,5,0.860525
P_544729,6,0.874266
P_544810,6,0.898001
P_544875,22,0.841744
P_544877,13,0.820613
P_54488,12,0.795326
P_544889,6,0.869369
P_544890,2,0.883594
P_544891,8,0.862636
P_544893,7,0.858700
P_54490,7,0.892287
P_544903,8,0.827887
P_545038,3,0.889242
P_54506,3,0.846494
P_545073,15,0.850652
P_545087,12,0.875578
P_545095,10,0.865852
P_545154,8,0.855891
P_545155,5,0.841009
P_545164,5,0.846793
P_545167,19,0.857218
P_545172,15,0.847254
P_545174,6,0.831485
P_545314,12,0.841151
P_545544,17,0.845324
P_545550,4,0.897624
P_545572,13,0.859339
P_545610,5,0.886245
P_545615,5,0.844686
P_54566,13,0.881530
P_545660,11,0.871449
P_545763,4,0.856145
P_545764,9,0.845085
P_545824,9,0.872266
P_545908,2,0.856903
P_545941,6,0.892140
P_546,11,0.877700
P_5461,8,0.876309
P_546298,14,0.859652
P_546306,2,0.823802
P_546319,11,0.851353
P_54634,8,0.900655
P_546343,9,0.883567
P_546359,8,0.892031
P_546584,5,0.895880
P_546633,6,0.819401
P_546670,7,0.872286
P_5467,5,0.897586
P_546725,7,0.805534
P_546834,6,0.865785
P_546893,12,0.892346
P_546908,5,0.838092
P_547036,12,0.879622
P_547045,6,0.890370
P_547373,7,0.868244
P_547375,17,0.835257
P_54739,0,0.893855
P_547417,13,0.873676
P_547419,21,0.842488
P_547557,3,0.853858
P_547651,4,0.854011
P_547699,4,0.872360
P_547710,4,0.863567
P_547797,7,0.873577
P_547838,10,0.883901
P_547841,9,0.891251
P_547842,3,0.884992
P_547843,12,0.886168
P_547883,15,0.834766
P_548131,9,0.862614
P_54816,5,0.845423
P_548167,7,0.832977
P_54817,6,0.869735
P_548176,3,0.887722
P_548185,7,0.868143
P_548377,8,0.878772
P_548381,9,0.876167
P_548401,6,0.881670
P_54845,6,0.879696
P_548460,4,0.867429
P_548590,5,0.873244
P_548602,16,0.849668
P_548659,5,0.863028
P_548717,3,0.881656
P_548756,16,0.876961
P_548769,3,0.872963
P_548844,6,0.828748
P_548846,11,0.834907
P_548849,12,0.870057
P_548893,26,0.872976
P_548959,7,0.887723
P_548967,3,0.877103
P_549007,11,0.865623
P_549139,4,0.871819
P_549220,10,0.837952
P_549353,6,0.823682
P_549355,11,0.869520
P_54936,4,0.865258
P_549363,7,0.856362
P_549377,8,0.866091
P_549384,14,0.847402
P_549402,10,0.869521
P_549523,8,0.864260
P_549526,10,0.855770
P_549589,20,0.887617
P_549814,11,0.885510
P_54989,9,0.886122
P_549922,11,0.868418
P_5500,8,0.887390
P_5501,6,0.882760
P_550235,10,0.876571
P_550259,18,0.838344
P_550280,7,0.813061
P_550291,3,0.878994
P_550306,9,0.853826
P_550335,14,0.880387
P_550345,9,0.883218
P_550423,4,0.874020
P_550436,6,0.850134
P_550447,3,0.879540
P_550484,10,0.884353
P_550525,5,0.891923
P_550548,4,0.852991
P_550551,8,0.874542
P_550566,4,0.856836
P_550667,4,0.886001
P_55068,2,0.880873
P_55077,5,0.891277
P_550843,9,0.854426
P_550878,7,0.871664
P_550896,6,0.864266
P_550967,7,0.832097
P_550968,10,0.860866
P_550969,4,0.864865
P_550976,4,0.877138
P_550978,4,0.834936
P_551104,5,0.877809
P_551181,13,0.843953
P_551198,8,0.864388
P_551211,12,0.865249
P_551455,9,0.897141
P_5515,10,0.853563
P_551673,7,0.884630
P_551689,10,0.895882
P_551690,5,0.875747
P_551702,7,0.887853
P_551847,6,0.882853
P_551928,8,0.877274
P_551973,5,0.876249
P_551988,12,0.874121
P_552037,5,0.877134
P_552043,7,0.817462
P_552137,11,0.860002
P_552236,5,0.868085
P_552238,6,0.892780
P_552281,11,0.859697
P_552388,7,0.878983
P_552638,13,0.881534
P_552639,3,0.874743
P_552640,14,0.862755
P_552642,11,0.842832
P_552649,7,0.864339
P_552762,9,0.876368
P_552797,5,0.862332
P_553039,14,0.859972
P_553078,18,0.866224
P_553107,8,0.866908
P_553199,9,0.871396
P_553216,10,0.862240
P_553217,6,0.858068
P_553317,18,0.875092
P_553349,5,0.867478
P_553370,10,0.867402
P_5534,3,0.887035
P_553427,2,0.890698
P_553435,14,0.879074
P_553456,4,0.850591
P_553459,11,0.876361
P_553478,6,0.857043
P_553497,3,0.860854
P_5535,2,0.894762
P_553538,8,0.862628
P_553540,12,0.856405
P_553548,6,0.867392
P_553549,5,0.852889
P_553636,11,0.891509
P_553638,6,0.868455
P_553656,7,0.856155
P_55371,4,0.899932
P_553716,6,0.854091
P_553792,6,0.832542
P_553837,7,0.877279
P_553961,1,0.872254
P_554018,7,0.894518
P_5542,4,0.856572
P_554256,8,0.839237
P_554280,11,0.868273
P_554293,16,0.882051
P_55439,2,0.890350
P_5544,5,0.889857
P_554436,3,0.848373
P_554568,13,0.848348
P_554577,7,0.826031
P_554611,8,0.848606
P_554617,11,0.886754
P_554655,10,0.888389
P_554691,19,0.877113
P_554697,34,0.874421
P_554700,16,0.869168
P_554771,13,0.863222
P_554772,17,0.843915
P_554773,10,0.876066
P_554868,9,0.866769
P_554887,18,0.867645
P_5549,10,0.905112
P_5550,5,0.887477
P_555074,9,0.843162
P_555161,26,0.889563
P_5552,10,0.813949
P_555513,20,0.839050
P_555544,8,0.891149
P_555588,19,0.858570
P_555655,14,0.839528
P_555665,3,0.892038
P_5557,13,0.892772
P_555793,19,0.836808
P_555839,18,0.839310
P_555859,9,0.840910
P_5559,7,0.890624
P_555926,19,0.887492
P_556004,12,0.830619
P_556014,6,0.849410
P_556211,11,0.880449
P_55622,0,0.875154
P_556343,8,0.832702
P_556481,17,0.876997
P_556540,5,0.861187
P_55655,9,0.865961
P_556619,7,0.882908
P_556623,15,0.874848
P_556677,23,0.844059
P_556950,11,0.855303
P_556983,9,0.865734
P_556987,10,0.885000
P_556988,4,0.875140
P_55699,7,0.891966
P_557011,12,0.884325
P_55702,8,0.872635
P_557079,2,0.854599
P_557190,10,0.839697
P_557399,9,0.844460
P_557403,4,0.882206
P_557416,27,0.847191
P_557647,17,0.887099
P_557654,10,0.859221
P_557806,29,0.844669
P_557995,14,0.825840
P_558034,4,0.857192
P_558268,13,0.857534
P_558276,24,0.867381
P_558309,12,0.870086
P_558322,8,0.814351
P_558332,8,0.821053
P_558447,6,0.858287
P_559063,9,0.879210
P_559328,8,0.841864
P_559420,4,0.836360
P_559424,8,0.857990
P_559433,3,0.891262
P_559434,4,0.850954
P_559449,12,0.857709
P_559456,12,0.840523
P_559483,6,0.859702
P_559486,4,0.861758
P_559487,10,0.846387
P_559488,15,0.851137
P_559498,8,0.843443
P_559611,2,0.886748
P_559614,5,0.846647
P_559615,10,0.860974
P_559737,18,0.880191
P_559804,13,0.872645
P_559925,8,0.852046
P_559927,7,0.880004
P_559948,8,0.857678
P_560225,8,0.837784
P_560269,3,0.854521
P_560462,7,0.887830
P_560470,6,0.847309
P_5605,4,0.884158
P_56050,6,0.897112
P_560662,7,0.861817
P_56072,13,0.901938
P_56074,5,0.899484
P_560770,2,0.882375
P_560866,6,0.883372
P_560899,7,0.840660
P_560913,18,0.856647
P_56096,4,0.891973
P_56099,8,0.856580
P_561150,5,0.851962
P_561329,7,0.843129
P_56144,8,0.855609
P_561478,7,0.820611
P_561494,7,0.860793
P_561495,20,0.851645
P_561504,7,0.837831
P_561533,3,0.889191
P_5616,10,0.889479
P_561625,8,0.877107
P_56165,10,0.872361
P_561703,12,0.872299
P_56175,9,0.881127
P_56179,3,0.890897
P_561910,9,0.852158
P_561978,12,0.898842
P_562117,7,0.890795
P_562143,2,0.873924
P_562197,15,0.873278
P_562222,18,0.881637
P_562284,0,0.836324
P_562366,5,0.901749
P_56239,3,0.860512
P_56240,3,0.861781
P_562401,4,0.867718
P_562410,10,0.871891
P_562431,10,0.864360
P_56251,3,0.836027
P_56253,5,0.860819
P_56254,8,0.856742
P_562540,16,0.859035
P_562545,8,0.868389
P_56256,9,0.878903
P_56257,12,0.893225
P_562575,11,0.846633
P_562577,8,0.855601
P_562598,4,0.902206
P_56261,9,0.894641
P_562615,2,0.890858
P_562819,7,0.888097
P_562820,10,0.898816
P_562864,6,0.890897
P_562890,8,0.866740
P_562896,6,0.865775
P_562938,10,0.873883
P_562940,3,0.888881
P_562941,10,0.868153
P_56309,14,0.890552
P_56331,4,0.871888
P_56334,9,0.835626
P_56336,6,0.873517
P_56337,4,0.865147
P_56339,6,0.861650
P_563416,2,0.838482
P_563430,6,0.853120
P_56346,5,0.884481
P_56354,8,0.895206
P_563612,6,0.892640
P_563619,6,0.895057
P_563625,11,0.858311
P_563671,12,0.855711
P_563706,11,0.870789
P_563708,3,0.890528
P_563712,3,0.852546
P_563714,7,0.862547
P_563733,5,0.830045
P_563802,4,0.855290
P_563806,7,0.884212
P_563833,9,0.869117
P_563875,6,0.891999
P_563893,17,0.876753
P_563897,5,0.865522
P_563898,7,0.849222
P_563920,14,0.842059
P_563923,9,0.873073
P_563960,5,0.853829
P_563963,7,0.853287
P_563964,11,0.876407
P_563965,16,0.880436
P_563967,13,0.866942
P_563987,15,0.868879
P_563991,9,0.857124
P_564187,7,0.886614
P_564520,11,0.833551
P_56454,4,0.870735
P_564609,11,0.880320
P_564617,10,0.834452
P_564727,7,0.889945
P_564801,6,0.803611
P_564818,6,0.836841
P_564850,3,0.837818
P_564866,3,0.837290
P_564878,14,0.872200
P_564931,8,0.814447
P_565,6,0.888278
P_565061,9,0.852252
P_56509,9,0.847697
P_565194,9,0.888613
P_565203,12,0.857178
P_565407,5,0.872849
P_5655,4,0.868122
P_565840,2,0.849767
P_566008,9,0.891639
P_566037,3,0.865584
P_566046,16,0.841361
P_566053,11,0.860825
P_566083,6,0.884045
P_566107,1,0.889526
P_566114,7,0.847225
P_566131,11,0.837833
P_56622,3,0.867012
P_56626,10,0.881374
P_56633,6,0.893260
P_566345,2,0.871910
P_566425,12,0.835555
P_566805,21,0.875303
P_566904,16,0.861598
P_566929,13,0.886027
P_56693,14,0.871880
P_567064,27,0.844479
P_567088,1,0.900229
P_567089,12,0.894640
P_567095,4,0.879111
P_567099,3,0.894530
P_56710,6,0.884516
P_567150,11,0.879313
P_567446,15,0.855023
P_567629,11,0.857861
P_567631,6,0.843636
P_567634,6,0.868687
P_56775,14,0.874951
P_567864,9,0.884657
P_567866,4,0.884416
P_567869,6,0.876305
P_567899,9,0.851735
P_568015,0,0.888454
P_568035,6,0.888647
P_568060,7,0.862471
P_568066,5,0.892155
P_568078,7,0.872943
P_568094,7,0.888733
P_568101,17,0.860615
P_568102,12,0.886936
P_568106,6,0.877170
P_568110,11,0.876550
P_56820,5,0.845198
P_56827,21,0.825126
P_56828,9,0.873424
P_56829,8,0.853071
P_568314,12,0.835837
P_568648,12,0.870203
P_568766,7,0.879512
P_56879,3,0.891487
P_568989,12,0.848869
P_568993,7,0.881977
P_569004,13,0.854980
P_569008,9,0.836661
P_569197,6,0.842032
P_569262,22,0.849959
P_569265,10,0.858652
P_569282,7,0.870458
P_569284,12,0.850897
P_569373,6,0.880886
P_569401,9,0.880373
P_569520,7,0.864491
P_569597,6,0.863369
P_569599,2,0.859891
P_5697,7,0.825883
P_5698,11,0.834549
P_5700,13,0.863409
P_570035,12,0.873211
P_570169,3,0.864004
P_570267,13,0.864315
P_570372,9,0.879030
P_570586,5,0.881809
P_571011,7,0.879118
P_571029,9,0.886441
P_571041,8,0.844054
P_57137,8,0.893278
P_571378,5,0.864375
P_57141,8,0.861080
P_57144,10,0.896163
P_57149,9,0.880581
P_571601,2,0.862805
P_57162,5,0.882159
P_571692,5,0.865157
P_571794,10,0.872490
P_57181,10,0.859294
P_57182,8,0.864214
P_571935,11,0.897380
P_572064,5,0.878596
P_572116,9,0.892226
P_572157,7,0.884107
P_572172,10,0.871572
P_572225,6,0.859877
P_572295,12,0.884061
P_57234,11,0.867984
P_57236,8,0.889703
P_5724,9,0.853450
P_572467,9,0.849775
P_5725,5,0.866086
P_572557,1,0.906019
P_57270,9,0.876016
P_572735,11,0.885049
P_572787,7,0.849296
P_572795,11,0.865949
P_572871,7,0.899481
P_572876,7,0.869504
P_572928,17,0.830450
P_572960,5,0.870255
P_572974,9,0.888612
P_572994,12,0.868459
P_573036,8,0.865439
P_573052,9,0.884217
P_573058,11,0.879358
P_573060,4,0.876134
P_573068,8,0.882266
P_573124,6,0.885631
P_573186,8,0.825471
P_57349,11,0.892255
P_573502,7,0.848971
P_573527,10,0.833472
P_573629,27,0.852580
P_573641,9,0.866271
P_573645,7,0.890402
P_573646,9,0.858029
P_573657,10,0.872093
P_57378,3,0.834508
P_573812,7,0.856108
P_573842,5,0.874180
P_573887,7,0.862317
P_573889,8,0.853229
P_573892,9,0.852221
P_573961,5,0.866611
P_573966,4,0.884172
P_574011,8,0.866893
P_574095,11,0.880292
P_574173,13,0.853589
P_574187,3,0.878743
P_574265,4,0.877620
P_574540,27,0.871802
P_574541,6,0.862217
P_574615,7,0.819941
P_574623,7,0.836036
P_574627,5,0.846667
P_574632,8,0.829077
P_574635,16,0.801860
P_57482,4,0.903426
P_574911,9,0.885149
P_574976,13,0.888996
P_575,5,0.901823
P_575015,12,0.848034
P_575035,7,0.882989
P_575188,4,0.865834
P_575212,6,0.885783
P_575216,3,0.879183
P_575318,4,0.870121
P_575477,2,0.896754
P_575495,11,0.839898
P_575499,6,0.872366
P_575614,9,0.842967
P_575626,6,0.894883
P_575751,7,0.867244
P_57583,6,0.894490
P_575861,6,0.828077
P_575877,9,0.845788
P_576,2,0.897552
P_576088,6,0.837088
P_576292,7,0.873309
P_576295,9,0.871941
P_576398,11,0.858898
P_576412,14,0.867237
P_576559,9,0.859786
P_57669,0,0.866247
P_577310,10,0.850635
P_577322,4,0.861462
P_577346,10,0.863716
P_577422,5,0.847018
P_577492,4,0.855595
P_577630,9,0.823636
P_577632,6,0.835339
P_577633,14,0.838873
P_577635,11,0.830223
P_577637,6,0.826716
P_577639,10,0.849056
P_577644,5,0.893297
P_577722,4,0.852828
P_577724,14,0.850944
P_577725,2,0.868189
P_577733,8,0.839731
P_577734,16,0.804169
P_577736,9,0.818830
P_57777,9,0.824193
P_57786,8,0.866219
P_578090,14,0.861093
P_57811,0,0.893207
P_578110,6,0.869181
P_578255,12,0.846201
P_57844,5,0.901016
P_578512,4,0.875305
P_578630,11,0.873606
P_578632,12,0.864206
P_578633,4,0.866515
P_578637,4,0.871574
P_578642,4,0.880130
P_578647,2,0.901020
P_578865,5,0.873090
P_57889,4,0.893857
P_578966,2,0.869570
P_578974,15,0.868829
P_579004,11,0.814483
P_579043,5,0.835524
P_579075,7,0.883785
P_579403,9,0.883506
P_579404,13,0.869305
P_57946,2,0.877342
P_579589,0,0.878683
P_57967,10,0.880032
P_579834,16,0.864729
P_579858,5,0.877250
P_57991,11,0.860531
P_579923,4,0.870446
P_579930,12,0.827827
P_579931,5,0.839171
P_579932,9,0.857071
P_579933,9,0.809734
P_579937,20,0.834786
P_579998,6,0.873186
P_580,7,0.896081
P_580106,0,0.879306
P_580109,8,0.861926
P_580114,9,0.863390
P_58015,4,0.882509
P_580319,3,0.866805
P_580351,6,0.856591
P_580363,5,0.886246
P_580402,4,0.885754
P_580404,4,0.847384
P_580408,5,0.853685
P_580411,5,0.877592
P_58076,19,0.854037
P_580984,5,0.880246
P_580987,30,0.872990
P_581061,8,0.864901
P_58117,5,0.856271
P_58118,8,0.827853
P_58119,4,0.819504
P_58120,6,0.855688
P_58121,9,0.872875
P_581238,20,0.876396
P_58126,6,0.868617
P_581288,4,0.863929
P_581415,9,0.872759
P_581416,13,0.816480
P_581428,12,0.795868
P_581480,19,0.846236
P_581486,3,0.888901
P_581576,10,0.893753
P_58175,7,0.868213
P_58179,9,0.867931
P_581870,9,0.873400
P_582019,5,0.868380
P_582337,5,0.857382
P_58260,5,0.838729
P_582600,8,0.842430
P_582692,20,0.845899
P_582773,4,0.849248
P_582894,13,0.898237
P_582991,13,0.856823
P_583061,7,0.866062
P_583111,5,0.877214
P_583116,8,0.873602
P_583145,16,0.864836
P_583156,6,0.839549
P_583615,4,0.883378
P_583700,20,0.888304
P_583810,7,0.888148
P_583847,8,0.838964
P_583959,9,0.886372
P_584013,16,0.846532
P_584073,16,0.870373
P_584309,10,0.856777
P_584379,11,0.861451
P_584390,12,0.840748
P_58442,14,0.854540
P_584655,26,0.858206
P_584657,9,0.874176
P_584719,8,0.833995
P_584830,15,0.882687
P_584901,5,0.874992
P_58494,10,0.839902
P_585050,7,0.865731
P_585111,8,0.848660
P_585169,9,0.872745
P_585266,9,0.892739
P_585340,10,0.872284
P_585359,7,0.868023
P_585381,11,0.857672
P_585388,5,0.880483
P_585411,22,0.850259
P_585412,2,0.838833
P_585453,8,0.862391
P_585661,14,0.857759
P_585901,12,0.876802
P_585903,11,0.853875
P_585904,7,0.866077
P_585906,9,0.875073
P_585940,11,0.845248
P_585955,22,0.866497
P_586077,10,0.828277
P_586260,7,0.844553
P_586262,16,0.827383
P_586271,2,0.874790
P_586274,4,0.869154
P_586320,15,0.835257
P_586351,8,0.858783
P_586399,5,0.872665
P_586405,4,0.875292
P_586429,9,0.861406
P_586430,10,0.859816
P_586442,13,0.859743
P_586476,8,0.876593
P_586480,4,0.887273
P_586498,6,0.836117
P_586532,12,0.856644
P_586567,9,0.885731
P_586568,8,0.861071
P_586570,8,0.878255
P_586704,2,0.856344
P_586738,9,0.865199
P_586782,9,0.863604
P_586802,4,0.855896
P_586855,12,0.860980
P_586856,3,0.887515
P_586917,14,0.869727
P_586962,3,0.866266
P_587006,2,0.896635
P_587052,6,0.902880
P_587099,18,0.862257
P_587305,17,0.833506
P_587352,11,0.856401
P_587585,29,0.860149
P_587747,4,0.868183
P_587780,1,0.851588
P_587796,6,0.864962
P_58781,2,0.870197
P_58783,2,0.879474
P_587970,7,0.873113
P_587973,5,0.898177
P_588061,11,0.886482
P_588077,9,0.866588
P_588151,7,0.881145
P_588153,7,0.883635
P_588154,4,0.817888
P_588199,10,0.866858
P_588213,2,0.896100
P_5884,2,0.887101
P_588422,9,0.901231
P_588447,4,0.857297
P_588455,13,0.881187
P_5886,15,0.895451
P_588614,12,0.843404
P_588667,16,0.850203
P_588670,3,0.855562
P_588849,9,0.864161
P_58894,3,0.884008
P_588999,11,0.852398
P_58900,11,0.887946
P_589133,10,0.871609
P_589135,12,0.866662
P_589137,6,0.833314
P_589179,8,0.882054
P_58920,5,0.906127
P_589341,3,0.870898
P_58937,13,0.892479
P_589525,3,0.878292
P_589669,10,0.881892
P_589687,7,0.863761
P_589691,8,0.836119
P_589725,9,0.889810
P_589838,12,0.872613
P_589939,4,0.872471
P_590059,12,0.892532
P_590082,30,0.839086
P_590114,10,0.838614
P_590300,12,0.870152
P_590311,29,0.872424
P_590319,6,0.858257
P_590320,6,0.889698
P_590322,6,0.870684
P_590323,15,0.833107
P_590349,10,0.854502
P_590385,22,0.847361
P_590388,13,0.859399
P_590403,13,0.859243
P_590424,14,0.875916
P_590426,12,0.860736
P_590429,17,0.846897
P_590541,15,0.864430
P_590605,9,0.864787
P_590608,7,0.872337
P_590617,13,0.870248
P_590640,6,0.877137
P_590773,13,0.837834
P_590799,3,0.879165
P_590800,15,0.885614
P_59082,2,0.874702
P_59099,5,0.853175
P_59102,11,0.838672
P_59103,7,0.864434
P_59113,1,0.899141
P_591160,7,0.883932
P_591181,10,0.890034
P_591183,12,0.865852
P_591184,9,0.887001
P_5912,16,0.872541
P_591343,10,0.872749
P_591373,14,0.871101
P_591381,12,0.856519
P_591385,7,0.853853
P_591387,15,0.832161
P_591388,8,0.894317
P_59149,6,0.829401
P_59152,6,0.839576
P_591547,4,0.874303
P_591673,2,0.883942
P_59169,6,0.886943
P_5917,1,0.875766
P_5918,8,0.872577
P_591958,5,0.865901
P_592007,10,0.838900
P_592017,3,0.892752
P_59203,16,0.827737
P_59204,5,0.826189
P_592111,6,0.806049
P_592261,11,0.846839
P_592262,10,0.833999
P_592305,16,0.823255
P_592511,8,0.863979
P_592539,12,0.813397
P_592543,8,0.810378
P_592547,12,0.854259
P_592553,10,0.827480
P_592560,15,0.824259
P_592561,13,0.824898
P_592566,8,0.835727
P_592587,9,0.820545
P_592653,14,0.864045
P_592661,9,0.879449
P_592663,13,0.847186
P_592664,6,0.850668
P_592808,5,0.894680
P_592818,3,0.844241
P_592823,6,0.883966
P_592898,9,0.863407
P_592961,5,0.849995
P_592963,10,0.853090
P_592970,5,0.858708
P_592982,10,0.848401
P_592989,7,0.857304
P_5930,3,0.876888
P_593005,5,0.842274
P_593008,10,0.860636
P_593063,2,0.847706
P_593068,5,0.863719
P_593081,16,0.837562
P_593119,3,0.866763
P_593148,18,0.820408
P_593151,9,0.825686
P_593155,18,0.858501
P_593181,4,0.870655
P_593182,8,0.875786
P_593183,5,0.857565
P_59319,2,0.887577
P_593200,5,0.870444
P_593296,13,0.842936
P_593304,6,0.879010
P_593428,11,0.875972
P_593495,2,0.844879
P_593529,5,0.841299
P_593532,9,0.852565
P_593575,9,0.853430
P_59362,12,0.903573
P_593629,13,0.868907
P_593638,22,0.831818
P_593685,15,0.881190
P_593711,2,0.852245
P_593771,5,0.815476
P_5938,15,0.879548
P_593821,8,0.856319
P_593863,12,0.811214
P_593874,8,0.866285
P_593930,14,0.872039
P_593981,12,0.881429
P_594,10,0.877027
P_594103,5,0.843007
P_594119,12,0.848123
P_594137,3,0.873089
P_594168,2,0.857640
P_594174,7,0.852234
P_594202,8,0.834662
P_594204,11,0.888337
P_594205,11,0.849013
P_594215,7,0.864092
P_594234,11,0.867141
P_594237,7,0.850507
P_594335,6,0.851020
P_594347,9,0.884269
P_594348,12,0.888463
P_594414,7,0.882670
P_59457,17,0.857987
P_59461,10,0.876940
P_594632,3,0.842847
P_594655,7,0.829338
P_594694,13,0.852910
P_594745,14,0.850119
P_59480,12,0.901388
P_594961,6,0.872897
P_595,16,0.870726
P_595067,10,0.881248
P_595070,1,0.896734
P_595165,10,0.854994
P_595198,4,0.866454
P_5952,0,0.884034
P_59530,4,0.858596
P_595346,2,0.819833
P_595412,5,0.875900
P_595434,2,0.854101
P_595441,7,0.856362
P_595445,12,0.856464
P_595448,18,0.868979
P_595450,4,0.814335
P_595451,6,0.818558
P_595499,18,0.893461
P_595513,12,0.848459
P_59552,7,0.886332
P_595535,6,0.849304
P_595707,3,0.870470
P_595786,11,0.890540
P_595849,20,0.828797
P_5959,7,0.877794
P_595924,4,0.890994
P_595925,5,0.887483
P_595945,5,0.863321
P_596039,7,0.817996
P_596242,12,0.865068
P_596326,8,0.869493
P_596355,11,0.875172
P_596477,11,0.894978
P_5965,7,0.902246
P_596572,10,0.881333
P_5966,9,0.893828
P_59672,5,0.879287
P_596728,32,0.877383
P_596747,4,0.875463
P_596762,15,0.874647
P_59683,6,0.895903
P_596870,14,0.871996
P_596919,11,0.885650
P_59778,11,0.868415
P_597838,15,0.857034
P_597883,14,0.893900
P_597986,7,0.865862
P_597992,1,0.848370
P_598056,5,0.887044
P_598499,8,0.885573
P_59851,2,0.870303
P_598587,10,0.873427
P_59869,6,0.872069
P_598864,10,0.883254
P_598939,15,0.885913
P_59894,7,0.883535
P_599152,3,0.844794
P_599287,10,0.878716
P_599291,1,0.875086
P_59937,8,0.878084
P_599382,9,0.885915
P_599401,7,0.885846
P_599444,9,0.885575
P_599729,23,0.860524
P_600432,7,0.840316
P_600433,4,0.841665
P_600503,7,0.883939
P_600532,6,0.874680
P_600535,4,0.881275
P_600568,3,0.887107
P_600738,11,0.893650
P_600748,4,0.899976
P_600841,13,0.875862
P_600924,3,0.877776
P_60106,3,0.885348
P_601086,4,0.865768
P_601096,5,0.906756
P_601173,4,0.862146
P_60166,4,0.891702
P_601692,8,0.806058
P_601702,13,0.866360
P_601705,9,0.883260
P_601718,3,0.874467
P_601760,9,0.890037
P_601794,4,0.897089
P_602001,21,0.838424
P_602051,11,0.873797
P_602054,7,0.861402
P_60208,11,0.868549
P_60216,11,0.888713
P_60217,15,0.881591
P_602211,5,0.852191
P_602355,10,0.893983
P_602469,11,0.856080
P_602728,2,0.898882
P_602882,5,0.886796
P_60290,10,0.885943
P_60324,13,0.866775
P_60325,1,0.830216
P_603252,1,0.880085
P_603269,8,0.874928
P_603294,5,0.866717
P_603357,5,0.860689
P_603627,13,0.780945
P_603653,4,0.874382
P_60386,1,0.896178
P_603876,6,0.872900
P_60398,9,0.840199
P_604015,3,0.822833
P_604504,5,0.794636
P_604547,19,0.854575
P_604562,3,0.890149
P_604582,8,0.796416
P_60463,11,0.863674
P_604838,3,0.868498
P_604921,0,0.884471
P_604926,6,0.904086
P_604962,12,0.895041
P_60498,0,0.892198
P_605011,8,0.831876
P_605065,15,0.837590
P_605069,12,0.871271
P_605086,1,0.879533
P_605318,16,0.844374
P_605327,1,0.887536
P_605371,13,0.857622
P_605642,0,0.882978
P_605775,11,0.889133
P_605802,8,0.890915
P_605970,4,0.894462
P_606043,11,0.801486
P_606047,7,0.826380
P_60605,13,0.886282
P_606060,11,0.892528
P_60612,8,0.891202
P_60623,5,0.893368
P_606285,12,0.880269
P_606830,10,0.859094
P_606887,2,0.890508
P_606911,1,0.819919
P_606994,14,0.892812
P_607048,4,0.864176
P_60714,11,0.859459
P_607353,9,0.849066
P_607441,2,0.871770
P_60753,10,0.870751
P_60764,5,0.885656
P_607658,22,0.843732
P_607667,13,0.827141
P_607843,10,0.841015
P_608068,5,0.898580
P_608104,10,0.897867
P_608287,6,0.883183
P_608292,5,0.881361
P_608405,0,0.863748
P_608422,17,0.853497
P_608546,8,0.865379
P_608557,2,0.889913
P_608628,8,0.878752
P_60871,5,0.841678
P_60875,1,0.879190
P_608786,7,0.852964
P_608852,3,0.851074
P_608886,7,0.882866
P_60891,7,0.849571
P_609019,20,0.856056
P_609023,5,0.808975
P_609024,22,0.862290
P_609090,12,0.871396
P_60910,3,0.849559
P_60914,5,0.883579
P_609289,9,0.791691
P_609362,1,0.847807
P_609600,6,0.820686
P_609804,8,0.849764
P_609858,17,0.826387
P_609991,6,0.895290
P_610110,5,0.897923
P_610231,1,0.897989
P_610361,8,0.888855
P_610419,10,0.880377
P_610426,2,0.867502
P_610469,18,0.881750
P_610482,14,0.876350
P_610655,11,0.874396
P_610672,13,0.857712
P_610718,8,0.895437
P_610800,11,0.856478
P_611088,2,0.873176
P_611093,7,0.855260
P_611159,13,0.846979
P_611163,8,0.867820
P_611192,10,0.882164
P_611230,11,0.877626
P_611236,11,0.869957
P_611237,17,0.850853
P_611241,10,0.865465
P_611259,12,0.866107
P_611400,5,0.843655
P_611403,7,0.891479
P_611431,12,0.871252
P_611432,5,0.878790
P_61153,11,0.888305
P_611626,0,0.879660
P_611661,9,0.882398
P_611683,13,0.883448
P_61169,10,0.893257
P_611808,3,0.874034
P_61185,13,0.848121
P_61190,12,0.841097
P_611966,15,0.864373
P_61199,3,0.855692
P_61209,17,0.871295
P_61214,10,0.819363
P_61217,13,0.853889
P_61219,9,0.835426
P_61220,10,0.888708
P_612236,3,0.861385
P_612266,14,0.881935
P_612433,10,0.883893
P_61273,5,0.879700
P_61274,4,0.838873
P_61293,3,0.865434
P_61294,6,0.861685
P_613002,12,0.874158
P_613006,7,0.867746
P_61302,12,0.831260
P_613023,10,0.884142
P_613025,9,0.891106
P_61307,12,0.835723
P_61308,9,0.884753
P_613137,11,0.858975
P_613317,6,0.890701
P_613429,3,0.898362
P_613431,13,0.894451
P_61348,7,0.868477
P_613488,8,0.860344
P_61352,9,0.858541
P_61353,11,0.886318
P_613548,10,0.867800
P_61356,11,0.865260
P_61358,11,0.866767
P_61359,20,0.845433
P_61362,9,0.850851
P_613629,8,0.876567
P_613638,11,0.878270
P_613777,8,0.854733
P_614099,17,0.861728
P_614159,5,0.864459
P_614305,0,0.876912
P_614322,11,0.805886
P_614372,4,0.888775
P_61448,16,0.898132
P_61456,16,0.881117
P_614929,3,0.887678
P_614954,3,0.876265
P_615033,4,0.822342
P_61539,20,0.861174
P_615422,5,0.887500
P_61574,15,0.862103
P_6158,9,0.872552
P_615821,4,0.857918
P_616093,4,0.894374
P_616109,3,0.876712
P_6163,6,0.857797
P_61634,11,0.898717
P_616776,14,0.835617
P_616814,7,0.868363
P_616827,5,0.879463
P_616909,8,0.884876
P_617114,13,0.850799
P_617118,13,0.847536
P_617129,4,0.820941
P_61714,6,0.881177
P_617170,13,0.858336
P_617270,17,0.838897
P_617761,7,0.885562
P_617779,7,0.876669
P_617970,7,0.858607
P_618342,3,0.876928
P_618370,11,0.859748
P_618567,10,0.895459
P_618654,13,0.875725
P_618688,4,0.877137
P_618893,13,0.863999
P_619014,12,0.807204
P_619019,22,0.835363
P_61923,3,0.891071
P_619233,2,0.879348
P_61924,1,0.870623
P_61927,10,0.884364
P_61929,3,0.886228
P_619320,3,0.845859
P_61933,9,0.864949
P_61934,9,0.842500
P_619342,4,0.795810
P_61935,17,0.845164
P_61936,6,0.851518
P_61939,7,0.876937
P_619468,6,0.875415
P_619514,8,0.853382
P_619653,3,0.876770
P_619665,18,0.830662
P_619669,10,0.749842
P_619675,11,0.838176
P_619692,6,0.864666
P_619709,7,0.860149
P_619732,6,0.887620
P_619766,6,0.897820
P_619771,4,0.887942
P_620012,7,0.889482
P_62003,10,0.867036
P_62005,6,0.866697
P_620062,8,0.893725
P_620189,8,0.874583
P_620307,10,0.853769
P_620342,4,0.866489
P_620345,2,0.868125
P_620394,6,0.855769
P_620490,6,0.880380
P_620576,5,0.893064
P_620591,2,0.860276
P_620599,13,0.839815
P_620600,3,0.884223
P_620690,8,0.898045
P_62084,9,0.895476
P_620918,8,0.872829
P_620953,10,0.885393
P_620990,18,0.884022
P_621109,13,0.863409
P_621125,1,0.876369
P_621165,10,0.889328
P_621326,8,0.888057
P_62137,7,0.874458
P_621502,17,0.871596
P_6216,6,0.881610
P_6217,8,0.835155
P_62179,14,0.880420
P_621916,3,0.880127
P_62192,2,0.888883
P_621983,3,0.870091
P_621985,4,0.864691
P_622106,4,0.872083
P_622129,9,0.855413
P_622150,9,0.891204
P_622157,5,0.850152
P_622223,14,0.827622
P_622282,1,0.884841
P_62250,3,0.872066
P_62254,10,0.881228
P_622828,16,0.882985
P_623,9,0.869522
P_62300,10,0.902616
P_623097,17,0.871276
P_623120,12,0.858689
P_62322,9,0.877428
P_623290,6,0.899021
P_623511,11,0.862758
P_623542,2,0.878029
P_623580,11,0.886716
P_62369,5,0.899200
P_623744,5,0.868823
P_62390,3,0.900614
P_62391,4,0.883558
P_624,2,0.869399
P_624138,11,0.861020
P_624158,4,0.866298
P_62429,4,0.875496
P_62435,14,0.886612
P_624351,10,0.864958
P_62439,14,0.872492
P_624392,1,0.845769
P_62440,6,0.842029
P_62443,9,0.854924
P_624451,10,0.885650
P_624463,4,0.880356
P_624481,0,0.871331
P_624586,3,0.872149
P_624675,8,0.864539
P_624693,5,0.868507
P_62475,4,0.891571
P_62476,3,0.838284
P_624778,10,0.887172
P_624804,7,0.883954
P_624864,12,0.892879
P_624865,5,0.877747
P_6249,9,0.889267
P_624905,0,0.882102
P_624910,11,0.876752
P_624920,7,0.872365
P_625,4,0.858455
P_625034,3,0.890627
P_6252,18,0.889421
P_625224,15,0.863728
P_625275,2,0.892254
P_625745,11,0.901215
P_62587,13,0.872372
P_625876,8,0.846624
P_626,3,0.880877
P_6260,8,0.893941
P_626161,9,0.873755
P_626254,7,0.861835
P_626351,11,0.835356
P_626488,10,0.857022
P_626552,4,0.879854
P_626563,8,0.834846
P_626567,9,0.816603
P_626568,11,0.871142
P_626581,5,0.871592
P_626594,21,0.830782
P_626595,10,0.873788
P_62680,3,0.893055
P_626885,5,0.867586
P_62697,20,0.850264
P_627,6,0.871026
P_627286,8,0.853398
P_627433,4,0.864704
P_62782,11,0.841931
P_627849,12,0.855397
P_627850,4,0.847298
P_62787,6,0.875726
P_62788,6,0.839909
P_627890,1,0.860424
P_62790,19,0.826677
P_62792,8,0.867938
P_627922,9,0.878213
P_628,8,0.863402
P_628318,0,0.851070
P_628335,5,0.839772
P_628472,11,0.887228
P_628593,4,0.850680
P_628705,11,0.878638
P_628715,9,0.871266
P_628872,7,0.852427
P_629007,7,0.866348
P_629142,13,0.808915
P_6292,6,0.886799
P_629323,10,0.899607
P_629334,4,0.891713
P_6294,4,0.882851
P_629583,5,0.821767
P_62987,10,0.891761
P_62994,9,0.905368
P_630314,23,0.839537
P_630321,7,0.828303
P_630461,13,0.874234
P_630534,7,0.860881
P_630603,27,0.828899
P_630778,6,0.865789
P_630779,8,0.877493
P_630934,6,0.869336
P_63096,4,0.891419
P_63103,15,0.867070
P_63104,17,0.873427
P_63105,7,0.878507
P_63108,4,0.896663
P_631442,3,0.864643
P_631476,10,0.849775
P_631477,23,0.860214
P_631506,10,0.888851
P_631781,2,0.887089
P_631815,10,0.876694
P_631817,5,0.862119
P_631891,4,0.885076
P_631988,14,0.860549
P_632161,12,0.848214
P_632372,9,0.851801
P_632598,5,0.876186
P_63295,10,0.897138
P_63299,6,0.884533
P_632993,5,0.889027
P_633216,11,0.876392
P_63336,8,0.873298
P_633412,12,0.865728
P_633600,9,0.851653
P_633635,1,0.871207
P_633883,2,0.890811
P_633909,5,0.858848
P_634041,6,0.825676
P_634242,4,0.878739
P_634267,2,0.883577
P_634423,3,0.882092
P_63445,6,0.883014
P_634788,10,0.852452
P_634835,8,0.859944
P_634938,12,0.858703
P_634945,10,0.828148
P_635255,1,0.830183
P_63538,12,0.848520
P_63543,9,0.866628
P_635449,6,0.888626
P_635626,13,0.874191
P_635823,2,0.877536
P_6359,13,0.897598
P_635926,12,0.843226
P_63598,9,0.902376
P_63599,10,0.855280
P_63600,11,0.876085
P_63601,15,0.881383
P_63605,8,0.887700
P_63611,9,0.877937
P_63613,6,0.883771
P_636287,8,0.882477
P_6363,7,0.874880
P_636442,14,0.889539
P_636555,4,0.897213
P_636568,8,0.824684
P_636735,5,0.854607
P_636764,7,0.873664
P_63684,2,0.849399
P_636934,12,0.890570
P_637074,3,0.842977
P_637222,11,0.855333
P_637338,3,0.891410
P_637396,6,0.866418
P_637444,3,0.871644
P_6375,9,0.897164
P_637524,9,0.897252
P_637615,2,0.870820
P_637734,9,0.892425
P_637863,8,0.858525
P_63796,12,0.844970
P_638420,4,0.847258
P_638422,3,0.882856
P_638423,10,0.888074
P_638424,5,0.891049
P_638425,8,0.852396
P_638426,8,0.859525
P_638427,19,0.865972
P_638428,2,0.870540
P_638442,10,0.843807
P_63854,4,0.851750
P_638547,8,0.840685
P_63855,4,0.821288
P_638569,14,0.845658
P_638592,1,0.851613
P_638618,7,0.863289
P_638634,8,0.877288
P_6387,16,0.854062
P_63878,14,0.888169
P_63885,7,0.866067
P_63888,7,0.865720
P_63890,3,0.889236
P_639257,10,0.861918
P_639347,12,0.876149
P_639416,10,0.883581
P_639519,4,0.867967
P_63992,3,0.871651
P_63993,4,0.863464
P_640011,1,0.868574
P_640145,4,0.888082
P_6403,13,0.898355
P_640337,8,0.875960
P_640346,5,0.855515
P_640347,7,0.783514
P_640396,12,0.845928
P_6404,9,0.893012
P_640414,15,0.858864
P_640415,9,0.875685
P_640461,10,0.773444
P_640471,7,0.838129
P_640486,16,0.809104
P_640491,12,0.813378
P_640495,11,0.804434
P_640498,6,0.805612
P_640544,13,0.873237
P_640612,7,0.783627
P_640728,6,0.888044
P_640788,9,0.900528
P_640896,5,0.852940
P_640897,3,0.813898
P_640898,7,0.816087
P_640972,5,0.879359
P_641150,19,0.841797
P_641155,13,0.872716
P_641156,17,0.841797
P_641309,15,0.865596
P_641316,4,0.879517
P_641390,13,0.878049
P_641400,5,0.877581
P_641449,6,0.890646
P_641579,13,0.864773
P_641597,4,0.843931
P_641603,17,0.836055
P_641614,11,0.885810
P_641646,6,0.887673
P_6417,17,0.890599
P_641716,13,0.850175
P_641817,11,0.866637
P_641827,10,0.864293
P_641949,9,0.875086
P_642,8,0.899033
P_642219,13,0.865388
P_642246,9,0.858927
P_642417,17,0.839811
P_642493,8,0.859838
P_642551,13,0.863030
P_642667,8,0.842183
P_642713,4,0.880336
P_642777,17,0.858785
P_64284,11,0.900690
P_642871,9,0.875407
P_64295,5,0.851958
P_643097,7,0.849767
P_643259,15,0.864101
P_643294,10,0.868628
P_64337,7,0.877297
P_64338,9,0.868596
P_6435,2,0.881367
P_643679,7,0.881381
P_6437,8,0.886184
P_64371,5,0.884588
P_64375,12,0.870932
P_64376,9,0.890077
P_64377,9,0.861428
P_64378,15,0.857245
P_64379,13,0.871168
P_6439,4,0.877880
P_64390,11,0.881647
P_64394,13,0.871096
P_64395,12,0.850401
P_643954,7,0.896643
P_64398,2,0.883208
P_64402,17,0.874968
P_644146,8,0.836797
P_644348,3,0.887066
P_644428,4,0.841780
P_64445,12,0.851809
P_644518,7,0.895645
P_644558,7,0.866662
P_64458,13,0.838392
P_64462,4,0.898012
P_64463,8,0.858458
P_64467,11,0.886547
P_644717,9,0.883084
P_644799,5,0.874590
P_64487,21,0.858570
P_644878,8,0.835464
P_645025,11,0.869309
P_645050,9,0.884211
P_64516,12,0.857899
P_64517,23,0.825187
P_64520,7,0.888085
P_645251,13,0.836572
P_645426,24,0.854723
P_645430,8,0.821233
P_645437,5,0.852833
P_645442,10,0.880947
P_645642,1,0.889998
P_645660,16,0.882748
P_645662,9,0.835242
P_645663,13,0.847705
P_645664,8,0.869851
P_645668,5,0.807951
P_645669,3,0.855572
P_645744,5,0.850121
P_64577,16,0.848820
P_64594,11,0.865942
P_645956,7,0.881513
P_64596,5,0.837818
P_64597,17,0.868482
P_645987,10,0.880466
P_64600,30,0.839628
P_646060,1,0.886712
P_646112,3,0.874153
P_64627,13,0.833873
P_64630,9,0.856445
P_64631,13,0.865938
P_64634,18,0.852014
P_646354,13,0.865929
P_646407,8,0.856137
P_646409,10,0.817274
P_646499,9,0.862410
P_6465,12,0.894524
P_64650,1,0.879195
P_64653,10,0.861112
P_64656,17,0.847043
P_64658,7,0.868323
P_64660,11,0.857171
P_64661,3,0.858301
P_64663,24,0.824485
P_646647,10,0.859668
P_646724,8,0.882287
P_646773,13,0.843002
P_646792,3,0.855393
P_646804,9,0.830887
P_64681,6,0.877013
P_646849,15,0.858958
P_646957,17,0.857399
P_646988,5,0.868389
P_647000,4,0.863905
P_647035,10,0.828769
P_647114,20,0.842262
P_647459,10,0.881716
P_647480,4,0.837370
P_647487,1,0.875381
P_647534,1,0.889931
P_647628,5,0.889486
P_64766,2,0.863656
P_64767,11,0.888300
P_64768,5,0.856639
P_647689,3,0.868924
P_647691,12,0.860218
P_647797,17,0.865675
P_648076,6,0.854842
P_648079,7,0.867491
P_648080,6,0.841251
P_648082,4,0.877867
P_648084,8,0.825171
P_648085,15,0.871542
P_648086,18,0.869997
P_648087,15,0.843793
P_648131,13,0.888341
P_648153,6,0.869010
P_648441,8,0.858006
P_648470,15,0.860464
P_648558,9,0.826407
P_648579,7,0.887012
P_648673,30,0.846307
P_648704,10,0.827360
P_648722,13,0.865256
P_6488,5,0.880943
P_648940,16,0.864268
P_648987,13,0.887108
P_648989,19,0.893787
P_649012,8,0.849655
P_649202,4,0.887440
P_649255,4,0.883837
P_649272,2,0.887217
P_64929,4,0.881236
P_649499,6,0.860559
P_649593,15,0.848634
P_649711,6,0.807858
P_649782,14,0.875022
P_649791,17,0.884946
P_649809,6,0.884708
P_649820,6,0.878125
P_649827,7,0.876991
P_649852,15,0.886903
P_649899,7,0.825604
P_649951,13,0.845367
P_650057,1,0.875137
P_650241,9,0.807249
P_650317,10,0.876013
P_650342,1,0.892578
P_650384,4,0.861595
P_650395,4,0.879829
P_65052,6,0.840059
P_650689,7,0.833385
P_650696,8,0.834647
P_651184,4,0.896563
P_651457,13,0.852020
P_651504,11,0.868974
P_651507,19,0.871740
P_651539,13,0.834529
P_65159,12,0.882809
P_651710,7,0.881075
P_651807,5,0.882592
P_651866,6,0.887658
P_651868,13,0.895659
P_651893,6,0.898147
P_651911,2,0.877568
P_651964,5,0.871331
P_651993,4,0.901706
P_652486,12,0.863488
P_652552,10,0.868739
P_652556,13,0.859201
P_652601,7,0.854831
P_65261,7,0.882279
P_652763,2,0.862428
P_652800,22,0.853548
P_652806,3,0.876840
P_652810,16,0.846938
P_652816,0,0.858285
P_652820,8,0.851242
P_652858,10,0.884086
P_652886,9,0.857280
P_652892,20,0.869993
P_652901,3,0.873158
P_652909,11,0.897214
P_652915,8,0.867742
P_652947,8,0.878755
P_65304,10,0.877224
P_653040,5,0.839151
P_653046,13,0.881106
P_653068,8,0.845707
P_653152,5,0.844811
P_65327,9,0.824126
P_65330,8,0.834814
P_653321,3,0.860505
P_6536,14,0.870436
P_653679,19,0.898960
P_6537,6,0.866255
P_653757,9,0.853057
P_65382,11,0.856916
P_653838,6,0.872116
P_65384,10,0.869227
P_65387,3,0.874401
P_65392,2,0.877541
P_653924,5,0.888639
P_65393,5,0.857242
P_6540,8,0.832728
P_654038,10,0.806434
P_654040,9,0.879917
P_654059,5,0.900429
P_654163,18,0.854954
P_6543,8,0.877565
P_654503,9,0.890545
P_654649,11,0.853737
P_654778,4,0.827053
P_654791,14,0.849202
P_654877,10,0.884814
P_6550,3,0.883272
P_655057,9,0.867999
P_655060,22,0.875140
P_6551,3,0.870598
P_655188,16,0.865983
P_6552,8,0.867593
P_655290,11,0.815068
P_6553,5,0.887240
P_655300,14,0.819637
P_655473,19,0.820805
P_655537,4,0.842320
P_655966,16,0.868746
P_655992,0,0.846102
P_656,3,0.895882
P_65604,6,0.884113
P_656047,9,0.885814
P_656051,7,0.890925
P_65608,8,0.852097
P_65611,18,0.839403
P_65613,11,0.815704
P_656131,10,0.875181
P_656132,5,0.880184
P_656158,1,0.877353
P_65616,16,0.870590
P_656865,6,0.865274
P_65693,14,0.888542
P_657157,7,0.886005
P_657197,9,0.879484
P_657201,2,0.886043
P_657291,9,0.852671
P_657407,15,0.839817
P_657433,11,0.838396
P_657489,13,0.876326
P_657511,3,0.898599
P_657520,9,0.866026
P_657911,3,0.869677
P_658021,12,0.864397
P_658027,13,0.864510
P_658031,19,0.868568
P_658034,24,0.855124
P_658069,12,0.841864
P_658080,10,0.811879
P_65818,5,0.901934
P_658217,18,0.823944
P_658219,9,0.874501
P_658281,11,0.882771
P_658304,11,0.837088
P_658498,9,0.872775
P_658654,2,0.876861
P_658956,7,0.873876
P_659183,5,0.870762
P_659227,14,0.851579
P_659231,11,0.844608
P_659282,14,0.885876
P_659507,5,0.879439
P_659565,5,0.874357
P_659674,18,0.856156
P_659713,6,0.889840
P_65987,3,0.885511
P_660111,14,0.857963
P_660128,2,0.875325
P_660143,18,0.852910
P_660151,10,0.857519
P_660155,1,0.862246
P_660166,4,0.858236
P_660176,7,0.868641
P_6602,10,0.884307
P_6603,9,0.889554
P_66038,5,0.910011
P_66054,9,0.884806
P_660544,10,0.860636
P_660577,6,0.821222
P_660644,6,0.870369
P_66067,7,0.890217
P_66071,8,0.876115
P_660815,7,0.875663
P_660898,9,0.847123
P_661403,1,0.861395
P_661427,5,0.872578
P_661496,13,0.850563
P_661530,3,0.885626
P_661531,9,0.854761
P_6616,6,0.898625
P_661657,5,0.833932
P_661664,8,0.848699
P_661666,8,0.859273
P_661667,3,0.866923
P_661764,8,0.861852
P_6619,14,0.900089
P_662126,10,0.865676
P_662139,12,0.849318
P_662151,18,0.843114
P_662157,8,0.843017
P_6622,13,0.871292
P_662202,6,0.865907
P_662217,10,0.875328
P_6623,3,0.895772
P_662318,5,0.883432
P_662321,16,0.865801
P_662322,12,0.867653
P_662329,9,0.855407
P_6624,4,0.892007
P_662680,7,0.871609
P_662700,7,0.852079
P_662790,16,0.861196
P_662895,5,0.874747
P_662960,2,0.872900
P_663019,8,0.886605
P_663102,7,0.857229
P_663119,10,0.887934
P_663180,3,0.879312
P_6632,10,0.901256
P_663307,7,0.873025
P_663309,6,0.888609
P_663577,7,0.805140
P_663582,10,0.780587
P_663586,6,0.821856
P_66359,8,0.853389
P_66361,7,0.860504
P_663698,9,0.869217
P_663735,16,0.866129
P_663739,10,0.866427
P_663791,12,0.884556
P_663796,10,0.859631
P_663831,10,0.898421
P_663838,11,0.873090
P_663852,5,0.890454
P_663909,17,0.835119
P_663916,14,0.874059
P_663917,15,0.858900
P_663918,11,0.880381
P_663920,4,0.850211
P_663921,16,0.881407
P_663923,4,0.855973
P_663925,27,0.875528
P_663938,16,0.839087
P_663939,4,0.870151
P_663975,8,0.868138
P_6640,2,0.887161
P_664053,15,0.849752
P_664058,10,0.849257
P_664066,18,0.846860
P_664070,8,0.860966
P_6641,3,0.872668
P_664164,4,0.892728
P_664243,6,0.851317
P_664253,7,0.820142
P_664390,9,0.843160
P_664478,9,0.856055
P_664592,6,0.866132
P_664680,16,0.876189
P_664717,3,0.876883
P_664720,17,0.881526
P_664726,7,0.862603
P_664851,14,0.850810
P_664855,10,0.865784
P_664856,18,0.844224
P_66486,10,0.853571
P_664882,3,0.854656
P_665167,8,0.869086
P_665170,8,0.889134
P_665177,16,0.872336
P_665179,18,0.874093
P_665208,11,0.833171
P_665237,5,0.860158
P_665249,6,0.869218
P_665384,8,0.900779
P_665502,11,0.874875
P_665506,17,0.848898
P_665567,14,0.778344
P_665573,6,0.795936
P_665599,2,0.864356
P_665706,7,0.888673
P_665830,3,0.866199
P_665852,13,0.880716
P_665900,10,0.890812
P_666022,8,0.887433
P_666040,1,0.862060
P_666073,11,0.824559
P_666155,3,0.868454
P_666367,5,0.839646
P_666504,2,0.864976
P_666555,6,0.866068
P_666557,21,0.869976
P_666591,7,0.860655
P_666740,5,0.861804
P_666843,8,0.838116
P_666935,5,0.888257
P_667087,3,0.887157
P_66724,10,0.896274
P_667472,16,0.892372
P_6676,3,0.889951
P_667687,15,0.873093
P_6677,9,0.884349
P_66780,4,0.896791
P_668022,16,0.857700
P_668023,19,0.836488
P_668024,8,0.867850
P_668042,15,0.823108
P_668059,13,0.802523
P_668086,6,0.862141
P_668130,6,0.877173
P_668131,6,0.858918
P_668134,7,0.890792
P_668135,7,0.853977
P_668138,2,0.854949
P_668161,3,0.836990
P_668168,6,0.842361
P_668218,18,0.826964
P_668225,11,0.859909
P_668233,14,0.851863
P_668470,7,0.838437
P_668484,10,0.850464
P_668488,11,0.854359
P_668490,6,0.875559
P_668749,11,0.866653
P_66880,5,0.901326
P_668895,10,0.889125
P_668903,11,0.877780
P_668996,15,0.850449
P_668997,30,0.857619
P_668998,4,0.833132
P_669266,14,0.873812
P_6693,8,0.883534
P_669327,17,0.853988
P_669328,4,0.854335
P_669341,6,0.887068
P_6694,14,0.873924
P_669557,1,0.890177
P_669572,5,0.879870
P_669651,7,0.868549
P_669717,4,0.839434
P_669719,7,0.858601
P_669940,7,0.871460
P_669972,8,0.884580
P_670015,5,0.861079
P_670017,7,0.883094
P_670166,4,0.850961
P_670319,3,0.890667
P_670552,4,0.880902
P_670833,9,0.875368
P_670843,10,0.843266
P_670844,16,0.854592
P_671102,6,0.865946
P_67111,3,0.896110
P_67115,11,0.867663
P_671189,3,0.863246
P_671252,6,0.862936
P_671302,6,0.872016
P_671390,9,0.880542
P_671418,16,0.854823
P_671507,10,0.892187
P_671537,11,0.873439
P_671543,3,0.875111
P_671555,11,0.863719
P_671762,2,0.865161
P_671777,4,0.898128
P_671865,7,0.873229
P_671936,14,0.805015
P_672051,6,0.882395
P_672347,2,0.886731
P_672420,12,0.844857
P_672457,8,0.862542
P_672544,8,0.852308
P_672557,5,0.846567
P_672744,5,0.869114
P_67288,3,0.870040
P_673224,20,0.861677
P_673225,7,0.882450
P_673249,11,0.840061
P_673291,4,0.876584
P_673334,13,0.859765
P_673433,16,0.821546
P_673441,22,0.807461
P_673444,4,0.831409
P_673479,14,0.890694
P_67353,1,0.893669
P_67354,5,0.839706
P_673554,17,0.812402
P_67358,4,0.892869
P_673586,14,0.863093
P_673590,3,0.879414
P_67360,11,0.899058
P_673615,10,0.847156
P_673721,8,0.866825
P_673758,6,0.887157
P_673803,2,0.887002
P_673881,15,0.869499
P_673882,6,0.875924
P_673912,20,0.876471
P_674033,6,0.855555
P_674159,12,0.902539
P_6742,8,0.856833
P_674216,4,0.893432
P_674442,7,0.799667
P_674669,8,0.898089
P_674690,16,0.860408
P_674715,2,0.881159
P_674734,6,0.861993
P_67477,10,0.900819
P_674815,8,0.834183
P_674823,14,0.842859
P_674860,8,0.885947
P_67496,10,0.894181
P_67497,1,0.890247
P_675110,1,0.785046
P_675198,2,0.891274
P_675203,4,0.883234
P_67521,3,0.885085
P_675216,13,0.858966
P_67522,16,0.849133
P_6753,7,0.887468
P_67530,7,0.901812
P_67538,5,0.824501
P_675449,11,0.817785
P_675469,10,0.828647
P_675488,11,0.827883
P_67549,4,0.876407
P_675574,13,0.825315
P_675575,9,0.819381
P_675613,8,0.841811
P_675617,10,0.853960
P_67570,3,0.870871
P_675705,2,0.853025
P_675717,10,0.849057
P_67574,0,0.887552
P_675757,15,0.803832
P_675761,8,0.798653
P_67577,4,0.874433
P_675770,10,0.855181
P_675840,6,0.834188
P_675879,13,0.798436
P_675881,4,0.820534
P_675883,7,0.804344
P_6759,10,0.891508
P_675958,9,0.873039
P_675959,12,0.855482
P_675997,11,0.861589
P_676009,18,0.861115
P_676021,4,0.875647
P_676023,8,0.860810
P_676087,3,0.882538
P_67609,14,0.833777
P_67611,7,0.867572
P_67613,4,0.887146
P_67614,7,0.871416
P_676145,4,0.813468
P_67615,3,0.873555
P_67616,12,0.869148
P_676166,2,0.890091
P_67625,6,0.862462
P_676386,18,0.894425
P_676500,3,0.886072
P_676533,9,0.845212
P_676564,1,0.854157
P_676569,13,0.833093
P_676595,3,0.856614
P_676641,3,0.854898
P_676652,8,0.886495
P_676714,4,0.893435
P_676775,8,0.855815
P_676780,14,0.843589
P_676877,11,0.889382
P_676896,6,0.822574
P_677129,8,0.867440
P_677214,11,0.872436
P_677282,7,0.865582
P_677316,19,0.854939
P_677318,22,0.859971
P_677595,4,0.880547
P_677860,9,0.884436
P_677984,3,0.842320
P_678,7,0.903558
P_678180,8,0.878549
P_678211,7,0.834092
P_678238,14,0.863901
P_6784,17,0.881302
P_678430,6,0.850143
P_67851,10,0.856280
P_678592,8,0.862872
P_678631,2,0.822086
P_678747,12,0.852935
P_678846,6,0.861512
P_678939,9,0.864155
P_678969,18,0.858000
P_679,7,0.865637
P_67902,6,0.856988
P_67909,6,0.838411
P_67913,10,0.862606
P_679155,6,0.863232
P_679161,22,0.819980
P_679163,11,0.894235
P_679165,7,0.867312
P_679171,12,0.803983
P_679179,19,0.860858
P_67922,18,0.848766
P_679309,13,0.904109
P_679424,5,0.857356
P_679442,4,0.870988
P_679584,7,0.855365
P_679631,8,0.883937
P_679648,9,0.820552
P_679728,5,0.892995
P_679780,8,0.867321
P_679830,6,0.862793
P_679875,0,0.846145
P_679878,5,0.854296
P_67995,10,0.885472
P_67999,3,0.892311
P_680,11,0.870437
P_680017,11,0.877293
P_680104,3,0.863581
P_680294,5,0.850557
P_68030,11,0.899675
P_6804,7,0.847981
P_68040,4,0.891211
P_6805,6,0.889138
P_680574,5,0.895167
P_68063,26,0.844590
P_6807,7,0.865350
P_680717,11,0.828583
P_680829,10,0.875086
P_680832,10,0.872287
P_680871,4,0.840600
P_680965,6,0.863591
P_681032,10,0.864916
P_681055,3,0.843030
P_681088,7,0.851278
P_681092,7,0.824705
P_681098,17,0.825350
P_681106,4,0.822746
P_681117,25,0.827864
P_681118,13,0.798457
P_681124,10,0.819844
P_681136,5,0.833363
P_681137,20,0.829327
P_681141,9,0.855176
P_681146,4,0.847644
P_681155,8,0.851463
P_681163,23,0.825598
P_681166,10,0.752226
P_681167,22,0.837565
P_681188,13,0.852061
P_681189,16,0.858616
P_681193,11,0.849617
P_681267,7,0.838612
P_681296,4,0.873902
P_681313,8,0.883184
P_681321,17,0.846385
P_681333,10,0.859331
P_681353,5,0.876105
P_681421,12,0.894474
P_681561,6,0.838210
P_681604,9,0.877225
P_681652,4,0.875104
P_6817,10,0.846869
P_681781,13,0.829185
P_681886,5,0.837947
P_68192,11,0.866522
P_681974,6,0.881693
P_681975,7,0.865954
P_681978,11,0.881544
P_681981,9,0.868241
P_681985,4,0.870026
P_681987,3,0.875827
P_682041,10,0.871254
P_682108,6,0.882608
P_682117,6,0.824349
P_682295,19,0.876512
P_68235,8,0.867369
P_682360,3,0.863409
P_682536,15,0.881769
P_682553,8,0.874319
P_682645,6,0.877722
P_682680,11,0.867783
P_68292,3,0.838776
P_682938,10,0.886775
P_682968,7,0.848661
P_683158,9,0.847711
P_683173,14,0.852441
P_683417,9,0.844617
P_68380,10,0.851620
P_683813,18,0.849381
P_683821,7,0.868589
P_683954,14,0.860511
P_683985,11,0.875094
P_684109,10,0.868114
P_684149,18,0.877413
P_684160,12,0.818026
P_684166,14,0.828948
P_684168,8,0.808496
P_684443,12,0.892219
P_684564,5,0.829860
P_684583,5,0.892285
P_68459,5,0.845707
P_684848,8,0.868669
P_684978,2,0.896290
P_685012,8,0.844179
P_685227,9,0.871060
P_685264,3,0.856805
P_685307,13,0.824134
P_685414,12,0.868818
P_685456,7,0.890539
P_685485,10,0.850090
P_685493,8,0.821948
P_685575,8,0.890836
P_685636,10,0.848733
P_685637,11,0.865671
P_685650,16,0.891701
P_685651,8,0.866509
P_685655,7,0.857875
P_685659,17,0.880255
P_685663,3,0.893629
P_685665,24,0.867518
P_685696,16,0.884162
P_6857,8,0.855316
P_68578,10,0.824492
P_68581,8,0.891534
P_685869,3,0.876098
P_685877,4,0.883138
P_685886,9,0.880463
P_68599,14,0.871333
P_686,8,0.870792
P_686062,12,0.892631
P_686105,9,0.795115
P_686148,14,0.887971
P_686159,6,0.888862
P_686380,6,0.865677
P_686396,11,0.846332
P_686425,5,0.844579
P_686444,19,0.860942
P_686494,8,0.854369
P_686501,2,0.854972
P_686502,5,0.846068
P_686777,3,0.807253
P_686795,14,0.873281
P_686835,22,0.869826
P_686838,13,0.872339
P_686879,8,0.865126
P_6869,6,0.846219
P_686981,9,0.872080
P_686982,5,0.866855
P_686983,9,0.861936
P_686984,10,0.802548
P_686985,21,0.890939
P_686996,6,0.873239
P_686998,13,0.894822
P_687,5,0.865181
P_6870,5,0.878482
P_687021,7,0.880950
P_687036,8,0.836436
P_687040,3,0.831632
P_687133,6,0.879297
P_687138,11,0.879340
P_687139,9,0.893130
P_68714,3,0.890081
P_687208,11,0.880862
P_68722,7,0.892291
P_687466,14,0.886357
P_687473,12,0.876786
P_687491,5,0.841512
P_687584,5,0.891205
P_687681,9,0.885702
P_687779,7,0.845385
P_687994,0,0.792158
P_688,8,0.884094
P_6880,9,0.890849
P_688071,6,0.895321
P_688178,10,0.866901
P_688360,11,0.842279
P_688618,9,0.878770
P_688625,3,0.874090
P_688722,3,0.864202
P_688882,7,0.880558
P_688891,3,0.874588
P_68897,7,0.892933
P_68898,4,0.883647
P_688980,5,0.815956
P_689205,8,0.875027
P_689209,22,0.857842
P_689223,10,0.877030
P_689254,3,0.884568
P_689269,16,0.855693
P_689313,8,0.864591
P_689477,5,0.796303
P_689706,5,0.828945
P_689801,7,0.832879
P_690001,15,0.860190
P_690192,7,0.799646
P_690195,4,0.891918
P_690200,4,0.874873
P_690205,15,0.874162
P_690225,12,0.890885
P_690346,10,0.877631
P_690348,8,0.869126
P_690397,6,0.841364
P_690449,5,0.831332
P_690454,2,0.836191
P_690459,1,0.903124
P_690533,13,0.838247
P_690537,11,0.856026
P_69073,4,0.853364
P_69074,10,0.865860
P_690758,10,0.894127
P_690767,1,0.817936
P_69077,11,0.875356
P_69078,12,0.852633
P_69080,22,0.858302
P_690826,10,0.880028
P_690984,5,0.862846
P_691070,3,0.887129
P_691118,7,0.878558
P_691131,5,0.891338
P_691142,12,0.870750
P_691458,6,0.878296
P_691459,8,0.834736
P_691668,10,0.852454
P_691727,0,0.899063
P_691890,9,0.901725
P_691921,23,0.834565
P_692038,9,0.901901
P_692142,1,0.837279
P_69225,3,0.900389
P_692357,5,0.884979
P_692360,3,0.875462
P_692364,11,0.883277
P_692693,6,0.854789
P_692712,7,0.879272
P_692841,6,0.863430
P_69288,9,0.859379
P_69289,9,0.893462
P_693094,12,0.822545
P_69312,8,0.855939
P_693292,10,0.891291
P_69356,8,0.852785
P_693624,17,0.877201
P_6939,12,0.890666
P_693960,4,0.892823
P_694000,1,0.883173
P_694077,6,0.882951
P_694136,9,0.861772
P_694169,4,0.876891
P_694333,1,0.832850
P_694504,4,0.878226
P_694615,8,0.866354
P_694622,7,0.885970
P_694674,1,0.876147
P_694776,7,0.844370
P_694785,8,0.850245
P_695033,2,0.875488
P_695103,8,0.890428
P_695192,1,0.872944
P_695195,7,0.894894
P_695403,12,0.854528
P_695415,3,0.837973
P_695446,2,0.881908
P_69550,9,0.868330
P_695635,9,0.869866
P_695733,2,0.894309
P_696047,7,0.827254
P_69619,7,0.835998
P_696277,10,0.882843
P_696313,6,0.900834
P_69656,4,0.866048
P_696742,11,0.841551
P_696760,11,0.878940
P_697070,3,0.851539
P_697100,9,0.879899
P_697212,13,0.868761
P_697519,11,0.884647
P_697785,7,0.893590
P_69779,8,0.900237
P_697814,13,0.868731
P_697878,5,0.859266
P_698155,8,0.881307
P_69820,5,0.890998
P_69826,9,0.863750
P_698286,10,0.857819
P_698349,3,0.851546
P_698375,8,0.898778
P_698509,18,0.871863
P_698510,8,0.885750
P_698554,13,0.885016
P_698633,9,0.847334
P_6987,13,0.856834
P_698843,4,0.807270
P_698853,5,0.802258
P_698871,4,0.842545
P_698895,4,0.852174
P_698923,4,0.807828
P_698990,5,0.872009
P_699033,6,0.861903
P_69914,13,0.856716
P_699328,6,0.831781
P_69943,14,0.831217
P_69945,6,0.832016
P_69946,2,0.875776
P_69947,13,0.866435
P_69948,7,0.860524
P_699500,1,0.870210
P_69959,11,0.857475
P_699625,5,0.833955
P_699684,7,0.823553
P_69970,2,0.855371
P_699712,1,0.816736
P_69974,10,0.876996
P_699745,11,0.859706
P_699746,5,0.871646
P_699789,9,0.843770
P_699955,6,0.866927
P_700084,9,0.896507
P_700134,21,0.864924
P_700187,5,0.854214
P_700219,4,0.884295
P_700712,10,0.888638
P_700725,9,0.888073
P_700755,14,0.896047
P_701043,3,0.841833
P_701072,2,0.881258
P_701174,8,0.837346
P_701274,2,0.889937
P_701283,4,0.864167
P_701301,5,0.872439
P_701307,5,0.822735
P_701392,2,0.880934
P_70143,5,0.887035
P_70150,10,0.855907
P_701521,10,0.824877
P_701662,11,0.886120
P_70167,4,0.874462
P_70168,10,0.880965
P_701775,8,0.849922
P_70182,14,0.876274
P_701847,6,0.882358
P_70190,7,0.820461
P_70196,6,0.881121
P_702005,10,0.885387
P_702230,5,0.878450
P_70227,11,0.868154
P_702429,8,0.853346
P_702435,9,0.859469
P_70266,9,0.859536
P_7027,5,0.901080
P_7028,7,0.868363
P_702860,5,0.851535
P_702900,3,0.892105
P_702943,10,0.859944
P_702954,8,0.882159
P_703051,2,0.857963
P_703155,18,0.891656
P_7032,8,0.871257
P_703225,8,0.862283
P_703297,27,0.881149
P_703342,13,0.879210
P_703391,7,0.876430
P_703413,7,0.875702
P_703415,10,0.884294
P_703643,7,0.889957
P_703739,17,0.823016
P_703750,4,0.900855
P_703850,9,0.860077
P_703983,6,0.868142
P_70401,8,0.855192
P_704104,5,0.854175
P_704173,9,0.852678
P_70437,5,0.882767
P_704667,11,0.844517
P_704779,4,0.891390
P_704845,12,0.881669
P_704961,9,0.873065
P_705162,5,0.874027
P_705163,7,0.860678
P_70528,8,0.869780
P_70550,4,0.854712
P_705513,2,0.871443
P_70567,3,0.865570
P_705674,3,0.883120
P_70569,15,0.828731
P_705845,3,0.805330
P_706,12,0.849604
P_706011,4,0.884252
P_70608,7,0.904612
P_706207,2,0.893907
P_706398,8,0.877243
P_706618,6,0.862534
P_706824,9,0.836005
P_706845,1,0.814196
P_706969,14,0.878243
P_706972,7,0.869238
P_706973,5,0.866596
P_706977,14,0.863220
P_707076,13,0.870495
P_707096,9,0.878040
P_707126,6,0.896774
P_707151,7,0.864109
P_707164,7,0.870661
P_707242,6,0.860958
P_707246,19,0.839595
P_707247,13,0.839616
P_707248,8,0.852115
P_707306,6,0.900114
P_707346,7,0.847959
P_707347,12,0.870606
P_707390,3,0.892643
P_707412,0,0.879120
P_70746,8,0.849395
P_707521,9,0.875756
P_707618,24,0.898048
P_707688,3,0.852206
P_707740,3,0.869612
P_70785,18,0.881272
P_70788,11,0.868439
P_708038,3,0.896940
P_708041,3,0.889533
P_708214,3,0.801439
P_70824,8,0.887209
P_70825,5,0.876561
P_7084,4,0.869174
P_708516,3,0.877968
P_70862,4,0.899637
P_708875,14,0.861084
P_70888,9,0.854055
P_708888,7,0.881533
P_709167,11,0.887147
P_709293,1,0.876142
P_709327,4,0.851139
P_709482,18,0.846060
P_70959,4,0.867603
P_709631,9,0.879161
P_709760,6,0.877252
P_710064,7,0.881814
P_71011,5,0.899890
P_710366,22,0.849073
P_710379,10,0.854992
P_710383,1,0.855241
P_710388,21,0.885535
P_710508,4,0.869845
P_71059,8,0.893538
P_710606,8,0.885405
P_710614,13,0.889001
P_71062,17,0.898008
P_710625,2,0.859282
P_710681,11,0.859138
P_710771,10,0.858158
P_710830,8,0.858295
P_710929,8,0.830500
P_711018,6,0.862300
P_711084,7,0.860427
P_711088,24,0.871884
P_711092,27,0.834803
P_711096,6,0.866067
P_711103,23,0.873808
P_711108,7,0.857124
P_711143,8,0.805794
P_711185,3,0.859574
P_7112,12,0.842368
P_711262,5,0.874183
P_711286,19,0.869680
P_711288,11,0.831118
P_711338,13,0.830520
P_711364,13,0.863519
P_711591,15,0.851301
P_7116,3,0.863251
P_7117,12,0.864057
P_711796,2,0.902529
P_711816,3,0.890553
P_71194,4,0.888361
P_712087,3,0.887732
P_712200,7,0.894598
P_712248,3,0.882061
P_712365,13,0.886902
P_712400,8,0.860780
P_712415,10,0.880836
P_71250,7,0.873503
P_712604,5,0.895320
P_712670,11,0.883965
P_712674,14,0.861506
P_712680,12,0.865821
P_712796,12,0.826685
P_712798,7,0.844448
P_712841,6,0.891990
P_71288,18,0.837439
P_712991,4,0.872879
P_712992,7,0.828665
P_712996,6,0.878867
P_712999,3,0.895198
P_713012,3,0.903968
P_713018,4,0.855694
P_713041,5,0.808683
P_713189,6,0.900673
P_713334,18,0.847980
P_713364,2,0.900763
P_713386,6,0.825932
P_713467,12,0.877864
P_71367,4,0.889241
P_713697,4,0.869055
P_713803,5,0.840771
P_713808,6,0.870422
P_713812,7,0.835931
P_713818,6,0.888364
P_713890,6,0.888791
P_713907,16,0.856259
P_714063,7,0.888339
P_714128,6,0.855568
P_714190,15,0.865858
P_714361,4,0.827589
P_714480,5,0.837741
P_714535,13,0.832808
P_714540,14,0.780625
P_714552,12,0.861425
P_714623,4,0.880556
P_714634,3,0.886510
P_714660,8,0.863658
P_714663,3,0.891008
P_71473,7,0.858358
P_71474,13,0.843969
P_71479,5,0.864527
P_71482,7,0.849732
P_714827,8,0.822157
P_714868,18,0.890139
P_714873,10,0.867246
P_714977,10,0.805133
P_714993,6,0.876566
P_715054,6,0.837531
P_715068,5,0.838373
P_71514,3,0.870765
P_71519,8,0.850527
P_715198,5,0.881971
P_715251,6,0.878344
P_715252,24,0.882152
P_715280,7,0.822672
P_715347,12,0.894009
P_715414,10,0.866663
P_715418,11,0.873886
P_715438,14,0.866413
P_715813,11,0.815675
P_715852,6,0.879998
P_715854,6,0.850172
P_715856,9,0.824216
P_715861,8,0.804528
P_715863,6,0.830500
P_715865,3,0.814462
P_715878,7,0.803095
P_715881,7,0.817902
P_715884,5,0.783386
P_715893,5,0.762226
P_715894,9,0.756673
P_715902,8,0.801828
P_716066,4,0.868308
P_716070,6,0.867591
P_716072,4,0.867827
P_716073,0,0.844339
P_716074,5,0.852044
P_716077,6,0.821665
P_716107,4,0.897740
P_716123,7,0.880165
P_71613,5,0.894239
P_716131,5,0.867722
P_716133,7,0.887488
P_716158,5,0.862145
P_716178,5,0.851466
P_716181,4,0.844807
P_716184,6,0.830618
P_71622,5,0.808854
P_716234,9,0.845413
P_716248,6,0.817622
P_71626,12,0.854774
P_716273,12,0.819609
P_716292,10,0.882464
P_716293,8,0.871647
P_716295,4,0.885752
P_716359,7,0.889486
P_716364,3,0.892928
P_716368,10,0.854122
P_716373,7,0.875303
P_716413,6,0.891906
P_716433,8,0.854170
P_716542,6,0.788406
P_716556,5,0.830907
P_716561,7,0.845731
P_716588,5,0.805432
P_716597,11,0.843807
P_71672,10,0.893787
P_716864,5,0.830066
P_717010,19,0.851785
P_717013,2,0.847661
P_717018,7,0.864029
P_717064,11,0.852861
P_717204,12,0.885010
P_717213,6,0.850353
P_717218,4,0.864121
P_717245,10,0.892889
P_717275,7,0.830398
P_71731,10,0.869756
P_717311,5,0.823095
P_717343,6,0.835171
P_717344,4,0.839669
P_717373,15,0.839850
P_717419,5,0.826343
P_717506,5,0.890780
P_717675,15,0.838892
P_717792,6,0.850221
P_717815,4,0.861629
P_717836,6,0.822638
P_718011,5,0.863680
P_718230,2,0.831916
P_718232,2,0.865330
P_718240,8,0.885898
P_718443,10,0.867216
P_718469,8,0.891270
P_718473,4,0.869358
P_718794,14,0.852458
P_718879,5,0.863443
P_718895,23,0.851853
P_719066,2,0.893205
P_719149,3,0.863272
P_719384,2,0.836936
P_719426,5,0.885825
P_71961,8,0.857235
P_719794,10,0.871873
P_7198,4,0.883730
P_719820,3,0.862932
P_720120,7,0.879706
P_720125,7,0.858474
P_720138,4,0.844584
P_720159,6,0.872407
P_7202,9,0.834294
P_720222,4,0.877717
P_720342,6,0.896331
P_720354,5,0.840094
P_720362,7,0.878463
P_72038,21,0.821433
P_720389,15,0.892392
P_72039,13,0.874134
P_720440,0,0.824715
P_720494,23,0.837764
P_720697,11,0.887383
P_720704,7,0.861716
P_720786,6,0.892555
P_720854,5,0.872107
P_720871,14,0.858270
P_720892,2,0.894355
P_720895,4,0.853822
P_721059,16,0.863633
P_721081,11,0.846715
P_721101,1,0.881438
P_721188,8,0.858877
P_721247,2,0.822039
P_721282,12,0.890632
P_721295,1,0.884046
P_721321,8,0.864937
P_721589,11,0.894485
P_72161,15,0.894020
P_721614,2,0.823475
P_72162,5,0.869428
P_721624,16,0.867583
P_721654,17,0.845997
P_721700,0,0.904535
P_721765,4,0.885127
P_721866,1,0.846395
P_721893,6,0.853729
P_722239,6,0.877888
P_722334,12,0.869311
P_722336,31,0.870419
P_722411,10,0.865061
P_722599,7,0.860488
P_722720,11,0.897792
P_722766,1,0.879395
P_722779,9,0.897087
P_722782,6,0.883015
P_722801,3,0.841630
P_722901,8,0.871322
P_722911,2,0.879060
P_722912,7,0.845106
P_722917,8,0.870189
P_722923,12,0.787319
P_722958,2,0.831384
P_722969,7,0.862580
P_723141,7,0.874941
P_723261,1,0.868575
P_7233,7,0.827924
P_723314,6,0.884014
P_723373,3,0.839692
P_723435,2,0.879267
P_723466,6,0.867731
P_723467,4,0.876156
P_723468,9,0.849294
P_723476,15,0.870210
P_723482,30,0.857414
P_723522,13,0.870876
P_723536,6,0.876038
P_723547,5,0.862333
P_723549,3,0.851989
P_723552,10,0.843664
P_723770,13,0.864554
P_723798,3,0.858823
P_723805,5,0.886477
P_72389,9,0.858569
P_724016,6,0.833861
P_724166,6,0.852438
P_724212,9,0.837978
P_724256,2,0.853704
P_724328,5,0.829152
P_72436,10,0.869919
P_72437,15,0.882925
P_72438,7,0.861807
P_7245,7,0.822894
P_724587,4,0.866120
P_724617,5,0.832198
P_724638,10,0.875446
P_7247,12,0.873574
P_724779,7,0.869417
P_724829,8,0.866177
P_7249,10,0.865750
P_724906,8,0.856407
P_724917,1,0.877314
P_725389,11,0.891316
P_72541,5,0.878137
P_725417,8,0.891441
P_72542,6,0.872899
P_725435,4,0.866226
P_725535,6,0.897732
P_72560,20,0.857654
P_7257,19,0.864121
P_725734,4,0.895911
P_725742,13,0.809628
P_725821,19,0.869007
P_725911,8,0.833145
P_725936,11,0.873171
P_72594,2,0.831106
P_72595,17,0.864674
P_7261,15,0.859631
P_72620,6,0.860446
P_726253,11,0.825580
P_726303,8,0.858699
P_72632,3,0.886169
P_726346,7,0.875380
P_726374,14,0.838193
P_726480,9,0.882210
P_7265,4,0.823068
P_72659,7,0.886687
P_726596,7,0.845348
P_7266,5,0.830196
P_72660,6,0.879244
P_726644,7,0.842337
P_726767,6,0.875780
P_72689,12,0.884814
P_726933,13,0.877354
P_727130,16,0.868149
P_727134,9,0.873481
P_727135,9,0.847913
P_72736,10,0.886694
P_727515,2,0.846498
P_727655,15,0.870636
P_727779,14,0.849892
P_727792,5,0.892040
P_727853,7,0.782407
P_7279,3,0.888597
P_7280,2,0.874960
P_72803,6,0.865933
P_7281,10,0.872761
P_728173,14,0.850765
P_728207,8,0.859848
P_728211,8,0.875113
P_728221,12,0.857019
P_728231,11,0.847356
P_728249,14,0.819521
P_728250,4,0.833851
P_728254,4,0.885855
P_72832,2,0.852065
P_728357,14,0.821281
P_728365,7,0.818654
P_728388,3,0.847271
P_72840,3,0.877471
P_72841,20,0.879775
P_728415,1,0.885907
P_728419,10,0.776577
P_728606,3,0.865874
P_728620,18,0.856579
P_72868,7,0.893195
P_728733,19,0.852438
P_728824,5,0.892037
P_728894,5,0.835438
P_729103,5,0.843852
P_729127,11,0.884194
P_72914,3,0.874377
P_72917,4,0.875639
P_729302,5,0.882884
P_729511,40,0.856965
P_72958,5,0.879396
P_72963,3,0.878047
P_729674,7,0.876071
P_729708,12,0.871122
P_729799,3,0.905232
P_730016,10,0.870534
P_730109,18,0.877191
P_730381,3,0.894174
P_730396,7,0.831651
P_730603,8,0.891839
P_730656,9,0.896929
P_730659,5,0.881119
P_730662,2,0.901740
P_730786,4,0.896779
P_73079,1,0.854192
P_731,13,0.872596
P_7312,7,0.846442
P_731347,5,0.866800
P_731365,17,0.848570
P_731403,15,0.841982
P_731407,12,0.840432
P_731680,8,0.888541
P_731705,3,0.884887
P_731757,11,0.897158
P_731777,4,0.897291
P_731892,7,0.863618
P_731895,16,0.870377
P_732003,8,0.831502
P_732060,3,0.895888
P_732083,6,0.899211
P_73213,12,0.887638
P_732144,8,0.865618
P_732200,16,0.855457
P_732272,9,0.894540
P_732337,5,0.877590
P_732371,13,0.875520
P_73241,3,0.870198
P_73248,7,0.886409
P_732533,9,0.875407
P_732718,14,0.802646
P_732719,16,0.885624
P_732720,22,0.853696
P_732730,2,0.879279
P_73279,12,0.859886
P_732811,5,0.892878
P_732854,5,0.879371
P_732898,3,0.899536
P_732920,22,0.841153
P_732989,3,0.891265
P_73301,5,0.836402
P_73308,8,0.877210
P_733147,7,0.837841
P_733281,6,0.854233
P_733365,6,0.885250
P_733556,3,0.889020
P_733582,9,0.853570
P_733751,4,0.853540
P_733812,9,0.848375
P_733815,14,0.848180
P_733911,8,0.852059
P_733913,17,0.874475
P_73403,4,0.858011
P_734042,10,0.882894
P_734073,12,0.858417
P_734105,11,0.837196
P_73416,9,0.870576
P_734179,11,0.876938
P_734393,8,0.867177
P_734558,3,0.861602
P_734565,10,0.856062
P_73463,10,0.883046
P_734630,27,0.844065
P_734632,12,0.870112
P_734681,18,0.865612
P_734683,5,0.866808
P_734686,6,0.864511
P_734689,8,0.872772
P_734712,3,0.879899
P_734831,16,0.861639
P_734943,8,0.901343
P_735,6,0.844274
P_735049,10,0.845239
P_73505,5,0.857085
P_735132,10,0.877679
P_735143,13,0.890072
P_735247,6,0.872574
P_735319,9,0.859969
P_735369,3,0.813835
P_735408,7,0.850157
P_735467,9,0.871357
P_735470,9,0.851321
P_735524,6,0.848378
P_735583,9,0.805789
P_73561,8,0.829339
P_73562,11,0.882156
P_73564,10,0.846760
P_73565,15,0.850755
P_735695,4,0.896813
P_735754,1,0.870955
P_73580,12,0.869898
P_735812,12,0.902505
P_735985,6,0.845174
P_736143,3,0.901539
P_736256,5,0.902467
P_736260,3,0.906148
P_73628,9,0.898036
P_736367,4,0.900335
P_736432,10,0.882211
P_736433,5,0.882424
P_736444,4,0.877104
P_73656,7,0.838339
P_736571,28,0.854440
P_736595,9,0.880769
P_736676,3,0.897308
P_736899,0,0.855727
P_736901,11,0.834212
P_736954,7,0.861170
P_736966,4,0.850149
P_737040,10,0.842820
P_737088,8,0.814342
P_7371,13,0.882913
P_737228,5,0.876486
P_737403,5,0.847469
P_737481,6,0.875895
P_737538,1,0.886755
P_737610,11,0.889864
P_737672,16,0.872545
P_737690,18,0.869171
P_737693,8,0.867382
P_737917,4,0.893091
P_738143,10,0.859671
P_738144,6,0.843732
P_738146,5,0.865200
P_73820,3,0.856306
P_738259,6,0.887741
P_738350,8,0.882299
P_738362,10,0.867984
P_738396,5,0.894949
P_738400,7,0.866815
P_738409,5,0.861613
P_738436,9,0.863642
P_738679,15,0.862349
P_738730,6,0.868549
P_738749,5,0.835626
P_738820,8,0.882076
P_738831,7,0.860135
P_73885,0,0.891695
P_73888,1,0.886697
P_738896,4,0.892754
P_738991,24,0.852203
P_738997,11,0.848587
P_739079,15,0.841154
P_739094,1,0.880142
P_739142,6,0.895008
P_739208,1,0.879143
P_739330,5,0.877934
P_73934,9,0.830034
P_739755,6,0.814089
P_739925,9,0.844845
P_740044,10,0.861707
P_74009,4,0.897058
P_740131,18,0.875386
P_740166,5,0.891298
P_740230,11,0.909102
P_740420,15,0.885304
P_740488,11,0.842300
P_740500,18,0.814552
P_740501,2,0.821771
P_740549,10,0.904897
P_740644,16,0.872704
P_741008,7,0.817760
P_741052,11,0.866445
P_74108,10,0.856359
P_741145,12,0.884548
P_74117,12,0.855371
P_741306,3,0.869298
P_741373,3,0.833293
P_74165,4,0.879273
P_741703,5,0.884499
P_741870,24,0.832793
P_74189,9,0.896475
P_741942,10,0.838073
P_741951,6,0.874285
P_74211,7,0.866203
P_742157,3,0.849843
P_742176,10,0.834921
P_742220,5,0.875459
P_74244,9,0.861939
P_74246,5,0.872138
P_74261,19,0.860289
P_74262,10,0.851747
P_74263,11,0.847002
P_74273,12,0.848366
P_742735,7,0.851342
P_742771,18,0.839774
P_74278,11,0.876742
P_74280,11,0.858806
P_742826,2,0.810549
P_742855,9,0.889097
P_74286,6,0.844085
P_74287,17,0.853986
P_74288,5,0.860059
P_742950,6,0.857024
P_743012,4,0.886752
P_743409,4,0.885265
P_743481,0,0.874128
P_743583,10,0.859299
P_74363,4,0.876453
P_744036,8,0.887415
P_744066,1,0.865923
P_744073,8,0.864803
P_744074,10,0.873444
P_744082,14,0.866845
P_744090,7,0.870227
P_744091,15,0.874779
P_744092,12,0.858987
P_744161,12,0.844706
P_744165,6,0.874538
P_744254,8,0.876498
P_744264,7,0.801724
P_744326,15,0.778730
P_744353,4,0.809800
P_744372,2,0.859174
P_744565,17,0.886035
P_7446,7,0.880822
P_744606,5,0.823269
P_7447,8,0.851552
P_74480,11,0.839827
P_744923,25,0.875846
P_744925,10,0.864735
P_744952,8,0.864515
P_745041,13,0.877727
P_745043,11,0.797862
P_745052,23,0.806347
P_745177,8,0.812973
P_745241,10,0.778963
P_745306,9,0.892813
P_745390,10,0.888515
P_745423,8,0.878616
P_745469,9,0.879514
P_74566,5,0.899044
P_74575,2,0.869617
P_745794,10,0.872283
P_74584,2,0.870912
P_74592,1,0.871434
P_745932,2,0.831172
P_745970,7,0.889129
P_746,9,0.850137
P_746036,5,0.900732
P_746127,10,0.871481
P_746149,26,0.854408
P_74624,23,0.852597
P_746245,7,0.884780
P_746341,7,0.827125
P_746346,10,0.848330
P_746347,11,0.853909
P_746375,17,0.871865
P_746378,4,0.867433
P_746381,13,0.881321
P_746422,1,0.891985
P_746435,9,0.872317
P_746532,9,0.896219
P_746537,11,0.868818
P_746544,12,0.854624
P_746548,10,0.894188
P_746552,6,0.875046
P_746783,7,0.893048
P_746802,8,0.882394
P_74695,1,0.898967
P_747,5,0.860560
P_747047,1,0.891834
P_747049,4,0.880405
P_747077,18,0.875865
P_747084,6,0.870488
P_747085,11,0.873429
P_747090,7,0.858145
P_747331,7,0.857276
P_747349,11,0.887704
P_747411,7,0.878405
P_747569,4,0.848505
P_747674,9,0.900644
P_747727,1,0.863837
P_747826,10,0.858291
P_747989,10,0.897547
P_747998,8,0.863735
P_74815,6,0.857325
P_748227,2,0.883726
P_74827,8,0.849164
P_748374,12,0.890632
P_74839,17,0.884087
P_748429,3,0.865928
P_74843,6,0.891330
P_748447,6,0.828798
P_748454,10,0.851907
P_748628,7,0.886109
P_7489,6,0.880523
P_749023,18,0.867155
P_74913,12,0.874999
P_749207,6,0.836483
P_749233,7,0.871996
P_749379,9,0.868467
P_7495,7,0.885336
P_749529,5,0.874128
P_749542,5,0.890157
P_7496,5,0.889695
P_749762,10,0.877058
P_749767,12,0.864181
P_749804,18,0.881201
P_749882,16,0.849568
P_74989,7,0.893391
P_749913,3,0.883251
P_749948,5,0.845442
P_749991,6,0.848813
P_750029,0,0.888070
P_750039,11,0.839090
P_750127,13,0.858383
P_750158,12,0.848537
P_750169,12,0.851389
P_750171,6,0.853463
P_750181,7,0.875322
P_750191,10,0.851438
P_750193,9,0.841206
P_750280,0,0.848677
P_750303,11,0.840907
P_750369,13,0.845092
P_750464,5,0.865305
P_750530,18,0.857195
P_750555,12,0.885731
P_750703,14,0.881673
P_750718,10,0.858121
P_750823,5,0.864318
P_750867,4,0.887671
P_750868,12,0.867573
P_750925,8,0.849188
P_750930,7,0.880264
P_750932,9,0.881080
P_751036,5,0.842342
P_751048,2,0.852018
P_751199,5,0.862986
P_751200,3,0.853121
P_751204,7,0.871777
P_751270,11,0.841679
P_751366,11,0.866061
P_751510,9,0.874509
P_751572,4,0.864449
P_751584,5,0.881865
P_75169,2,0.899464
P_751771,9,0.867885
P_751897,7,0.829868
P_751900,5,0.863994
P_751906,3,0.878620
P_751963,4,0.881198
P_752109,11,0.891639
P_75221,7,0.892518
P_752235,9,0.878485
P_752243,15,0.839893
P_752245,2,0.873075
P_752251,11,0.848538
P_752269,3,0.867772
P_752334,5,0.885900
P_752336,3,0.880993
P_752337,4,0.858450
P_752344,7,0.856359
P_752345,8,0.878470
P_752462,12,0.826553
P_752466,7,0.857132
P_752502,17,0.874136
P_752537,11,0.837058
P_752540,35,0.864132
P_752603,27,0.894063
P_752633,10,0.869588
P_75264,4,0.890098
P_752747,14,0.864530
P_752801,11,0.800071
P_752802,13,0.871526
P_752803,16,0.824108
P_752813,12,0.876987
P_752816,7,0.880384
P_752917,10,0.857430
P_752921,2,0.863129
P_753202,7,0.830983
P_753203,2,0.818282
P_753204,7,0.858925
P_753206,14,0.858407
P_753207,12,0.887659
P_753210,7,0.846462
P_753222,7,0.831781
P_75350,7,0.885899
P_753505,6,0.856658
P_753510,11,0.843104
P_753526,3,0.856123
P_753536,5,0.878706
P_753543,3,0.877002
P_753652,9,0.895852
P_753768,17,0.874996
P_753847,4,0.840369
P_753876,5,0.865832
P_753881,9,0.875535
P_753882,8,0.859977
P_753930,9,0.861472
P_75397,7,0.873462
P_754125,10,0.874826
P_754178,7,0.837844
P_754181,3,0.842638
P_754466,6,0.885306
P_75454,7,0.905739
P_754591,8,0.798839
P_754592,11,0.790590
P_754615,7,0.865287
P_754625,5,0.828047
P_754629,20,0.848938
P_754639,1,0.858037
P_754646,6,0.875518
P_754777,4,0.829676
P_754780,5,0.828512
P_754889,5,0.891232
P_7550,9,0.843344
P_755074,5,0.871958
P_755164,3,0.878499
P_7552,13,0.876608
P_755205,4,0.851448
P_755217,3,0.819172
P_755220,14,0.886666
P_75526,6,0.889862
P_755285,7,0.901840
P_755315,6,0.833514
P_755328,5,0.881448
P_755329,6,0.861290
P_755334,5,0.874792
P_755376,9,0.825760
P_755408,26,0.825172
P_755413,11,0.848447
P_755420,2,0.843566
P_755428,14,0.819567
P_75543,15,0.841765
P_75545,13,0.856040
P_75546,4,0.874493
P_755509,9,0.893309
P_755510,7,0.895856
P_75558,7,0.888355
P_755755,7,0.889449
P_755774,8,0.810785
P_755784,6,0.832224
P_756003,4,0.883072
P_756007,4,0.858626
P_756044,12,0.834086
P_756064,8,0.865154
P_756101,3,0.866356
P_756102,21,0.870990
P_756117,8,0.831741
P_756119,24,0.835981
P_756123,16,0.873369
P_756142,4,0.841146
P_756151,19,0.847995
P_756469,6,0.866633
P_756483,12,0.846691
P_756521,7,0.880848
P_756608,7,0.859523
P_756638,7,0.877404
P_756957,6,0.864872
P_756963,8,0.833888
P_756966,11,0.865057
P_757074,13,0.857911
P_757123,7,0.864542
P_757126,4,0.855403
P_757129,7,0.868841
P_757131,5,0.826223
P_757151,3,0.842384
P_757180,20,0.829796
P_757185,11,0.808471
P_757215,8,0.889979
P_757282,10,0.878072
P_757391,12,0.819767
P_757451,3,0.852503
P_757551,6,0.873096
P_757597,8,0.838338
P_757739,13,0.859568
P_757748,8,0.865467
P_757777,0,0.875884
P_7578,14,0.867776
P_757840,10,0.886861
P_757841,12,0.902252
P_757843,8,0.875288
P_75786,7,0.889800
P_757863,9,0.887533
P_757871,3,0.892883
P_757889,7,0.846238
P_757914,7,0.830425
P_757972,9,0.818090
P_757975,24,0.856815
P_757978,6,0.893446
P_757981,14,0.864820
P_757994,12,0.886564
P_7580,11,0.859338
P_758049,5,0.873302
P_758069,6,0.832409
P_7581,50,0.845015
P_758114,7,0.872400
P_758116,3,0.877132
P_758289,12,0.890416
P_7583,1,0.871402
P_758321,4,0.872742
P_758323,7,0.883357
P_758459,6,0.873320
P_75847,2,0.890848
P_7585,4,0.877757
P_758514,4,0.872260
P_758516,14,0.869201
P_75853,9,0.840096
P_758530,5,0.881677
P_758606,8,0.816648
P_758607,8,0.843684
P_7587,2,0.881890
P_758751,9,0.872030
P_75876,6,0.873234
P_75877,6,0.873234
P_7588,11,0.862846
P_758910,4,0.874767
P_758912,20,0.850588
P_75903,9,0.888909
P_759346,19,0.857620
P_759667,10,0.863014
P_759730,3,0.899398
P_759753,11,0.863267
P_759776,8,0.848167
P_759778,8,0.870753
P_759829,11,0.819011
P_759846,8,0.814002
P_759888,8,0.880032
P_759890,5,0.873991
P_759900,13,0.874343
P_759957,5,0.861423
P_760115,13,0.875017
P_760199,3,0.893416
P_760208,2,0.888691
P_760251,2,0.884662
P_760468,26,0.880021
P_760480,21,0.847383
P_760500,3,0.851517
P_760512,17,0.871062
P_760660,8,0.860137
P_760675,11,0.797997
P_760708,3,0.867832
P_760807,9,0.889863
P_761061,4,0.883913
P_761105,6,0.880472
P_761200,5,0.821325
P_761201,10,0.840266
P_761202,6,0.833893
P_761225,9,0.900383
P_761226,16,0.832468
P_761227,9,0.875595
P_761238,9,0.888996
P_761472,5,0.864244
P_761474,9,0.873709
P_761475,4,0.874081
P_761552,13,0.823477
P_761583,11,0.829258
P_761600,3,0.819934
P_76168,10,0.871593
P_761703,1,0.872562
P_76174,2,0.815918
P_76186,12,0.838888
P_761872,8,0.873327
P_761876,8,0.826122
P_761920,5,0.896753
P_761939,5,0.884855
P_761968,6,0.862389
P_761973,9,0.878185
P_762019,5,0.863470
P_762026,10,0.856450
P_762072,11,0.888356
P_762091,6,0.891139
P_762130,8,0.893094
P_762135,8,0.856725
P_762153,21,0.895612
P_762197,7,0.905454
P_762203,11,0.879906
P_762260,10,0.847146
P_76235,8,0.870534
P_762505,3,0.876395
P_762569,9,0.858670
P_762690,11,0.897450
P_762729,10,0.859203
P_762778,5,0.852911
P_762832,7,0.883227
P_762980,13,0.866037
P_762984,19,0.866469
P_762991,10,0.865452
P_763124,7,0.844950
P_763286,14,0.850345
P_763414,8,0.859493
P_763527,10,0.847993
P_763560,8,0.849178
P_76358,15,0.864192
P_763582,5,0.856030
P_763590,5,0.902440
P_763610,10,0.860019
P_763695,13,0.828583
P_763701,7,0.817245
P_763755,2,0.855271
P_763882,17,0.861483
P_763885,5,0.853330
P_763886,5,0.816345
P_763889,9,0.852378
P_763890,15,0.847419
P_763891,13,0.848946
P_763893,3,0.831617
P_763900,11,0.833439
P_763903,7,0.843231
P_763912,4,0.865322
P_763939,10,0.841641
P_763953,3,0.867848
P_763956,3,0.862695
P_763963,14,0.839988
P_764014,11,0.843674
P_764025,6,0.847882
P_764027,16,0.877354
P_764032,6,0.885120
P_764063,12,0.846610
P_764128,7,0.868553
P_764132,7,0.851866
P_764136,15,0.848377
P_764139,8,0.883623
P_76416,6,0.885937
P_764210,15,0.893474
P_764240,9,0.881272
P_764268,31,0.851466
P_764269,10,0.844062
P_764280,16,0.861761
P_764310,6,0.881043
P_764328,11,0.880081
P_764350,0,0.876850
P_764364,9,0.842603
P_764367,6,0.838157
P_764369,11,0.821556
P_764372,16,0.839375
P_764383,13,0.848088
P_764384,7,0.866423
P_764385,2,0.821970
P_764386,1,0.859322
P_764573,1,0.860883
P_764766,4,0.881063
P_764823,11,0.850541
P_764836,1,0.870855
P_76500,22,0.812495
P_76504,21,0.849197
P_765054,7,0.878541
P_76506,9,0.840253
P_765106,2,0.841994
P_765115,8,0.829463
P_765116,6,0.833989
P_765117,13,0.882283
P_765140,21,0.814588
P_765142,6,0.824029
P_765144,3,0.836577
P_765145,6,0.810736
P_765150,7,0.811340
P_765233,4,0.854498
P_765237,3,0.815009
P_765278,20,0.860033
P_765279,10,0.852764
P_765287,3,0.855521
P_765307,8,0.881046
P_765364,13,0.865166
P_765408,1,0.876528
P_765410,2,0.859667
P_765411,4,0.891019
P_765472,11,0.833072
P_765474,3,0.825624
P_765495,9,0.895851
P_765595,7,0.772531
P_765675,14,0.869261
P_76574,11,0.851824
P_766140,8,0.879095
P_766231,5,0.862538
P_766336,12,0.892345
P_766397,18,0.813302
P_766418,7,0.878919
P_766446,10,0.852324
P_766449,4,0.870361
P_766514,5,0.833541
P_76653,12,0.847481
P_766627,3,0.893990
P_7667,11,0.865518
P_766712,11,0.831504
P_766713,9,0.848894
P_766724,9,0.869079
P_766750,4,0.876620
P_766755,4,0.863646
P_766803,4,0.880610
P_766804,10,0.885211
P_766806,11,0.879501
P_766812,10,0.867973
P_766813,1,0.859285
P_766814,11,0.869811
P_766815,12,0.860451
P_766829,6,0.881679
P_766924,6,0.856327
P_766932,4,0.789901
P_76695,13,0.849691
P_766954,11,0.849894
P_766956,19,0.794375
P_766958,22,0.833144
P_766960,13,0.832280
P_766961,13,0.844094
P_7670,4,0.896728
P_767032,2,0.882654
P_767167,5,0.859441
P_76717,1,0.899243
P_767171,6,0.799427
P_767263,12,0.833535
P_767350,9,0.889211
P_767498,6,0.834843
P_767500,4,0.885931
P_767590,4,0.842089
P_76761,4,0.859363
P_767662,6,0.843739
P_767665,6,0.776902
P_767681,16,0.891750
P_767788,13,0.833582
P_767837,13,0.858220
P_767843,13,0.861781
P_767863,12,0.845900
P_767886,9,0.872616
P_767911,1,0.821876
P_768027,8,0.883384
P_768079,8,0.897235
P_768192,5,0.839063
P_768309,5,0.837329
P_768311,8,0.863417
P_768496,9,0.879945
P_768556,5,0.833935
P_768846,6,0.813497
P_768849,0,0.855674
P_769216,3,0.888355
P_769239,9,0.866964
P_769284,9,0.887451
P_769404,12,0.873736
P_769479,17,0.863713
P_769480,14,0.862018
P_769576,4,0.831306
P_769625,6,0.869199
P_769656,0,0.863978
P_769744,11,0.846637
P_769749,4,0.838956
P_769798,5,0.860933
P_769802,5,0.885854
P_769815,12,0.873757
P_769884,7,0.870148
P_769891,9,0.892331
P_769934,7,0.873248
P_769936,9,0.834236
P_770058,7,0.881804
P_770062,5,0.878252
P_770102,11,0.872705
P_770111,13,0.854284
P_770269,14,0.849559
P_770291,11,0.860956
P_770310,11,0.861533
P_770314,5,0.864108
P_770328,1,0.860410
P_770330,4,0.866827
P_77051,15,0.859838
P_770524,5,0.826921
P_770570,14,0.875437
P_770636,1,0.863455
P_770669,13,0.874026
P_770677,9,0.853489
P_770718,6,0.860835
P_770749,5,0.850951
P_770758,7,0.859312
P_770818,13,0.866761
P_770826,4,0.882019
P_770834,13,0.876089
P_770840,2,0.878726
P_770874,6,0.884290
P_770912,3,0.875105
P_770913,10,0.859101
P_770918,19,0.872068
P_770941,9,0.899355
P_770946,2,0.843768
P_770976,8,0.867138
P_770990,4,0.898925
P_771037,22,0.891749
P_771104,11,0.819203
P_77111,8,0.872194
P_771112,11,0.859154
P_771130,5,0.853636
P_771254,7,0.885674
P_771289,5,0.861726
P_771389,13,0.849559
P_771410,4,0.829003
P_771428,10,0.829091
P_771467,10,0.865829
P_771499,10,0.839741
P_7715,6,0.831835
P_77151,1,0.858445
P_77153,3,0.905537
P_77154,8,0.897088
P_771552,11,0.834134
P_77156,11,0.897704
P_771645,10,0.827209
P_771754,8,0.875026
P_771821,2,0.864333
P_771840,8,0.877271
P_77186,3,0.888967
P_772160,7,0.844150
P_772226,10,0.833802
P_772330,16,0.882045
P_772336,5,0.876347
P_772369,7,0.879258
P_77240,3,0.864279
P_772419,10,0.891439
P_772457,11,0.852870
P_772487,23,0.884438
P_772504,7,0.834197
P_772600,9,0.890877
P_772629,4,0.887651
P_772666,2,0.889884
P_772673,7,0.880485
P_772691,4,0.812266
P_772743,3,0.871423
P_7728,0,0.832967
P_772864,13,0.818323
P_772867,8,0.820146
P_772868,7,0.824437
P_772983,12,0.882233
P_773087,7,0.889675
P_773184,3,0.894452
P_7733,4,0.883767
P_77332,10,0.863148
P_77336,9,0.881587
P_773471,6,0.864966
P_77349,4,0.900931
P_773513,8,0.874578
P_773524,7,0.878929
P_773525,9,0.872656
P_773647,7,0.796235
P_773693,5,0.903952
P_77370,4,0.883064
P_773843,10,0.844418
P_773984,5,0.847685
P_774218,7,0.883063
P_774238,24,0.857043
P_774304,24,0.861875
P_774350,6,0.860806
P_774365,6,0.879168
P_774414,2,0.881191
P_77470,4,0.883618
P_774812,4,0.824659
P_774855,5,0.846634
P_775,6,0.892827
P_775006,15,0.863500
P_775013,17,0.873081
P_775027,9,0.881143
P_775037,6,0.842465
P_77508,10,0.861828
P_77511,9,0.848634
P_775146,6,0.886749
P_77517,2,0.860616
P_775490,8,0.854454
P_77550,4,0.887962
P_775626,13,0.854769
P_775629,7,0.881160
P_775824,7,0.867824
P_775850,4,0.872301
P_775860,8,0.865468
P_775867,11,0.882372
P_77589,7,0.895310
P_775903,10,0.882466
P_776045,12,0.856101
P_776095,10,0.891731
P_776172,3,0.855882
P_7762,8,0.858440
P_776235,5,0.892546
P_77638,14,0.876336
P_776499,3,0.884672
P_776574,8,0.867635
P_776605,8,0.842946
P_776652,8,0.882517
P_776726,7,0.875477
P_776744,10,0.850777
P_776768,11,0.859209
P_776963,14,0.847172
P_777002,8,0.873640
P_777098,3,0.876161
P_777100,10,0.863617
P_77714,6,0.851206
P_777178,6,0.865739
P_77727,2,0.868963
P_777277,13,0.885614
P_777280,9,0.867740
P_777314,9,0.885912
P_777321,11,0.841539
P_77745,16,0.859831
P_777547,9,0.828566
P_777598,9,0.875765
P_77760,11,0.864190
P_777601,3,0.773744
P_777805,7,0.875067
P_777819,10,0.872241
P_777914,6,0.883409
P_77792,18,0.835347
P_778040,5,0.876547
P_778057,9,0.841297
P_778064,5,0.838303
P_778098,10,0.887294
P_778126,23,0.855707
P_778127,13,0.870062
P_77841,6,0.846150
P_77842,3,0.844734
P_77844,5,0.841617
P_77845,11,0.873925
P_77846,8,0.879757
P_778521,7,0.881088
P_778522,9,0.900094
P_7786,6,0.890853
P_778616,4,0.854502
P_778739,7,0.885824
P_778969,6,0.840349
P_77911,8,0.885618
P_77932,3,0.860946
P_779367,4,0.875262
P_779375,19,0.837389
P_779527,5,0.837141
P_779529,12,0.854777
P_779530,1,0.810955
P_779539,7,0.889444
P_779546,12,0.845579
P_77962,9,0.867906
P_77971,14,0.872193
P_779812,29,0.883254
P_779851,6,0.842782
P_779935,8,0.820282
P_779985,12,0.881385
P_780317,6,0.879503
P_780413,4,0.882549
P_780590,10,0.852877
P_780636,11,0.856663
P_780721,12,0.866817
P_780762,9,0.892313
P_78082,12,0.884073
P_780879,23,0.839972
P_780996,7,0.868389
P_781224,11,0.875939
P_781236,8,0.854240
P_781300,12,0.865022
P_781343,14,0.888901
P_781434,16,0.852142
P_781435,14,0.833157
P_781436,6,0.854861
P_781440,14,0.851609
P_78155,11,0.865587
P_781571,13,0.827937
P_7816,12,0.887073
P_781825,2,0.889569
P_781868,2,0.898870
P_781921,6,0.873345
P_781972,9,0.882502
P_781984,3,0.849620
P_782044,1,0.883329
P_782060,11,0.864926
P_782084,4,0.888586
P_782134,6,0.833106
P_782177,5,0.883245
P_782236,7,0.893758
P_782253,6,0.852524
P_782444,6,0.887192
P_782523,8,0.853378
P_782535,14,0.846095
P_782554,4,0.883208
P_782583,13,0.840178
P_782586,8,0.850471
P_782591,10,0.831506
P_782623,17,0.825306
P_782637,2,0.882398
P_782719,6,0.888361
P_782780,10,0.868792
P_782784,13,0.839491
P_782796,7,0.874338
P_782797,9,0.828589
P_782804,12,0.858193
P_782805,10,0.802043
P_782833,6,0.872642
P_782861,16,0.859791
P_782862,14,0.881020
P_782863,19,0.834648
P_782864,10,0.815872
P_782865,5,0.881795
P_782866,17,0.818437
P_782868,5,0.846899
P_782869,11,0.869575
P_782870,9,0.881052
P_782916,4,0.893814
P_782930,8,0.873534
P_782950,15,0.896490
P_783039,5,0.904029
P_783056,10,0.863783
P_783199,5,0.816365
P_783315,13,0.886633
P_783330,5,0.867076
P_783533,13,0.886370
P_783547,10,0.839665
P_783552,4,0.890040
P_783585,2,0.890730
P_783651,3,0.889505
P_783689,8,0.866469
P_783744,24,0.880277
P_783788,9,0.860544
P_783794,1,0.853283
P_783826,12,0.849485
P_783827,9,0.862407
P_783849,8,0.896407
P_783866,8,0.894807
P_783913,3,0.900284
P_78395,4,0.889463
P_784035,9,0.884489
P_784048,18,0.821741
P_784049,21,0.847278
P_784050,6,0.831431
P_784064,1,0.861786
P_784076,2,0.882315
P_784085,19,0.860168
P_784132,6,0.835407
P_784133,10,0.876534
P_784424,0,0.894895
P_784473,10,0.829842
P_7845,6,0.883326
P_78451,4,0.874058
P_78456,3,0.874939
P_784681,4,0.842907
P_784690,7,0.832655
P_784837,12,0.846612
P_784855,7,0.839302
P_784861,9,0.865557
P_784915,13,0.884977
P_78507,8,0.869893
P_785116,10,0.895106
P_785134,10,0.874042
P_785142,11,0.850475
P_785174,1,0.886734
P_785193,0,0.896608
P_785194,5,0.887614
P_785196,0,0.891581
P_785222,12,0.875008
P_785449,5,0.811945
P_785519,6,0.883186
P_785547,5,0.839672
P_785564,14,0.892978
P_785638,6,0.885431
P_785708,6,0.821178
P_785711,9,0.826682
P_785731,5,0.812231
P_785736,6,0.850056
P_785786,8,0.831172
P_785816,16,0.839861
P_78583,9,0.903267
P_785854,6,0.882419
P_785978,0,0.875643
P_786015,15,0.864590
P_786253,9,0.874453
P_786256,8,0.880748
P_786305,8,0.859493
P_786310,8,0.880288
P_786319,5,0.834905
P_786332,2,0.839017
P_786338,11,0.845431
P_786342,9,0.879196
P_786344,2,0.846626
P_786345,3,0.851762
P_786348,7,0.833649
P_786373,5,0.822947
P_786379,4,0.822346
P_78638,12,0.890927
P_786392,5,0.820009
P_786600,12,0.898527
P_786605,8,0.838783
P_786610,13,0.829544
P_786620,9,0.843292
P_786712,3,0.832475
P_786713,9,0.842329
P_786715,4,0.835184
P_786740,5,0.860197
P_786793,5,0.875322
P_786880,12,0.858882
P_786912,1,0.808641
P_786932,1,0.860805
P_786933,11,0.877103
P_786955,11,0.844292
P_787045,17,0.886910
P_787094,3,0.880597
P_787192,16,0.896711
P_787436,17,0.880311
P_787448,13,0.854951
P_787461,7,0.882206
P_7877,18,0.855264
P_787785,9,0.870990
P_788012,2,0.861729
P_78808,7,0.892809
P_788122,18,0.892753
P_788149,10,0.877144
P_78819,5,0.848787
P_788259,2,0.889543
P_788289,20,0.812902
P_78838,15,0.841466
P_788438,9,0.883442
P_788446,7,0.881828
P_788548,6,0.888022
P_788552,7,0.890957
P_788562,6,0.875135
P_788591,5,0.867987
P_788633,20,0.834216
P_788651,7,0.844127
P_788652,9,0.829365
P_788706,7,0.854548
P_78886,3,0.873146
P_788951,7,0.876492
P_788974,4,0.878466
P_788981,3,0.878004
P_789027,10,0.879866
P_789036,7,0.827824
P_789134,6,0.884397
P_789279,6,0.866197
P_78937,9,0.863142
P_789398,2,0.866404
P_78942,13,0.853468
P_789479,7,0.840008
P_78949,2,0.858025
P_789564,17,0.814682
P_789570,7,0.841908
P_789576,2,0.885967
P_7898,13,0.871972
P_78985,7,0.844131
P_789987,6,0.903144
P_790160,12,0.891663
P_79018,2,0.895664
P_790226,12,0.872752
P_790240,3,0.861252
P_790263,10,0.838636
P_790304,7,0.878207
P_790352,6,0.837314
P_790392,7,0.875743
P_790496,18,0.865238
P_790497,4,0.843175
P_790547,5,0.853170
P_790660,3,0.890269
P_790712,22,0.877905
P_790736,6,0.869454
P_790780,10,0.868998
P_790784,11,0.857173
P_790823,8,0.876230
P_791011,5,0.895575
P_791046,10,0.892727
P_791048,5,0.888375
P_79107,8,0.893817
P_791109,12,0.816234
P_791220,3,0.865791
P_791332,3,0.875330
P_791338,11,0.862415
P_791341,9,0.836208
P_791391,8,0.853094
P_791409,3,0.880873
P_791438,5,0.864271
P_791464,6,0.840606
P_791484,16,0.881719
P_791527,7,0.854096
P_791543,12,0.838407
P_791554,11,0.883788
P_7916,4,0.891369
P_791706,7,0.875766
P_791807,10,0.870867
P_791808,11,0.868758
P_791827,8,0.903081
P_791911,6,0.898184
P_791917,2,0.853939
P_791924,11,0.875181
P_791930,16,0.867981
P_792013,9,0.830398
P_792115,13,0.853781
P_792220,4,0.880729
P_792241,7,0.894176
P_792303,8,0.859970
P_792335,8,0.874764
P_792417,8,0.884698
P_792504,3,0.833902
P_79254,1,0.864658
P_792549,12,0.844182
P_792550,2,0.845158
P_792574,5,0.905705
P_79259,4,0.890951
P_792643,4,0.860477
P_792689,18,0.886612
P_79270,9,0.863435
P_79280,2,0.858526
P_79281,8,0.830583
P_79282,4,0.874609
P_792833,9,0.855170
P_792854,18,0.873752
P_792860,4,0.853163
P_792867,9,0.841114
P_792878,6,0.898889
P_79290,16,0.817718
P_79294,18,0.857367
P_79295,3,0.861424
P_79296,14,0.846664
P_793041,7,0.882736
P_793113,5,0.885209
P_793136,10,0.857710
P_793188,1,0.883279
P_793220,11,0.883234
P_79329,3,0.819808
P_793437,11,0.846693
P_793516,24,0.862623
P_793596,3,0.871856
P_793683,11,0.874282
P_793689,6,0.893056
P_793716,10,0.866819
P_793761,1,0.886431
P_79381,7,0.865038
P_79386,1,0.874543
P_79388,2,0.884202
P_793899,5,0.815033
P_793944,13,0.881925
P_794050,4,0.884418
P_794122,8,0.852125
P_794176,5,0.875096
P_794282,2,0.852409
P_794429,6,0.808658
P_794509,15,0.848710
P_79458,6,0.867726
P_794647,3,0.899989
P_794739,10,0.826414
P_794744,3,0.900548
P_79485,4,0.879080
P_794971,7,0.873964
P_794980,15,0.819295
P_795004,12,0.811781
P_795007,0,0.850853
P_795008,5,0.825342
P_795032,3,0.827944
P_795091,10,0.890774
P_795095,7,0.883831
P_795306,9,0.890536
P_795446,10,0.871613
P_795447,3,0.879121
P_795450,5,0.843761
P_795477,12,0.837000
P_795613,10,0.866573
P_795617,14,0.860395
P_796012,6,0.887174
P_79609,3,0.845193
P_796092,4,0.863331
P_7961,4,0.830151
P_796132,5,0.866459
P_796165,14,0.878355
P_796181,5,0.844777
P_796216,7,0.870975
P_796234,4,0.877300
P_796243,9,0.867752
P_796256,4,0.854827
P_796373,6,0.872373
P_796390,8,0.843335
P_796427,3,0.882220
P_796497,3,0.865445
P_796550,12,0.853695
P_79660,15,0.853176
P_79661,17,0.854857
P_79665,6,0.893266
P_796737,6,0.824383
P_797095,9,0.876951
P_797111,10,0.843711
P_797242,15,0.860048
P_797307,7,0.880880
P_797419,11,0.876036
P_797529,5,0.882570
P_797588,1,0.887997
P_79762,11,0.895187
P_797623,4,0.882053
P_797776,10,0.883597
P_797859,10,0.819744
P_797966,4,0.906371
P_798115,11,0.891304
P_798172,1,0.868576
P_798211,7,0.892680
P_798214,5,0.865011
P_798279,7,0.839066
P_798285,15,0.847742
P_798288,9,0.852495
P_798289,2,0.880910
P_79841,10,0.894823
P_79842,12,0.888690
P_798457,12,0.840431
P_798476,11,0.858935
P_79852,15,0.891831
P_79854,11,0.892216
P_798612,3,0.897942
P_798638,2,0.872328
P_798645,15,0.876075
P_798646,8,0.873472
P_798647,9,0.835801
P_798652,16,0.856605
P_798657,1,0.874942
P_798685,6,0.897025
P_798815,11,0.836585
P_798953,5,0.883663
P_798963,13,0.866314
P_798975,11,0.871041
P_798977,6,0.856618
P_799002,15,0.851800
P_799008,8,0.891250
P_799033,1,0.843829
P_799035,7,0.871210
P_79915,23,0.838677
P_79917,15,0.866899
P_79918,19,0.866488
P_79921,11,0.888698
P_799235,10,0.865584
P_799413,8,0.858282
P_799437,3,0.901590
P_799537,7,0.882309
P_799548,8,0.833133
P_799553,7,0.832327
P_80071,4,0.903262
P_80077,3,0.885219
P_80078,10,0.873442
P_80267,8,0.898825
P_80275,9,0.847795
P_80337,15,0.830682
P_80338,8,0.845324
P_80391,4,0.844534
P_8044,4,0.889164
P_80464,3,0.878152
P_80524,7,0.883249
P_80590,4,0.826079
P_80605,7,0.867995
P_80630,13,0.871910
P_80635,19,0.846291
P_8067,5,0.873560
P_80758,6,0.851788
P_80763,6,0.873908
P_80779,11,0.867450
P_80810,5,0.890477
P_80814,2,0.845784
P_80927,5,0.874328
P_8096,8,0.897695
P_8098,7,0.902142
P_81016,14,0.876810
P_81052,7,0.862383
P_81053,7,0.852550
P_81056,12,0.844960
P_81057,7,0.851801
P_81071,13,0.870981
P_8108,3,0.882447
P_8109,12,0.893892
P_81116,6,0.879281
P_81118,5,0.850122
P_81119,19,0.865865
P_81120,10,0.879393
P_81125,5,0.857440
P_8113,9,0.895139
P_81148,0,0.845575
P_8117,13,0.888532
P_8120,10,0.900452
P_81241,11,0.849886
P_81243,12,0.859133
P_81246,15,0.836413
P_81267,8,0.872255
P_81268,13,0.855450
P_81274,9,0.846864
P_81275,8,0.813922
P_81277,4,0.878052
P_81305,9,0.839384
P_81306,13,0.834527
P_81407,9,0.879167
P_81612,6,0.857702
P_81614,17,0.872525
P_81618,6,0.864475
P_817,8,0.870676
P_81704,20,0.887231
P_81722,10,0.865319
P_81723,14,0.832995
P_81728,9,0.879424
P_81763,11,0.872980
P_81801,16,0.845892
P_81804,5,0.882853
P_81814,5,0.878182
P_81815,9,0.894376
P_81816,2,0.889523
P_81823,5,0.870854
P_81824,3,0.839543
P_81924,17,0.877476
P_8202,12,0.871126
P_8204,5,0.866392
P_8205,7,0.852707
P_82078,9,0.889557
P_82094,20,0.848779
P_82103,11,0.870154
P_82109,2,0.887475
P_82110,5,0.868101
P_8212,5,0.874336
P_82121,9,0.872395
P_82122,3,0.858306
P_82147,6,0.855239
P_8215,12,0.873918
P_82151,7,0.880920
P_82155,10,0.893979
P_8217,10,0.860590
P_8218,5,0.881005
P_82200,13,0.879727
P_82201,6,0.889512
P_82202,9,0.879685
P_82225,9,0.878136
P_82286,14,0.891314
P_82289,23,0.874725
P_82291,8,0.893500
P_82328,8,0.850551
P_82342,9,0.880594
P_82343,21,0.871961
P_82446,5,0.888975
P_8246,7,0.899139
P_82505,16,0.862116
P_82518,5,0.880035
P_82579,9,0.869129
P_82704,16,0.851075
P_82708,8,0.880142
P_82709,11,0.886945
P_82716,15,0.871114
P_82722,1,0.879331
P_82723,17,0.878871
P_82724,11,0.863277
P_82747,13,0.879092
P_82754,6,0.884424
P_82756,9,0.844519
P_82760,12,0.855026
P_82761,16,0.836301
P_82763,18,0.858572
P_82841,14,0.850463
P_82842,10,0.879765
P_82843,4,0.869015
P_82846,9,0.872737
P_82874,13,0.866714
P_82876,3,0.856984
P_82877,8,0.857988
P_82880,1,0.859104
P_82900,4,0.897580
P_8292,4,0.888644
P_82922,7,0.840276
P_82956,5,0.836637
P_82958,25,0.827819
P_82961,18,0.870538
P_82962,8,0.856663
P_82963,18,0.858248
P_82965,6,0.833712
P_82967,5,0.841968
P_82968,15,0.845471
P_82969,5,0.844608
P_82972,11,0.863874
P_82974,9,0.846157
P_82975,12,0.815452
P_82977,14,0.868721
P_83034,13,0.858678
P_83038,8,0.901915
P_83070,7,0.852149
P_8316,3,0.877215
P_83176,9,0.899026
P_83282,8,0.889392
P_83296,13,0.874916
P_83300,10,0.863060
P_83301,2,0.873448
P_83302,3,0.874569
P_8334,9,0.899763
P_8339,8,0.887003
P_8340,6,0.895086
P_83423,7,0.896238
P_83532,5,0.877287
P_83544,20,0.846185
P_83545,16,0.839137
P_83588,14,0.901485
P_8371,11,0.889723
P_83727,4,0.895494
P_8381,14,0.861882
P_8386,15,0.873193
P_83871,11,0.859858
P_83873,2,0.850719
P_8389,5,0.879871
P_83895,14,0.869201
P_83908,6,0.878610
P_8391,2,0.883268
P_83911,3,0.860706
P_83917,13,0.859102
P_83920,5,0.870228
P_83925,10,0.877445
P_83926,2,0.852697
P_83959,13,0.884723
P_83979,13,0.826867
P_83986,14,0.879066
P_83987,8,0.849083
P_84025,5,0.867993
P_8404,9,0.883243
P_841,14,0.870694
P_84140,9,0.872669
P_84242,11,0.884730
P_84247,20,0.851657
P_84249,2,0.866548
P_84250,7,0.798079
P_84252,9,0.835660
P_84260,5,0.858735
P_84377,11,0.889330
P_84379,7,0.885417
P_84380,6,0.871988
P_84381,5,0.882222
P_84382,8,0.835471
P_84384,38,0.862322
P_84386,2,0.836620
P_84458,8,0.867503
P_84554,6,0.868808
P_84578,14,0.877845
P_84599,5,0.889499
P_84642,16,0.853607
P_84739,10,0.845340
P_84759,6,0.859194
P_84812,6,0.881487
P_84873,3,0.886144
P_84929,13,0.893375
P_84983,2,0.867257
P_85008,9,0.863233
P_85086,5,0.886076
P_85133,7,0.876628
P_85203,8,0.867971
P_8521,3,0.877743
P_8522,6,0.875772
P_8526,3,0.867313
P_8527,8,0.870147
P_85280,15,0.867371
P_8529,7,0.885656
P_8533,4,0.887139
P_85332,5,0.883963
P_85335,6,0.864339
P_8535,10,0.892909
P_85366,17,0.852827
P_85367,9,0.850169
P_85392,8,0.875232
P_85417,5,0.886677
P_8544,11,0.858301
P_85447,18,0.892249
P_85459,11,0.892251
P_85479,9,0.868015
P_85481,0,0.885290
P_85491,3,0.871273
P_8555,6,0.870116
P_85555,9,0.856633
P_856,11,0.894795
P_85652,9,0.872975
P_857,10,0.897313
P_85747,5,0.862929
P_85752,24,0.857836
P_85753,10,0.840066
P_85754,7,0.845652
P_85803,8,0.891783
P_85810,12,0.894081
P_85812,13,0.878561
P_85951,24,0.843320
P_85952,19,0.865035
P_85958,9,0.846454
P_85959,20,0.844298
P_85960,4,0.873085
P_85962,2,0.876561
P_85967,9,0.859739
P_8599,10,0.857215
P_86054,6,0.841873
P_86072,8,0.884574
P_86189,9,0.870339
P_86198,19,0.884263
P_86202,4,0.901372
P_86221,2,0.886686
P_86311,5,0.880012
P_86431,0,0.871146
P_86463,11,0.855125
P_86482,7,0.861106
P_86517,14,0.866036
P_86519,14,0.831848
P_86557,5,0.903295
P_86616,8,0.837521
P_86618,12,0.867459
P_86622,13,0.844495
P_86636,6,0.871105
P_86638,7,0.878800
P_86639,7,0.858426
P_86640,20,0.876370
P_86642,15,0.837166
P_86643,23,0.834155
P_867,7,0.888951
P_86726,6,0.862130
P_86764,16,0.890272
P_8679,10,0.888780
P_86797,7,0.850976
P_86798,7,0.834725
P_8681,10,0.875685
P_869,9,0.885532
P_86902,15,0.897343
P_86939,16,0.868012
P_86940,8,0.859823
P_86941,2,0.843978
P_86946,25,0.854962
P_8696,8,0.880699
P_86972,5,0.855288
P_8699,12,0.855347
P_87015,11,0.814561
P_87030,6,0.850669
P_8705,19,0.864638
P_87177,5,0.844337
P_87213,20,0.837770
P_87214,8,0.876287
P_87392,6,0.864733
P_87400,11,0.863860
P_87404,13,0.811485
P_87410,10,0.843402
P_8749,6,0.878630
P_87492,13,0.858160
P_87494,24,0.861524
P_87669,6,0.837737
P_87847,2,0.894329
P_87942,3,0.872274
P_87979,7,0.899279
P_87980,6,0.852680
P_87989,11,0.867415
P_87991,12,0.812570
P_8807,10,0.895624
P_88127,12,0.864222
P_88128,9,0.862688
P_882,3,0.865619
P_88203,6,0.895243
P_88239,3,0.852601
P_8824,14,0.876717
P_88246,4,0.856947
P_88295,5,0.866277
P_88370,4,0.889106
P_8850,5,0.881196
P_88509,6,0.858165
P_88510,15,0.856259
P_88511,18,0.887594
P_88512,4,0.877991
P_88513,6,0.870736
P_8853,14,0.864628
P_88556,2,0.863386
P_88611,9,0.854513
P_88700,5,0.900436
P_8872,8,0.872007
P_88775,12,0.872505
P_88777,2,0.887276
P_88779,12,0.850149
P_88793,23,0.863600
P_88797,18,0.861732
P_88847,5,0.876902
P_8887,11,0.867999
P_88876,5,0.867877
P_88877,11,0.846997
P_88879,28,0.864081
P_88886,12,0.842712
P_8891,5,0.880482
P_88919,10,0.855836
P_88933,19,0.865119
P_8895,6,0.893481
P_8897,10,0.900990
P_88972,11,0.861215
P_89051,8,0.838730
P_89052,9,0.858932
P_89060,15,0.852071
P_89064,19,0.852264
P_89066,12,0.868456
P_89067,7,0.874218
P_89076,5,0.887102
P_89098,9,0.898669
P_89123,9,0.894118
P_89152,6,0.868281
P_89286,5,0.878534
P_89468,11,0.879964
P_89485,2,0.875365
P_89526,15,0.884998
P_89534,8,0.877642
P_89645,12,0.900912
P_89662,24,0.823438
P_89777,5,0.854789
P_89895,9,0.867694
P_89944,0,0.895890
P_9001,5,0.885000
P_9004,7,0.881037
P_9006,8,0.869496
P_90418,15,0.861635
P_90446,9,0.888111
P_90620,4,0.867655
P_9077,6,0.888417
P_90940,5,0.887771
P_91000,9,0.866561
P_9112,5,0.894261
P_91140,8,0.893216
P_9128,8,0.846489
P_91280,8,0.890821
P_9129,5,0.833829
P_91301,9,0.864884
P_91305,9,0.871957
P_9131,4,0.863783
P_9133,16,0.855814
P_91376,5,0.856108
P_91377,5,0.901648
P_9146,11,0.882090
P_91503,7,0.852472
P_91508,8,0.862954
P_91541,6,0.854351
P_91546,5,0.888827
P_9158,7,0.889017
P_91667,2,0.894633
P_9170,11,0.833181
P_91705,10,0.891980
P_9171,12,0.846512
P_91727,2,0.849209
P_9175,9,0.873450
P_91752,10,0.831413
P_91755,10,0.867679
P_91786,8,0.853357
P_91788,9,0.859362
P_91792,22,0.831631
P_91806,12,0.894798
P_91818,7,0.861702
P_91821,14,0.872528
P_91822,8,0.866292
P_9183,18,0.860915
P_91888,6,0.873872
P_9190,22,0.862018
P_9199,14,0.847807
P_9200,7,0.865499
P_92137,9,0.867269
P_92170,3,0.866508
P_92195,6,0.901039
P_92277,11,0.896988
P_92318,10,0.873484
P_92338,8,0.873732
P_92417,6,0.874749
P_92616,8,0.883777
P_92618,1,0.876565
P_92619,17,0.866602
P_92620,7,0.890126
P_92627,10,0.884949
P_92633,9,0.854287
P_92643,5,0.846050
P_92645,9,0.809823
P_9266,7,0.839010
P_92665,4,0.877593
P_92666,6,0.880140
P_92668,12,0.839884
P_92670,17,0.863384
P_9271,6,0.868017
P_9277,11,0.878285
P_92778,12,0.865179
P_9285,9,0.897419
P_9286,12,0.862581
P_92863,15,0.820344
P_92864,9,0.862206
P_92888,7,0.879747
P_92908,6,0.828609
P_92909,6,0.863824
P_92914,17,0.862155
P_92915,16,0.838291
P_9292,5,0.889292
P_92928,9,0.890060
P_9293,15,0.856180
P_93053,10,0.863219
P_93126,9,0.887781
P_93139,5,0.838878
P_93199,8,0.885409
P_932,10,0.842984
P_93203,8,0.880972
P_93221,16,0.849848
P_9328,8,0.895914
P_93494,10,0.852006
P_9358,1,0.884867
P_9362,8,0.850588
P_9364,0,0.834575
P_93644,1,0.841964
P_93653,3,0.887168
P_93655,7,0.870873
P_93656,7,0.854422
P_93660,13,0.866029
P_93716,6,0.887475
P_9372,8,0.857122
P_9376,9,0.838921
P_93886,12,0.863263
P_93897,9,0.878923
P_9394,3,0.861010
P_93943,12,0.890183
P_93944,6,0.887300
P_93984,7,0.855718
P_94,9,0.868178
P_94007,10,0.860871
P_94014,10,0.874728
P_94080,9,0.858923
P_94081,17,0.854087
P_94084,12,0.853267
P_94187,4,0.854586
P_94272,8,0.883792
P_94346,8,0.902603
P_94377,4,0.884676
P_94448,10,0.872919
P_94516,20,0.858544
P_94593,5,0.870440
P_94594,7,0.875629
P_94595,10,0.878045
P_94611,9,0.883853
P_94967,7,0.899713
P_94968,13,0.893230
P_95035,10,0.881489
P_9508,11,0.897244
P_9512,9,0.894362
P_9513,7,0.898979
P_95361,9,0.863492
P_95403,8,0.884078
P_95427,5,0.865487
P_95441,5,0.845312
P_95444,15,0.858971
P_95451,12,0.883789
P_95453,12,0.858542
P_95472,7,0.884649
P_95566,6,0.857302
P_95597,9,0.879880
P_9562,6,0.893980
P_9563,6,0.893563
P_95698,1,0.882110
P_95700,7,0.874875
P_95701,26,0.851918
P_9571,7,0.867807
P_95710,4,0.861220
P_95714,11,0.849549
P_9572,9,0.868157
P_9576,4,0.883565
P_95834,6,0.857657
P_95837,3,0.862424
P_9599,2,0.903374
P_9600,9,0.872657
P_96011,2,0.885060
P_96059,15,0.864779
P_9608,13,0.861940
P_96093,5,0.860008
P_9619,9,0.883833
P_96302,10,0.852988
P_96306,3,0.857513
P_9633,3,0.840608
P_96418,11,0.897732
P_9643,6,0.886156
P_9644,5,0.876835
P_96480,5,0.861001
P_96492,13,0.876564
P_96499,6,0.880434
P_9654,11,0.874510
P_96638,11,0.875871
P_9665,4,0.862752
P_96671,17,0.868119
P_96672,7,0.881654
P_96680,8,0.840782
P_96681,8,0.895408
P_96682,16,0.855445
P_96690,12,0.860017
P_9671,8,0.854058
P_96711,10,0.883446
P_96715,13,0.835342
P_96717,17,0.821748
P_96719,20,0.832883
P_96720,21,0.842017
P_96787,8,0.839145
P_96795,3,0.856908
P_96796,1,0.891904
P_9688,18,0.836100
P_96884,10,0.850680
P_9690,11,0.835910
P_9691,17,0.840452
P_96985,6,0.865579
P_9703,13,0.817034
P_97058,11,0.841936
P_9719,13,0.885956
P_97225,6,0.895146
P_97309,12,0.888656
P_97311,4,0.896290
P_97312,4,0.882122
P_97359,9,0.888839
P_97453,11,0.862965
P_97458,5,0.870113
P_97461,7,0.858220
P_97506,3,0.858762
P_97516,8,0.868965
P_97613,11,0.889655
P_97614,7,0.875274
P_97632,9,0.857382
P_97634,7,0.868752
P_9768,5,0.886710
P_97696,7,0.862816
P_97698,7,0.867521
P_97755,6,0.797742
P_97765,8,0.885793
P_97772,12,0.848430
P_97773,13,0.859058
P_97849,3,0.839411
P_97894,2,0.856123
P_97910,9,0.880700
P_97911,4,0.876066
P_97912,8,0.883648
P_97915,16,0.846428
P_97916,3,0.880515
P_97918,9,0.868829
P_97923,12,0.863898
P_9801,5,0.901482
P_98011,6,0.875336
P_9812,8,0.885896
P_9819,7,0.895096
P_98212,5,0.879809
P_9828,5,0.885040
P_98336,5,0.876741
P_98351,4,0.886055
P_9837,3,0.874286
P_98387,11,0.863158
P_98426,13,0.854884
P_98427,12,0.873552
P_98429,8,0.884142
P_9843,13,0.891080
P_98449,6,0.866458
P_98453,3,0.880020
P_98460,4,0.856796
P_98465,7,0.845828
P_98480,11,0.868872
P_98752,16,0.821907
P_98770,14,0.870812
P_98771,9,0.853942
P_98802,7,0.853837
P_98809,6,0.892017
P_98819,15,0.881090
P_98822,7,0.885524
P_98897,0,0.816012
P_98925,4,0.851848
P_98973,6,0.855021
P_9902,7,0.867542
P_9903,4,0.886136
P_9905,6,0.895377
P_99074,10,0.851668
P_9919,6,0.896320
P_99285,0,0.883303
P_99375,23,0.831149
P_994,6,0.895279
P_995,5,0.900845
P_99593,16,0.850538
P_99596,12,0.864713
P_99612,2,0.857153
P_99630,16,0.850550
P_99631,14,0.874471
P_99634,10,0.870899
P_99643,4,0.888033
P_99702,6,0.848690
P_99707,18,0.857032
P_99743,15,0.866919
P_99751,3,0.880124
P_99866,1,0.847673
