pid,wid,role
P_100,W_100,clique
P_1002,W_1002,clique
P_100518,W_5549,clique
P_100549,W_100549,noise
P_10081,W_48,clique
P_101001,W_101001,clique
P_101081,W_5071,clique
P_101261,W_2333,noise
P_10129,W_10129,clique
P_101399,W_55442,clique
P_101400,W_103,clique
P_101419,W_10212,clique
P_10144,W_10144,clique
P_101442,W_63854,clique
P_101515,W_2393,clique
P_101520,W_3162,clique
P_101529,W_10788,clique
P_101533,W_15519,clique
P_101534,W_3177,clique
P_101536,W_22451,clique
P_101690,W_86316,noise
P_1017,W_1017,clique
P_101853,W_28493,clique
P_102024,W_2673,clique
P_102104,W_6676,clique
P_10212,W_10212,clique
P_10216,W_10216,clique
P_102166,W_2976,clique
P_102167,W_2974,clique
P_102171,W_100,clique
P_102273,W_7495,clique
P_10229,W_167,clique
P_102343,W_40034,clique
P_10237,W_10237,clique
P_102396,W_31003,clique
P_10242,W_10237,clique
P_102435,W_9626,clique
P_102458,W_11817,clique
P_102471,W_10717,clique
P_102472,W_841,clique
P_102474,W_12992,clique
P_102499,W_101992,noise
P_10253,W_10253,clique
P_102533,W_27906,clique
P_102560,W_102557,noise
P_10257,W_100,clique
P_102577,W_102577,clique
P_10259,W_2768,clique
P_102602,W_51980,clique
P_10261,W_10253,clique
P_102624,W_11794,clique
P_102627,W_75372,clique
P_102651,W_3097,clique
P_102653,W_33804,clique
P_102710,W_10144,clique
P_102746,W_1033,clique
P_1028,W_1027,noise
P_102802,W_20610,clique
P_102917,W_5231,clique
P_102950,W_3092,clique
P_102984,W_4865,clique
P_102987,W_175,clique
P_103,W_103,clique
P_103018,W_103018,noise
P_103143,W_103129,clique
P_10317,W_13523,clique
P_103197,W_53687,clique
P_103216,W_10717,clique
P_103233,W_272,clique
P_103277,W_11471,clique
P_103279,W_39438,clique
P_103295,W_103294,noise
P_1033,W_1033,clique
P_103374,W_5363,clique
P_103376,W_2966,clique
P_10338,W_10338,clique
P_103433,W_1282,clique
P_103452,W_35206,clique
P_103454,W_4884,clique
P_103473,W_10906,clique
P_103475,W_4884,clique
P_103476,W_86939,clique
P_103478,W_7257,clique
P_103533,W_25000,clique
P_103557,W_21695,clique
P_103571,W_43997,clique
P_10360,W_4833,clique
P_103622,W_20049,clique
P_103682,W_4835,clique
P_103687,W_42453,clique
P_103737,W_625,clique
P_103766,W_21695,clique
P_103771,W_103771,clique
P_103772,W_103771,clique
P_103808,W_28784,clique
P_103809,W_4655,clique
P_103845,W_5549,clique
P_103944,W_4509,noise
P_104,W_103,clique
P_10401,W_4687,clique
P_104042,W_80336,clique
P_104063,W_31003,clique
P_10408,W_5440,clique
P_104176,W_104176,noise
P_104213,W_8202,clique
P_104226,W_2110,clique
P_104258,W_7776,clique
P_10428,W_10428,clique
P_104314,W_98770,clique
P_104315,W_4779,clique
P_104317,W_4646,clique
P_104320,W_20122,clique
P_104353,W_3221,clique
P_104354,W_6102,clique
P_104357,W_26939,clique
P_10436,W_2768,clique
P_104365,W_1055,clique
P_10437,W_2110,clique
P_10441,W_4945,clique
P_104429,W_9560,clique
P_104437,W_76174,clique
P_104513,W_2558,clique
P_10456,W_2976,clique
P_104604,W_11014,clique
P_104659,W_2673,clique
P_104683,W_19789,clique
P_104689,W_22556,clique
P_104716,W_27790,clique
P_104733,W_10237,clique
P_104734,W_3270,clique
P_10476,W_3964,clique
P_104780,W_5388,clique
P_104781,W_52378,noise
P_104788,W_9560,clique
P_104791,W_7577,clique
P_10483,W_10472,clique
P_104834,W_22581,clique
P_104838,W_1983,clique
P_104854,W_462,clique
P_10488,W_6616,clique
P_10492,W_6602,clique
P_10500,W_6676,clique
P_105004,W_24222,clique
P_105015,W_886,clique
P_105019,W_13440,clique
P_105030,W_34791,clique
P_10504,W_430,clique
P_105053,W_3063,clique
P_105082,W_8202,clique
P_105086,W_19955,clique
P_105107,W_2558,clique
P_105113,W_1454,clique
P_105142,W_97414,clique
P_105227,W_24473,clique
P_105231,W_148,clique
P_105233,W_97414,clique
P_105327,W_76417,noise
P_10533,W_1130,clique
P_105408,W_105407,noise
P_105417,W_3162,clique
P_105418,W_1282,clique
P_105420,W_15519,clique
P_105421,W_6437,clique
P_105424,W_2083,clique
P_105425,W_9133,clique
P_105434,W_20122,clique
P_105438,W_28687,clique
P_10546,W_625,clique
P_1055,W_1055,clique
P_105501,W_105501,noise
P_105563,W_10581,clique
P_105702,W_47101,clique
P_105713,W_75303,noise
P_105724,W_882,clique
P_105740,W_2768,clique
P_105746,W_8850,clique
P_105753,W_1812,clique
P_10577,W_10577,clique
P_10582,W_29380,clique
P_105840,W_87469,clique
P_105843,W_42934,clique
P_105885,W_5319,clique
P_105887,W_6549,clique
P_105890,W_5141,clique
P_10603,W_10603,clique
P_106062,W_10237,clique
P_106203,W_30552,clique
P_106207,W_27641,clique
P_106366,W_106365,noise
P_10641,W_10641,clique
P_106560,W_82877,clique
P_10662,W_10526,clique
P_106674,W_932,clique
P_106678,W_1456,clique
P_106837,W_2696,clique
P_10685,W_10685,clique
P_106883,W_106883,clique
P_106922,W_52963,clique
P_106924,W_13208,clique
P_106946,W_6807,clique
P_106970,W_92417,clique
P_10717,W_10717,clique
P_107170,W_61207,clique
P_107205,W_40034,clique
P_107498,W_10577,clique
P_107502,W_10577,clique
P_107520,W_30668,clique
P_107524,W_19945,clique
P_107529,W_81722,clique
P_107531,W_7213,clique
P_107555,W_5231,clique
P_10758,W_2474,clique
P_107595,W_3928,clique
P_10761,W_4642,clique
P_10762,W_1305,clique
P_10766,W_4642,clique
P_10767,W_4642,clique
P_107684,W_9626,clique
P_107727,W_373,clique
P_107739,W_70891,noise
P_10774,W_10528,clique
P_107781,W_46851,clique
P_107795,W_107795,noise
P_10784,W_10781,clique
P_10785,W_10781,clique
P_107872,W_7550,clique
P_10788,W_10788,clique
P_10799,W_3552,clique
P_107990,W_66619,noise
P_108072,W_35472,clique
P_108134,W_10154,clique
P_108135,W_47639,clique
P_108150,W_8202,clique
P_108182,W_10907,clique
P_108218,W_32595,clique
P_108237,W_53997,clique
P_108259,W_68472,clique
P_108282,W_29078,clique
P_108286,W_1378,clique
P_108327,W_5461,clique
P_108364,W_47639,clique
P_108372,W_10154,clique
P_108376,W_1278,clique
P_10838,W_10838,clique
P_108434,W_4916,clique
P_108449,W_5216,clique
P_108458,W_19748,clique
P_10846,W_10846,clique
P_108465,W_31003,clique
P_108473,W_101220,clique
P_108475,W_101220,clique
P_10848,W_10848,clique
P_10849,W_10849,clique
P_108509,W_14501,clique
P_108518,W_30209,clique
P_108526,W_39055,clique
P_108548,W_375,clique
P_108588,W_4244,clique
P_108686,W_20539,clique
P_108687,W_7580,clique
P_108690,W_98770,clique
P_108692,W_108692,clique
P_108693,W_25489,clique
P_108694,W_108692,clique
P_108697,W_4939,clique
P_108698,W_108692,clique
P_108700,W_108692,clique
P_108752,W_4755,clique
P_10886,W_10886,noise
P_108867,W_98311,clique
P_108939,W_13549,clique
P_108951,W_32711,clique
P_10901,W_10901,clique
P_10902,W_10902,clique
P_10905,W_4829,clique
P_10907,W_10907,clique
P_109089,W_89492,clique
P_109122,W_109122,clique
P_109124,W_109122,clique
P_10913,W_10913,clique
P_109138,W_62475,clique
P_10914,W_10914,clique
P_109217,W_56781,clique
P_10932,W_10931,clique
P_109324,W_76070,noise
P_109377,W_13691,clique
P_109386,W_28184,clique
P_109435,W_32531,clique
P_109440,W_2558,clique
P_109597,W_1894,clique
P_10963,W_10961,noise
P_10964,W_6753,clique
P_109642,W_109642,clique
P_109643,W_109642,clique
P_109644,W_109642,clique
P_109646,W_109642,clique
P_109985,W_8872,clique
P_110044,W_2407,clique
P_11006,W_11006,clique
P_110106,W_110106,noise
P_110123,W_102577,clique
P_110124,W_9665,clique
P_110128,W_40671,clique
P_110134,W_54466,clique
P_11014,W_11014,clique
P_110161,W_34086,clique
P_110170,W_79443,noise
P_110236,W_26111,clique
P_110254,W_110254,noise
P_110279,W_68472,clique
P_110345,W_627,clique
P_110384,W_10528,clique
P_110437,W_63101,clique
P_11045,W_4689,clique
P_11048,W_4689,clique
P_11051,W_11051,clique
P_11054,W_11054,clique
P_110549,W_2673,clique
P_11067,W_11054,clique
P_110726,W_26461,clique
P_110727,W_26461,clique
P_110791,W_110791,noise
P_1108,W_1108,clique
P_1109,W_1108,clique
P_110919,W_35206,clique
P_110932,W_99743,clique
P_110956,W_11823,clique
P_11096,W_167,clique
P_110964,W_64593,clique
P_110965,W_13687,clique
P_111009,W_32062,clique
P_111106,W_9571,clique
P_111108,W_29299,clique
P_111226,W_6715,clique
P_111338,W_20120,clique
P_111341,W_28094,clique
P_111343,W_76498,clique
P_11143,W_11142,noise
P_111432,W_642,clique
P_111607,W_111384,noise
P_111666,W_111408,clique
P_111674,W_111408,clique
P_111734,W_9576,clique
P_111747,W_5958,clique
P_111763,W_11657,clique
P_111787,W_15521,clique
P_111822,W_111443,noise
P_111909,W_111498,noise
P_111932,W_111510,clique
P_111944,W_27790,clique
P_11197,W_6784,clique
P_112043,W_111535,clique
P_112044,W_111535,clique
P_11215,W_51980,clique
P_11221,W_272,clique
P_112288,W_111535,clique
P_112319,W_111605,noise
P_11235,W_272,clique
P_112416,W_5515,clique
P_11242,W_272,clique
P_11243,W_272,clique
P_11246,W_272,clique
P_112482,W_9644,clique
P_11249,W_11249,clique
P_112523,W_32062,clique
P_112559,W_3266,clique
P_112560,W_111656,clique
P_112580,W_7247,clique
P_112613,W_111408,clique
P_112686,W_13208,clique
P_11275,W_272,clique
P_112944,W_20639,clique
P_113059,W_706,clique
P_113175,W_30246,clique
P_113226,W_3858,clique
P_113253,W_39520,clique
P_11333,W_961,clique
P_11334,W_1456,clique
P_113409,W_7489,clique
P_113472,W_22581,clique
P_113534,W_26694,noise
P_11358,W_11358,clique
P_113609,W_20414,clique
P_11365,W_2658,clique
P_11366,W_5095,clique
P_113701,W_111854,clique
P_113702,W_111854,clique
P_113703,W_111854,clique
P_113704,W_111854,clique
P_113713,W_111854,clique
P_113724,W_954,clique
P_113964,W_111906,clique
P_113966,W_111906,clique
P_113976,W_52177,clique
P_114054,W_111906,clique
P_114055,W_20088,clique
P_114056,W_101220,clique
P_114057,W_4696,clique
P_114060,W_4810,clique
P_114061,W_7584,clique
P_114062,W_4814,clique
P_114063,W_11833,clique
P_114082,W_106883,clique
P_11411,W_1276,clique
P_114131,W_86795,clique
P_114132,W_86795,clique
P_114133,W_111906,clique
P_114153,W_111906,clique
P_114215,W_111952,clique
P_114217,W_111952,clique
P_114218,W_111952,clique
P_114228,W_111952,clique
P_1143,W_1143,clique
P_114331,W_1769,clique
P_114485,W_6616,clique
P_114486,W_430,clique
P_114490,W_6676,clique
P_114491,W_6602,clique
P_114525,W_10526,clique
P_114535,W_111971,noise
P_114559,W_9576,clique
P_114587,W_27913,clique
P_114588,W_27913,clique
P_114590,W_27913,clique
P_114603,W_27913,clique
P_114605,W_9671,clique
P_114679,W_111991,clique
P_114680,W_111991,clique
P_114682,W_111991,clique
P_11471,W_11471,clique
P_11473,W_11473,clique
P_11478,W_11478,noise
P_11485,W_11485,clique
P_11488,W_11485,clique
P_114908,W_2911,clique
P_114909,W_4820,clique
P_114927,W_112006,clique
P_114935,W_112006,clique
P_115006,W_112006,clique
P_115029,W_58781,clique
P_115030,W_65049,clique
P_115032,W_7581,clique
P_115033,W_25511,clique
P_115034,W_93655,clique
P_115055,W_40971,clique
P_115064,W_11472,clique
P_115080,W_112006,clique
P_115095,W_2427,clique
P_115096,W_10144,clique
P_115102,W_102577,clique
P_115133,W_11652,clique
P_115135,W_56239,clique
P_115137,W_11473,clique
P_115139,W_58781,clique
P_115142,W_22154,clique
P_115143,W_22154,clique
P_11516,W_11516,clique
P_115176,W_7202,clique
P_115177,W_5915,clique
P_115178,W_9290,clique
P_115179,W_27911,clique
P_115180,W_4687,clique
P_115182,W_76498,clique
P_115203,W_38517,clique
P_115210,W_1305,clique
P_115250,W_6693,clique
P_1153,W_1153,clique
P_115446,W_3237,clique
P_115455,W_31003,clique
P_115475,W_21352,clique
P_115482,W_112092,noise
P_11552,W_11552,clique
P_115534,W_112097,clique
P_11554,W_11552,clique
P_115556,W_112097,clique
P_115612,W_7253,clique
P_115616,W_27164,clique
P_115655,W_112107,noise
P_115829,W_26687,clique
P_116008,W_111656,clique
P_116022,W_59319,clique
P_116151,W_30668,clique
P_116159,W_4685,clique
P_116166,W_30668,clique
P_116172,W_13873,clique
P_116173,W_97632,clique
P_116175,W_5438,clique
P_116176,W_4689,clique
P_116183,W_23772,clique
P_116188,W_77841,clique
P_116190,W_25621,clique
P_116197,W_19748,clique
P_116200,W_30668,clique
P_116201,W_112097,clique
P_116220,W_56781,clique
P_116234,W_7581,clique
P_116238,W_38495,clique
P_116255,W_101220,clique
P_116259,W_9158,clique
P_116264,W_7584,clique
P_116273,W_20049,clique
P_116274,W_12795,clique
P_116281,W_706,clique
P_116305,W_41747,noise
P_116320,W_106883,clique
P_116367,W_20257,clique
P_116418,W_12159,clique
P_116420,W_42997,clique
P_116432,W_1347,clique
P_116438,W_87425,clique
P_11649,W_11649,clique
P_116508,W_22965,clique
P_116543,W_22965,clique
P_116552,W_39785,clique
P_116624,W_112241,clique
P_116625,W_112241,clique
P_116630,W_35395,clique
P_116635,W_112241,clique
P_116636,W_112241,clique
P_116638,W_93655,clique
P_116640,W_112241,clique
P_116641,W_112241,clique
P_116653,W_112241,clique
P_11667,W_11667,clique
P_116742,W_9158,clique
P_116752,W_9297,clique
P_116768,W_20162,clique
P_116787,W_20414,clique
P_116816,W_1278,clique
P_116825,W_9133,clique
P_116835,W_15519,clique
P_11685,W_11685,noise
P_116865,W_20122,clique
P_116877,W_5388,clique
P_116924,W_55442,clique
P_116945,W_60759,noise
P_116990,W_706,clique
P_117083,W_104985,noise
P_117093,W_4833,clique
P_117233,W_7312,clique
P_117235,W_2658,clique
P_117251,W_112314,noise
P_117330,W_4642,clique
P_11737,W_11737,noise
P_117796,W_112445,noise
P_117823,W_401,clique
P_117844,W_7264,clique
P_117849,W_69914,clique
P_11785,W_11785,clique
P_11787,W_11785,clique
P_117885,W_161,clique
P_117925,W_20084,clique
P_117939,W_24473,clique
P_11794,W_11794,clique
P_11796,W_9376,clique
P_11798,W_11798,clique
P_117994,W_112480,noise
P_11801,W_10528,clique
P_118037,W_19353,clique
P_118057,W_4820,clique
P_11806,W_3321,clique
P_118124,W_112506,noise
P_118164,W_12140,clique
P_11817,W_11817,clique
P_11818,W_11817,clique
P_118180,W_22926,clique
P_118182,W_4829,clique
P_118184,W_4801,clique
P_118185,W_98152,clique
P_118186,W_19417,clique
P_118187,W_13540,clique
P_11819,W_11819,clique
P_11820,W_11819,clique
P_118204,W_9571,clique
P_11821,W_11819,clique
P_11823,W_11823,clique
P_11824,W_11823,clique
P_118285,W_112523,noise
P_11837,W_9571,clique
P_118381,W_3904,clique
P_11841,W_11841,clique
P_118419,W_7762,clique
P_11842,W_11841,clique
P_118476,W_20049,clique
P_118586,W_375,clique
P_118603,W_20088,clique
P_118604,W_31725,clique
P_118671,W_8863,noise
P_118672,W_12255,clique
P_11871,W_1409,clique
P_118729,W_35389,clique
P_118730,W_7581,clique
P_11874,W_6093,clique
P_118763,W_4681,clique
P_118772,W_35389,clique
P_118773,W_34604,clique
P_118774,W_4685,clique
P_118776,W_101001,clique
P_118801,W_50379,clique
P_118879,W_12542,clique
P_11889,W_1130,clique
P_118897,W_35546,noise
P_118905,W_112640,clique
P_118912,W_112640,clique
P_118916,W_28687,clique
P_118921,W_112640,clique
P_11898,W_11898,clique
P_11900,W_11898,clique
P_11902,W_10526,clique
P_119041,W_8696,clique
P_11905,W_11898,clique
P_119239,W_3744,clique
P_119242,W_10253,clique
P_119272,W_11387,clique
P_11928,W_48,clique
P_119303,W_731,clique
P_119313,W_79329,clique
P_11936,W_303,clique
P_119455,W_373,clique
P_119457,W_7312,clique
P_11953,W_954,clique
P_119553,W_86795,clique
P_119555,W_42488,clique
P_119560,W_11006,clique
P_119561,W_11006,clique
P_119562,W_11006,clique
P_119568,W_2968,clique
P_119569,W_82985,clique
P_119577,W_11474,clique
P_11958,W_954,clique
P_119585,W_13208,clique
P_11959,W_954,clique
P_119683,W_383,clique
P_119701,W_2658,clique
P_119706,W_6102,clique
P_119727,W_20610,clique
P_119734,W_4749,clique
P_119766,W_40971,clique
P_119767,W_40971,clique
P_119768,W_40971,clique
P_119777,W_3497,clique
P_119840,W_30552,clique
P_119866,W_8872,clique
P_11990,W_10528,clique
P_119937,W_11535,clique
P_11997,W_954,clique
P_11998,W_954,clique
P_120078,W_4884,clique
P_12017,W_5958,clique
P_120174,W_11785,clique
P_12018,W_623,clique
P_12021,W_48,clique
P_12022,W_48,clique
P_12024,W_1456,clique
P_120303,W_13208,clique
P_120309,W_9576,clique
P_12031,W_12031,clique
P_120310,W_11474,clique
P_120324,W_42488,clique
P_120330,W_112910,clique
P_120331,W_112910,clique
P_120333,W_112910,clique
P_120334,W_18505,clique
P_120336,W_112910,clique
P_120337,W_112910,clique
P_120352,W_28495,clique
P_120356,W_8203,clique
P_12037,W_9507,clique
P_120419,W_10907,clique
P_12043,W_4354,clique
P_120442,W_4843,clique
P_120523,W_38476,clique
P_120528,W_5697,clique
P_12053,W_5368,clique
P_120552,W_112935,noise
P_12058,W_961,clique
P_120600,W_932,clique
P_120628,W_4887,clique
P_120649,W_1443,clique
P_120652,W_4751,clique
P_120661,W_109122,clique
P_1207,W_1207,noise
P_120709,W_367,clique
P_120765,W_112978,noise
P_12083,W_12083,noise
P_120946,W_28221,clique
P_121047,W_4692,clique
P_121048,W_1650,clique
P_121064,W_9004,clique
P_121202,W_2930,clique
P_121203,W_961,clique
P_121206,W_1478,clique
P_121297,W_97414,clique
P_121338,W_4277,clique
P_121348,W_2083,clique
P_12135,W_12135,clique
P_121361,W_20045,noise
P_121389,W_102577,clique
P_12140,W_12140,clique
P_121402,W_4812,clique
P_121424,W_15521,clique
P_121427,W_14501,clique
P_121428,W_4775,clique
P_121429,W_12972,clique
P_121488,W_10848,clique
P_121498,W_11667,clique
P_121500,W_102577,clique
P_121547,W_2855,clique
P_121599,W_19912,clique
P_12168,W_12168,clique
P_12179,W_4217,clique
P_12180,W_5500,clique
P_121803,W_112241,clique
P_12182,W_3270,clique
P_121822,W_4683,clique
P_121823,W_5438,clique
P_121824,W_4683,clique
P_121851,W_3839,clique
P_121871,W_12317,clique
P_121918,W_53183,noise
P_121989,W_38429,clique
P_122011,W_19903,clique
P_122031,W_42117,clique
P_122035,W_113131,noise
P_122038,W_30209,clique
P_122096,W_4865,clique
P_122162,W_31327,clique
P_122231,W_373,clique
P_122263,W_11652,clique
P_122300,W_4829,clique
P_122303,W_9703,clique
P_12233,W_12233,noise
P_122353,W_575,clique
P_122484,W_15521,clique
P_122525,W_1002,clique
P_122530,W_10428,clique
P_122534,W_11898,clique
P_12255,W_12255,clique
P_122588,W_111535,clique
P_122654,W_3928,clique
P_122676,W_16560,clique
P_12269,W_886,clique
P_12270,W_932,clique
P_122902,W_6210,clique
P_122916,W_35395,clique
P_122933,W_83873,clique
P_122934,W_83881,clique
P_122935,W_83871,clique
P_12317,W_12317,clique
P_123187,W_23239,clique
P_123223,W_1812,clique
P_123481,W_799,clique
P_123913,W_113412,noise
P_124019,W_11841,clique
P_124036,W_83881,clique
P_124040,W_13127,clique
P_12406,W_642,clique
P_124071,W_13208,clique
P_124173,W_32058,clique
P_12429,W_3673,clique
P_12433,W_12168,clique
P_124373,W_28204,noise
P_124468,W_9133,clique
P_124470,W_1409,clique
P_124516,W_12992,clique
P_124579,W_21013,clique
P_12460,W_12460,clique
P_124644,W_34086,clique
P_124661,W_3321,clique
P_124676,W_3321,clique
P_124681,W_3321,clique
P_12470,W_886,clique
P_12476,W_10685,clique
P_12478,W_10790,clique
P_12484,W_26,clique
P_12486,W_4749,clique
P_124892,W_679,clique
P_124895,W_1282,clique
P_124896,W_2393,clique
P_125112,W_8296,noise
P_125119,W_34791,clique
P_125122,W_1894,clique
P_125125,W_113615,clique
P_125330,W_13875,clique
P_125333,W_25511,clique
P_125339,W_6031,clique
P_12540,W_12540,noise
P_12545,W_12542,clique
P_125467,W_71994,noise
P_12547,W_12542,clique
P_12548,W_12542,clique
P_125846,W_113724,clique
P_125847,W_113724,clique
P_126067,W_1650,clique
P_12611,W_3978,clique
P_126178,W_113800,noise
P_12618,W_4922,clique
P_126221,W_13552,clique
P_126241,W_19985,clique
P_126372,W_13687,clique
P_126395,W_27477,clique
P_126396,W_5095,clique
P_126409,W_7818,clique
P_126431,W_7213,clique
P_126432,W_10901,clique
P_126434,W_4816,clique
P_126445,W_9626,clique
P_126446,W_9626,clique
P_126451,W_6292,clique
P_12656,W_662,clique
P_12658,W_9103,clique
P_12659,W_2301,clique
P_126620,W_113879,noise
P_12675,W_12675,noise
P_126898,W_21828,clique
P_126951,W_3497,clique
P_1270,W_1270,noise
P_127072,W_8339,clique
P_127089,W_13208,clique
P_127142,W_3995,clique
P_127302,W_94,clique
P_127327,W_7550,clique
P_127330,W_94,clique
P_127410,W_3074,clique
P_127420,W_48,clique
P_127428,W_10685,clique
P_127489,W_4775,clique
P_127491,W_4012,clique
P_127548,W_114076,noise
P_1276,W_1276,clique
P_1278,W_1278,clique
P_12784,W_3321,clique
P_12786,W_3904,clique
P_127887,W_11850,clique
P_127888,W_11850,clique
P_1279,W_1278,clique
P_127907,W_1308,clique
P_127917,W_14354,clique
P_12792,W_12792,clique
P_127921,W_32711,clique
P_128034,W_5368,clique
P_128187,W_69970,clique
P_128283,W_3529,clique
P_1283,W_1282,clique
P_128305,W_114242,noise
P_12834,W_12833,noise
P_128365,W_179,clique
P_128392,W_113615,clique
P_128395,W_3964,clique
P_12858,W_1108,clique
P_12861,W_2145,clique
P_12864,W_11841,clique
P_128673,W_82985,clique
P_128674,W_2968,clique
P_128709,W_31725,clique
P_12877,W_6616,clique
P_128782,W_14809,clique
P_1288,W_625,clique
P_128902,W_55861,clique
P_129019,W_47901,clique
P_129045,W_93644,clique
P_129070,W_20710,clique
P_129079,W_37018,noise
P_129086,W_2083,clique
P_129088,W_14129,noise
P_129091,W_1002,clique
P_129093,W_343,clique
P_129127,W_109122,clique
P_129373,W_114394,clique
P_129386,W_114394,clique
P_129391,W_114394,clique
P_129393,W_114394,clique
P_129396,W_114394,clique
P_129467,W_56366,clique
P_129468,W_62086,clique
P_129504,W_114408,clique
P_129505,W_114408,clique
P_129521,W_83881,clique
P_129538,W_9350,clique
P_129541,W_114408,clique
P_129553,W_114408,clique
P_129653,W_4277,clique
P_12968,W_12968,clique
P_129702,W_76855,noise
P_12972,W_12972,clique
P_12974,W_12972,clique
P_129865,W_114490,clique
P_129867,W_114490,clique
P_129914,W_22945,clique
P_12992,W_12992,clique
P_129935,W_87758,clique
P_12997,W_6417,clique
P_130017,W_78838,clique
P_130024,W_35395,clique
P_13005,W_1924,clique
P_130151,W_10906,clique
P_130257,W_13204,clique
P_130260,W_1033,clique
P_130284,W_114552,noise
P_13030,W_4133,noise
P_130313,W_20036,clique
P_130388,W_10581,clique
P_130389,W_20120,clique
P_130499,W_13549,clique
P_1305,W_1305,clique
P_130543,W_2976,clique
P_130565,W_5616,clique
P_130572,W_114576,noise
P_130750,W_34568,clique
P_130754,W_34568,clique
P_130755,W_34568,clique
P_130766,W_546,clique
P_130821,W_114606,clique
P_130822,W_114606,clique
P_130828,W_114608,clique
P_130829,W_114608,clique
P_130921,W_11641,clique
P_131025,W_30235,clique
P_131026,W_7229,clique
P_131028,W_34907,clique
P_131030,W_10852,clique
P_13114,W_167,clique
P_131172,W_30235,clique
P_13118,W_5917,clique
P_131220,W_6216,clique
P_131221,W_7312,clique
P_131254,W_114633,noise
P_13127,W_13127,clique
P_131288,W_10847,clique
P_131290,W_10847,clique
P_131292,W_10847,clique
P_131293,W_10847,clique
P_131295,W_10847,clique
P_131296,W_92417,clique
P_131298,W_35395,clique
P_131300,W_10847,clique
P_13132,W_5917,clique
P_131376,W_2081,clique
P_131379,W_9358,clique
P_131398,W_68897,clique
P_131511,W_51980,clique
P_13159,W_5917,clique
P_131630,W_1276,clique
P_131738,W_13208,clique
P_131813,W_34568,clique
P_131859,W_4887,clique
P_131874,W_706,clique
P_131927,W_114742,clique
P_131929,W_114742,clique
P_131936,W_114742,clique
P_131960,W_114606,clique
P_131965,W_114742,clique
P_131984,W_114742,clique
P_13204,W_13204,clique
P_132041,W_114742,clique
P_132045,W_114742,clique
P_132049,W_114742,clique
P_132051,W_9158,clique
P_132052,W_20088,clique
P_132053,W_4814,clique
P_132071,W_64372,clique
P_13216,W_13216,clique
P_132182,W_64593,clique
P_13222,W_13222,clique
P_132245,W_114742,clique
P_13232,W_2085,clique
P_132368,W_62433,clique
P_132412,W_40034,clique
P_132413,W_68472,clique
P_132436,W_1769,clique
P_132470,W_9704,clique
P_132518,W_1033,clique
P_132570,W_34907,clique
P_132577,W_9263,clique
P_132584,W_4916,clique
P_132586,W_68063,clique
P_1326,W_1326,noise
P_132649,W_4922,clique
P_132656,W_112097,clique
P_132657,W_79329,clique
P_132660,W_114810,clique
P_132663,W_114810,clique
P_132758,W_4012,clique
P_132866,W_114837,noise
P_132979,W_4681,clique
P_132996,W_5216,clique
P_13302,W_4755,clique
P_133039,W_12940,noise
P_133129,W_19789,clique
P_133357,W_4749,clique
P_133440,W_57993,noise
P_133519,W_4702,clique
P_133523,W_4694,clique
P_133524,W_8543,clique
P_133761,W_114901,noise
P_133785,W_40971,clique
P_133816,W_114911,noise
P_133831,W_656,clique
P_133832,W_4267,clique
P_133833,W_25000,clique
P_133836,W_7245,clique
P_13385,W_167,clique
P_133941,W_1939,clique
P_133946,W_27894,clique
P_133981,W_55068,clique
P_133982,W_12972,clique
P_133988,W_96864,noise
P_134053,W_55068,clique
P_134120,W_3097,clique
P_134125,W_14238,clique
P_134144,W_4681,clique
P_134145,W_3266,clique
P_134175,W_10838,clique
P_13421,W_5555,clique
P_134245,W_5102,clique
P_13425,W_5555,clique
P_134250,W_9719,clique
P_134258,W_10914,clique
P_134262,W_55068,clique
P_13431,W_5555,clique
P_134349,W_22,clique
P_134352,W_13440,clique
P_134355,W_114947,clique
P_13440,W_13440,clique
P_134414,W_87758,clique
P_13447,W_4468,clique
P_134476,W_4681,clique
P_134587,W_1795,clique
P_134660,W_4217,clique
P_134661,W_4829,clique
P_134662,W_4687,clique
P_134695,W_625,clique
P_1347,W_1347,clique
P_134711,W_55068,clique
P_134730,W_4681,clique
P_134742,W_4690,clique
P_134764,W_55068,clique
P_134765,W_55068,clique
P_134767,W_55068,clique
P_134775,W_114972,noise
P_134783,W_50939,clique
P_1348,W_1347,clique
P_135031,W_7245,clique
P_135060,W_21826,clique
P_135061,W_50523,clique
P_135084,W_45948,clique
P_13513,W_2271,clique
P_13522,W_3063,clique
P_13523,W_13523,clique
P_1353,W_1353,clique
P_13552,W_13552,clique
P_135528,W_11358,clique
P_135595,W_10901,clique
P_135628,W_115054,clique
P_135643,W_115054,clique
P_13566,W_4762,clique
P_135668,W_10902,clique
P_135670,W_4689,clique
P_135672,W_1033,clique
P_135675,W_5440,clique
P_135677,W_4849,clique
P_135695,W_18505,clique
P_135738,W_18505,clique
P_135759,W_18505,clique
P_135793,W_18505,clique
P_1359,W_1353,clique
P_135935,W_303,clique
P_136020,W_9262,clique
P_136132,W_18505,clique
P_136182,W_52177,clique
P_136185,W_26461,clique
P_136233,W_18505,clique
P_136281,W_1278,clique
P_1364,W_1364,clique
P_136457,W_1443,clique
P_13658,W_4012,clique
P_1367,W_1364,clique
P_136809,W_3270,clique
P_13687,W_13687,clique
P_136870,W_6807,clique
P_136884,W_3262,noise
P_136908,W_24522,clique
P_13695,W_13695,clique
P_13698,W_13698,clique
P_137291,W_115249,clique
P_137292,W_115249,clique
P_137293,W_115249,clique
P_137294,W_115249,clique
P_137296,W_115249,clique
P_137375,W_115251,clique
P_137414,W_10914,clique
P_137485,W_994,clique
P_137537,W_29060,clique
P_137556,W_11484,clique
P_137558,W_9576,clique
P_137588,W_53351,clique
P_137590,W_115249,clique
P_1376,W_1376,clique
P_137629,W_5233,clique
P_137708,W_103771,clique
P_137716,W_74245,clique
P_137740,W_11649,clique
P_137764,W_40199,clique
P_1378,W_1378,clique
P_137822,W_49483,noise
P_13805,W_1409,clique
P_13807,W_1308,clique
P_138093,W_42631,clique
P_138116,W_3599,clique
P_138150,W_10108,noise
P_138156,W_10907,clique
P_138212,W_115358,noise
P_13831,W_7032,clique
P_13832,W_6536,clique
P_138459,W_3599,clique
P_138491,W_103,clique
P_138508,W_10216,clique
P_138614,W_2271,clique
P_138652,W_27913,clique
P_13869,W_2911,clique
P_138718,W_5071,clique
P_138719,W_8824,clique
P_138721,W_4354,clique
P_138722,W_3061,clique
P_138727,W_5216,clique
P_138731,W_40419,clique
P_13888,W_3170,clique
P_13895,W_1130,clique
P_138967,W_32595,clique
P_139000,W_9665,clique
P_13908,W_3211,clique
P_139092,W_3599,clique
P_139161,W_3599,clique
P_139304,W_6730,clique
P_139305,W_6730,clique
P_139401,W_4217,clique
P_139431,W_11823,clique
P_139457,W_299,clique
P_139528,W_59425,noise
P_139545,W_115525,noise
P_139673,W_111952,clique
P_139768,W_3599,clique
P_139835,W_32408,clique
P_139969,W_22084,clique
P_139989,W_115620,noise
P_140021,W_7279,clique
P_140023,W_2976,clique
P_140165,W_3599,clique
P_140166,W_65381,clique
P_14019,W_14019,clique
P_140200,W_45675,clique
P_140236,W_64445,clique
P_140237,W_113724,clique
P_140253,W_113615,clique
P_140376,W_3599,clique
P_14040,W_14019,clique
P_140410,W_3599,clique
P_140445,W_2145,clique
P_140473,W_29078,clique
P_140475,W_3599,clique
P_140478,W_115692,clique
P_140479,W_40924,clique
P_140497,W_546,clique
P_140498,W_16875,noise
P_140587,W_42488,clique
P_140598,W_115707,clique
P_140737,W_28493,clique
P_140792,W_115728,clique
P_140793,W_115728,clique
P_140865,W_115249,clique
P_140874,W_4685,clique
P_140886,W_43012,clique
P_140894,W_115707,clique
P_1409,W_1409,clique
P_140922,W_115737,noise
P_141062,W_115707,clique
P_141084,W_19417,clique
P_141095,W_10848,clique
P_141097,W_11473,clique
P_1411,W_994,clique
P_141101,W_10847,clique
P_1412,W_1412,clique
P_141269,W_115814,clique
P_141280,W_58783,clique
P_141284,W_5440,clique
P_14137,W_8387,clique
P_141458,W_115707,clique
P_141475,W_20122,clique
P_141499,W_82985,clique
P_141562,W_9703,clique
P_141563,W_23116,clique
P_141592,W_11785,clique
P_141593,W_22286,clique
P_141594,W_9132,clique
P_141597,W_5071,clique
P_141604,W_10528,clique
P_141608,W_12542,clique
P_141619,W_12542,clique
P_141718,W_7279,clique
P_141768,W_26939,clique
P_141777,W_6972,noise
P_141778,W_115794,noise
P_141887,W_65378,noise
P_141912,W_9262,clique
P_141972,W_10852,clique
P_141976,W_11859,clique
P_14198,W_10144,clique
P_141991,W_4843,clique
P_141996,W_20049,clique
P_14204,W_623,clique
P_14205,W_11898,clique
P_142111,W_73656,clique
P_142176,W_23116,clique
P_14225,W_226,clique
P_142330,W_3858,clique
P_14238,W_14238,clique
P_14251,W_14238,clique
P_14254,W_14238,clique
P_142577,W_116006,noise
P_14261,W_14238,clique
P_14263,W_14238,clique
P_14264,W_10141,clique
P_14272,W_14238,clique
P_142727,W_7116,clique
P_14273,W_14238,clique
P_142740,W_7084,clique
P_14275,W_14238,clique
P_142804,W_1362,clique
P_142968,W_115054,clique
P_143115,W_5697,clique
P_143186,W_6939,clique
P_143322,W_113724,clique
P_14342,W_5388,clique
P_143450,W_83967,noise
P_14348,W_4468,clique
P_14349,W_4468,clique
P_14350,W_4468,clique
P_14352,W_6403,clique
P_14354,W_14354,clique
P_14355,W_14354,clique
P_143552,W_1983,clique
P_14356,W_14354,clique
P_143634,W_10581,clique
P_143647,W_7257,clique
P_143653,W_21826,clique
P_143661,W_11817,clique
P_143672,W_30326,clique
P_143699,W_30326,clique
P_143752,W_13208,clique
P_143757,W_22084,clique
P_14379,W_14379,clique
P_143796,W_111535,clique
P_14380,W_14379,clique
P_14387,W_3978,clique
P_143960,W_115728,clique
P_144067,W_115054,clique
P_144097,W_11471,clique
P_144099,W_375,clique
P_144115,W_10154,clique
P_14414,W_1278,clique
P_1443,W_1443,clique
P_144320,W_116292,noise
P_144383,W_40419,clique
P_14446,W_1033,clique
P_144503,W_31360,clique
P_144666,W_4692,clique
P_144682,W_2768,clique
P_144706,W_10788,clique
P_144724,W_3170,clique
P_144727,W_6102,clique
P_144774,W_209,clique
P_144786,W_3237,clique
P_144811,W_14969,clique
P_144815,W_3673,clique
P_144821,W_9508,clique
P_144822,W_2474,clique
P_14485,W_14485,clique
P_14486,W_14485,clique
P_144862,W_679,clique
P_144863,W_679,clique
P_144864,W_679,clique
P_144869,W_679,clique
P_144877,W_867,clique
P_144916,W_100,clique
P_145006,W_53687,clique
P_14501,W_14501,clique
P_14502,W_14501,clique
P_14504,W_14501,clique
P_145056,W_53687,clique
P_145071,W_5616,clique
P_145072,W_1002,clique
P_145075,W_49809,clique
P_145078,W_1278,clique
P_1453,W_22,clique
P_145396,W_10576,clique
P_145397,W_13873,clique
P_145401,W_9290,clique
P_145429,W_87425,clique
P_145430,W_11667,clique
P_145432,W_5440,clique
P_1455,W_1454,clique
P_145599,W_116481,noise
P_14560,W_5118,clique
P_145667,W_9290,clique
P_145670,W_4841,clique
P_145673,W_10851,clique
P_145678,W_5552,clique
P_145822,W_116516,clique
P_145830,W_116516,clique
P_145834,W_116516,clique
P_145842,W_9560,clique
P_145853,W_116516,clique
P_145855,W_89492,clique
P_14590,W_6549,clique
P_14597,W_6549,clique
P_145978,W_116535,noise
P_146000,W_1454,clique
P_146160,W_1983,clique
P_146163,W_27477,clique
P_146166,W_5162,clique
P_146236,W_114490,clique
P_146238,W_4689,clique
P_146239,W_50379,clique
P_146241,W_26111,clique
P_146242,W_23772,clique
P_146243,W_12137,clique
P_146255,W_114810,clique
P_146256,W_44137,clique
P_146257,W_11484,clique
P_146359,W_116565,clique
P_146419,W_116565,clique
P_146422,W_12137,clique
P_146423,W_53262,clique
P_146437,W_116565,clique
P_146454,W_116565,clique
P_146514,W_116565,clique
P_146558,W_116565,clique
P_146573,W_35472,clique
P_146607,W_40702,clique
P_146608,W_65609,clique
P_146609,W_64372,clique
P_146610,W_97460,clique
P_146614,W_62669,noise
P_146615,W_7580,clique
P_14662,W_14662,clique
P_146629,W_9131,clique
P_146650,W_6394,clique
P_146664,W_3174,clique
P_146721,W_28784,clique
P_146723,W_11249,clique
P_146748,W_53997,clique
P_146873,W_27320,clique
P_146931,W_5534,clique
P_147084,W_82146,clique
P_147150,W_116622,clique
P_147220,W_38517,clique
P_147244,W_116622,clique
P_147267,W_7577,clique
P_147478,W_10576,clique
P_147529,W_116622,clique
P_147562,W_10577,clique
P_147563,W_116622,clique
P_14775,W_1308,clique
P_1478,W_1478,clique
P_147868,W_82146,clique
P_147869,W_14599,clique
P_1479,W_1478,clique
P_148,W_148,clique
P_1481,W_1478,clique
P_148173,W_69970,clique
P_148223,W_11657,clique
P_148308,W_10065,clique
P_148343,W_67609,clique
P_148486,W_67609,clique
P_148487,W_13549,clique
P_1485,W_1478,clique
P_14857,W_1153,clique
P_14871,W_4726,clique
P_148743,W_67609,clique
P_148744,W_5515,clique
P_148747,W_40120,clique
P_148754,W_44137,clique
P_14877,W_594,clique
P_148804,W_69970,clique
P_148848,W_67609,clique
P_148855,W_67609,clique
P_148858,W_42997,clique
P_148894,W_4655,clique
P_148936,W_117022,noise
P_148940,W_5294,clique
P_148989,W_12317,clique
P_149024,W_8202,clique
P_149044,W_4267,clique
P_149188,W_5958,clique
P_149191,W_46288,clique
P_149229,W_42488,clique
P_149230,W_67609,clique
P_149275,W_115692,clique
P_149282,W_1616,clique
P_149391,W_3260,clique
P_149448,W_4267,clique
P_1495,W_662,clique
P_149570,W_1153,clique
P_14958,W_9092,clique
P_149614,W_13873,clique
P_14963,W_3177,clique
P_149688,W_6464,clique
P_14970,W_14969,clique
P_149738,W_5515,clique
P_1498,W_954,clique
P_150054,W_5438,clique
P_1501,W_594,clique
P_150105,W_7253,clique
P_150129,W_5162,clique
P_150158,W_399,clique
P_150193,W_35389,clique
P_150194,W_35389,clique
P_150198,W_882,clique
P_150244,W_35389,clique
P_150246,W_35389,clique
P_150247,W_35389,clique
P_150258,W_104910,noise
P_150454,W_42521,clique
P_150621,W_54816,clique
P_150629,W_82877,clique
P_150730,W_32202,clique
P_150853,W_5231,clique
P_150902,W_23142,clique
P_150964,W_4884,clique
P_15103,W_1130,clique
P_151056,W_4762,clique
P_1511,W_662,clique
P_151133,W_9263,clique
P_151148,W_6394,clique
P_151153,W_3928,clique
P_151165,W_21025,clique
P_151245,W_6394,clique
P_151276,W_79766,noise
P_151354,W_4158,clique
P_151356,W_52851,clique
P_151399,W_6031,clique
P_1515,W_662,clique
P_151500,W_20036,clique
P_151512,W_59319,clique
P_151604,W_6031,clique
P_151609,W_7578,clique
P_151666,W_7213,clique
P_151669,W_4694,clique
P_151834,W_6031,clique
P_151846,W_4939,clique
P_151873,W_94,clique
P_151876,W_13204,clique
P_151877,W_26687,clique
P_151884,W_37513,clique
P_151902,W_30246,clique
P_151903,W_30246,clique
P_151938,W_117403,clique
P_15206,W_15205,noise
P_152071,W_117413,noise
P_152125,W_1812,clique
P_15223,W_15223,clique
P_15224,W_15223,clique
P_152300,W_34086,clique
P_152324,W_1153,clique
P_152346,W_23558,noise
P_152366,W_6807,clique
P_152375,W_731,clique
P_152439,W_3858,clique
P_152442,W_6453,clique
P_152446,W_28687,clique
P_152460,W_3237,clique
P_152536,W_4689,clique
P_152589,W_117450,clique
P_152595,W_117450,clique
P_152601,W_6292,clique
P_152609,W_55068,clique
P_152838,W_10781,clique
P_152840,W_10846,clique
P_152901,W_161,clique
P_152902,W_3170,clique
P_152994,W_25429,noise
P_15300,W_15300,clique
P_153025,W_3928,clique
P_153045,W_117499,noise
P_153123,W_4655,clique
P_153124,W_1276,clique
P_153170,W_117511,noise
P_153276,W_32058,clique
P_153520,W_36064,clique
P_153755,W_18507,clique
P_153775,W_9262,clique
P_15385,W_15385,clique
P_153894,W_117605,noise
P_153923,W_86795,clique
P_153936,W_12968,clique
P_153947,W_4801,clique
P_153951,W_25511,clique
P_153988,W_4884,clique
P_154035,W_54461,clique
P_154064,W_31003,clique
P_15415,W_2928,clique
P_15417,W_15417,noise
P_154170,W_117624,noise
P_154247,W_112169,noise
P_154332,W_209,clique
P_154337,W_886,clique
P_15435,W_19789,clique
P_154363,W_117650,noise
P_154494,W_1276,clique
P_154497,W_5216,clique
P_154529,W_80102,noise
P_154639,W_29060,clique
P_154782,W_6031,clique
P_154822,W_117694,noise
P_154936,W_284,clique
P_154994,W_117712,noise
P_155009,W_7446,clique
P_155069,W_9576,clique
P_155071,W_40876,clique
P_155073,W_7816,clique
P_155074,W_27913,clique
P_15519,W_15519,clique
P_15533,W_15519,clique
P_155536,W_55209,noise
P_155602,W_6485,clique
P_155621,W_117791,clique
P_155623,W_117791,clique
P_155751,W_209,clique
P_155865,W_71702,clique
P_155869,W_40702,clique
P_155884,W_41946,clique
P_155948,W_117791,clique
P_155982,W_117849,clique
P_155983,W_117849,clique
P_155995,W_117849,clique
P_155998,W_117849,clique
P_156011,W_117849,clique
P_156080,W_117849,clique
P_156207,W_42488,clique
P_156209,W_26542,clique
P_156258,W_51980,clique
P_156281,W_117883,clique
P_156285,W_117883,clique
P_156339,W_117902,noise
P_156374,W_52851,clique
P_156441,W_10913,clique
P_156442,W_117883,clique
P_156497,W_117883,clique
P_156506,W_117883,clique
P_156613,W_117883,clique
P_156709,W_117950,noise
P_156747,W_1055,clique
P_156801,W_22948,clique
P_156802,W_117883,clique
P_156817,W_103771,clique
P_156818,W_117883,clique
P_156946,W_46288,clique
P_157027,W_50379,clique
P_157049,W_117991,noise
P_157050,W_117992,noise
P_157095,W_20710,clique
P_157216,W_22084,clique
P_157280,W_23165,clique
P_157328,W_2911,clique
P_157358,W_74134,noise
P_1574,W_303,clique
P_15743,W_677,clique
P_157630,W_65049,clique
P_157631,W_4843,clique
P_157733,W_118071,noise
P_157750,W_4158,clique
P_157815,W_19985,clique
P_157890,W_7284,clique
P_157900,W_7284,clique
P_157927,W_118098,noise
P_157962,W_6403,clique
P_158109,W_5958,clique
P_158111,W_6097,clique
P_158121,W_9643,clique
P_158183,W_5283,clique
P_1583,W_303,clique
P_158367,W_12542,clique
P_158406,W_22084,clique
P_158417,W_1596,clique
P_158428,W_76174,clique
P_158493,W_12031,clique
P_158494,W_7284,clique
P_158503,W_5655,clique
P_158511,W_7284,clique
P_158531,W_65609,clique
P_158532,W_2901,clique
P_158621,W_656,clique
P_158635,W_167,clique
P_15869,W_15869,noise
P_158718,W_9560,clique
P_158810,W_32595,clique
P_158947,W_841,clique
P_158972,W_1650,clique
P_159107,W_7284,clique
P_159108,W_7284,clique
P_159109,W_115251,clique
P_159133,W_42521,clique
P_15918,W_15918,noise
P_159281,W_7762,clique
P_159367,W_17866,clique
P_159403,W_87758,clique
P_159437,W_7284,clique
P_159439,W_27911,clique
P_159440,W_64593,clique
P_159441,W_97460,clique
P_159444,W_22961,clique
P_159445,W_21958,clique
P_159446,W_12140,clique
P_159463,W_22148,clique
P_159474,W_7816,clique
P_1596,W_1596,clique
P_159650,W_20185,clique
P_159652,W_11471,clique
P_159680,W_13698,clique
P_159689,W_5616,clique
P_1597,W_1596,clique
P_1600,W_1596,clique
P_160072,W_4829,clique
P_160085,W_114490,clique
P_160086,W_4814,clique
P_160087,W_11472,clique
P_160088,W_10847,clique
P_160089,W_27919,clique
P_160090,W_7284,clique
P_160098,W_7284,clique
P_160134,W_4541,clique
P_160135,W_4541,clique
P_160153,W_101220,clique
P_160274,W_37699,noise
P_160356,W_3892,noise
P_160380,W_118399,clique
P_160405,W_7818,clique
P_160406,W_11794,clique
P_160407,W_101220,clique
P_160491,W_118426,noise
P_160492,W_24522,clique
P_160508,W_5102,clique
P_160536,W_46851,clique
P_160565,W_118431,noise
P_1606,W_1596,clique
P_160621,W_47674,clique
P_160764,W_117459,noise
P_160791,W_118452,noise
P_160938,W_118483,noise
P_160966,W_3203,clique
P_161,W_161,clique
P_1610,W_1596,clique
P_16115,W_200724,clique
P_161163,W_6485,clique
P_161198,W_116355,noise
P_161224,W_1378,clique
P_161248,W_11943,noise
P_161294,W_882,clique
P_161328,W_23627,clique
P_161345,W_2901,clique
P_161358,W_22,clique
P_161424,W_118543,clique
P_161465,W_118399,clique
P_161470,W_998,clique
P_161475,W_6437,clique
P_161479,W_1278,clique
P_161480,W_19789,clique
P_161481,W_462,clique
P_161490,W_6807,clique
P_161503,W_6870,clique
P_161507,W_20036,clique
P_161531,W_4698,clique
P_161807,W_99743,clique
P_161809,W_6939,clique
P_161821,W_7279,clique
P_161825,W_6939,clique
P_161853,W_3260,clique
P_16187,W_16187,noise
P_161922,W_19903,clique
P_161961,W_76174,clique
P_162009,W_4354,clique
P_162012,W_2696,clique
P_162068,W_27894,clique
P_162069,W_26111,clique
P_162144,W_22286,clique
P_162278,W_677,clique
P_162284,W_8387,clique
P_162302,W_12168,clique
P_162303,W_30246,clique
P_162323,W_17662,clique
P_162336,W_12317,clique
P_162337,W_27320,clique
P_162348,W_39055,clique
P_162352,W_40199,clique
P_162423,W_118713,clique
P_162437,W_118713,clique
P_162438,W_11473,clique
P_16245,W_3237,clique
P_16246,W_1894,clique
P_162474,W_29130,clique
P_162673,W_58781,clique
P_162676,W_25511,clique
P_162694,W_67609,clique
P_162721,W_7253,clique
P_162819,W_1812,clique
P_163020,W_118713,clique
P_163033,W_118713,clique
P_163123,W_64445,clique
P_163126,W_10472,clique
P_163134,W_21828,clique
P_163141,W_14485,clique
P_163152,W_6602,clique
P_163156,W_118849,clique
P_163184,W_113615,clique
P_163356,W_42338,clique
P_163431,W_6464,clique
P_163489,W_4829,clique
P_163527,W_1443,clique
P_163733,W_118823,clique
P_163736,W_23627,clique
P_163775,W_6441,clique
P_163931,W_115707,clique
P_163933,W_63854,clique
P_163946,W_7249,clique
P_164095,W_1616,clique
P_164102,W_23772,clique
P_164106,W_20069,clique
P_164111,W_63854,clique
P_164116,W_10313,clique
P_164138,W_118399,clique
P_164141,W_3264,clique
P_164389,W_30552,clique
P_164393,W_53040,clique
P_164394,W_3245,clique
P_164402,W_39438,clique
P_164442,W_119107,noise
P_164461,W_28547,clique
P_164481,W_20069,clique
P_164484,W_13549,clique
P_164490,W_34353,clique
P_164537,W_27641,clique
P_164730,W_119158,clique
P_164733,W_119158,clique
P_164734,W_119158,clique
P_164785,W_119158,clique
P_164871,W_95037,noise
P_164872,W_6939,clique
P_164895,W_119158,clique
P_164896,W_119158,clique
P_164902,W_20185,clique
P_164961,W_42311,clique
P_1650,W_1650,clique
P_165140,W_11859,clique
P_165141,W_27919,clique
P_165143,W_13698,clique
P_165190,W_119243,noise
P_165356,W_58781,clique
P_165357,W_4854,clique
P_165359,W_6031,clique
P_165362,W_4837,clique
P_165417,W_33804,clique
P_165422,W_8387,clique
P_165536,W_5912,clique
P_16560,W_16560,clique
P_16561,W_16560,clique
P_1657,W_564,clique
P_165769,W_22,clique
P_165807,W_6470,noise
P_165834,W_18,clique
P_165866,W_119327,noise
P_165904,W_118543,clique
P_166048,W_272,clique
P_166086,W_118713,clique
P_166095,W_119358,noise
P_166100,W_14229,clique
P_166104,W_9276,clique
P_166122,W_118713,clique
P_166132,W_30209,clique
P_166184,W_76174,clique
P_166223,W_37947,clique
P_166225,W_886,clique
P_166378,W_2901,clique
P_166424,W_27911,clique
P_166443,W_115814,clique
P_166495,W_7116,clique
P_166500,W_76174,clique
P_166501,W_78838,clique
P_166568,W_119416,noise
P_166595,W_10717,clique
P_166597,W_5912,clique
P_166610,W_4767,clique
P_166621,W_367,clique
P_166641,W_4267,clique
P_166680,W_17053,clique
P_166755,W_6093,clique
P_166788,W_2083,clique
P_166886,W_20036,clique
P_166942,W_119473,clique
P_166951,W_119473,clique
P_166999,W_119473,clique
P_167,W_167,clique
P_167107,W_7116,clique
P_167121,W_119509,noise
P_167153,W_53040,clique
P_16717,W_28547,clique
P_16718,W_28547,clique
P_16719,W_28547,clique
P_167232,W_10931,clique
P_167248,W_118713,clique
P_16731,W_6536,clique
P_167310,W_5118,clique
P_167358,W_7583,clique
P_167380,W_7257,clique
P_16740,W_6536,clique
P_167403,W_119555,noise
P_167548,W_119600,noise
P_167552,W_20257,clique
P_167554,W_39438,clique
P_167556,W_12159,clique
P_167558,W_12137,clique
P_167560,W_27894,clique
P_1676,W_1616,clique
P_167603,W_11534,clique
P_167700,W_38890,noise
P_167748,W_76574,clique
P_167825,W_55861,clique
P_167853,W_119663,noise
P_167916,W_42997,clique
P_168050,W_56239,clique
P_168054,W_4867,clique
P_168057,W_9671,clique
P_168058,W_9006,clique
P_168059,W_7202,clique
P_168066,W_119680,clique
P_168093,W_119688,noise
P_168117,W_10902,clique
P_16813,W_1276,clique
P_168130,W_119680,clique
P_168132,W_119680,clique
P_168134,W_119680,clique
P_168135,W_119680,clique
P_168186,W_119695,clique
P_168189,W_119695,clique
P_168391,W_26542,clique
P_168394,W_115814,clique
P_168397,W_31360,clique
P_16846,W_14485,clique
P_16849,W_14485,clique
P_16854,W_14485,clique
P_168609,W_118713,clique
P_16895,W_2673,clique
P_168957,W_18507,clique
P_169006,W_43997,clique
P_169263,W_7816,clique
P_169500,W_1545,noise
P_169566,W_106883,clique
P_169573,W_20110,clique
P_169654,W_6485,clique
P_169946,W_9560,clique
P_16997,W_7446,clique
P_170014,W_117791,clique
P_170020,W_119695,clique
P_170075,W_119695,clique
P_17008,W_9713,noise
P_170134,W_8824,clique
P_170283,W_114947,clique
P_170284,W_117791,clique
P_170285,W_119695,clique
P_170294,W_119695,clique
P_170295,W_119695,clique
P_170345,W_26111,clique
P_170349,W_119695,clique
P_170361,W_91786,clique
P_170414,W_119996,clique
P_170418,W_119996,clique
P_170429,W_119996,clique
P_170455,W_120005,noise
P_170461,W_119996,clique
P_170463,W_20049,clique
P_170481,W_10902,clique
P_170484,W_4916,clique
P_170488,W_119996,clique
P_1705,W_1616,clique
P_170503,W_10216,clique
P_170506,W_7116,clique
P_17053,W_17053,clique
P_17054,W_17053,clique
P_170621,W_6441,clique
P_170623,W_119996,clique
P_170746,W_119996,clique
P_170771,W_97632,clique
P_170847,W_119996,clique
P_170893,W_10472,clique
P_170900,W_4762,clique
P_170905,W_3245,clique
P_170912,W_119996,clique
P_17092,W_8673,clique
P_170924,W_120052,noise
P_170936,W_119996,clique
P_171047,W_114490,clique
P_171343,W_10906,clique
P_171386,W_27894,clique
P_171387,W_1939,clique
P_171462,W_1792,clique
P_171525,W_6602,clique
P_171728,W_10216,clique
P_171800,W_120150,noise
P_172133,W_209,clique
P_172153,W_68472,clique
P_17229,W_7284,clique
P_172563,W_4841,clique
P_172586,W_1812,clique
P_172607,W_31938,clique
P_172637,W_27320,clique
P_172641,W_111510,clique
P_172645,W_4685,clique
P_17274,W_17274,clique
P_17275,W_17274,clique
P_172807,W_5141,clique
P_172836,W_272,clique
P_172847,W_120249,noise
P_172896,W_12607,noise
P_172916,W_2768,clique
P_172939,W_22084,clique
P_173245,W_120295,noise
P_173265,W_120301,noise
P_173303,W_19903,clique
P_173394,W_10931,clique
P_173553,W_39520,clique
P_173675,W_120367,noise
P_173702,W_2326,noise
P_173740,W_5342,clique
P_173747,W_11043,noise
P_173792,W_120390,noise
P_173804,W_5549,clique
P_173891,W_7249,clique
P_173896,W_14019,clique
P_173956,W_10237,clique
P_174082,W_5388,clique
P_17412,W_9271,clique
P_174140,W_6093,clique
P_174185,W_4846,clique
P_17419,W_17419,noise
P_174266,W_9508,clique
P_174340,W_6163,clique
P_174400,W_299,clique
P_174440,W_9508,clique
P_174451,W_6210,clique
P_17446,W_11051,clique
P_17453,W_4354,clique
P_174555,W_886,clique
P_174564,W_93655,clique
P_174607,W_2759,clique
P_174614,W_7762,clique
P_174782,W_19945,clique
P_174783,W_9131,clique
P_174802,W_3414,clique
P_174835,W_5724,clique
P_174871,W_120512,noise
P_174934,W_284,clique
P_174935,W_20541,clique
P_17498,W_12968,clique
P_175,W_175,clique
P_17500,W_1305,clique
P_175004,W_6417,clique
P_175016,W_5396,clique
P_175200,W_119996,clique
P_175206,W_28221,clique
P_175207,W_102577,clique
P_175212,W_564,clique
P_175269,W_114608,clique
P_175297,W_102577,clique
P_175303,W_25150,clique
P_175304,W_12795,clique
P_175362,W_83296,clique
P_175439,W_102577,clique
P_175441,W_29380,clique
P_175444,W_22926,clique
P_17565,W_10338,clique
P_17567,W_10338,clique
P_175718,W_39438,clique
P_175739,W_5549,clique
P_175751,W_14485,clique
P_175821,W_34463,noise
P_176058,W_97632,clique
P_176165,W_20064,clique
P_176167,W_167,clique
P_176193,W_1443,clique
P_176259,W_10472,clique
P_176320,W_882,clique
P_176363,W_11054,clique
P_176512,W_91786,clique
P_176594,W_9665,clique
P_17671,W_17671,clique
P_17672,W_17671,clique
P_176790,W_3497,clique
P_1768,W_1650,clique
P_176876,W_23165,clique
P_1769,W_1769,clique
P_17690,W_14379,clique
P_176961,W_119680,clique
P_177008,W_10846,clique
P_177038,W_120860,noise
P_177097,W_10237,clique
P_177278,W_102070,noise
P_177324,W_10685,clique
P_177348,W_9560,clique
P_177395,W_39520,clique
P_177469,W_9103,clique
P_177515,W_226,clique
P_177555,W_120930,noise
P_177566,W_656,clique
P_177568,W_25113,clique
P_17757,W_704,clique
P_177570,W_13222,clique
P_177572,W_9644,clique
P_177632,W_120385,noise
P_177634,W_42054,clique
P_177637,W_13693,clique
P_177664,W_4244,clique
P_177665,W_4244,clique
P_177671,W_4244,clique
P_177688,W_4244,clique
P_177689,W_4244,clique
P_177698,W_4244,clique
P_177712,W_4244,clique
P_17772,W_367,clique
P_177753,W_662,clique
P_177888,W_120957,noise
P_177896,W_64648,clique
P_177960,W_8213,clique
P_177996,W_5534,clique
P_178035,W_9358,clique
P_178176,W_53351,clique
P_178187,W_6417,clique
P_178265,W_1153,clique
P_178281,W_1153,clique
P_178356,W_26,clique
P_17840,W_7116,clique
P_17845,W_10745,clique
P_17846,W_3978,clique
P_178622,W_40251,clique
P_17866,W_17866,clique
P_17869,W_17866,clique
P_17876,W_51980,clique
P_178922,W_27894,clique
P_178954,W_367,clique
P_178962,W_32595,clique
P_179,W_179,clique
P_179022,W_5233,clique
P_1792,W_1792,clique
P_17922,W_9433,noise
P_179391,W_20084,clique
P_179405,W_10313,clique
P_179572,W_9704,clique
P_179575,W_118399,clique
P_179588,W_101220,clique
P_1796,W_1795,clique
P_179667,W_6464,clique
P_179743,W_30552,clique
P_179759,W_10846,clique
P_179763,W_28493,clique
P_179764,W_10846,clique
P_179765,W_92417,clique
P_179767,W_9574,clique
P_179782,W_10846,clique
P_179792,W_10846,clique
P_180,W_179,clique
P_180386,W_4726,clique
P_180421,W_199,clique
P_180565,W_5368,clique
P_180591,W_62475,clique
P_180632,W_121182,clique
P_180633,W_121182,clique
P_180701,W_383,clique
P_180729,W_10846,clique
P_180878,W_64627,clique
P_181014,W_115814,clique
P_181101,W_26988,clique
P_1812,W_1812,clique
P_181263,W_22084,clique
P_181292,W_71702,clique
P_181318,W_102577,clique
P_181424,W_121296,clique
P_181425,W_121296,clique
P_181501,W_114726,noise
P_181534,W_6939,clique
P_181554,W_69943,clique
P_181557,W_69943,clique
P_181574,W_4704,clique
P_181577,W_112910,clique
P_181693,W_39525,clique
P_181764,W_32006,noise
P_181818,W_5616,clique
P_181822,W_5954,clique
P_181869,W_35206,clique
P_181870,W_886,clique
P_181882,W_34086,clique
P_181883,W_34086,clique
P_181942,W_111408,clique
P_181969,W_18505,clique
P_181970,W_121182,clique
P_181972,W_18505,clique
P_182041,W_10576,clique
P_182220,W_121360,clique
P_182233,W_10154,clique
P_182308,W_121360,clique
P_182310,W_121360,clique
P_182341,W_3353,clique
P_182346,W_9376,clique
P_182366,W_121360,clique
P_182452,W_121360,clique
P_182503,W_119473,clique
P_182510,W_1055,clique
P_182620,W_39785,clique
P_182642,W_1376,clique
P_182644,W_3061,clique
P_182666,W_1276,clique
P_182728,W_209,clique
P_182733,W_72505,noise
P_182750,W_121401,clique
P_182751,W_121401,clique
P_182752,W_121401,clique
P_1828,W_1650,clique
P_182904,W_2976,clique
P_182916,W_4726,clique
P_183019,W_115054,clique
P_183038,W_3858,clique
P_183104,W_20622,clique
P_183113,W_7247,clique
P_183117,W_43195,clique
P_183144,W_9644,clique
P_183167,W_118543,clique
P_183226,W_43997,clique
P_183318,W_11798,clique
P_183344,W_121495,clique
P_183395,W_121504,clique
P_183396,W_121504,clique
P_18345,W_11516,clique
P_183461,W_119695,clique
P_18353,W_3145,clique
P_183532,W_53997,clique
P_183548,W_40876,clique
P_183549,W_40876,clique
P_183550,W_40876,clique
P_183551,W_40876,clique
P_183552,W_40876,clique
P_183565,W_115251,clique
P_183589,W_45948,clique
P_183590,W_56781,clique
P_183611,W_5368,clique
P_18364,W_3092,clique
P_183720,W_40924,clique
P_18374,W_10526,clique
P_18379,W_10685,clique
P_183870,W_3858,clique
P_183891,W_121296,clique
P_183993,W_121539,noise
P_183996,W_121360,clique
P_184,W_184,clique
P_184130,W_121548,clique
P_184133,W_121548,clique
P_184186,W_7961,clique
P_184189,W_5534,clique
P_184241,W_59150,clique
P_184307,W_121548,clique
P_184314,W_4852,clique
P_184318,W_61945,noise
P_184320,W_102159,noise
P_184376,W_3858,clique
P_184465,W_10847,clique
P_184474,W_9358,clique
P_184483,W_10577,clique
P_184492,W_114742,clique
P_184502,W_22154,clique
P_184504,W_18507,clique
P_184512,W_38171,clique
P_184546,W_10851,clique
P_184570,W_40702,clique
P_184571,W_10838,clique
P_184572,W_19912,clique
P_184576,W_21695,clique
P_184592,W_11794,clique
P_184618,W_23772,clique
P_184626,W_48320,clique
P_184655,W_40087,noise
P_184662,W_3858,clique
P_184667,W_98770,clique
P_184680,W_20257,clique
P_184683,W_28784,clique
P_184684,W_6870,clique
P_184704,W_91786,clique
P_184844,W_9132,clique
P_184849,W_110087,noise
P_18507,W_18507,clique
P_185207,W_3744,clique
P_185275,W_121604,noise
P_185279,W_113615,clique
P_185307,W_117417,clique
P_18535,W_10129,clique
P_185369,W_59150,clique
P_185370,W_59150,clique
P_185374,W_59150,clique
P_1854,W_1853,noise
P_185505,W_11485,clique
P_185506,W_6784,clique
P_185516,W_4698,clique
P_185645,W_98311,clique
P_18568,W_932,clique
P_185708,W_10129,clique
P_185800,W_20036,clique
P_185899,W_35206,clique
P_185903,W_4217,clique
P_185929,W_9671,clique
P_185954,W_226,clique
P_185956,W_54466,clique
P_185957,W_3092,clique
P_186004,W_117450,clique
P_186037,W_6870,clique
P_186046,W_10154,clique
P_186102,W_886,clique
P_186116,W_117417,clique
P_18625,W_10685,clique
P_186439,W_3092,clique
P_186446,W_121732,noise
P_186505,W_121743,noise
P_186570,W_121751,noise
P_186582,W_246,clique
P_186633,W_299,clique
P_186652,W_19985,clique
P_186739,W_36064,clique
P_186784,W_3245,clique
P_186813,W_41771,clique
P_186824,W_56781,clique
P_18687,W_401,clique
P_187004,W_41775,noise
P_187109,W_22286,clique
P_187155,W_73656,clique
P_187325,W_40971,clique
P_187331,W_25154,clique
P_1874,W_1874,noise
P_187510,W_121360,clique
P_187655,W_10907,clique
P_187698,W_3170,clique
P_187700,W_2930,clique
P_187741,W_42054,clique
P_187752,W_5102,clique
P_187809,W_20610,clique
P_187812,W_10577,clique
P_1879,W_1108,clique
P_187902,W_121852,clique
P_187903,W_59952,clique
P_187914,W_1795,clique
P_187984,W_20310,noise
P_187995,W_5396,clique
P_188071,W_121548,clique
P_188104,W_121911,noise
P_188197,W_121852,clique
P_188317,W_14207,noise
P_188464,W_12792,clique
P_188469,W_42488,clique
P_1885,W_1884,noise
P_188521,W_121852,clique
P_188548,W_121852,clique
P_188549,W_12159,clique
P_188729,W_114947,clique
P_188795,W_121852,clique
P_188809,W_121852,clique
P_188810,W_1364,clique
P_188856,W_14662,clique
P_1889,W_1108,clique
P_188902,W_108692,clique
P_188906,W_61933,clique
P_188908,W_42054,clique
P_189004,W_24522,clique
P_189024,W_4012,clique
P_18913,W_3061,clique
P_189232,W_7584,clique
P_189238,W_10914,clique
P_189372,W_11667,clique
P_189373,W_12031,clique
P_189404,W_1130,clique
P_189419,W_7213,clique
P_18947,W_14229,clique
P_189525,W_114490,clique
P_18953,W_6807,clique
P_189567,W_59150,clique
P_189574,W_25154,clique
P_189725,W_100,clique
P_18978,W_22,clique
P_18988,W_13695,clique
P_189927,W_26941,clique
P_189928,W_10237,clique
P_189931,W_6464,clique
P_189979,W_121360,clique
P_190175,W_10338,clique
P_190202,W_33251,clique
P_190379,W_243,clique
P_190406,W_6097,clique
P_190491,W_15519,clique
P_190511,W_42934,clique
P_190513,W_42934,clique
P_190514,W_42934,clique
P_190515,W_42934,clique
P_190516,W_42934,clique
P_190518,W_42934,clique
P_190519,W_42934,clique
P_190520,W_42934,clique
P_190521,W_42934,clique
P_190529,W_43012,clique
P_190598,W_122183,clique
P_190599,W_122183,clique
P_190704,W_122183,clique
P_190707,W_122183,clique
P_190715,W_122183,clique
P_190720,W_122183,clique
P_190770,W_122183,clique
P_190786,W_122183,clique
P_190905,W_119473,clique
P_190921,W_12792,clique
P_190987,W_42311,clique
P_191114,W_56366,clique
P_191122,W_5440,clique
P_191123,W_5440,clique
P_191143,W_4655,clique
P_191202,W_121382,noise
P_191230,W_115728,clique
P_191344,W_122254,clique
P_191347,W_122254,clique
P_191352,W_122254,clique
P_191376,W_20049,clique
P_191383,W_65609,clique
P_191387,W_122254,clique
P_191424,W_122254,clique
P_191608,W_53262,clique
P_191636,W_11823,clique
P_191761,W_9263,clique
P_191768,W_4843,clique
P_191806,W_83871,clique
P_191874,W_11006,clique
P_191937,W_27477,clique
P_191943,W_1443,clique
P_191958,W_37284,noise
P_191973,W_27579,clique
P_191974,W_27579,clique
P_191986,W_122287,noise
P_192143,W_184,clique
P_192155,W_2110,clique
P_192160,W_3061,clique
P_192163,W_122312,noise
P_192173,W_8202,clique
P_192178,W_32531,clique
P_192179,W_3270,clique
P_192199,W_22926,clique
P_192212,W_38171,clique
P_192366,W_2065,noise
P_1924,W_1924,clique
P_192560,W_32062,clique
P_192561,W_43088,clique
P_192594,W_39525,clique
P_192595,W_7249,clique
P_192611,W_32408,clique
P_192667,W_994,clique
P_192775,W_15809,noise
P_192821,W_7580,clique
P_192834,W_5316,clique
P_192835,W_5316,clique
P_192836,W_5316,clique
P_192842,W_5316,clique
P_192847,W_10913,clique
P_192868,W_122313,noise
P_193069,W_18507,clique
P_193099,W_209,clique
P_193278,W_19506,noise
P_193298,W_6549,clique
P_1933,W_1924,clique
P_1934,W_1924,clique
P_193566,W_122452,noise
P_1936,W_1924,clique
P_193626,W_21817,clique
P_19365,W_6403,clique
P_193689,W_32202,clique
P_193762,W_34699,clique
P_193900,W_9266,clique
P_193902,W_3245,clique
P_193903,W_11641,clique
P_194100,W_9665,clique
P_194103,W_111408,clique
P_19413,W_19413,noise
P_19419,W_11014,clique
P_19420,W_1812,clique
P_19425,W_13208,clique
P_1944,W_1939,clique
P_194421,W_122499,clique
P_194422,W_122499,clique
P_194423,W_122499,clique
P_194456,W_2427,clique
P_194458,W_122499,clique
P_194509,W_122499,clique
P_194514,W_122499,clique
P_194572,W_1055,clique
P_194725,W_75372,clique
P_194781,W_10914,clique
P_194786,W_10852,clique
P_194822,W_53687,clique
P_194824,W_53687,clique
P_194831,W_53687,clique
P_195006,W_12031,clique
P_195007,W_11779,clique
P_19508,W_19508,clique
P_19509,W_19508,clique
P_19510,W_19508,clique
P_195107,W_20088,clique
P_195138,W_424,clique
P_195262,W_2673,clique
P_195327,W_52851,clique
P_195352,W_2901,clique
P_195353,W_20257,clique
P_195412,W_20049,clique
P_195556,W_98770,clique
P_19558,W_19558,clique
P_195743,W_122602,clique
P_195879,W_22556,clique
P_195882,W_116174,noise
P_195926,W_112910,clique
P_195937,W_14229,clique
P_195972,W_113724,clique
P_1960,W_1924,clique
P_196009,W_122602,clique
P_196025,W_122602,clique
P_1961,W_1924,clique
P_196143,W_119473,clique
P_196148,W_122602,clique
P_196236,W_4835,clique
P_1963,W_1924,clique
P_196363,W_8850,clique
P_196370,W_122602,clique
P_196380,W_122602,clique
P_196529,W_7816,clique
P_196676,W_29380,clique
P_196679,W_45783,clique
P_196711,W_122709,clique
P_196788,W_35188,clique
P_196899,W_122726,noise
P_196904,W_10472,clique
P_19698,W_2158,clique
P_197002,W_4681,clique
P_197014,W_7578,clique
P_197016,W_7577,clique
P_197025,W_10745,clique
P_197103,W_78342,noise
P_197166,W_46851,clique
P_197167,W_71702,clique
P_197318,W_55861,clique
P_197337,W_56072,clique
P_197341,W_21828,clique
P_197402,W_21721,clique
P_197418,W_7257,clique
P_197419,W_6441,clique
P_197450,W_7818,clique
P_197456,W_121182,clique
P_19748,W_19748,clique
P_19749,W_4694,clique
P_197511,W_9092,clique
P_197559,W_9006,clique
P_197562,W_7762,clique
P_197563,W_92417,clique
P_197625,W_39785,clique
P_197651,W_69943,clique
P_197654,W_19353,clique
P_197667,W_122798,noise
P_197710,W_80336,clique
P_197718,W_21013,clique
P_197725,W_122801,noise
P_197859,W_9262,clique
P_197898,W_29045,clique
P_197900,W_119473,clique
P_197902,W_122815,clique
P_197904,W_122815,clique
P_19791,W_19789,clique
P_197917,W_122815,clique
P_19792,W_19789,clique
P_197936,W_2901,clique
P_197938,W_2901,clique
P_197940,W_111854,clique
P_198000,W_11516,clique
P_198050,W_10851,clique
P_198052,W_10851,clique
P_198053,W_10851,clique
P_198054,W_69914,clique
P_198055,W_10851,clique
P_198058,W_10851,clique
P_198060,W_10851,clique
P_198062,W_102577,clique
P_198079,W_122815,clique
P_198104,W_122729,clique
P_198136,W_122815,clique
P_198156,W_122815,clique
P_198254,W_50939,clique
P_198286,W_7584,clique
P_198294,W_10576,clique
P_198298,W_9131,clique
P_198301,W_122815,clique
P_198313,W_20539,clique
P_198343,W_69970,clique
P_198432,W_121296,clique
P_1985,W_1983,clique
P_198526,W_11471,clique
P_198532,W_34699,clique
P_198562,W_932,clique
P_198631,W_122815,clique
P_19878,W_18264,noise
P_198869,W_856,clique
P_198887,W_4833,clique
P_198940,W_23767,clique
P_199,W_199,clique
P_19903,W_19903,clique
P_199067,W_122891,noise
P_19909,W_19903,clique
P_19912,W_19912,clique
P_19927,W_2158,clique
P_199332,W_5552,clique
P_199348,W_1353,clique
P_199359,W_69943,clique
P_199360,W_97460,clique
P_199369,W_20084,clique
P_199379,W_114608,clique
P_199536,W_3964,clique
P_19955,W_19955,clique
P_19957,W_10428,clique
P_19958,W_13390,noise
P_199684,W_1353,clique
P_19969,W_9571,clique
P_199726,W_22961,clique
P_19973,W_7084,clique
P_199739,W_2759,clique
P_199741,W_52227,clique
P_199753,W_7762,clique
P_19976,W_12168,clique
P_19977,W_13204,clique
P_199778,W_23770,clique
P_19979,W_7489,clique
P_19980,W_4767,clique
P_199866,W_4841,clique
P_199944,W_43997,clique
P_199979,W_731,clique
P_20005,W_20005,clique
P_200096,W_9006,clique
P_200098,W_34728,clique
P_200118,W_31725,clique
P_200119,W_5915,clique
P_200147,W_4158,clique
P_20015,W_20005,clique
P_200152,W_13222,clique
P_200223,W_10216,clique
P_2003,W_1983,clique
P_200315,W_5500,clique
P_20036,W_20036,clique
P_200390,W_7245,clique
P_200397,W_74362,clique
P_20049,W_20049,clique
P_200504,W_76083,noise
P_200542,W_575,clique
P_20064,W_20064,clique
P_200647,W_2393,clique
P_200667,W_28547,clique
P_20069,W_20069,clique
P_200838,W_9704,clique
P_20097,W_20097,clique
P_201132,W_59952,clique
P_201134,W_59952,clique
P_201137,W_59952,clique
P_201138,W_59952,clique
P_201140,W_59952,clique
P_20120,W_20120,clique
P_201270,W_7116,clique
P_201327,W_6210,clique
P_201388,W_10852,clique
P_201445,W_10528,clique
P_201544,W_2696,clique
P_201604,W_10781,clique
P_201605,W_10781,clique
P_201608,W_40675,clique
P_201618,W_14620,clique
P_20162,W_20162,clique
P_201621,W_117417,clique
P_201662,W_53687,clique
P_2018,W_1983,clique
P_20183,W_3839,clique
P_20186,W_20185,clique
P_201942,W_5294,clique
P_201957,W_18505,clique
P_201971,W_4775,clique
P_202083,W_9290,clique
P_202091,W_6599,noise
P_202092,W_6676,clique
P_202129,W_6602,clique
P_202213,W_26612,noise
P_202224,W_10745,clique
P_20226,W_9092,clique
P_202264,W_70887,clique
P_2024,W_1983,clique
P_20240,W_7247,clique
P_20254,W_20254,clique
P_20257,W_20257,clique
P_202759,W_122175,noise
P_202853,W_39785,clique
P_202898,W_4843,clique
P_20298,W_6859,clique
P_20299,W_8203,clique
P_202996,W_20769,clique
P_20300,W_5440,clique
P_20301,W_5438,clique
P_20321,W_10576,clique
P_20325,W_11850,clique
P_2034,W_1983,clique
P_203442,W_11054,clique
P_203479,W_85332,clique
P_2036,W_1983,clique
P_203605,W_20036,clique
P_203606,W_1353,clique
P_203609,W_74245,clique
P_203610,W_121182,clique
P_203614,W_10902,clique
P_203690,W_85332,clique
P_203691,W_19558,clique
P_203693,W_85332,clique
P_203700,W_69073,clique
P_203702,W_69073,clique
P_203810,W_233,clique
P_203852,W_5363,clique
P_203922,W_47901,clique
P_203975,W_3270,clique
P_203977,W_22,clique
P_204065,W_7116,clique
P_204067,W_2759,clique
P_20414,W_20414,clique
P_20415,W_20414,clique
P_204171,W_123372,noise
P_20421,W_2158,clique
P_204276,W_21817,clique
P_20442,W_5461,clique
P_204551,W_117849,clique
P_204559,W_123444,noise
P_204626,W_3995,clique
P_204721,W_62086,clique
P_204723,W_62086,clique
P_204730,W_62086,clique
P_204751,W_123472,noise
P_204841,W_9006,clique
P_204877,W_123484,noise
P_204984,W_123488,noise
P_205016,W_123492,noise
P_205027,W_77841,clique
P_20524,W_4775,clique
P_205374,W_11649,clique
P_20539,W_20539,clique
P_20541,W_20541,clique
P_20542,W_20541,clique
P_205433,W_10216,clique
P_20545,W_20541,clique
P_20546,W_9350,clique
P_205614,W_40675,clique
P_205741,W_32711,clique
P_205747,W_27790,clique
P_205812,W_4683,clique
P_205814,W_11667,clique
P_205819,W_123591,clique
P_205820,W_123591,clique
P_205824,W_123591,clique
P_205855,W_123591,clique
P_205891,W_46408,clique
P_205937,W_12992,clique
P_2060,W_817,clique
P_20601,W_7495,clique
P_206061,W_113981,clique
P_206063,W_111408,clique
P_206064,W_114394,clique
P_206088,W_4867,clique
P_206090,W_123591,clique
P_20610,W_20610,clique
P_206152,W_2821,noise
P_20616,W_7495,clique
P_206186,W_6102,clique
P_20622,W_20622,clique
P_206295,W_59150,clique
P_20632,W_7495,clique
P_20639,W_20639,clique
P_206470,W_3260,clique
P_206514,W_123591,clique
P_20660,W_7552,clique
P_206781,W_30242,noise
P_206789,W_8213,clique
P_206799,W_32531,clique
P_206854,W_11798,clique
P_206878,W_4642,clique
P_206887,W_4267,clique
P_207028,W_123591,clique
P_20710,W_20710,clique
P_207167,W_30678,clique
P_207296,W_5102,clique
P_207342,W_123801,noise
P_207382,W_961,clique
P_207404,W_123808,noise
P_207427,W_27913,clique
P_20745,W_3221,clique
P_207585,W_123840,clique
P_207654,W_13698,clique
P_207678,W_9286,clique
P_207683,W_101001,clique
P_207686,W_97460,clique
P_207688,W_11352,clique
P_20769,W_20769,clique
P_207690,W_12792,clique
P_207696,W_7257,clique
P_207709,W_3552,clique
P_207713,W_2928,clique
P_207782,W_8213,clique
P_207806,W_103,clique
P_207867,W_32595,clique
P_207900,W_8543,clique
P_207981,W_6602,clique
P_207986,W_6676,clique
P_208038,W_4683,clique
P_208050,W_11779,clique
P_208097,W_114394,clique
P_208120,W_13693,clique
P_208123,W_36064,clique
P_208126,W_13691,clique
P_208127,W_98311,clique
P_208132,W_7202,clique
P_208133,W_30678,clique
P_208134,W_31360,clique
P_208136,W_4696,clique
P_208137,W_11006,clique
P_208139,W_11473,clique
P_208144,W_30678,clique
P_2082,W_2081,clique
P_208276,W_10850,clique
P_208466,W_4158,clique
P_208519,W_117417,clique
P_20858,W_20857,noise
P_208639,W_627,clique
P_208641,W_627,clique
P_208735,W_29078,clique
P_208777,W_2085,clique
P_208817,W_1769,clique
P_208968,W_53997,clique
P_209175,W_6093,clique
P_20921,W_677,clique
P_209345,W_87469,clique
P_209378,W_2673,clique
P_209413,W_28547,clique
P_209420,W_3447,clique
P_209468,W_731,clique
P_209481,W_30209,clique
P_20960,W_20960,clique
P_20962,W_20960,clique
P_209790,W_3599,clique
P_209812,W_12542,clique
P_20991,W_677,clique
P_209936,W_46408,clique
P_209995,W_10141,clique
P_210013,W_10141,clique
P_210150,W_4681,clique
P_210151,W_4702,clique
P_210232,W_35395,clique
P_21025,W_21025,clique
P_21037,W_6102,clique
P_21042,W_1443,clique
P_21053,W_1478,clique
P_21058,W_1894,clique
P_210636,W_124199,clique
P_210637,W_124199,clique
P_210638,W_124199,clique
P_21064,W_799,clique
P_210640,W_124199,clique
P_210684,W_7213,clique
P_21082,W_677,clique
P_21084,W_21083,noise
P_210872,W_3414,clique
P_210895,W_14485,clique
P_210910,W_4779,clique
P_21095,W_8213,clique
P_210996,W_6437,clique
P_2110,W_2110,clique
P_211000,W_623,clique
P_211002,W_100,clique
P_211003,W_22451,clique
P_21105,W_677,clique
P_211099,W_19789,clique
P_211150,W_623,clique
P_211156,W_3414,clique
P_211170,W_2271,clique
P_211189,W_367,clique
P_211289,W_20639,clique
P_211326,W_34086,clique
P_21135,W_15519,clique
P_211393,W_87469,clique
P_211439,W_42054,clique
P_211441,W_9158,clique
P_211500,W_72371,noise
P_211548,W_102577,clique
P_21162,W_6394,clique
P_211730,W_76574,clique
P_21189,W_19508,clique
P_211902,W_9297,clique
P_21199,W_5342,clique
P_21208,W_15584,noise
P_212160,W_31938,clique
P_212165,W_12460,clique
P_212175,W_42521,clique
P_212303,W_47639,clique
P_212381,W_25534,noise
P_212385,W_74362,clique
P_212386,W_121360,clique
P_212410,W_88508,clique
P_21247,W_2081,clique
P_212500,W_1364,clique
P_212512,W_1364,clique
P_212569,W_7249,clique
P_212587,W_15300,clique
P_212617,W_124391,noise
P_21263,W_11249,clique
P_21264,W_11249,clique
P_21266,W_11249,clique
P_212666,W_7261,clique
P_212667,W_114394,clique
P_21268,W_11249,clique
P_21269,W_11249,clique
P_212737,W_31003,clique
P_212758,W_3063,clique
P_212759,W_20064,clique
P_21277,W_5396,clique
P_21287,W_10428,clique
P_212897,W_10846,clique
P_21295,W_21294,noise
P_212971,W_6870,clique
P_212976,W_6870,clique
P_213016,W_5319,clique
P_21302,W_2696,clique
P_213046,W_10717,clique
P_213104,W_114712,clique
P_213105,W_114712,clique
P_213392,W_103,clique
P_213410,W_1130,clique
P_21352,W_21352,clique
P_21373,W_1378,clique
P_21374,W_8543,clique
P_21385,W_7816,clique
P_213893,W_5697,clique
P_213993,W_2454,clique
P_214001,W_184,clique
P_214036,W_2454,clique
P_214046,W_184,clique
P_214048,W_2459,noise
P_214174,W_6870,clique
P_214183,W_998,clique
P_214416,W_124561,noise
P_214466,W_124571,clique
P_214467,W_124571,clique
P_214472,W_124571,clique
P_214473,W_124571,clique
P_214506,W_124571,clique
P_214511,W_124571,clique
P_214512,W_124571,clique
P_214515,W_124571,clique
P_214519,W_63854,clique
P_214665,W_86939,clique
P_214666,W_83873,clique
P_214667,W_48320,clique
P_214685,W_5368,clique
P_214688,W_8521,clique
P_21469,W_15521,clique
P_21470,W_7247,clique
P_214722,W_124598,noise
P_214793,W_88300,noise
P_215049,W_61933,clique
P_215086,W_117450,clique
P_215089,W_11534,clique
P_215233,W_23239,clique
P_21527,W_9724,clique
P_21528,W_21528,clique
P_215391,W_10845,clique
P_215542,W_5162,clique
P_215605,W_10838,clique
P_2158,W_2158,clique
P_215853,W_19508,clique
P_215876,W_43195,clique
P_215909,W_124745,clique
P_215918,W_124745,clique
P_215982,W_2119,noise
P_216005,W_42054,clique
P_216183,W_10838,clique
P_216238,W_4810,clique
P_216240,W_68472,clique
P_216356,W_11817,clique
P_216484,W_4277,clique
P_216491,W_2110,clique
P_216658,W_12968,clique
P_216675,W_731,clique
P_216737,W_21828,clique
P_216883,W_30552,clique
P_216930,W_125127,noise
P_21695,W_21695,clique
P_217161,W_125147,clique
P_2172,W_2158,clique
P_21720,W_51980,clique
P_21722,W_21721,clique
P_217265,W_373,clique
P_217414,W_10788,clique
P_217421,W_77841,clique
P_217530,W_125147,clique
P_21757,W_12168,clique
P_217603,W_4354,clique
P_217607,W_5216,clique
P_217622,W_20541,clique
P_21763,W_21763,noise
P_21775,W_5912,clique
P_217766,W_14501,clique
P_217883,W_6485,clique
P_217884,W_3074,clique
P_217893,W_19748,clique
P_217947,W_76212,noise
P_218,W_218,noise
P_218105,W_662,clique
P_21817,W_21817,clique
P_218178,W_125147,clique
P_218179,W_125147,clique
P_218180,W_4887,clique
P_218216,W_125147,clique
P_218230,W_61921,clique
P_218231,W_50523,clique
P_21828,W_21828,clique
P_218361,W_7264,clique
P_21838,W_11249,clique
P_21841,W_13875,clique
P_21842,W_9128,clique
P_21843,W_11817,clique
P_218560,W_25511,clique
P_218561,W_7257,clique
P_2186,W_1894,clique
P_218626,W_167,clique
P_218681,W_1983,clique
P_219066,W_23165,clique
P_219288,W_9703,clique
P_219553,W_3177,clique
P_219571,W_10472,clique
P_219596,W_9643,clique
P_219608,W_20610,clique
P_219629,W_3061,clique
P_219678,W_7584,clique
P_219761,W_64766,clique
P_219764,W_64766,clique
P_219797,W_40876,clique
P_219847,W_121360,clique
P_219848,W_32534,clique
P_219849,W_32711,clique
P_219850,W_87425,clique
P_219855,W_4852,clique
P_219864,W_109642,clique
P_219865,W_4835,clique
P_21993,W_21991,noise
P_22,W_22,clique
P_22028,W_22028,noise
P_22053,W_22053,clique
P_22066,W_22053,clique
P_22078,W_8673,clique
P_220802,W_3203,clique
P_220803,W_13440,clique
P_22084,W_22084,clique
P_22085,W_22084,clique
P_22086,W_22084,clique
P_220880,W_383,clique
P_220910,W_13523,clique
P_220926,W_4012,clique
P_22111,W_22053,clique
P_221273,W_12542,clique
P_22129,W_5368,clique
P_221391,W_10428,clique
P_22147,W_22148,clique
P_22148,W_22148,clique
P_221488,W_65022,noise
P_221491,W_122226,noise
P_221513,W_125863,clique
P_22157,W_7116,clique
P_22159,W_22158,noise
P_221641,W_12968,clique
P_221656,W_26687,clique
P_221659,W_26687,clique
P_221718,W_10902,clique
P_221719,W_114810,clique
P_221758,W_112910,clique
P_221763,W_2968,clique
P_221773,W_123591,clique
P_221797,W_27641,clique
P_221866,W_113981,clique
P_221869,W_42488,clique
P_22192,W_4267,clique
P_221923,W_64395,clique
P_222091,W_32062,clique
P_22210,W_5552,clique
P_22214,W_94,clique
P_22216,W_94,clique
P_222302,W_7776,clique
P_222508,W_3997,clique
P_222511,W_14229,clique
P_22254,W_22254,noise
P_222590,W_76574,clique
P_22260,W_21817,clique
P_222658,W_11387,clique
P_222673,W_126096,clique
P_222678,W_10913,clique
P_222695,W_13540,clique
P_222702,W_126096,clique
P_22286,W_22286,clique
P_222878,W_11535,clique
P_222880,W_1409,clique
P_222887,W_11535,clique
P_22289,W_2393,clique
P_222890,W_21695,clique
P_222891,W_126096,clique
P_222897,W_64650,clique
P_222906,W_126096,clique
P_22310,W_625,clique
P_223227,W_126161,noise
P_223228,W_126096,clique
P_223265,W_126096,clique
P_223271,W_126096,clique
P_223295,W_126096,clique
P_223314,W_126096,clique
P_223316,W_103771,clique
P_223350,W_5655,clique
P_223581,W_126096,clique
P_223588,W_39785,clique
P_223624,W_126096,clique
P_223629,W_126212,noise
P_223817,W_9665,clique
P_22388,W_1282,clique
P_223911,W_25489,clique
P_223928,W_41785,noise
P_224018,W_53997,clique
P_224025,W_20162,clique
P_224028,W_11474,clique
P_22406,W_575,clique
P_224251,W_97414,clique
P_224606,W_7961,clique
P_224609,W_54461,clique
P_22462,W_22451,clique
P_22463,W_375,clique
P_224642,W_126357,noise
P_224666,W_75372,clique
P_224906,W_5616,clique
P_225069,W_5954,clique
P_22526,W_7264,clique
P_225281,W_126465,noise
P_225297,W_775,clique
P_225467,W_126478,clique
P_22547,W_9128,clique
P_225483,W_126478,clique
P_225493,W_4767,clique
P_225497,W_4767,clique
P_22554,W_1143,clique
P_225541,W_55861,clique
P_225550,W_4812,clique
P_22557,W_22556,clique
P_225583,W_39520,clique
P_22559,W_22556,clique
P_225775,W_12968,clique
P_22581,W_22581,clique
P_22585,W_22581,clique
P_225875,W_7762,clique
P_225943,W_39785,clique
P_225946,W_4696,clique
P_225951,W_12137,clique
P_225957,W_92616,clique
P_225958,W_114033,noise
P_225959,W_18505,clique
P_225991,W_5438,clique
P_226,W_226,clique
P_226016,W_28493,clique
P_226028,W_13687,clique
P_226035,W_5233,clique
P_226036,W_65381,clique
P_226039,W_10850,clique
P_226042,W_1939,clique
P_226046,W_22154,clique
P_226051,W_101001,clique
P_226065,W_7580,clique
P_226089,W_68897,clique
P_226104,W_126525,noise
P_226141,W_113615,clique
P_226149,W_118849,clique
P_226156,W_10313,clique
P_226175,W_42636,noise
P_226375,W_11006,clique
P_226403,W_62475,clique
P_226451,W_9576,clique
P_226468,W_122709,clique
P_226609,W_74245,clique
P_22661,W_20036,clique
P_226710,W_25150,clique
P_226969,W_11552,clique
P_226997,W_5440,clique
P_227053,W_114947,clique
P_2271,W_2271,clique
P_227182,W_52660,clique
P_227244,W_2271,clique
P_227397,W_8128,noise
P_227447,W_32058,clique
P_227449,W_32062,clique
P_22760,W_22451,clique
P_227762,W_45675,clique
P_227799,W_29487,clique
P_2279,W_2279,noise
P_228003,W_3170,clique
P_228033,W_3057,clique
P_228050,W_3997,clique
P_228227,W_126858,noise
P_2283,W_2271,clique
P_22839,W_3061,clique
P_228633,W_6485,clique
P_228808,W_87758,clique
P_228881,W_52177,clique
P_228939,W_92696,noise
P_228942,W_4826,clique
P_228945,W_114742,clique
P_228963,W_4700,clique
P_228984,W_42488,clique
P_22908,W_14379,clique
P_229095,W_11898,clique
P_229140,W_9271,clique
P_229229,W_1362,clique
P_22925,W_13540,clique
P_22927,W_22926,clique
P_22937,W_22936,clique
P_22944,W_19417,clique
P_229453,W_127042,noise
P_229457,W_4779,clique
P_22946,W_22945,clique
P_22947,W_4814,clique
P_22952,W_4829,clique
P_22954,W_4806,clique
P_22955,W_3099,clique
P_229554,W_99751,clique
P_22962,W_22961,clique
P_22963,W_5915,clique
P_229672,W_68897,clique
P_22971,W_10577,clique
P_22974,W_12137,clique
P_229916,W_32062,clique
P_23,W_22,clique
P_230025,W_28094,clique
P_230101,W_14861,clique
P_230107,W_59319,clique
P_230110,W_22926,clique
P_23018,W_3997,clique
P_2302,W_2301,clique
P_230230,W_3077,clique
P_230280,W_175,clique
P_230405,W_40251,clique
P_230601,W_10902,clique
P_230610,W_116565,clique
P_230739,W_11474,clique
P_230985,W_4820,clique
P_231038,W_5655,clique
P_23107,W_117403,clique
P_231076,W_22286,clique
P_23111,W_10745,clique
P_23115,W_9286,clique
P_23117,W_23116,clique
P_23120,W_14501,clique
P_23127,W_161,clique
P_23133,W_23133,noise
P_231334,W_52963,clique
P_23142,W_23142,clique
P_23153,W_94,clique
P_23154,W_1894,clique
P_23155,W_2658,clique
P_231574,W_117791,clique
P_231628,W_19748,clique
P_23165,W_23165,clique
P_2317,W_2301,clique
P_231781,W_23142,clique
P_231881,W_22945,clique
P_231916,W_55442,clique
P_231950,W_30552,clique
P_231958,W_10849,clique
P_232100,W_121182,clique
P_232148,W_10576,clique
P_232311,W_9263,clique
P_232312,W_70931,clique
P_23239,W_23239,clique
P_232420,W_48260,noise
P_232531,W_42117,clique
P_232565,W_25511,clique
P_232585,W_17053,clique
P_232588,W_127290,noise
P_232596,W_3174,clique
P_232720,W_3964,clique
P_232786,W_5233,clique
P_232788,W_1939,clique
P_232973,W_26542,clique
P_232992,W_7580,clique
P_233,W_233,clique
P_233011,W_114712,clique
P_233140,W_7580,clique
P_233192,W_19985,clique
P_233383,W_94917,noise
P_233399,W_127392,clique
P_233405,W_127392,clique
P_233418,W_2145,clique
P_233428,W_32202,clique
P_233430,W_57140,noise
P_233464,W_4810,clique
P_233537,W_5294,clique
P_233597,W_116565,clique
P_233671,W_24522,clique
P_233725,W_10914,clique
P_233845,W_10838,clique
P_234,W_233,clique
P_234166,W_704,clique
P_234293,W_12255,clique
P_234299,W_4837,clique
P_234319,W_21013,clique
P_23441,W_3497,clique
P_23452,W_3497,clique
P_23453,W_76174,clique
P_23455,W_8850,clique
P_234634,W_5118,clique
P_234649,W_9290,clique
P_234650,W_9290,clique
P_23483,W_10603,clique
P_23485,W_10603,clique
P_234850,W_13693,clique
P_23489,W_10603,clique
P_234951,W_7578,clique
P_234979,W_11833,clique
P_234980,W_19945,clique
P_234995,W_127547,clique
P_234996,W_127547,clique
P_235026,W_127547,clique
P_235027,W_127547,clique
P_235028,W_127547,clique
P_235039,W_127552,noise
P_235045,W_127547,clique
P_235091,W_97460,clique
P_23515,W_6549,clique
P_23516,W_6102,clique
P_235183,W_119158,clique
P_23521,W_1456,clique
P_23526,W_23525,clique
P_2354,W_2301,clique
P_23544,W_23544,clique
P_235598,W_64652,clique
P_235612,W_4696,clique
P_235613,W_5655,clique
P_23563,W_642,clique
P_235635,W_20084,clique
P_235707,W_546,clique
P_235738,W_299,clique
P_23575,W_1033,clique
P_23586,W_4887,clique
P_23587,W_23116,clique
P_23588,W_4812,clique
P_23589,W_9263,clique
P_235957,W_20414,clique
P_23601,W_23599,noise
P_236088,W_64395,clique
P_236167,W_127753,noise
P_23623,W_7261,clique
P_23627,W_23627,clique
P_23628,W_23627,clique
P_236374,W_114628,noise
P_236429,W_42311,clique
P_236534,W_9131,clique
P_236541,W_111656,clique
P_236599,W_11358,clique
P_236627,W_4867,clique
P_236628,W_4826,clique
P_236817,W_126020,noise
P_236984,W_27919,clique
P_237127,W_21828,clique
P_23725,W_1055,clique
P_23737,W_1308,clique
P_23738,W_5102,clique
P_237423,W_20769,clique
P_237450,W_7578,clique
P_237457,W_20710,clique
P_23753,W_23753,noise
P_237664,W_75889,noise
P_23767,W_23767,clique
P_23772,W_23772,clique
P_237724,W_9266,clique
P_23776,W_7550,clique
P_23782,W_23781,noise
P_237976,W_51980,clique
P_237977,W_4806,clique
P_237978,W_7577,clique
P_238008,W_31383,clique
P_238013,W_2393,clique
P_238296,W_299,clique
P_23841,W_23840,noise
P_238441,W_19945,clique
P_238442,W_27911,clique
P_23846,W_5231,clique
P_238461,W_4806,clique
P_238540,W_87469,clique
P_238613,W_11484,clique
P_238705,W_13208,clique
P_238818,W_8203,clique
P_238887,W_119680,clique
P_238955,W_27913,clique
P_23907,W_841,clique
P_23912,W_21528,clique
P_23915,W_3092,clique
P_23917,W_10581,clique
P_23923,W_9128,clique
P_23924,W_1812,clique
P_23926,W_6715,clique
P_2393,W_2393,clique
P_23941,W_9719,clique
P_239452,W_34604,clique
P_23947,W_1443,clique
P_23948,W_9507,clique
P_23952,W_1443,clique
P_23955,W_1443,clique
P_239555,W_76574,clique
P_239573,W_40419,clique
P_239812,W_3266,clique
P_239901,W_17274,clique
P_239993,W_64648,clique
P_240006,W_3266,clique
P_240007,W_3266,clique
P_240197,W_4541,clique
P_240211,W_92417,clique
P_240389,W_10906,clique
P_240411,W_116565,clique
P_240416,W_128322,noise
P_240468,W_52227,clique
P_240472,W_27328,clique
P_240548,W_3266,clique
P_240615,W_128349,noise
P_240706,W_31091,clique
P_240801,W_121504,clique
P_240803,W_373,clique
P_240804,W_867,clique
P_240805,W_11485,clique
P_240811,W_7552,clique
P_240822,W_114947,clique
P_24086,W_24085,noise
P_240926,W_13691,clique
P_241027,W_15300,clique
P_241193,W_546,clique
P_241323,W_128505,noise
P_24143,W_6437,clique
P_241454,W_128532,noise
P_241653,W_128577,noise
P_241664,W_27919,clique
P_241665,W_114810,clique
P_241687,W_16560,clique
P_241818,W_4541,clique
P_241858,W_5440,clique
P_241920,W_3744,clique
P_2420,W_2420,noise
P_242063,W_2970,clique
P_242082,W_128680,clique
P_242110,W_10216,clique
P_242120,W_128680,clique
P_242128,W_128680,clique
P_242171,W_116516,clique
P_24222,W_24222,clique
P_24223,W_24222,clique
P_242360,W_4751,clique
P_242464,W_7776,clique
P_242507,W_6485,clique
P_242510,W_89492,clique
P_242572,W_115728,clique
P_242615,W_20122,clique
P_242624,W_23772,clique
P_242636,W_4814,clique
P_2427,W_2427,clique
P_242723,W_5534,clique
P_242734,W_5534,clique
P_242735,W_125863,clique
P_242753,W_51795,clique
P_24280,W_8535,clique
P_242805,W_52963,clique
P_24282,W_8535,clique
P_242823,W_5534,clique
P_242828,W_5534,clique
P_24285,W_8535,clique
P_242880,W_43088,clique
P_242903,W_128821,noise
P_243043,W_10528,clique
P_243047,W_19903,clique
P_243049,W_10253,clique
P_243075,W_706,clique
P_243103,W_128680,clique
P_243134,W_128680,clique
P_243201,W_128861,noise
P_243323,W_128680,clique
P_243329,W_128680,clique
P_243332,W_128680,clique
P_243417,W_32058,clique
P_243541,W_2407,clique
P_243558,W_16560,clique
P_243599,W_3170,clique
P_243608,W_9576,clique
P_243612,W_13875,clique
P_243615,W_61921,clique
P_243672,W_31360,clique
P_243693,W_74245,clique
P_243786,W_39783,clique
P_243814,W_16560,clique
P_243833,W_128983,noise
P_243850,W_15223,clique
P_243960,W_13687,clique
P_243961,W_40671,clique
P_243963,W_56239,clique
P_243964,W_4696,clique
P_243965,W_10577,clique
P_243966,W_65609,clique
P_243969,W_18505,clique
P_243996,W_41946,clique
P_244158,W_13687,clique
P_244159,W_123591,clique
P_244160,W_2968,clique
P_244163,W_40702,clique
P_244168,W_20162,clique
P_244177,W_115707,clique
P_244193,W_114810,clique
P_24428,W_8213,clique
P_244304,W_6341,noise
P_244448,W_10603,clique
P_244467,W_29060,clique
P_24449,W_5071,clique
P_24451,W_4354,clique
P_24454,W_10253,clique
P_24455,W_3744,clique
P_244594,W_129122,noise
P_244633,W_2393,clique
P_244649,W_383,clique
P_244666,W_4158,clique
P_244712,W_101001,clique
P_24473,W_24473,clique
P_24474,W_24473,clique
P_24475,W_24473,clique
P_24477,W_24473,clique
P_24479,W_24473,clique
P_244807,W_129135,noise
P_244912,W_3964,clique
P_244933,W_78264,noise
P_244948,W_129179,noise
P_24499,W_24473,clique
P_245022,W_129201,noise
P_24507,W_24473,clique
P_245161,W_10528,clique
P_24523,W_24522,clique
P_24527,W_24473,clique
P_245361,W_841,clique
P_2454,W_2454,clique
P_245404,W_20380,noise
P_2455,W_2454,clique
P_245502,W_25000,clique
P_245544,W_129296,clique
P_245555,W_129296,clique
P_245559,W_129296,clique
P_245627,W_129296,clique
P_24565,W_9508,clique
P_245675,W_101001,clique
P_24570,W_10790,clique
P_24571,W_3074,clique
P_245847,W_129296,clique
P_245884,W_13873,clique
P_245886,W_124745,clique
P_245887,W_129296,clique
P_245935,W_129296,clique
P_245936,W_129296,clique
P_245937,W_129296,clique
P_246,W_246,clique
P_246061,W_4694,clique
P_246118,W_1305,clique
P_246183,W_17671,clique
P_246224,W_16560,clique
P_246511,W_34568,clique
P_2466,W_2466,noise
P_246657,W_43997,clique
P_246771,W_20493,noise
P_246773,W_123334,clique
P_246848,W_28444,noise
P_246856,W_10129,clique
P_247037,W_129436,clique
P_247039,W_117791,clique
P_247169,W_1153,clique
P_247188,W_3063,clique
P_247195,W_64513,clique
P_247196,W_64648,clique
P_247381,W_86795,clique
P_24739,W_5363,clique
P_24743,W_4751,clique
P_24747,W_14662,clique
P_2475,W_2474,clique
P_247568,W_10252,noise
P_247572,W_2427,clique
P_24758,W_12460,clique
P_247584,W_26,clique
P_24761,W_12460,clique
P_24763,W_12460,clique
P_247734,W_129526,noise
P_247876,W_3145,clique
P_24788,W_12460,clique
P_248064,W_69806,noise
P_248074,W_2970,clique
P_248075,W_3447,clique
P_248083,W_9103,clique
P_248084,W_10685,clique
P_248151,W_6715,clique
P_248154,W_6437,clique
P_248158,W_9133,clique
P_248165,W_9508,clique
P_248258,W_129599,noise
P_248281,W_129608,noise
P_248377,W_120061,noise
P_248428,W_23770,clique
P_248491,W_9271,clique
P_248516,W_22556,clique
P_248549,W_129652,noise
P_248559,W_856,clique
P_248628,W_111906,clique
P_248629,W_4916,clique
P_248648,W_13691,clique
P_248649,W_13691,clique
P_248701,W_129665,noise
P_248747,W_29060,clique
P_248783,W_39520,clique
P_248785,W_3414,clique
P_24879,W_1454,clique
P_248800,W_10781,clique
P_24884,W_48,clique
P_24885,W_10788,clique
P_248852,W_55861,clique
P_24892,W_5954,clique
P_248944,W_84838,noise
P_249041,W_22936,clique
P_249046,W_22936,clique
P_249067,W_97414,clique
P_249082,W_129714,noise
P_249151,W_115054,clique
P_249154,W_4646,clique
P_249294,W_57375,clique
P_249300,W_40924,clique
P_24932,W_2085,clique
P_24938,W_3077,clique
P_249462,W_65049,clique
P_249468,W_15223,clique
P_249483,W_5655,clique
P_249505,W_35395,clique
P_249506,W_27641,clique
P_249509,W_42453,clique
P_249510,W_36064,clique
P_249511,W_3245,clique
P_24962,W_677,clique
P_24963,W_2081,clique
P_2497,W_1002,clique
P_24984,W_1409,clique
P_249858,W_20162,clique
P_249861,W_4694,clique
P_249933,W_10154,clique
P_249934,W_40419,clique
P_25002,W_25000,clique
P_25003,W_25000,clique
P_25005,W_25000,clique
P_25007,W_7550,clique
P_25010,W_25000,clique
P_25030,W_25030,clique
P_25031,W_25030,clique
P_25033,W_2930,clique
P_25043,W_4775,clique
P_250480,W_114408,clique
P_250538,W_961,clique
P_250642,W_3995,clique
P_25070,W_679,clique
P_250708,W_17671,clique
P_250722,W_4702,clique
P_250728,W_70931,clique
P_250746,W_42453,clique
P_25075,W_25030,clique
P_250764,W_546,clique
P_25077,W_14969,clique
P_250781,W_20036,clique
P_250818,W_5930,clique
P_250826,W_129885,noise
P_250827,W_20097,clique
P_250830,W_76574,clique
P_250853,W_11473,clique
P_250856,W_40971,clique
P_250998,W_3099,clique
P_251004,W_115707,clique
P_25101,W_9133,clique
P_25102,W_25030,clique
P_25107,W_13440,clique
P_251088,W_12968,clique
P_25110,W_3174,clique
P_251106,W_4801,clique
P_251116,W_5233,clique
P_25113,W_25113,clique
P_25114,W_3057,clique
P_25115,W_7084,clique
P_25116,W_25113,clique
P_251261,W_129913,noise
P_25131,W_7229,clique
P_251479,W_37947,clique
P_25150,W_25150,clique
P_25151,W_25150,clique
P_25154,W_25154,clique
P_251547,W_32202,clique
P_25155,W_25154,clique
P_25157,W_19945,clique
P_25159,W_4829,clique
P_25160,W_12792,clique
P_25163,W_4810,clique
P_25164,W_19943,clique
P_25166,W_4865,clique
P_251707,W_129943,noise
P_25173,W_22965,clique
P_25174,W_4814,clique
P_251785,W_40675,clique
P_25180,W_4820,clique
P_25181,W_11859,clique
P_251853,W_129967,noise
P_251857,W_129968,noise
P_251896,W_99751,clique
P_251898,W_5697,clique
P_251900,W_5687,clique
P_25191,W_7257,clique
P_251944,W_31360,clique
P_251952,W_53687,clique
P_252165,W_34041,noise
P_252242,W_130018,noise
P_252323,W_130031,noise
P_252351,W_3203,clique
P_252526,W_3074,clique
P_252532,W_9626,clique
P_252545,W_8202,clique
P_252625,W_4642,clique
P_252688,W_6216,clique
P_252711,W_126478,clique
P_25274,W_10790,clique
P_25276,W_4694,clique
P_252767,W_4887,clique
P_25304,W_4762,clique
P_253135,W_2407,clique
P_253163,W_90434,noise
P_253177,W_1362,clique
P_253207,W_130144,noise
P_253273,W_2271,clique
P_25331,W_25331,noise
P_253330,W_21817,clique
P_253385,W_122254,clique
P_253412,W_130174,noise
P_253475,W_130178,noise
P_253491,W_125147,clique
P_253528,W_9286,clique
P_25365,W_3237,clique
P_25372,W_5954,clique
P_253772,W_40924,clique
P_25385,W_2930,clique
P_25386,W_2768,clique
P_25387,W_3162,clique
P_25388,W_5118,clique
P_253908,W_23767,clique
P_25391,W_8937,clique
P_25392,W_9508,clique
P_25393,W_2928,clique
P_254170,W_42117,clique
P_25428,W_21013,clique
P_254461,W_6676,clique
P_254520,W_383,clique
P_254624,W_130272,noise
P_25467,W_7584,clique
P_25468,W_23772,clique
P_254731,W_2966,clique
P_254873,W_111510,clique
P_254880,W_29078,clique
P_2549,W_642,clique
P_255030,W_59952,clique
P_25511,W_25511,clique
P_255292,W_3203,clique
P_25538,W_5342,clique
P_25548,W_6464,clique
P_255552,W_102709,noise
P_255604,W_57375,clique
P_255621,W_14861,clique
P_255634,W_115707,clique
P_2558,W_2558,clique
P_255875,W_130466,noise
P_256121,W_1409,clique
P_25621,W_25621,clique
P_25622,W_5555,clique
P_256220,W_118247,noise
P_256325,W_130549,noise
P_256332,W_179,clique
P_256407,W_130564,noise
P_256413,W_4698,clique
P_256415,W_4939,clique
P_25642,W_1305,clique
P_256439,W_122709,clique
P_256469,W_130578,noise
P_256574,W_130594,noise
P_2566,W_2564,noise
P_25660,W_7027,clique
P_256700,W_3327,noise
P_256711,W_5471,noise
P_256715,W_68472,clique
P_256796,W_8213,clique
P_25680,W_23544,clique
P_25682,W_1650,clique
P_25685,W_7489,clique
P_256898,W_130643,noise
P_256942,W_28094,clique
P_256985,W_106883,clique
P_257171,W_23767,clique
P_257184,W_7249,clique
P_257199,W_5461,clique
P_257548,W_1454,clique
P_257739,W_62086,clique
P_257993,W_1055,clique
P_258014,W_27477,clique
P_258337,W_8535,clique
P_258340,W_137560,clique
P_258360,W_20414,clique
P_258388,W_130825,noise
P_25844,W_3978,clique
P_258642,W_5917,clique
P_258643,W_4066,clique
P_258726,W_30424,clique
P_258728,W_8521,clique
P_258730,W_20622,clique
P_258781,W_13204,clique
P_258799,W_2658,clique
P_258811,W_799,clique
P_258814,W_14662,clique
P_258913,W_7084,clique
P_259030,W_113981,clique
P_259058,W_34604,clique
P_259093,W_59954,clique
P_259143,W_6210,clique
P_259204,W_5162,clique
P_259330,W_35188,clique
P_259333,W_284,clique
P_259349,W_1616,clique
P_259356,W_284,clique
P_259420,W_284,clique
P_259431,W_7961,clique
P_259441,W_89492,clique
P_259629,W_35395,clique
P_259640,W_131020,clique
P_259651,W_131020,clique
P_259652,W_131020,clique
P_259662,W_131020,clique
P_259663,W_131020,clique
P_259664,W_131020,clique
P_259666,W_131020,clique
P_259671,W_38517,clique
P_259692,W_10851,clique
P_259977,W_131020,clique
P_26,W_26,clique
P_26002,W_13127,clique
P_260034,W_56781,clique
P_260050,W_131020,clique
P_260218,W_20185,clique
P_260259,W_7249,clique
P_260268,W_22148,clique
P_2603,W_1362,clique
P_26030,W_4158,clique
P_26037,W_6536,clique
P_260434,W_2696,clique
P_260459,W_66915,noise
P_260536,W_114606,clique
P_260538,W_11552,clique
P_260913,W_131161,noise
P_260984,W_131171,noise
P_261102,W_9574,clique
P_261106,W_25511,clique
P_26111,W_26111,clique
P_261111,W_3260,clique
P_261112,W_10745,clique
P_26112,W_26111,clique
P_261202,W_22926,clique
P_26130,W_14485,clique
P_261324,W_131216,noise
P_261340,W_103129,clique
P_261356,W_9263,clique
P_261448,W_10216,clique
P_261513,W_30424,clique
P_261521,W_124809,clique
P_261536,W_64650,clique
P_261542,W_10902,clique
P_26155,W_14354,clique
P_261701,W_131256,noise
P_261708,W_15300,clique
P_261712,W_124509,noise
P_261875,W_114712,clique
P_261902,W_11471,clique
P_262014,W_8535,clique
P_26203,W_2658,clique
P_262054,W_1276,clique
P_262069,W_131293,noise
P_262080,W_131297,noise
P_26212,W_2271,clique
P_262156,W_161,clique
P_262160,W_51880,noise
P_262182,W_131307,noise
P_262201,W_4865,clique
P_262210,W_5500,clique
P_262215,W_2083,clique
P_262477,W_57068,noise
P_262482,W_6602,clique
P_262483,W_54988,noise
P_262564,W_21352,clique
P_262600,W_21528,clique
P_262601,W_13440,clique
P_262605,W_119158,clique
P_262606,W_93644,clique
P_262685,W_11833,clique
P_262718,W_19748,clique
P_262746,W_5655,clique
P_262800,W_53040,clique
P_26283,W_6753,clique
P_263006,W_6753,clique
P_263092,W_9297,clique
P_263210,W_4922,clique
P_263217,W_10838,clique
P_263293,W_5071,clique
P_263304,W_23936,noise
P_26332,W_2454,clique
P_26334,W_2454,clique
P_26335,W_2454,clique
P_26336,W_19508,clique
P_263471,W_131469,noise
P_263502,W_115251,clique
P_263564,W_122815,clique
P_263572,W_103129,clique
P_263668,W_12317,clique
P_26374,W_17671,clique
P_263986,W_7816,clique
P_264006,W_7878,clique
P_264037,W_103129,clique
P_264149,W_22154,clique
P_264170,W_131567,noise
P_264176,W_11850,clique
P_264199,W_114947,clique
P_264201,W_12319,noise
P_264332,W_12137,clique
P_264458,W_26,clique
P_264475,W_131638,noise
P_26461,W_26461,clique
P_264632,W_131657,noise
P_264676,W_13691,clique
P_264785,W_129436,clique
P_264816,W_233,clique
P_264967,W_27913,clique
P_264987,W_27913,clique
P_265037,W_131736,noise
P_265102,W_28440,noise
P_265281,W_3177,clique
P_265503,W_10144,clique
P_265508,W_2696,clique
P_26552,W_26542,clique
P_26553,W_26542,clique
P_265541,W_131863,noise
P_265544,W_11534,clique
P_265545,W_111906,clique
P_265555,W_55861,clique
P_265558,W_87469,clique
P_265574,W_64766,clique
P_265602,W_7337,noise
P_265611,W_10065,clique
P_265625,W_1812,clique
P_265637,W_34907,clique
P_265638,W_112241,clique
P_265642,W_7878,clique
P_265765,W_11798,clique
P_265808,W_93644,clique
P_265813,W_1939,clique
P_2659,W_2658,clique
P_265913,W_131907,noise
P_265916,W_42117,clique
P_265918,W_3061,clique
P_265943,W_19903,clique
P_265944,W_5071,clique
P_265949,W_120968,clique
P_265988,W_124199,clique
P_266029,W_42521,clique
P_266050,W_123334,clique
P_266122,W_2393,clique
P_266139,W_3447,clique
P_266181,W_26111,clique
P_26629,W_6616,clique
P_266299,W_954,clique
P_266310,W_6784,clique
P_266326,W_1033,clique
P_26640,W_11898,clique
P_266474,W_132007,noise
P_266501,W_109122,clique
P_266510,W_424,clique
P_266512,W_1454,clique
P_266515,W_5954,clique
P_266518,W_22926,clique
P_266519,W_25150,clique
P_266543,W_7577,clique
P_266556,W_1983,clique
P_266599,W_6102,clique
P_266601,W_1894,clique
P_266643,W_25030,clique
P_266682,W_4843,clique
P_266720,W_3858,clique
P_266731,W_3270,clique
P_266732,W_119882,noise
P_266733,W_10253,clique
P_266736,W_3858,clique
P_266810,W_856,clique
P_266822,W_4854,clique
P_266829,W_17274,clique
P_26687,W_26687,clique
P_266887,W_132058,noise
P_26689,W_26687,clique
P_2669,W_625,clique
P_26691,W_26687,clique
P_26693,W_26687,clique
P_266947,W_6031,clique
P_266948,W_4698,clique
P_266952,W_19943,clique
P_266956,W_119158,clique
P_266958,W_20110,clique
P_266993,W_15521,clique
P_266996,W_1650,clique
P_267009,W_40199,clique
P_267039,W_5162,clique
P_267040,W_12168,clique
P_267059,W_34791,clique
P_267077,W_5363,clique
P_267300,W_86795,clique
P_267332,W_30678,clique
P_267631,W_9004,clique
P_26784,W_26784,noise
P_267873,W_5687,clique
P_267886,W_118399,clique
P_268032,W_1276,clique
P_268142,W_132171,noise
P_268220,W_175,clique
P_268361,W_70887,clique
P_268366,W_70887,clique
P_26837,W_11649,clique
P_26838,W_4916,clique
P_26839,W_26839,clique
P_26840,W_26839,clique
P_268407,W_401,clique
P_26842,W_26839,clique
P_26844,W_26844,noise
P_268563,W_7552,clique
P_268572,W_31003,clique
P_268600,W_11054,clique
P_26862,W_19417,clique
P_268760,W_4217,clique
P_268761,W_4217,clique
P_268928,W_5294,clique
P_268935,W_43997,clique
P_269006,W_116565,clique
P_26901,W_26895,noise
P_26921,W_11485,clique
P_269222,W_12140,clique
P_269229,W_12140,clique
P_26924,W_94,clique
P_269255,W_5294,clique
P_269272,W_30235,clique
P_269273,W_28184,clique
P_269274,W_70931,clique
P_269275,W_9263,clique
P_269278,W_9266,clique
P_269280,W_38171,clique
P_269316,W_10781,clique
P_269317,W_4801,clique
P_269319,W_65049,clique
P_269321,W_117450,clique
P_269326,W_19353,clique
P_269329,W_9262,clique
P_26934,W_1894,clique
P_26935,W_15385,clique
P_26939,W_26939,clique
P_269391,W_886,clique
P_26941,W_26941,clique
P_269415,W_99743,clique
P_269419,W_9724,clique
P_269430,W_132426,clique
P_269438,W_64651,clique
P_269472,W_99743,clique
P_269473,W_9724,clique
P_269496,W_117403,clique
P_269505,W_31360,clique
P_269510,W_31360,clique
P_269511,W_64651,clique
P_269514,W_31360,clique
P_269528,W_14620,clique
P_269536,W_132443,noise
P_269549,W_78838,clique
P_269553,W_19558,clique
P_269555,W_5095,clique
P_269562,W_9724,clique
P_269576,W_132426,clique
P_2696,W_2696,clique
P_26963,W_26963,noise
P_269647,W_121504,clique
P_269649,W_1443,clique
P_269652,W_5095,clique
P_269677,W_4835,clique
P_269690,W_47901,clique
P_2697,W_2696,clique
P_269701,W_19903,clique
P_269725,W_22148,clique
P_269727,W_4865,clique
P_269729,W_11535,clique
P_269733,W_35188,clique
P_269742,W_6102,clique
P_269787,W_85332,clique
P_269817,W_132473,noise
P_269877,W_29574,noise
P_26988,W_26988,clique
P_269893,W_40034,clique
P_269896,W_40034,clique
P_269904,W_132490,clique
P_269905,W_132490,clique
P_269906,W_132490,clique
P_269931,W_99743,clique
P_269947,W_64513,clique
P_270049,W_6859,clique
P_270065,W_64489,clique
P_270083,W_26839,clique
P_270097,W_55442,clique
P_270112,W_132527,noise
P_270132,W_62782,clique
P_270134,W_19558,clique
P_270135,W_64650,clique
P_270170,W_132541,clique
P_270172,W_132541,clique
P_270176,W_122729,clique
P_270177,W_19558,clique
P_270178,W_64648,clique
P_270190,W_6097,clique
P_270192,W_1132,noise
P_270196,W_90581,noise
P_270216,W_59954,clique
P_270255,W_64651,clique
P_270257,W_64627,clique
P_270279,W_21528,clique
P_270285,W_132541,clique
P_270288,W_62782,clique
P_270290,W_62782,clique
P_27030,W_5655,clique
P_270313,W_24522,clique
P_270331,W_22945,clique
P_270414,W_132541,clique
P_270419,W_132490,clique
P_270420,W_132490,clique
P_270464,W_132589,noise
P_27064,W_69914,clique
P_27065,W_69914,clique
P_270657,W_5549,clique
P_27068,W_69914,clique
P_27070,W_69914,clique
P_27071,W_69914,clique
P_270758,W_23767,clique
P_270763,W_27913,clique
P_270809,W_20639,clique
P_270827,W_3145,clique
P_270939,W_132642,clique
P_270940,W_132642,clique
P_270941,W_132642,clique
P_271012,W_132658,noise
P_271176,W_4694,clique
P_271177,W_7581,clique
P_271178,W_10850,clique
P_271180,W_58781,clique
P_271210,W_132686,clique
P_271211,W_56366,clique
P_271214,W_132686,clique
P_271219,W_132686,clique
P_271221,W_132686,clique
P_271222,W_43012,clique
P_27126,W_48,clique
P_271299,W_132686,clique
P_271308,W_580,clique
P_271341,W_15385,clique
P_27142,W_27141,noise
P_271426,W_29045,clique
P_271438,W_64651,clique
P_271441,W_10641,clique
P_271442,W_64649,clique
P_271451,W_132642,clique
P_271454,W_132686,clique
P_271456,W_132686,clique
P_271462,W_132686,clique
P_27157,W_7032,clique
P_271597,W_123334,clique
P_27164,W_27164,clique
P_271646,W_132743,noise
P_27165,W_27164,clique
P_27167,W_4849,clique
P_271672,W_22926,clique
P_271685,W_32595,clique
P_27172,W_7245,clique
P_271933,W_10906,clique
P_271939,W_2911,clique
P_271940,W_6441,clique
P_271946,W_11534,clique
P_271947,W_132541,clique
P_271980,W_11534,clique
P_271983,W_11534,clique
P_272,W_272,clique
P_272275,W_31383,clique
P_272323,W_6093,clique
P_272476,W_41771,clique
P_272515,W_13222,clique
P_27252,W_3092,clique
P_272536,W_132853,noise
P_272793,W_132900,clique
P_27289,W_3174,clique
P_272964,W_132900,clique
P_273087,W_132924,noise
P_27314,W_7257,clique
P_273212,W_4812,clique
P_273223,W_4865,clique
P_273233,W_15300,clique
P_27328,W_27328,clique
P_273302,W_26542,clique
P_273316,W_65381,clique
P_273330,W_26461,clique
P_273348,W_72990,noise
P_27342,W_10212,clique
P_273427,W_13693,clique
P_27345,W_10212,clique
P_2735,W_2735,noise
P_273591,W_132987,clique
P_273651,W_58781,clique
P_273658,W_119680,clique
P_27373,W_27373,noise
P_273766,W_123334,clique
P_273776,W_133012,noise
P_273779,W_123334,clique
P_273799,W_123334,clique
P_274061,W_1362,clique
P_274110,W_35733,noise
P_274303,W_42997,clique
P_274309,W_42997,clique
P_274316,W_42997,clique
P_274328,W_2158,clique
P_274362,W_115814,clique
P_274468,W_41771,clique
P_274470,W_111906,clique
P_274516,W_11850,clique
P_274522,W_11850,clique
P_27477,W_27477,clique
P_27488,W_8696,clique
P_274922,W_130537,noise
P_275,W_257,noise
P_27501,W_11779,clique
P_27508,W_401,clique
P_275091,W_3497,clique
P_27514,W_8339,clique
P_275174,W_115249,clique
P_275179,W_102577,clique
P_275186,W_3245,clique
P_275232,W_5141,clique
P_275271,W_8824,clique
P_275387,W_121495,clique
P_275410,W_113615,clique
P_275418,W_16218,noise
P_275595,W_13873,clique
P_275596,W_12031,clique
P_275597,W_8203,clique
P_275598,W_13875,clique
P_275599,W_10849,clique
P_275601,W_11657,clique
P_275602,W_12792,clique
P_27566,W_27565,noise
P_275680,W_7084,clique
P_275686,W_133332,noise
P_275830,W_12795,clique
P_275831,W_21817,clique
P_275832,W_11352,clique
P_2759,W_2759,clique
P_275953,W_6441,clique
P_27602,W_1409,clique
P_27604,W_22948,clique
P_27608,W_8696,clique
P_27609,W_462,clique
P_276212,W_121495,clique
P_276217,W_132946,noise
P_27641,W_27641,clique
P_276435,W_4846,clique
P_276448,W_303,clique
P_27651,W_383,clique
P_276515,W_32711,clique
P_276517,W_33213,clique
P_276535,W_43898,clique
P_276653,W_32711,clique
P_276684,W_1362,clique
P_2767,W_1894,clique
P_276704,W_46851,clique
P_276735,W_29380,clique
P_276776,W_3057,clique
P_276802,W_32053,clique
P_276866,W_133498,noise
P_276890,W_10253,clique
P_276967,W_116294,noise
P_277062,W_13691,clique
P_2771,W_424,clique
P_277113,W_133525,clique
P_277123,W_43997,clique
P_277233,W_4852,clique
P_277331,W_116622,clique
P_27734,W_1002,clique
P_277360,W_11657,clique
P_27742,W_27709,noise
P_27747,W_11014,clique
P_277476,W_38476,clique
P_277535,W_4916,clique
P_277537,W_4852,clique
P_277541,W_4852,clique
P_277612,W_7578,clique
P_277719,W_121504,clique
P_277753,W_19985,clique
P_277827,W_111906,clique
P_277842,W_1456,clique
P_277843,W_3497,clique
P_277872,W_36064,clique
P_27790,W_27790,clique
P_277962,W_7776,clique
P_278,W_22,clique
P_278003,W_40971,clique
P_27847,W_103,clique
P_278600,W_101001,clique
P_278601,W_4837,clique
P_278726,W_4837,clique
P_278730,W_122183,clique
P_278742,W_7032,clique
P_278753,W_114606,clique
P_278810,W_68897,clique
P_278842,W_12031,clique
P_278860,W_11667,clique
P_278861,W_11667,clique
P_278916,W_29487,clique
P_278924,W_9006,clique
P_278975,W_112816,noise
P_279015,W_116622,clique
P_27903,W_4689,clique
P_27904,W_9574,clique
P_27905,W_9262,clique
P_27906,W_27906,clique
P_279075,W_57375,clique
P_27908,W_10852,clique
P_27912,W_27911,clique
P_279147,W_9576,clique
P_279148,W_9576,clique
P_27919,W_27919,clique
P_27920,W_27919,clique
P_279284,W_5915,clique
P_279287,W_39786,clique
P_279290,W_4692,clique
P_279303,W_76498,clique
P_279304,W_22961,clique
P_279307,W_4829,clique
P_279308,W_12792,clique
P_279313,W_4837,clique
P_279316,W_9376,clique
P_279318,W_3099,clique
P_279319,W_21721,clique
P_279485,W_133733,noise
P_279611,W_75372,clique
P_279616,W_4837,clique
P_279792,W_7213,clique
P_279794,W_29487,clique
P_279841,W_1894,clique
P_279843,W_34791,clique
P_279857,W_13549,clique
P_279858,W_13549,clique
P_279884,W_87425,clique
P_279889,W_87425,clique
P_279890,W_87425,clique
P_279912,W_87425,clique
P_279921,W_133782,noise
P_279973,W_82877,clique
P_279974,W_87425,clique
P_279998,W_87425,clique
P_280102,W_580,clique
P_280159,W_132900,clique
P_28017,W_28015,noise
P_280176,W_6693,clique
P_280343,W_132900,clique
P_280391,W_110452,noise
P_280395,W_10913,clique
P_280502,W_32595,clique
P_280586,W_133833,noise
P_280678,W_20110,clique
P_28070,W_3074,clique
P_280734,W_5216,clique
P_28082,W_575,clique
P_280846,W_40251,clique
P_280950,W_23544,clique
P_280974,W_1894,clique
P_280975,W_94,clique
P_281009,W_64395,clique
P_281014,W_133867,noise
P_28109,W_5363,clique
P_28110,W_2558,clique
P_281154,W_22451,clique
P_281156,W_2974,clique
P_281158,W_9133,clique
P_281196,W_564,clique
P_281223,W_133922,noise
P_281401,W_4755,clique
P_281511,W_25929,noise
P_281552,W_8387,clique
P_281569,W_25511,clique
P_28165,W_462,clique
P_281722,W_44084,noise
P_281800,W_133998,noise
P_28184,W_28184,clique
P_281856,W_9376,clique
P_281862,W_114608,clique
P_281990,W_30678,clique
P_281993,W_20185,clique
P_282344,W_20622,clique
P_282442,W_24484,clique
P_282478,W_11819,clique
P_282480,W_4846,clique
P_282624,W_10781,clique
P_28274,W_28273,noise
P_282759,W_134069,noise
P_282812,W_7229,clique
P_282819,W_4837,clique
P_282844,W_20049,clique
P_283014,W_21721,clique
P_283015,W_4806,clique
P_283016,W_12792,clique
P_283017,W_4700,clique
P_283019,W_4837,clique
P_283020,W_5655,clique
P_283022,W_134084,noise
P_283049,W_134092,noise
P_283160,W_12937,clique
P_283261,W_78838,clique
P_283262,W_24522,clique
P_283325,W_6210,clique
P_283329,W_20539,clique
P_283388,W_115902,noise
P_283400,W_126478,clique
P_283401,W_132987,clique
P_283421,W_24484,clique
P_283458,W_43997,clique
P_283461,W_25150,clique
P_283475,W_55442,clique
P_283568,W_21958,clique
P_283614,W_3904,clique
P_283618,W_4646,clique
P_283647,W_134140,noise
P_283664,W_4849,clique
P_283666,W_65049,clique
P_283739,W_20120,clique
P_283745,W_10846,clique
P_283750,W_61933,clique
P_28402,W_3092,clique
P_284158,W_62782,clique
P_28423,W_5954,clique
P_284235,W_14969,clique
P_28424,W_994,clique
P_284259,W_71473,clique
P_284269,W_134196,noise
P_284415,W_93644,clique
P_284416,W_93644,clique
P_284422,W_97460,clique
P_284758,W_1376,clique
P_284810,W_134238,noise
P_28486,W_13698,clique
P_28493,W_28493,clique
P_28495,W_28495,clique
P_285096,W_88508,clique
P_285108,W_111408,clique
P_285109,W_113981,clique
P_285130,W_20414,clique
P_28522,W_2673,clique
P_28523,W_9560,clique
P_285234,W_7032,clique
P_28525,W_5396,clique
P_285328,W_119680,clique
P_285329,W_119680,clique
P_28540,W_9133,clique
P_28547,W_28547,clique
P_2855,W_2855,clique
P_285520,W_6453,clique
P_285622,W_134347,clique
P_28563,W_932,clique
P_285692,W_13691,clique
P_285843,W_31003,clique
P_285880,W_34135,noise
P_285938,W_26461,clique
P_286089,W_1792,clique
P_286161,W_98152,clique
P_28633,W_4767,clique
P_28635,W_7552,clique
P_286524,W_23525,clique
P_286528,W_53040,clique
P_286611,W_132987,clique
P_286637,W_20084,clique
P_286638,W_20069,clique
P_286639,W_40671,clique
P_286640,W_7284,clique
P_286642,W_10781,clique
P_286643,W_12031,clique
P_286658,W_82200,clique
P_286660,W_82200,clique
P_286698,W_134446,noise
P_286724,W_112640,clique
P_286726,W_47901,clique
P_286810,W_47674,clique
P_286812,W_59970,noise
P_287008,W_19943,clique
P_287010,W_19943,clique
P_287035,W_29045,clique
P_28707,W_12972,clique
P_287098,W_5461,clique
P_287103,W_5461,clique
P_287152,W_38429,clique
P_287190,W_121495,clique
P_287207,W_25113,clique
P_28723,W_7961,clique
P_28726,W_76174,clique
P_28727,W_10788,clique
P_28733,W_4158,clique
P_287391,W_303,clique
P_287410,W_10852,clique
P_287459,W_18,clique
P_287575,W_134537,noise
P_287634,W_42338,clique
P_287726,W_134557,noise
P_28778,W_841,clique
P_287832,W_998,clique
P_28784,W_28784,clique
P_287858,W_11006,clique
P_28787,W_7578,clique
P_287901,W_27579,clique
P_287997,W_45675,clique
P_288015,W_24484,clique
P_288063,W_6031,clique
P_288107,W_132900,clique
P_28828,W_405,noise
P_288336,W_13549,clique
P_288368,W_5141,clique
P_288370,W_134622,clique
P_288371,W_134622,clique
P_288372,W_134622,clique
P_288433,W_134646,noise
P_288454,W_134655,noise
P_288542,W_134666,clique
P_288543,W_134666,clique
P_288622,W_112910,clique
P_288628,W_115249,clique
P_288724,W_97414,clique
P_28876,W_17274,clique
P_288772,W_10129,clique
P_288790,W_134708,noise
P_288943,W_118924,noise
P_289030,W_12937,clique
P_289048,W_10129,clique
P_289084,W_32202,clique
P_289098,W_22053,clique
P_28914,W_6102,clique
P_289175,W_36064,clique
P_289314,W_134760,noise
P_28934,W_14379,clique
P_289421,W_35472,clique
P_289485,W_6485,clique
P_289491,W_28547,clique
P_28950,W_11534,clique
P_289623,W_132685,clique
P_289628,W_132685,clique
P_289638,W_132685,clique
P_289737,W_51980,clique
P_28976,W_28976,noise
P_289780,W_132685,clique
P_289784,W_132685,clique
P_289785,W_115251,clique
P_289792,W_61933,clique
P_289793,W_132685,clique
P_28991,W_2474,clique
P_28994,W_5368,clique
P_289949,W_22148,clique
P_2901,W_2901,clique
P_290213,W_133525,clique
P_290247,W_134890,noise
P_290275,W_133525,clique
P_290357,W_6292,clique
P_290370,W_134666,clique
P_29039,W_399,clique
P_290416,W_5071,clique
P_290520,W_132900,clique
P_290542,W_4681,clique
P_29055,W_12031,clique
P_29061,W_29060,clique
P_29067,W_4816,clique
P_290731,W_14809,clique
P_29075,W_23772,clique
P_29078,W_29078,clique
P_29080,W_25150,clique
P_290844,W_79014,noise
P_290848,W_4687,clique
P_290865,W_62433,clique
P_29096,W_29096,noise
P_290973,W_10129,clique
P_290991,W_22948,clique
P_290992,W_26542,clique
P_290993,W_111952,clique
P_290994,W_4683,clique
P_291006,W_114408,clique
P_291007,W_44137,clique
P_291034,W_43195,clique
P_291044,W_14379,clique
P_29108,W_994,clique
P_29110,W_233,clique
P_291145,W_49809,clique
P_29115,W_367,clique
P_291190,W_10848,clique
P_291194,W_25150,clique
P_291196,W_7583,clique
P_291209,W_38495,clique
P_29121,W_13695,clique
P_29130,W_29130,clique
P_29131,W_29130,clique
P_2914,W_2913,noise
P_291404,W_12135,clique
P_291445,W_132900,clique
P_291452,W_134624,noise
P_291507,W_4217,clique
P_29157,W_932,clique
P_291619,W_5917,clique
P_291620,W_27790,clique
P_29163,W_5958,clique
P_291676,W_27328,clique
P_291677,W_19943,clique
P_291857,W_6730,clique
P_291874,W_10154,clique
P_291936,W_4726,clique
P_291938,W_4704,clique
P_29201,W_5724,clique
P_29205,W_29205,noise
P_292066,W_39438,clique
P_292074,W_3266,clique
P_292113,W_135121,noise
P_292133,W_25621,clique
P_292219,W_4939,clique
P_292306,W_83873,clique
P_292310,W_21025,clique
P_29237,W_1454,clique
P_292414,W_4841,clique
P_292467,W_127304,noise
P_292569,W_23239,clique
P_292570,W_23116,clique
P_292573,W_27906,clique
P_292581,W_115565,noise
P_292654,W_14599,clique
P_292655,W_72794,noise
P_292657,W_10850,clique
P_292660,W_123591,clique
P_292681,W_4826,clique
P_292685,W_4683,clique
P_292689,W_112910,clique
P_292690,W_14599,clique
P_292695,W_7202,clique
P_292704,W_44137,clique
P_292705,W_10848,clique
P_292706,W_20539,clique
P_292711,W_20110,clique
P_292714,W_125147,clique
P_292717,W_64593,clique
P_292740,W_3170,clique
P_292769,W_14969,clique
P_292773,W_50379,clique
P_292776,W_35389,clique
P_292807,W_63932,clique
P_292861,W_89492,clique
P_2929,W_2928,clique
P_292916,W_88828,noise
P_292938,W_40034,clique
P_292966,W_1376,clique
P_292968,W_20120,clique
P_292978,W_4779,clique
P_29299,W_29299,clique
P_2931,W_2930,clique
P_2933,W_2933,noise
P_293409,W_34699,clique
P_293410,W_19417,clique
P_293415,W_20254,clique
P_293419,W_38517,clique
P_293427,W_135240,noise
P_293487,W_4692,clique
P_293558,W_10253,clique
P_293564,W_6093,clique
P_293582,W_135251,noise
P_293596,W_76174,clique
P_293612,W_4867,clique
P_29362,W_246,clique
P_293631,W_12137,clique
P_293633,W_103129,clique
P_293643,W_3099,clique
P_293648,W_4696,clique
P_29366,W_29078,clique
P_293668,W_120968,clique
P_293669,W_120968,clique
P_293680,W_13127,clique
P_29372,W_10848,clique
P_29380,W_29380,clique
P_294264,W_43195,clique
P_294283,W_135343,noise
P_294362,W_33213,clique
P_29457,W_9132,clique
P_294654,W_48320,clique
P_294768,W_10849,clique
P_294819,W_135397,noise
P_29486,W_11472,clique
P_294866,W_120968,clique
P_29487,W_29487,clique
P_294870,W_2673,clique
P_294882,W_6210,clique
P_294917,W_120968,clique
P_294979,W_28184,clique
P_294999,W_5071,clique
P_295012,W_135429,noise
P_29505,W_29505,noise
P_295267,W_8872,clique
P_295271,W_4158,clique
P_295273,W_399,clique
P_295400,W_133525,clique
P_295405,W_135478,clique
P_295406,W_135478,clique
P_295444,W_92897,noise
P_295487,W_135493,clique
P_295488,W_135493,clique
P_295536,W_4655,clique
P_295580,W_100,clique
P_295670,W_12135,clique
P_295678,W_243,clique
P_295801,W_38495,clique
P_295809,W_19417,clique
P_295821,W_135520,noise
P_295879,W_135529,noise
P_29600,W_13440,clique
P_296078,W_22965,clique
P_296091,W_20710,clique
P_296093,W_40120,clique
P_296379,W_135584,noise
P_296418,W_121495,clique
P_296540,W_135493,clique
P_296583,W_11944,noise
P_2966,W_2966,clique
P_296675,W_1795,clique
P_29670,W_29670,noise
P_2968,W_2968,clique
P_296827,W_93655,clique
P_296834,W_109642,clique
P_296871,W_4696,clique
P_2970,W_2970,clique
P_297058,W_59150,clique
P_297145,W_6031,clique
P_297178,W_998,clique
P_297186,W_47674,clique
P_297208,W_28493,clique
P_297243,W_7202,clique
P_297318,W_6097,clique
P_297335,W_3353,clique
P_297336,W_37776,clique
P_29734,W_2085,clique
P_297386,W_4642,clique
P_297388,W_6437,clique
P_2974,W_2974,clique
P_297532,W_135680,noise
P_2976,W_2976,clique
P_297682,W_36064,clique
P_297685,W_125147,clique
P_297739,W_86939,clique
P_297740,W_1347,clique
P_297762,W_86939,clique
P_29810,W_2110,clique
P_298104,W_50939,clique
P_298134,W_10576,clique
P_298138,W_135726,clique
P_298143,W_20254,clique
P_298154,W_1353,clique
P_298182,W_124822,noise
P_298311,W_133525,clique
P_29838,W_9507,clique
P_298392,W_22581,clique
P_298540,W_40597,noise
P_298571,W_135726,clique
P_2986,W_2985,noise
P_298621,W_9158,clique
P_298622,W_64649,clique
P_298651,W_135726,clique
P_298659,W_40199,clique
P_298664,W_3964,clique
P_298681,W_3092,clique
P_298701,W_117417,clique
P_298702,W_5162,clique
P_298747,W_21828,clique
P_298749,W_17866,clique
P_298786,W_135809,noise
P_298812,W_6807,clique
P_298834,W_135726,clique
P_298868,W_135726,clique
P_298874,W_135726,clique
P_299,W_299,clique
P_299084,W_9358,clique
P_299119,W_7495,clique
P_299224,W_135726,clique
P_299226,W_4700,clique
P_299285,W_23239,clique
P_29929,W_13875,clique
P_299300,W_135726,clique
P_299351,W_121504,clique
P_29942,W_9626,clique
P_299425,W_53577,noise
P_299438,W_124809,clique
P_299477,W_43898,clique
P_29950,W_5954,clique
P_299501,W_135906,noise
P_299739,W_135935,noise
P_299742,W_52851,clique
P_299760,W_10901,clique
P_299875,W_43898,clique
P_299936,W_39055,clique
P_300048,W_98311,clique
P_300071,W_4939,clique
P_300119,W_580,clique
P_300139,W_4751,clique
P_300144,W_73656,clique
P_300170,W_6807,clique
P_300182,W_15223,clique
P_300183,W_3270,clique
P_300400,W_42631,clique
P_300409,W_35206,clique
P_30045,W_23142,clique
P_300456,W_7261,clique
P_300795,W_5917,clique
P_3008,W_3007,noise
P_300808,W_136056,noise
P_300810,W_233,clique
P_301071,W_23165,clique
P_30108,W_13222,clique
P_301292,W_704,clique
P_301389,W_64006,noise
P_301422,W_94139,noise
P_30145,W_1353,clique
P_30148,W_5552,clique
P_30149,W_30149,noise
P_301636,W_136124,noise
P_30176,W_19985,clique
P_301782,W_3170,clique
P_301783,W_383,clique
P_30180,W_10313,clique
P_301816,W_4681,clique
P_301821,W_9376,clique
P_30183,W_11534,clique
P_30186,W_10901,clique
P_301921,W_284,clique
P_301976,W_13552,clique
P_302072,W_69421,noise
P_302089,W_136164,noise
P_30209,W_30209,clique
P_30210,W_30209,clique
P_302102,W_136166,clique
P_302162,W_867,clique
P_302184,W_2974,clique
P_302213,W_7489,clique
P_302249,W_123334,clique
P_30226,W_4810,clique
P_30230,W_10745,clique
P_30232,W_4843,clique
P_30235,W_30235,clique
P_30236,W_30235,clique
P_302370,W_136207,noise
P_302389,W_78195,noise
P_302435,W_40876,clique
P_30246,W_30246,clique
P_30256,W_15300,clique
P_302688,W_11859,clique
P_302692,W_31725,clique
P_302710,W_3270,clique
P_302713,W_284,clique
P_30273,W_704,clique
P_302993,W_86795,clique
P_30309,W_30309,noise
P_303253,W_49809,clique
P_30326,W_30326,clique
P_303328,W_73033,noise
P_303432,W_9133,clique
P_30344,W_30343,noise
P_30360,W_2110,clique
P_303689,W_119473,clique
P_303873,W_136326,noise
P_303921,W_9158,clique
P_303954,W_136330,noise
P_303967,W_4685,clique
P_3040,W_424,clique
P_304107,W_6210,clique
P_304221,W_3497,clique
P_30424,W_30424,clique
P_304311,W_29060,clique
P_304347,W_20541,clique
P_30436,W_1412,clique
P_304381,W_14809,clique
P_304502,W_5697,clique
P_304513,W_122709,clique
P_304662,W_5552,clique
P_304727,W_54816,clique
P_30476,W_856,clique
P_30478,W_3529,clique
P_304892,W_37776,clique
P_304897,W_9128,clique
P_304900,W_7279,clique
P_304915,W_26941,clique
P_304919,W_7961,clique
P_30492,W_998,clique
P_304928,W_75372,clique
P_30493,W_12968,clique
P_305205,W_37776,clique
P_305210,W_37776,clique
P_305265,W_115572,noise
P_305409,W_19943,clique
P_305422,W_136393,noise
P_30552,W_30552,clique
P_30553,W_30552,clique
P_305532,W_136461,noise
P_305586,W_5534,clique
P_305625,W_5231,clique
P_305663,W_21817,clique
P_305696,W_124809,clique
P_3057,W_3057,clique
P_305915,W_135478,clique
P_3061,W_3061,clique
P_306190,W_136518,clique
P_306192,W_136518,clique
P_306196,W_136518,clique
P_306197,W_136518,clique
P_306198,W_136518,clique
P_306200,W_7583,clique
P_306204,W_136518,clique
P_306205,W_136518,clique
P_306207,W_136518,clique
P_306208,W_136518,clique
P_306211,W_136518,clique
P_306218,W_136518,clique
P_30623,W_867,clique
P_306234,W_11472,clique
P_306256,W_1130,clique
P_3063,W_3063,clique
P_306434,W_121495,clique
P_306455,W_136554,noise
P_306462,W_136557,noise
P_30653,W_2976,clique
P_30668,W_30668,clique
P_30678,W_30678,clique
P_306795,W_136579,noise
P_306950,W_4854,clique
P_306952,W_44137,clique
P_307102,W_9643,clique
P_307230,W_5319,clique
P_307240,W_33804,clique
P_307314,W_58467,noise
P_307369,W_6715,clique
P_307396,W_21528,clique
P_307429,W_23772,clique
P_307454,W_136656,noise
P_307473,W_6939,clique
P_307583,W_12937,clique
P_3077,W_3077,clique
P_307769,W_29193,noise
P_307800,W_22053,clique
P_307960,W_9131,clique
P_307999,W_10216,clique
P_308000,W_9576,clique
P_308296,W_399,clique
P_308315,W_18463,noise
P_308414,W_30552,clique
P_30849,W_12168,clique
P_30855,W_7027,clique
P_308565,W_23142,clique
P_308718,W_4681,clique
P_308822,W_136856,noise
P_308838,W_10237,clique
P_309150,W_199,clique
P_30917,W_11667,clique
P_30918,W_10845,clique
P_309281,W_2081,clique
P_3093,W_3092,clique
P_309322,W_136939,noise
P_309350,W_6163,clique
P_309427,W_9644,clique
P_309430,W_6292,clique
P_309491,W_1616,clique
P_309650,W_12357,noise
P_3097,W_3097,clique
P_309730,W_129480,noise
P_309741,W_28094,clique
P_309744,W_65049,clique
P_309746,W_42453,clique
P_309756,W_11850,clique
P_309796,W_64593,clique
P_3098,W_3097,clique
P_309801,W_5438,clique
P_309822,W_64593,clique
P_309845,W_64593,clique
P_309872,W_7878,clique
P_309959,W_10141,clique
P_31002,W_23631,noise
P_310022,W_64593,clique
P_310024,W_58783,clique
P_31003,W_31003,clique
P_310033,W_11484,clique
P_310037,W_136999,noise
P_310041,W_64593,clique
P_310045,W_64593,clique
P_310055,W_69943,clique
P_310115,W_175,clique
P_310201,W_137056,clique
P_310252,W_120968,clique
P_310271,W_17866,clique
P_310394,W_9704,clique
P_3104,W_3061,clique
P_310474,W_137097,noise
P_310614,W_1017,clique
P_310617,W_7776,clique
P_310729,W_77153,clique
P_310772,W_134347,clique
P_310840,W_56072,clique
P_310927,W_21721,clique
P_31094,W_2658,clique
P_31097,W_7312,clique
P_311013,W_137204,noise
P_311051,W_5461,clique
P_311179,W_42453,clique
P_311181,W_20257,clique
P_311233,W_134347,clique
P_311235,W_134347,clique
P_311372,W_6939,clique
P_31159,W_22286,clique
P_311731,W_434,clique
P_311898,W_137297,noise
P_31192,W_7584,clique
P_312116,W_22148,clique
P_312134,W_9004,clique
P_31216,W_5368,clique
P_312371,W_12992,clique
P_312503,W_43898,clique
P_312526,W_31091,clique
P_312651,W_27919,clique
P_312807,W_13523,clique
P_312851,W_137427,noise
P_313220,W_12795,clique
P_31327,W_31327,clique
P_31330,W_31327,clique
P_31332,W_31327,clique
P_313329,W_82048,noise
P_313338,W_137396,noise
P_31337,W_31327,clique
P_313376,W_25113,clique
P_31344,W_2768,clique
P_31346,W_6093,clique
P_313494,W_4704,clique
P_31350,W_2301,clique
P_313506,W_137496,noise
P_31351,W_31327,clique
P_31352,W_9626,clique
P_31354,W_31327,clique
P_313586,W_137516,noise
P_31360,W_31360,clique
P_313602,W_148,clique
P_31384,W_31383,clique
P_31385,W_31383,clique
P_313911,W_39785,clique
P_313927,W_43898,clique
P_313996,W_50939,clique
P_314,W_313,noise
P_314014,W_137576,noise
P_314176,W_434,clique
P_314487,W_137560,clique
P_314494,W_137560,clique
P_314497,W_122362,noise
P_3145,W_3145,clique
P_314507,W_137560,clique
P_3146,W_3145,clique
P_314618,W_5912,clique
P_314702,W_14599,clique
P_314714,W_68897,clique
P_314756,W_594,clique
P_314765,W_89492,clique
P_314790,W_117450,clique
P_314818,W_137672,noise
P_314859,W_111952,clique
P_314878,W_13698,clique
P_314928,W_27328,clique
P_314978,W_19353,clique
P_314990,W_19945,clique
P_315090,W_3321,clique
P_315259,W_9571,clique
P_315265,W_29299,clique
P_315306,W_29299,clique
P_315365,W_3063,clique
P_31548,W_10338,clique
P_315481,W_4884,clique
P_315482,W_35206,clique
P_31569,W_3997,clique
P_315744,W_64766,clique
P_315759,W_94,clique
P_315762,W_30424,clique
P_315775,W_137808,noise
P_315818,W_4852,clique
P_315820,W_6216,clique
P_315932,W_115451,noise
P_315966,W_3673,clique
P_316010,W_9719,clique
P_316064,W_22053,clique
P_316082,W_35395,clique
P_31612,W_8696,clique
P_316159,W_137880,noise
P_316170,W_95249,noise
P_316175,W_32531,clique
P_316192,W_112097,clique
P_316195,W_3260,clique
P_3162,W_3162,clique
P_316231,W_27164,clique
P_316232,W_27164,clique
P_316241,W_11516,clique
P_316293,W_45948,clique
P_31633,W_2974,clique
P_316386,W_8213,clique
P_316521,W_1143,clique
P_316763,W_817,clique
P_316816,W_11785,clique
P_316827,W_179,clique
P_316935,W_13875,clique
P_316937,W_20084,clique
P_316984,W_48320,clique
P_316985,W_27906,clique
P_31702,W_3744,clique
P_31704,W_3744,clique
P_317214,W_5954,clique
P_31725,W_31725,clique
P_317294,W_1795,clique
P_31731,W_20120,clique
P_31734,W_11352,clique
P_31737,W_4884,clique
P_317373,W_70931,clique
P_317374,W_31725,clique
P_31738,W_51980,clique
P_31739,W_11534,clique
P_3174,W_3174,clique
P_317503,W_138096,noise
P_31754,W_30209,clique
P_317572,W_119473,clique
P_317782,W_25621,clique
P_31801,W_3174,clique
P_318020,W_32534,clique
P_31803,W_6093,clique
P_318050,W_9006,clique
P_31807,W_199,clique
P_318097,W_12937,clique
P_31812,W_704,clique
P_318168,W_58783,clique
P_318185,W_13222,clique
P_318326,W_100,clique
P_318331,W_3447,clique
P_318368,W_11819,clique
P_318410,W_3260,clique
P_318534,W_7027,clique
P_318578,W_97460,clique
P_318629,W_23627,clique
P_318891,W_4767,clique
P_318892,W_22581,clique
P_318901,W_48,clique
P_318910,W_125147,clique
P_318921,W_3264,clique
P_318923,W_10906,clique
P_31894,W_31894,noise
P_319129,W_138262,noise
P_31914,W_3997,clique
P_319145,W_4854,clique
P_319152,W_123840,clique
P_319177,W_14019,clique
P_319212,W_121504,clique
P_319232,W_7247,clique
P_31928,W_31925,noise
P_319284,W_122620,noise
P_319330,W_100,clique
P_319335,W_123840,clique
P_319806,W_57375,clique
P_320017,W_64766,clique
P_320076,W_1924,clique
P_320095,W_59952,clique
P_320099,W_5216,clique
P_320214,W_76574,clique
P_320221,W_886,clique
P_320226,W_138452,noise
P_320258,W_25489,clique
P_320278,W_11641,clique
P_320280,W_65049,clique
P_3203,W_3203,clique
P_320342,W_114394,clique
P_320357,W_30678,clique
P_32039,W_23165,clique
P_320406,W_53040,clique
P_32043,W_30326,clique
P_320490,W_121401,clique
P_32050,W_4267,clique
P_32053,W_32053,clique
P_32055,W_13127,clique
P_320556,W_138489,noise
P_320568,W_121401,clique
P_320571,W_3203,clique
P_32060,W_5294,clique
P_320612,W_31360,clique
P_320622,W_20088,clique
P_32072,W_7552,clique
P_320723,W_138511,noise
P_32074,W_32074,noise
P_3211,W_3211,clique
P_321141,W_134666,clique
P_321186,W_3264,clique
P_321190,W_27906,clique
P_321226,W_56072,clique
P_321230,W_7776,clique
P_32128,W_3061,clique
P_321347,W_48320,clique
P_321414,W_48320,clique
P_321425,W_48320,clique
P_321518,W_25113,clique
P_32155,W_11641,clique
P_321559,W_11850,clique
P_321563,W_29078,clique
P_321620,W_138665,noise
P_321732,W_7878,clique
P_321797,W_138701,noise
P_321871,W_3099,clique
P_321973,W_64652,clique
P_32199,W_10472,clique
P_322002,W_37513,clique
P_32202,W_32202,clique
P_32203,W_32202,clique
P_3221,W_3221,clique
P_32211,W_32211,noise
P_3222,W_3221,clique
P_322230,W_10845,clique
P_322232,W_11358,clique
P_322233,W_111656,clique
P_322256,W_30209,clique
P_322257,W_12972,clique
P_322413,W_48320,clique
P_322477,W_9262,clique
P_32249,W_4267,clique
P_32255,W_25154,clique
P_322642,W_120968,clique
P_32270,W_56190,noise
P_322714,W_6403,clique
P_322796,W_11779,clique
P_322798,W_12792,clique
P_322800,W_50379,clique
P_322803,W_998,clique
P_32284,W_10745,clique
P_32287,W_5915,clique
P_322870,W_138858,noise
P_322895,W_1378,clique
P_32301,W_3145,clique
P_323142,W_26,clique
P_323200,W_2085,clique
P_32340,W_27477,clique
P_323488,W_4244,clique
P_323537,W_1017,clique
P_323666,W_138997,noise
P_32381,W_9004,clique
P_323904,W_4687,clique
P_323919,W_17961,noise
P_32393,W_3061,clique
P_323938,W_139049,noise
P_32401,W_19370,noise
P_324048,W_139057,noise
P_32408,W_32408,clique
P_324102,W_56781,clique
P_324126,W_27579,clique
P_324332,W_98152,clique
P_3244,W_799,clique
P_324429,W_129436,clique
P_324479,W_139097,noise
P_324634,W_135493,clique
P_324874,W_43195,clique
P_324884,W_731,clique
P_325177,W_11652,clique
P_325192,W_882,clique
P_32531,W_32531,clique
P_32534,W_32534,clique
P_32535,W_32534,clique
P_32539,W_32534,clique
P_325457,W_74245,clique
P_3255,W_2085,clique
P_32552,W_20097,clique
P_32553,W_20097,clique
P_325579,W_10901,clique
P_325679,W_139190,noise
P_325685,W_1412,clique
P_325711,W_34791,clique
P_325746,W_69073,clique
P_325788,W_6784,clique
P_325842,W_38495,clique
P_325881,W_77023,noise
P_325914,W_31003,clique
P_32595,W_32595,clique
P_32613,W_4826,clique
P_32630,W_3063,clique
P_326354,W_29130,clique
P_326367,W_26839,clique
P_3264,W_3264,clique
P_326446,W_12317,clique
P_32646,W_998,clique
P_326463,W_546,clique
P_32647,W_12992,clique
P_326490,W_1983,clique
P_3266,W_3266,clique
P_326673,W_127100,noise
P_32679,W_13216,clique
P_326829,W_33804,clique
P_326854,W_139319,noise
P_326862,W_116516,clique
P_326907,W_114608,clique
P_3270,W_3270,clique
P_32711,W_32711,clique
P_327160,W_139332,noise
P_327198,W_133659,noise
P_327225,W_139344,noise
P_327238,W_8543,clique
P_327310,W_51795,clique
P_327362,W_4841,clique
P_327459,W_6453,clique
P_327572,W_111408,clique
P_327574,W_10850,clique
P_327671,W_68063,clique
P_327717,W_7584,clique
P_32778,W_32778,noise
P_327901,W_139414,noise
P_327944,W_28094,clique
P_328245,W_107678,noise
P_328247,W_1143,clique
P_328254,W_15521,clique
P_328263,W_15300,clique
P_328436,W_43012,clique
P_328467,W_111510,clique
P_328552,W_122183,clique
P_328681,W_103129,clique
P_32871,W_10528,clique
P_32881,W_9719,clique
P_328983,W_139530,clique
P_328984,W_139530,clique
P_32904,W_6549,clique
P_329074,W_5283,clique
P_329150,W_21352,clique
P_329254,W_75372,clique
P_329279,W_8535,clique
P_329327,W_125405,noise
P_329333,W_19071,noise
P_329353,W_4646,clique
P_329539,W_139588,clique
P_329647,W_139525,noise
P_329650,W_9131,clique
P_329651,W_11473,clique
P_329813,W_7312,clique
P_329867,W_139620,noise
P_329977,W_9263,clique
P_329978,W_14809,clique
P_329987,W_2158,clique
P_330011,W_7583,clique
P_330012,W_9006,clique
P_330013,W_74245,clique
P_330014,W_20088,clique
P_330056,W_246,clique
P_330057,W_27790,clique
P_330059,W_11485,clique
P_330119,W_8872,clique
P_330133,W_139647,noise
P_330220,W_42934,clique
P_330349,W_139674,noise
P_330362,W_19748,clique
P_330534,W_7578,clique
P_330572,W_4277,clique
P_330645,W_35246,noise
P_330661,W_139717,noise
P_330797,W_139530,clique
P_330864,W_375,clique
P_330884,W_139740,clique
P_330886,W_139740,clique
P_33110,W_9643,clique
P_331161,W_20414,clique
P_331239,W_64652,clique
P_33124,W_9665,clique
P_331240,W_91832,clique
P_331245,W_139761,noise
P_331435,W_139789,noise
P_331535,W_20960,clique
P_331537,W_20622,clique
P_331671,W_73958,noise
P_331684,W_21025,clique
P_331749,W_25150,clique
P_331751,W_35389,clique
P_331769,W_75295,noise
P_332025,W_13440,clique
P_332026,W_6417,clique
P_332093,W_139891,noise
P_33213,W_33213,clique
P_33215,W_33213,clique
P_332213,W_134622,clique
P_33235,W_99751,clique
P_33236,W_99751,clique
P_332739,W_2901,clique
P_332778,W_140039,noise
P_33305,W_33304,noise
P_333360,W_140157,clique
P_333362,W_140157,clique
P_333387,W_10745,clique
P_333388,W_140157,clique
P_333458,W_140168,clique
P_333459,W_42054,clique
P_333460,W_140168,clique
P_333461,W_140168,clique
P_333464,W_140168,clique
P_333466,W_140168,clique
P_333635,W_8673,clique
P_33364,W_33364,noise
P_333695,W_5363,clique
P_333703,W_7961,clique
P_333756,W_140215,noise
P_333820,W_11859,clique
P_333827,W_7878,clique
P_333828,W_112097,clique
P_333890,W_3904,clique
P_333897,W_3904,clique
P_3339,W_3338,noise
P_333901,W_25621,clique
P_333902,W_25621,clique
P_333905,W_25621,clique
P_333926,W_1276,clique
P_333952,W_44435,clique
P_333986,W_114606,clique
P_334016,W_2454,clique
P_334029,W_11472,clique
P_334032,W_71702,clique
P_334060,W_140157,clique
P_334061,W_7229,clique
P_334064,W_140157,clique
P_334067,W_140157,clique
P_334091,W_140157,clique
P_334094,W_98152,clique
P_334095,W_140157,clique
P_334101,W_3264,clique
P_334113,W_7818,clique
P_334175,W_140272,noise
P_334188,W_35188,clique
P_334284,W_140157,clique
P_334288,W_140157,clique
P_334289,W_140157,clique
P_334290,W_140157,clique
P_334378,W_118849,clique
P_334405,W_2976,clique
P_334507,W_4541,clique
P_334525,W_121401,clique
P_334546,W_25113,clique
P_334573,W_5515,clique
P_334880,W_40675,clique
P_334882,W_4698,clique
P_3349,W_76174,clique
P_33498,W_33498,noise
P_335015,W_1108,clique
P_335032,W_5515,clique
P_335171,W_89492,clique
P_335282,W_11051,clique
P_335299,W_123591,clique
P_3353,W_3353,clique
P_335342,W_7279,clique
P_335479,W_140437,clique
P_335480,W_140437,clique
P_335481,W_68063,clique
P_335548,W_139530,clique
P_335572,W_68915,noise
P_335574,W_140442,clique
P_335843,W_14969,clique
P_335844,W_14969,clique
P_335862,W_6464,clique
P_335869,W_5549,clique
P_335891,W_4833,clique
P_335894,W_14809,clique
P_335898,W_11387,clique
P_336027,W_12542,clique
P_336104,W_11552,clique
P_33612,W_1278,clique
P_3362,W_424,clique
P_336225,W_140531,noise
P_3364,W_424,clique
P_336552,W_140577,noise
P_336561,W_113615,clique
P_336571,W_140579,noise
P_3366,W_424,clique
P_336862,W_9271,clique
P_336866,W_9571,clique
P_3369,W_424,clique
P_336923,W_43997,clique
P_336974,W_29299,clique
P_336983,W_140670,noise
P_337075,W_115814,clique
P_337219,W_12159,clique
P_337222,W_11794,clique
P_337262,W_137445,noise
P_337349,W_11552,clique
P_337362,W_11641,clique
P_337479,W_3839,clique
P_337485,W_3839,clique
P_337751,W_40671,clique
P_337877,W_6807,clique
P_337934,W_7961,clique
P_337969,W_4217,clique
P_33799,W_2970,clique
P_337992,W_12937,clique
P_33804,W_33804,clique
P_338080,W_4749,clique
P_338099,W_140805,noise
P_338123,W_3221,clique
P_338210,W_34353,clique
P_33847,W_33846,noise
P_338535,W_140873,noise
P_338547,W_140875,noise
P_338599,W_4779,clique
P_338608,W_10906,clique
P_338609,W_10850,clique
P_338634,W_10717,clique
P_338662,W_10428,clique
P_338791,W_4829,clique
P_339026,W_3097,clique
P_339094,W_243,clique
P_339212,W_107689,noise
P_339308,W_140977,noise
P_339322,W_49809,clique
P_339328,W_7550,clique
P_339347,W_140986,noise
P_33941,W_3673,clique
P_339414,W_10717,clique
P_33943,W_10790,clique
P_339434,W_9006,clique
P_339695,W_140442,clique
P_339780,W_1478,clique
P_339788,W_799,clique
P_339803,W_23022,noise
P_339858,W_79329,clique
P_339897,W_137560,clique
P_340310,W_75372,clique
P_340318,W_4849,clique
P_340439,W_141095,noise
P_340442,W_141096,clique
P_340446,W_141096,clique
P_340449,W_141096,clique
P_340452,W_19078,noise
P_340468,W_59954,clique
P_340486,W_141101,noise
P_340575,W_4702,clique
P_340576,W_4694,clique
P_340578,W_94,clique
P_340579,W_5930,clique
P_340583,W_2658,clique
P_340598,W_141096,clique
P_340602,W_55442,clique
P_340606,W_141096,clique
P_340622,W_10745,clique
P_340683,W_148,clique
P_340689,W_10790,clique
P_340690,W_9103,clique
P_340695,W_2696,clique
P_340729,W_2970,clique
P_340731,W_123840,clique
P_340736,W_21721,clique
P_340798,W_10852,clique
P_340805,W_9004,clique
P_340835,W_141096,clique
P_340844,W_10850,clique
P_340845,W_141096,clique
P_340855,W_141096,clique
P_340858,W_4887,clique
P_34086,W_34086,clique
P_340958,W_26941,clique
P_340988,W_111408,clique
P_340989,W_11474,clique
P_340993,W_141096,clique
P_341041,W_69523,noise
P_341147,W_19183,noise
P_3414,W_3414,clique
P_34140,W_3177,clique
P_341403,W_5555,clique
P_341448,W_11352,clique
P_34150,W_9626,clique
P_341774,W_30668,clique
P_34203,W_679,clique
P_342046,W_64445,clique
P_342100,W_141290,noise
P_34211,W_3237,clique
P_34212,W_21528,clique
P_342197,W_13523,clique
P_342383,W_58783,clique
P_342385,W_65609,clique
P_342414,W_5440,clique
P_34243,W_2841,noise
P_342499,W_127242,noise
P_342673,W_4884,clique
P_342696,W_10845,clique
P_342711,W_27790,clique
P_342779,W_141096,clique
P_342830,W_122499,clique
P_342834,W_1130,clique
P_342835,W_7213,clique
P_34295,W_10065,clique
P_343,W_343,clique
P_343016,W_38429,clique
P_343068,W_2427,clique
P_343075,W_141385,noise
P_343177,W_141400,noise
P_343346,W_141096,clique
P_34343,W_34343,noise
P_343443,W_57375,clique
P_343462,W_141447,noise
P_343504,W_117917,noise
P_34353,W_34353,clique
P_343780,W_40924,clique
P_343787,W_113981,clique
P_343818,W_9507,clique
P_343849,W_45948,clique
P_343874,W_141473,noise
P_344020,W_112241,clique
P_344024,W_80336,clique
P_344035,W_115728,clique
P_3441,W_3441,noise
P_344325,W_88508,clique
P_344326,W_141096,clique
P_344381,W_13216,clique
P_34445,W_17866,clique
P_344641,W_20254,clique
P_344642,W_20254,clique
P_344643,W_20254,clique
P_344644,W_20254,clique
P_34466,W_14501,clique
P_344713,W_141096,clique
P_344723,W_4849,clique
P_344728,W_141618,noise
P_344729,W_4849,clique
P_344759,W_113724,clique
P_344798,W_11352,clique
P_344831,W_121182,clique
P_344848,W_7247,clique
P_344914,W_856,clique
P_344918,W_2673,clique
P_3450,W_3447,clique
P_345001,W_91832,clique
P_345002,W_4806,clique
P_34505,W_3177,clique
P_345075,W_111854,clique
P_345136,W_8387,clique
P_345137,W_13873,clique
P_345144,W_10851,clique
P_345147,W_119964,noise
P_345213,W_22451,clique
P_34522,W_4726,clique
P_345220,W_127864,noise
P_345227,W_2474,clique
P_345377,W_9644,clique
P_34540,W_11051,clique
P_34541,W_4244,clique
P_345459,W_141695,noise
P_345488,W_141694,noise
P_3455,W_3447,clique
P_34550,W_34550,noise
P_345538,W_817,clique
P_345637,W_4012,clique
P_34568,W_34568,clique
P_345809,W_1478,clique
P_345810,W_3529,clique
P_345813,W_5118,clique
P_346013,W_19985,clique
P_346027,W_7578,clique
P_346035,W_383,clique
P_34604,W_34604,clique
P_346235,W_141799,noise
P_3463,W_3447,clique
P_346402,W_141815,noise
P_346410,W_20960,clique
P_346474,W_10902,clique
P_346476,W_45783,clique
P_346478,W_53262,clique
P_346482,W_10577,clique
P_3467,W_3447,clique
P_34674,W_2081,clique
P_346861,W_8937,clique
P_34700,W_34699,clique
P_347012,W_59954,clique
P_34702,W_10313,clique
P_347029,W_27328,clique
P_347082,W_135076,noise
P_347116,W_35472,clique
P_347118,W_10526,clique
P_347160,W_642,clique
P_347198,W_7257,clique
P_347199,W_83871,clique
P_347204,W_39055,clique
P_347310,W_8937,clique
P_347389,W_129882,noise
P_347393,W_141982,noise
P_347503,W_11535,clique
P_347520,W_87425,clique
P_347567,W_1412,clique
P_3476,W_3447,clique
P_347637,W_52660,clique
P_347654,W_19625,noise
P_347687,W_52660,clique
P_347773,W_5231,clique
P_347779,W_142008,clique
P_347799,W_49809,clique
P_347864,W_142008,clique
P_34788,W_34791,clique
P_347904,W_119158,clique
P_34791,W_34791,clique
P_34792,W_34791,clique
P_34795,W_34791,clique
P_34797,W_34791,clique
P_347984,W_54727,noise
P_347987,W_3414,clique
P_3480,W_3447,clique
P_348033,W_54461,clique
P_348034,W_39786,clique
P_348086,W_142008,clique
P_348093,W_13687,clique
P_348239,W_142049,clique
P_348252,W_25030,clique
P_348259,W_76498,clique
P_348329,W_4066,clique
P_348331,W_2474,clique
P_348459,W_7489,clique
P_348815,W_6784,clique
P_348844,W_142008,clique
P_348856,W_142008,clique
P_348914,W_26941,clique
P_348985,W_7116,clique
P_348986,W_10838,clique
P_34907,W_34907,clique
P_349075,W_142008,clique
P_349111,W_11484,clique
P_349166,W_93644,clique
P_349279,W_142191,noise
P_349307,W_142008,clique
P_349308,W_23116,clique
P_349311,W_117450,clique
P_349312,W_9290,clique
P_349313,W_39783,clique
P_349315,W_142008,clique
P_349368,W_30668,clique
P_349374,W_11472,clique
P_349375,W_51795,clique
P_349376,W_142008,clique
P_349391,W_40675,clique
P_349393,W_13552,clique
P_349394,W_4690,clique
P_349399,W_142008,clique
P_34940,W_27913,clique
P_349483,W_142203,noise
P_349536,W_142216,noise
P_349633,W_87758,clique
P_349647,W_343,clique
P_349717,W_98770,clique
P_349787,W_284,clique
P_3498,W_3497,clique
P_349837,W_99743,clique
P_349979,W_20539,clique
P_350006,W_27913,clique
P_350160,W_9263,clique
P_350162,W_9263,clique
P_350305,W_2083,clique
P_350392,W_142325,noise
P_350484,W_7762,clique
P_350672,W_27911,clique
P_350674,W_102577,clique
P_351047,W_142411,noise
P_351108,W_2930,clique
P_351112,W_7213,clique
P_351114,W_40924,clique
P_351115,W_115692,clique
P_351121,W_42311,clique
P_351157,W_142426,noise
P_351183,W_142428,noise
P_351191,W_799,clique
P_351218,W_115814,clique
P_351222,W_1033,clique
P_351270,W_627,clique
P_351280,W_12460,clique
P_351300,W_142439,clique
P_351301,W_142439,clique
P_351306,W_21013,clique
P_351320,W_142440,clique
P_351373,W_142439,clique
P_351374,W_142440,clique
P_351377,W_142440,clique
P_351380,W_142439,clique
P_351383,W_142440,clique
P_351386,W_142440,clique
P_351387,W_142440,clique
P_35139,W_1130,clique
P_35141,W_1924,clique
P_35145,W_1478,clique
P_351459,W_82218,clique
P_35146,W_3237,clique
P_351472,W_142440,clique
P_351498,W_142440,clique
P_3515,W_3514,noise
P_35151,W_5616,clique
P_351571,W_131446,noise
P_351626,W_82218,clique
P_351686,W_55501,noise
P_351798,W_142497,clique
P_351799,W_142497,clique
P_351810,W_20710,clique
P_351826,W_142440,clique
P_351827,W_142440,clique
P_351833,W_142440,clique
P_351850,W_39785,clique
P_351861,W_142440,clique
P_351895,W_142440,clique
P_35190,W_35188,clique
P_35206,W_35206,clique
P_352102,W_65049,clique
P_352104,W_142439,clique
P_35214,W_1409,clique
P_352146,W_20120,clique
P_352147,W_1353,clique
P_352148,W_21817,clique
P_35215,W_10428,clique
P_35217,W_3097,clique
P_352194,W_116516,clique
P_352274,W_142594,noise
P_35232,W_10526,clique
P_352419,W_14969,clique
P_3529,W_3529,clique
P_352910,W_125147,clique
P_352975,W_13216,clique
P_353097,W_7581,clique
P_353231,W_53262,clique
P_353232,W_10848,clique
P_353319,W_9704,clique
P_353668,W_10848,clique
P_353734,W_9262,clique
P_353736,W_91832,clique
P_353737,W_11859,clique
P_353787,W_86795,clique
P_35389,W_35389,clique
P_35405,W_2970,clique
P_354088,W_5388,clique
P_354091,W_8202,clique
P_3541,W_3529,clique
P_354148,W_11823,clique
P_3542,W_3529,clique
P_354295,W_20610,clique
P_354296,W_23627,clique
P_3543,W_3529,clique
P_3545,W_3529,clique
P_354692,W_143005,noise
P_35472,W_35472,clique
P_35473,W_35472,clique
P_35475,W_1153,clique
P_354763,W_11841,clique
P_354779,W_23627,clique
P_354833,W_61921,clique
P_354846,W_39055,clique
P_354850,W_29045,clique
P_354860,W_103129,clique
P_354918,W_143052,clique
P_354919,W_143052,clique
P_354921,W_143052,clique
P_354922,W_143052,clique
P_354923,W_143052,clique
P_354938,W_143056,noise
P_354956,W_9131,clique
P_35505,W_34086,clique
P_355087,W_143081,noise
P_355161,W_82985,clique
P_355166,W_7583,clique
P_355194,W_143052,clique
P_355195,W_143052,clique
P_355267,W_37861,noise
P_355271,W_40675,clique
P_355295,W_39786,clique
P_3553,W_3552,clique
P_355301,W_39786,clique
P_355304,W_39786,clique
P_355307,W_39786,clique
P_355369,W_42453,clique
P_355399,W_27320,clique
P_3554,W_3552,clique
P_355404,W_4820,clique
P_3555,W_3552,clique
P_355576,W_143172,clique
P_355577,W_143172,clique
P_355578,W_143172,clique
P_355584,W_143172,clique
P_355585,W_143172,clique
P_355608,W_2855,clique
P_355664,W_9703,clique
P_355665,W_9703,clique
P_3557,W_3552,clique
P_355763,W_125863,clique
P_35579,W_14019,clique
P_3558,W_3552,clique
P_355811,W_13523,clique
P_355834,W_12792,clique
P_355984,W_143172,clique
P_356008,W_143249,noise
P_356115,W_5534,clique
P_35615,W_7261,clique
P_356152,W_143172,clique
P_356154,W_143172,clique
P_356164,W_143172,clique
P_356165,W_15300,clique
P_356180,W_7261,clique
P_356193,W_26111,clique
P_356216,W_121495,clique
P_35633,W_5231,clique
P_35636,W_7032,clique
P_356409,W_14599,clique
P_35649,W_3744,clique
P_356505,W_32531,clique
P_356506,W_1792,clique
P_35651,W_11485,clique
P_356640,W_59319,clique
P_356648,W_30678,clique
P_356660,W_69914,clique
P_356664,W_69914,clique
P_356691,W_4012,clique
P_356729,W_143172,clique
P_356802,W_115249,clique
P_356815,W_143172,clique
P_356817,W_1130,clique
P_356926,W_39525,clique
P_356966,W_5687,clique
P_356975,W_3928,clique
P_35701,W_4846,clique
P_357398,W_93644,clique
P_357535,W_31003,clique
P_357560,W_143515,noise
P_357607,W_114608,clique
P_357764,W_131020,clique
P_357830,W_6031,clique
P_357909,W_11473,clique
P_357918,W_14599,clique
P_357919,W_53040,clique
P_357978,W_10717,clique
P_358020,W_143576,noise
P_358047,W_97632,clique
P_358049,W_114408,clique
P_358051,W_399,clique
P_358184,W_8535,clique
P_358256,W_11516,clique
P_35837,W_4833,clique
P_358410,W_143632,noise
P_35845,W_3414,clique
P_358554,W_19903,clique
P_358568,W_4751,clique
P_358569,W_10250,noise
P_358571,W_6216,clique
P_358578,W_4354,clique
P_35858,W_7578,clique
P_35862,W_35206,clique
P_358623,W_40924,clique
P_358624,W_40702,clique
P_358626,W_114394,clique
P_358638,W_343,clique
P_358639,W_1376,clique
P_35881,W_21817,clique
P_359061,W_143172,clique
P_359156,W_8696,clique
P_359159,W_22581,clique
P_359361,W_143762,noise
P_359509,W_3266,clique
P_35956,W_9276,clique
P_359600,W_9376,clique
P_35965,W_6292,clique
P_35967,W_11051,clique
P_3599,W_3599,clique
P_36000,W_10144,clique
P_360119,W_10913,clique
P_360120,W_112006,clique
P_36015,W_2974,clique
P_36016,W_4354,clique
P_360185,W_23239,clique
P_360192,W_61933,clique
P_360240,W_11552,clique
P_360271,W_143904,noise
P_360391,W_143930,noise
P_360446,W_103129,clique
P_360508,W_704,clique
P_360521,W_52317,noise
P_36065,W_36064,clique
P_360677,W_127503,noise
P_360682,W_9350,clique
P_360769,W_143986,noise
P_36079,W_4865,clique
P_36083,W_26941,clique
P_360872,W_7495,clique
P_360878,W_11485,clique
P_360953,W_28094,clique
P_361158,W_11785,clique
P_361179,W_10846,clique
P_361200,W_38517,clique
P_36121,W_3057,clique
P_361210,W_11006,clique
P_361238,W_116622,clique
P_361293,W_22286,clique
P_361294,W_8696,clique
P_361360,W_62433,clique
P_36145,W_14969,clique
P_361450,W_43012,clique
P_36147,W_3353,clique
P_36148,W_3353,clique
P_36149,W_10428,clique
P_361501,W_114014,noise
P_36158,W_6437,clique
P_36160,W_6437,clique
P_361600,W_18,clique
P_361604,W_6403,clique
P_361606,W_4468,clique
P_36161,W_6437,clique
P_361626,W_144102,noise
P_361632,W_4468,clique
P_361709,W_111535,clique
P_361788,W_119473,clique
P_361814,W_91832,clique
P_361930,W_40675,clique
P_36202,W_94,clique
P_362055,W_5687,clique
P_362170,W_575,clique
P_362233,W_55861,clique
P_362255,W_10065,clique
P_36231,W_5118,clique
P_362467,W_144188,noise
P_36255,W_14019,clique
P_362679,W_961,clique
P_362789,W_5102,clique
P_362836,W_40675,clique
P_362880,W_122499,clique
P_362881,W_129296,clique
P_362901,W_99743,clique
P_362948,W_22084,clique
P_362951,W_1198,noise
P_362975,W_144231,noise
P_363057,W_144249,noise
P_363112,W_144252,noise
P_363180,W_4217,clique
P_363252,W_41946,clique
P_363308,W_144271,noise
P_363337,W_144276,noise
P_363385,W_144284,noise
P_363401,W_41946,clique
P_36341,W_1347,clique
P_363411,W_10212,clique
P_363412,W_51795,clique
P_363436,W_54816,clique
P_36344,W_3321,clique
P_363529,W_5915,clique
P_363602,W_144297,noise
P_363648,W_64650,clique
P_363769,W_41946,clique
P_363772,W_41946,clique
P_363775,W_41946,clique
P_363860,W_144326,clique
P_363904,W_41946,clique
P_363915,W_27641,clique
P_363922,W_41946,clique
P_363928,W_41946,clique
P_363932,W_98152,clique
P_363942,W_41946,clique
P_363956,W_41946,clique
P_364177,W_144354,clique
P_364228,W_142497,clique
P_364385,W_144385,noise
P_364474,W_116565,clique
P_364478,W_34353,clique
P_364617,W_3266,clique
P_364696,W_10850,clique
P_364713,W_22926,clique
P_364748,W_35206,clique
P_364760,W_135726,clique
P_364777,W_22053,clique
P_364784,W_22084,clique
P_364845,W_21828,clique
P_364900,W_144445,noise
P_364933,W_52963,clique
P_364991,W_5549,clique
P_365005,W_144458,clique
P_365052,W_2558,clique
P_365057,W_7961,clique
P_365058,W_20960,clique
P_365060,W_1456,clique
P_365220,W_144476,noise
P_365364,W_1378,clique
P_36538,W_13695,clique
P_365445,W_144406,noise
P_365458,W_61207,clique
P_36546,W_103,clique
P_36551,W_5555,clique
P_365562,W_113211,noise
P_365591,W_17866,clique
P_365600,W_3447,clique
P_365614,W_19748,clique
P_36563,W_27804,noise
P_365820,W_62475,clique
P_365993,W_31938,clique
P_366063,W_6292,clique
P_366275,W_2970,clique
P_366277,W_1002,clique
P_366394,W_4728,clique
P_366432,W_144643,noise
P_366489,W_144648,clique
P_366490,W_64395,clique
P_366529,W_93644,clique
P_366539,W_4655,clique
P_366541,W_112097,clique
P_366551,W_58783,clique
P_366653,W_144648,clique
P_366678,W_144648,clique
P_366682,W_144648,clique
P_366686,W_144648,clique
P_366687,W_144648,clique
P_366692,W_144648,clique
P_366766,W_39783,clique
P_366828,W_28687,clique
P_366873,W_13873,clique
P_366876,W_23770,clique
P_366877,W_12792,clique
P_366880,W_13698,clique
P_366882,W_8203,clique
P_367,W_367,clique
P_367027,W_144723,noise
P_367057,W_144718,noise
P_367112,W_124571,clique
P_367243,W_59319,clique
P_367266,W_1795,clique
P_367288,W_1278,clique
P_367289,W_1002,clique
P_367291,W_998,clique
P_367295,W_642,clique
P_367297,W_15519,clique
P_36741,W_23544,clique
P_367460,W_4642,clique
P_367591,W_28254,noise
P_367611,W_24222,clique
P_367612,W_56072,clique
P_367709,W_5555,clique
P_367732,W_144858,noise
P_367765,W_10852,clique
P_367792,W_19789,clique
P_367901,W_28784,clique
P_36793,W_10144,clique
P_367940,W_23142,clique
P_367962,W_121296,clique
P_368009,W_4700,clique
P_368013,W_4692,clique
P_368015,W_4704,clique
P_368028,W_303,clique
P_368108,W_144935,noise
P_368129,W_144940,noise
P_368138,W_58781,clique
P_368183,W_17816,noise
P_368260,W_144970,noise
P_368309,W_86795,clique
P_368312,W_11484,clique
P_368313,W_144948,noise
P_368321,W_19943,clique
P_368325,W_40924,clique
P_368326,W_22945,clique
P_368353,W_139487,noise
P_368451,W_132588,noise
P_368538,W_623,clique
P_368568,W_117791,clique
P_368587,W_35188,clique
P_368592,W_45948,clique
P_368602,W_10253,clique
P_368785,W_32053,clique
P_368789,W_145070,noise
P_369036,W_23165,clique
P_369135,W_64766,clique
P_369234,W_23770,clique
P_369235,W_4854,clique
P_369239,W_62086,clique
P_369241,W_145140,noise
P_369319,W_32534,clique
P_369449,W_9276,clique
P_369475,W_56366,clique
P_369519,W_8535,clique
P_36956,W_13695,clique
P_369579,W_109122,clique
P_36965,W_34038,noise
P_369689,W_26189,noise
P_369721,W_7257,clique
P_369743,W_623,clique
P_369747,W_7578,clique
P_369780,W_114742,clique
P_369802,W_68063,clique
P_369879,W_145229,noise
P_369964,W_142049,clique
P_369981,W_20097,clique
P_37032,W_19912,clique
P_370326,W_145310,noise
P_370430,W_145333,noise
P_370607,W_145365,clique
P_370695,W_1503,noise
P_370966,W_7581,clique
P_371072,W_145436,noise
P_371145,W_145456,noise
P_371166,W_4702,clique
P_371192,W_7264,clique
P_371282,W_97889,noise
P_371329,W_98311,clique
P_371330,W_43898,clique
P_371447,W_145512,noise
P_37176,W_343,clique
P_37182,W_2083,clique
P_371865,W_2407,clique
P_371868,W_2407,clique
P_37191,W_37191,noise
P_371914,W_74994,noise
P_37200,W_10907,clique
P_372028,W_1769,clique
P_372030,W_31938,clique
P_372061,W_3211,clique
P_372062,W_145628,noise
P_372185,W_145662,noise
P_372190,W_26461,clique
P_372207,W_18507,clique
P_372210,W_27906,clique
P_372227,W_13440,clique
P_37227,W_1278,clique
P_372448,W_97414,clique
P_372457,W_97414,clique
P_372538,W_15223,clique
P_372666,W_9350,clique
P_372667,W_28784,clique
P_372688,W_19985,clique
P_372689,W_4820,clique
P_372692,W_23767,clique
P_372694,W_35206,clique
P_372710,W_29060,clique
P_372845,W_4642,clique
P_372859,W_54466,clique
P_372941,W_12159,clique
P_373,W_373,clique
P_373023,W_10845,clique
P_373025,W_70931,clique
P_373143,W_20257,clique
P_37315,W_11785,clique
P_373168,W_116622,clique
P_373184,W_38171,clique
P_373199,W_7264,clique
P_373208,W_10849,clique
P_373213,W_10913,clique
P_373242,W_4698,clique
P_373258,W_117849,clique
P_373291,W_145834,noise
P_373305,W_25511,clique
P_373306,W_4849,clique
P_373386,W_2855,clique
P_373421,W_34791,clique
P_373469,W_2407,clique
P_37378,W_32408,clique
P_373784,W_11841,clique
P_37382,W_10788,clique
P_37389,W_642,clique
P_373912,W_124809,clique
P_374156,W_52678,noise
P_374159,W_145913,noise
P_3744,W_3744,clique
P_374678,W_11474,clique
P_374679,W_51453,noise
P_374773,W_131078,noise
P_37478,W_430,clique
P_374793,W_146005,noise
P_374890,W_9003,noise
P_374891,W_146017,noise
P_374951,W_111906,clique
P_375,W_375,clique
P_375068,W_24810,noise
P_375105,W_117257,noise
P_37513,W_37513,clique
P_375131,W_19508,clique
P_375198,W_21352,clique
P_375336,W_126478,clique
P_37559,W_22556,clique
P_375734,W_343,clique
P_376143,W_60662,noise
P_376320,W_146185,noise
P_376366,W_8937,clique
P_376367,W_14969,clique
P_37649,W_14019,clique
P_376558,W_12992,clique
P_376869,W_71702,clique
P_376871,W_4806,clique
P_376875,W_11833,clique
P_376884,W_136866,noise
P_376892,W_564,clique
P_37701,W_15385,clique
P_37702,W_1305,clique
P_377134,W_146281,noise
P_37715,W_5368,clique
P_377269,W_2158,clique
P_37733,W_3174,clique
P_377343,W_137560,clique
P_377351,W_146304,noise
P_37736,W_1454,clique
P_377385,W_126316,noise
P_37743,W_5363,clique
P_377441,W_22451,clique
P_377519,W_116622,clique
P_377523,W_59319,clique
P_377531,W_11667,clique
P_377599,W_2759,clique
P_377601,W_2966,clique
P_377605,W_5095,clique
P_37776,W_37776,clique
P_377879,W_121296,clique
P_377881,W_4755,clique
P_378028,W_7253,clique
P_378077,W_2427,clique
P_378138,W_5233,clique
P_378139,W_5233,clique
P_378161,W_112142,noise
P_378176,W_138964,clique
P_378180,W_138964,clique
P_378233,W_146429,noise
P_378255,W_48320,clique
P_378292,W_138964,clique
P_378294,W_138964,clique
P_378304,W_138964,clique
P_378347,W_12460,clique
P_378418,W_6676,clique
P_378421,W_39520,clique
P_378448,W_27911,clique
P_378485,W_138964,clique
P_378486,W_138964,clique
P_378489,W_143052,clique
P_378512,W_424,clique
P_378562,W_2970,clique
P_378573,W_23142,clique
P_378684,W_6693,clique
P_37872,W_1412,clique
P_378721,W_3673,clique
P_378732,W_3237,clique
P_37877,W_12937,clique
P_378816,W_138964,clique
P_37882,W_11352,clique
P_378854,W_138964,clique
P_379088,W_138964,clique
P_379249,W_28094,clique
P_379254,W_22977,noise
P_379266,W_184,clique
P_37937,W_594,clique
P_379423,W_14809,clique
P_379424,W_117417,clique
P_379433,W_2393,clique
P_37947,W_37947,clique
P_37948,W_37947,clique
P_379504,W_82877,clique
P_379507,W_25489,clique
P_379527,W_25154,clique
P_37956,W_37956,noise
P_379591,W_7762,clique
P_379599,W_19748,clique
P_379622,W_45675,clique
P_379641,W_78838,clique
P_37975,W_21826,clique
P_37978,W_7583,clique
P_379846,W_103771,clique
P_379848,W_4012,clique
P_379968,W_5461,clique
P_379984,W_146733,noise
P_379986,W_146734,noise
P_38007,W_1412,clique
P_38008,W_13698,clique
P_380099,W_129436,clique
P_38010,W_103,clique
P_380121,W_867,clique
P_380275,W_103129,clique
P_380307,W_33356,noise
P_380313,W_5500,clique
P_380333,W_6449,noise
P_380392,W_2110,clique
P_380400,W_146806,clique
P_380403,W_146806,clique
P_380407,W_146806,clique
P_380431,W_5216,clique
P_380439,W_146806,clique
P_380452,W_6441,clique
P_38051,W_17053,clique
P_380530,W_34086,clique
P_38054,W_21828,clique
P_380566,W_146806,clique
P_380587,W_3097,clique
P_380590,W_11785,clique
P_380663,W_146845,noise
P_38079,W_401,clique
P_380822,W_25030,clique
P_380824,W_19789,clique
P_380828,W_2427,clique
P_38090,W_343,clique
P_38094,W_3221,clique
P_38096,W_2083,clique
P_38097,W_2085,clique
P_381027,W_118276,noise
P_381040,W_23772,clique
P_381089,W_9560,clique
P_381144,W_10745,clique
P_38120,W_867,clique
P_381226,W_120969,noise
P_381336,W_56072,clique
P_381351,W_25621,clique
P_381385,W_31327,clique
P_381580,W_2901,clique
P_381581,W_117450,clique
P_381582,W_5954,clique
P_381614,W_146994,noise
P_38171,W_38171,clique
P_381745,W_22581,clique
P_381792,W_243,clique
P_381929,W_3203,clique
P_381967,W_22581,clique
P_382100,W_22581,clique
P_382132,W_147075,noise
P_38219,W_6163,clique
P_382220,W_10065,clique
P_382334,W_122729,clique
P_382363,W_31383,clique
P_382378,W_3162,clique
P_382380,W_42631,clique
P_382511,W_123840,clique
P_382512,W_5958,clique
P_382721,W_17338,noise
P_382799,W_1924,clique
P_382827,W_1924,clique
P_382930,W_108692,clique
P_38295,W_209,clique
P_382996,W_856,clique
P_383018,W_167,clique
P_383019,W_8339,clique
P_383035,W_147211,noise
P_383143,W_111510,clique
P_383148,W_5294,clique
P_383231,W_580,clique
P_383397,W_46288,clique
P_383498,W_5319,clique
P_383694,W_28559,noise
P_383730,W_3708,noise
P_383734,W_147386,noise
P_38384,W_7279,clique
P_383897,W_23770,clique
P_3839,W_3839,clique
P_383913,W_38171,clique
P_383952,W_3221,clique
P_383953,W_112640,clique
P_383960,W_343,clique
P_383966,W_8387,clique
P_383991,W_147430,noise
P_3840,W_3839,clique
P_38416,W_3063,clique
P_384242,W_1456,clique
P_384275,W_49809,clique
P_384276,W_42631,clique
P_384279,W_116438,noise
P_38432,W_28493,clique
P_38434,W_3266,clique
P_38439,W_2454,clique
P_38440,W_184,clique
P_384637,W_11817,clique
P_384682,W_136847,noise
P_38472,W_4700,clique
P_384737,W_52851,clique
P_38474,W_5316,clique
P_38475,W_4837,clique
P_38476,W_38476,clique
P_384766,W_20541,clique
P_38489,W_28495,clique
P_3849,W_18,clique
P_38497,W_38495,clique
P_38506,W_11472,clique
P_38509,W_4690,clique
P_385095,W_42631,clique
P_38510,W_38429,clique
P_38511,W_10914,clique
P_38519,W_38517,clique
P_385196,W_46288,clique
P_38523,W_38517,clique
P_38524,W_38517,clique
P_38534,W_28184,clique
P_38536,W_4683,clique
P_385365,W_24484,clique
P_385393,W_28495,clique
P_385399,W_5118,clique
P_385451,W_7312,clique
P_385505,W_226,clique
P_38557,W_20960,clique
P_38564,W_1409,clique
P_38566,W_9092,clique
P_385723,W_37513,clique
P_3858,W_3858,clique
P_38582,W_9103,clique
P_38583,W_10685,clique
P_385903,W_856,clique
P_38593,W_10790,clique
P_385933,W_4277,clique
P_385969,W_144354,clique
P_385992,W_9626,clique
P_38600,W_10685,clique
P_386077,W_3221,clique
P_386123,W_1596,clique
P_38639,W_10790,clique
P_386413,W_9643,clique
P_386447,W_3995,clique
P_38647,W_303,clique
P_386476,W_5515,clique
P_38649,W_10685,clique
P_38653,W_1616,clique
P_386533,W_53997,clique
P_38655,W_9092,clique
P_386557,W_14229,clique
P_386559,W_116163,noise
P_386592,W_5319,clique
P_386618,W_25000,clique
P_38662,W_1616,clique
P_386625,W_704,clique
P_386653,W_3928,clique
P_386738,W_8937,clique
P_386751,W_5616,clique
P_386765,W_184,clique
P_386865,W_7245,clique
P_38690,W_662,clique
P_38691,W_14229,clique
P_386910,W_3978,clique
P_386912,W_7285,noise
P_38692,W_3673,clique
P_386944,W_11785,clique
P_38696,W_10790,clique
P_38708,W_3552,clique
P_38710,W_9103,clique
P_38711,W_10790,clique
P_38715,W_3673,clique
P_38716,W_2301,clique
P_387185,W_82218,clique
P_387228,W_3260,clique
P_387229,W_3260,clique
P_387315,W_64650,clique
P_387356,W_45675,clique
P_387373,W_4829,clique
P_387377,W_7584,clique
P_387378,W_5438,clique
P_38738,W_3552,clique
P_387380,W_7284,clique
P_387381,W_21958,clique
P_38739,W_662,clique
P_38741,W_10526,clique
P_387417,W_10212,clique
P_38744,W_9092,clique
P_387461,W_121504,clique
P_387472,W_148012,noise
P_387513,W_110214,noise
P_387644,W_13523,clique
P_38771,W_10526,clique
P_38772,W_3162,clique
P_387723,W_12937,clique
P_38775,W_3673,clique
P_38782,W_303,clique
P_38783,W_3673,clique
P_38784,W_3552,clique
P_38785,W_2301,clique
P_38787,W_3074,clique
P_38788,W_2928,clique
P_38789,W_1616,clique
P_3879,W_1153,clique
P_38790,W_2474,clique
P_38791,W_1409,clique
P_38792,W_10790,clique
P_387924,W_46288,clique
P_387925,W_22581,clique
P_38802,W_9092,clique
P_388036,W_82985,clique
P_388037,W_38517,clique
P_388039,W_7581,clique
P_388109,W_32053,clique
P_38813,W_10788,clique
P_388131,W_120968,clique
P_388280,W_148114,noise
P_388306,W_46381,noise
P_38832,W_10790,clique
P_38833,W_3673,clique
P_38835,W_14229,clique
P_38837,W_2301,clique
P_38838,W_303,clique
P_388396,W_11014,clique
P_388397,W_2930,clique
P_38841,W_10685,clique
P_388411,W_932,clique
P_388414,W_1812,clique
P_38842,W_662,clique
P_388420,W_5461,clique
P_38843,W_10526,clique
P_38845,W_9092,clique
P_38848,W_8213,clique
P_388542,W_10528,clique
P_388546,W_12972,clique
P_38855,W_2474,clique
P_38856,W_998,clique
P_38857,W_8387,clique
P_38858,W_3074,clique
P_38859,W_3447,clique
P_38860,W_3177,clique
P_388605,W_100,clique
P_38861,W_1616,clique
P_38862,W_9626,clique
P_38863,W_3174,clique
P_38865,W_961,clique
P_38866,W_1456,clique
P_38867,W_1478,clique
P_38871,W_5958,clique
P_38872,W_1596,clique
P_38873,W_1130,clique
P_38875,W_383,clique
P_388753,W_115249,clique
P_388803,W_111656,clique
P_388813,W_119361,noise
P_388880,W_401,clique
P_388997,W_53928,noise
P_389008,W_116516,clique
P_38903,W_3162,clique
P_389044,W_1055,clique
P_389115,W_13691,clique
P_389178,W_82200,clique
P_38938,W_31946,noise
P_389553,W_123840,clique
P_389555,W_23116,clique
P_389568,W_656,clique
P_389583,W_233,clique
P_389653,W_148268,noise
P_389754,W_9576,clique
P_389755,W_11484,clique
P_389857,W_55861,clique
P_389903,W_148305,noise
P_389913,W_4755,clique
P_390061,W_116516,clique
P_390080,W_7577,clique
P_39009,W_39009,noise
P_390150,W_148334,noise
P_390327,W_2855,clique
P_390363,W_770,noise
P_3904,W_3904,clique
P_390426,W_4668,noise
P_390462,W_3497,clique
P_390464,W_20960,clique
P_390524,W_2911,clique
P_39055,W_39055,clique
P_390595,W_199,clique
P_390610,W_2968,clique
P_390624,W_121852,clique
P_390628,W_13875,clique
P_390685,W_12968,clique
P_39079,W_33804,clique
P_391074,W_11833,clique
P_391148,W_120968,clique
P_391224,W_27328,clique
P_391237,W_1347,clique
P_391556,W_580,clique
P_391628,W_148466,noise
P_391737,W_148475,noise
P_391758,W_5954,clique
P_391776,W_122254,clique
P_391862,W_22965,clique
P_391863,W_7584,clique
P_391865,W_30668,clique
P_391867,W_7580,clique
P_391868,W_8203,clique
P_391869,W_13540,clique
P_391993,W_3414,clique
P_392,W_391,noise
P_392015,W_5141,clique
P_392029,W_26988,clique
P_392032,W_3057,clique
P_392131,W_148515,noise
P_392200,W_42997,clique
P_39227,W_148,clique
P_392275,W_18507,clique
P_392276,W_97460,clique
P_392282,W_27911,clique
P_392283,W_82782,noise
P_392285,W_11358,clique
P_3923,W_9132,clique
P_392349,W_12972,clique
P_392406,W_4812,clique
P_392407,W_4820,clique
P_392408,W_4687,clique
P_392455,W_75372,clique
P_392456,W_7878,clique
P_392475,W_30326,clique
P_392494,W_32711,clique
P_392513,W_12972,clique
P_392525,W_19508,clique
P_392527,W_4541,clique
P_392557,W_18507,clique
P_392587,W_9131,clique
P_392672,W_50379,clique
P_392673,W_28221,clique
P_392698,W_57375,clique
P_392701,W_53262,clique
P_392702,W_4849,clique
P_39283,W_39283,noise
P_392872,W_14501,clique
P_392889,W_3145,clique
P_392896,W_42117,clique
P_392899,W_8213,clique
P_3929,W_3928,clique
P_392902,W_2928,clique
P_392935,W_8535,clique
P_392984,W_117791,clique
P_39319,W_37776,clique
P_393263,W_1456,clique
P_393283,W_2301,clique
P_393293,W_3074,clique
P_393319,W_111854,clique
P_393325,W_26941,clique
P_393327,W_3270,clique
P_393329,W_45675,clique
P_393362,W_126478,clique
P_393381,W_40034,clique
P_393406,W_5930,clique
P_39348,W_22581,clique
P_393554,W_117849,clique
P_39359,W_1443,clique
P_393623,W_148645,noise
P_393735,W_8213,clique
P_393829,W_7577,clique
P_393830,W_22948,clique
P_393832,W_59952,clique
P_393893,W_124199,clique
P_393898,W_111854,clique
P_393908,W_4779,clique
P_393918,W_26988,clique
P_393959,W_5500,clique
P_394002,W_3074,clique
P_394022,W_42117,clique
P_394026,W_2083,clique
P_394039,W_148685,noise
P_394044,W_2976,clique
P_394047,W_10788,clique
P_394159,W_148711,noise
P_39423,W_9276,clique
P_394397,W_5388,clique
P_394497,W_147180,noise
P_394498,W_77131,noise
P_394540,W_5461,clique
P_394550,W_20122,clique
P_394578,W_1378,clique
P_394585,W_31725,clique
P_394586,W_61921,clique
P_394639,W_4541,clique
P_39470,W_706,clique
P_394716,W_114947,clique
P_394769,W_10212,clique
P_394777,W_7312,clique
P_394780,W_20960,clique
P_394791,W_7312,clique
P_394854,W_20049,clique
P_394880,W_114810,clique
P_39491,W_2081,clique
P_394911,W_83296,clique
P_394914,W_33213,clique
P_394919,W_97460,clique
P_394958,W_20207,noise
P_395126,W_148808,noise
P_395140,W_8872,clique
P_39520,W_39520,clique
P_395207,W_14809,clique
P_39525,W_39525,clique
P_395368,W_13440,clique
P_395369,W_3092,clique
P_395607,W_37947,clique
P_395696,W_8339,clique
P_395713,W_83296,clique
P_395717,W_9286,clique
P_39576,W_4835,clique
P_395808,W_13222,clique
P_39582,W_284,clique
P_395940,W_80336,clique
P_39596,W_23116,clique
P_396012,W_132810,noise
P_396053,W_148822,noise
P_39612,W_3270,clique
P_396166,W_233,clique
P_396196,W_246,clique
P_39629,W_706,clique
P_39631,W_26988,clique
P_396352,W_15519,clique
P_396392,W_4244,clique
P_396393,W_34570,noise
P_3964,W_3964,clique
P_396461,W_6753,clique
P_396488,W_24222,clique
P_3965,W_3964,clique
P_396524,W_594,clique
P_39653,W_14485,clique
P_39654,W_3414,clique
P_396576,W_64395,clique
P_396757,W_47639,clique
P_396874,W_2085,clique
P_396907,W_11485,clique
P_396934,W_31938,clique
P_396939,W_3858,clique
P_397072,W_4681,clique
P_397074,W_116516,clique
P_397112,W_141631,noise
P_397178,W_961,clique
P_39718,W_4702,clique
P_397414,W_149047,noise
P_39757,W_76174,clique
P_397769,W_149100,noise
P_397783,W_116516,clique
P_397805,W_149109,noise
P_39783,W_39783,clique
P_39785,W_39785,clique
P_397914,W_226,clique
P_397966,W_149128,noise
P_39804,W_25489,clique
P_398110,W_116516,clique
P_398167,W_14599,clique
P_398263,W_2083,clique
P_398294,W_31091,clique
P_398316,W_20622,clique
P_398349,W_8850,clique
P_398350,W_112640,clique
P_398395,W_26941,clique
P_398400,W_5071,clique
P_398428,W_6210,clique
P_398444,W_9103,clique
P_398450,W_37947,clique
P_398456,W_143052,clique
P_398466,W_27906,clique
P_398672,W_140437,clique
P_398691,W_139740,clique
P_39871,W_6464,clique
P_398780,W_142497,clique
P_398784,W_140319,noise
P_398849,W_118543,clique
P_398905,W_5552,clique
P_39897,W_20639,clique
P_398999,W_149204,noise
P_399,W_399,clique
P_399006,W_23165,clique
P_399007,W_4277,clique
P_399034,W_32053,clique
P_399037,W_4728,clique
P_399094,W_20414,clique
P_399118,W_26461,clique
P_399156,W_233,clique
P_399209,W_115814,clique
P_399215,W_121495,clique
P_399220,W_149219,noise
P_399225,W_149221,noise
P_399265,W_70006,noise
P_399276,W_133839,noise
P_399284,W_11535,clique
P_399322,W_141999,noise
P_39938,W_4354,clique
P_3995,W_3995,clique
P_39953,W_25154,clique
P_399545,W_136988,noise
P_3996,W_3995,clique
P_399648,W_10154,clique
P_399664,W_20610,clique
P_399680,W_47101,clique
P_3997,W_3997,clique
P_399705,W_7229,clique
P_399710,W_11484,clique
P_399713,W_7581,clique
P_399760,W_799,clique
P_399766,W_42631,clique
P_3998,W_3997,clique
P_399827,W_47639,clique
P_399888,W_6939,clique
P_399953,W_106781,noise
P_400,W_399,clique
P_4000,W_179,clique
P_400032,W_34568,clique
P_400055,W_5071,clique
P_400098,W_142497,clique
P_400102,W_139530,clique
P_400106,W_140442,clique
P_400136,W_4687,clique
P_400159,W_149298,clique
P_400160,W_149298,clique
P_400161,W_149298,clique
P_400172,W_149298,clique
P_400174,W_149298,clique
P_400239,W_112276,noise
P_400263,W_2966,clique
P_400315,W_11485,clique
P_400336,W_8543,clique
P_40034,W_40034,clique
P_400347,W_4702,clique
P_400369,W_76174,clique
P_400370,W_37776,clique
P_400380,W_149298,clique
P_400388,W_149298,clique
P_400408,W_149298,clique
P_400428,W_118713,clique
P_400429,W_149298,clique
P_400435,W_594,clique
P_400436,W_118713,clique
P_400448,W_149298,clique
P_400516,W_3162,clique
P_400520,W_8387,clique
P_400537,W_26988,clique
P_400540,W_7489,clique
P_400562,W_102183,noise
P_400570,W_998,clique
P_40060,W_18233,noise
P_400758,W_2966,clique
P_400788,W_1364,clique
P_400870,W_149354,noise
P_400913,W_3779,noise
P_400975,W_93644,clique
P_401,W_401,clique
P_401007,W_149298,clique
P_401011,W_9704,clique
P_401080,W_113981,clique
P_401107,W_7816,clique
P_401110,W_65049,clique
P_401140,W_149374,noise
P_401147,W_149368,noise
P_401148,W_35472,clique
P_401164,W_22948,clique
P_401176,W_7229,clique
P_40119,W_6417,clique
P_4012,W_4012,clique
P_401238,W_100930,noise
P_401239,W_7762,clique
P_401287,W_86939,clique
P_401288,W_4730,noise
P_401384,W_11819,clique
P_401669,W_7816,clique
P_40174,W_20120,clique
P_40178,W_38495,clique
P_401780,W_57375,clique
P_401786,W_22556,clique
P_40181,W_20254,clique
P_40184,W_21817,clique
P_40186,W_10576,clique
P_401870,W_149442,noise
P_40188,W_20110,clique
P_40189,W_31725,clique
P_40190,W_11859,clique
P_40192,W_7279,clique
P_40199,W_40199,clique
P_40200,W_40199,clique
P_40207,W_9006,clique
P_402087,W_20064,clique
P_402093,W_43799,noise
P_402103,W_121296,clique
P_402104,W_662,clique
P_402114,W_109642,clique
P_402157,W_149470,noise
P_402194,W_10141,clique
P_402257,W_1812,clique
P_402287,W_99751,clique
P_402428,W_76574,clique
P_402464,W_89492,clique
P_402476,W_91786,clique
P_402493,W_38495,clique
P_402507,W_45783,clique
P_40251,W_40251,clique
P_402519,W_7116,clique
P_402567,W_7247,clique
P_402601,W_29299,clique
P_402608,W_42453,clique
P_402641,W_11641,clique
P_402715,W_26941,clique
P_402829,W_149512,noise
P_402848,W_13523,clique
P_402877,W_74362,clique
P_402924,W_149519,clique
P_402926,W_117417,clique
P_402927,W_149519,clique
P_402958,W_40671,clique
P_402990,W_54466,clique
P_402993,W_11358,clique
P_402994,W_54461,clique
P_403017,W_10852,clique
P_40312,W_8673,clique
P_403294,W_243,clique
P_403300,W_119695,clique
P_403559,W_149562,clique
P_403565,W_42453,clique
P_403606,W_434,clique
P_403629,W_4468,clique
P_403662,W_149562,clique
P_403663,W_149562,clique
P_403673,W_149562,clique
P_403679,W_149562,clique
P_403707,W_209,clique
P_403772,W_149562,clique
P_403801,W_149562,clique
P_403811,W_149562,clique
P_403845,W_149562,clique
P_403863,W_149562,clique
P_403868,W_8850,clique
P_403885,W_76174,clique
P_403900,W_149590,noise
P_403963,W_1308,clique
P_403991,W_33804,clique
P_40400,W_2083,clique
P_404002,W_33804,clique
P_404046,W_143052,clique
P_404058,W_131020,clique
P_404137,W_149562,clique
P_40419,W_40419,clique
P_404206,W_149298,clique
P_404245,W_3063,clique
P_404284,W_2970,clique
P_404331,W_50523,clique
P_40434,W_19353,clique
P_404341,W_12795,clique
P_40435,W_19353,clique
P_404355,W_149562,clique
P_40436,W_19353,clique
P_404381,W_46408,clique
P_404397,W_14501,clique
P_404402,W_1308,clique
P_40443,W_19945,clique
P_404442,W_375,clique
P_40446,W_19945,clique
P_40449,W_19945,clique
P_404578,W_1409,clique
P_40458,W_27328,clique
P_404602,W_149621,noise
P_404643,W_22148,clique
P_404645,W_22451,clique
P_404662,W_623,clique
P_404692,W_109122,clique
P_404695,W_86939,clique
P_404699,W_122254,clique
P_404713,W_175,clique
P_404725,W_11249,clique
P_404746,W_9266,clique
P_404786,W_10338,clique
P_404801,W_20622,clique
P_40482,W_9643,clique
P_404935,W_1443,clique
P_404953,W_64651,clique
P_404967,W_26988,clique
P_404999,W_33804,clique
P_405001,W_9128,clique
P_405020,W_15385,clique
P_40508,W_6784,clique
P_405115,W_3179,noise
P_405172,W_45948,clique
P_405192,W_149649,noise
P_405388,W_21826,clique
P_405398,W_9560,clique
P_405404,W_59954,clique
P_405575,W_1055,clique
P_405596,W_9262,clique
P_405621,W_40120,clique
P_405638,W_22961,clique
P_405690,W_6676,clique
P_405773,W_4849,clique
P_405785,W_27919,clique
P_405879,W_6807,clique
P_40599,W_6715,clique
P_40602,W_375,clique
P_406049,W_9719,clique
P_406063,W_117883,clique
P_406073,W_64651,clique
P_406179,W_23116,clique
P_406191,W_138964,clique
P_40623,W_8937,clique
P_406274,W_118399,clique
P_406311,W_69073,clique
P_406333,W_62782,clique
P_40641,W_2759,clique
P_40642,W_13549,clique
P_40646,W_23770,clique
P_406468,W_149711,noise
P_40650,W_19945,clique
P_40652,W_39786,clique
P_40654,W_7577,clique
P_406553,W_9103,clique
P_406559,W_32711,clique
P_4066,W_4066,clique
P_406632,W_112097,clique
P_406634,W_115707,clique
P_406659,W_4841,clique
P_406664,W_118399,clique
P_40668,W_20257,clique
P_4067,W_4066,clique
P_40671,W_40671,clique
P_40673,W_40671,clique
P_406732,W_120902,noise
P_406768,W_23525,clique
P_40677,W_40675,clique
P_406818,W_5930,clique
P_406824,W_9132,clique
P_40685,W_40671,clique
P_406877,W_140533,noise
P_40688,W_40671,clique
P_40691,W_40671,clique
P_406921,W_3552,clique
P_4070,W_4066,clique
P_40702,W_40702,clique
P_40711,W_8387,clique
P_407122,W_9358,clique
P_407133,W_118823,clique
P_407139,W_12992,clique
P_40722,W_2110,clique
P_407221,W_2759,clique
P_407222,W_34907,clique
P_407225,W_11652,clique
P_40727,W_8824,clique
P_407272,W_20084,clique
P_40728,W_2976,clique
P_40729,W_2974,clique
P_407344,W_149769,noise
P_407459,W_1362,clique
P_407468,W_799,clique
P_40751,W_6417,clique
P_40755,W_2966,clique
P_40756,W_8696,clique
P_40758,W_226,clique
P_4076,W_4066,clique
P_40760,W_731,clique
P_407629,W_8824,clique
P_40766,W_27320,clique
P_407694,W_10338,clique
P_40770,W_27320,clique
P_407864,W_10913,clique
P_407998,W_42997,clique
P_4080,W_4066,clique
P_408006,W_149807,clique
P_408009,W_149807,clique
P_408028,W_149814,noise
P_40804,W_34568,clique
P_408049,W_10838,clique
P_408086,W_21721,clique
P_408101,W_20069,clique
P_408165,W_11006,clique
P_408178,W_19903,clique
P_408186,W_1456,clique
P_408209,W_11649,clique
P_408211,W_149824,noise
P_408218,W_5552,clique
P_408243,W_10838,clique
P_408298,W_22451,clique
P_4083,W_4066,clique
P_408334,W_5930,clique
P_408336,W_142439,clique
P_408338,W_129436,clique
P_408343,W_22286,clique
P_408353,W_142439,clique
P_408366,W_4702,clique
P_408399,W_121296,clique
P_40844,W_40843,noise
P_408468,W_7312,clique
P_408491,W_7312,clique
P_408551,W_114608,clique
P_408631,W_38495,clique
P_408699,W_29078,clique
P_4087,W_4066,clique
P_408729,W_70887,clique
P_408747,W_7550,clique
P_40876,W_40876,clique
P_40877,W_40876,clique
P_408782,W_26839,clique
P_408796,W_6210,clique
P_4088,W_4066,clique
P_408892,W_111535,clique
P_4089,W_4066,clique
P_408973,W_115251,clique
P_408975,W_30246,clique
P_408990,W_11817,clique
P_409007,W_25691,noise
P_409114,W_137560,clique
P_40913,W_7213,clique
P_40914,W_3599,clique
P_40916,W_1364,clique
P_409162,W_43997,clique
P_40923,W_3245,clique
P_40925,W_40924,clique
P_40926,W_39783,clique
P_409260,W_4762,clique
P_40927,W_4696,clique
P_409289,W_114947,clique
P_409321,W_10212,clique
P_409349,W_149914,noise
P_409487,W_93655,clique
P_409494,W_29487,clique
P_409514,W_114712,clique
P_409517,W_33213,clique
P_40955,W_20097,clique
P_409570,W_115692,clique
P_40964,W_7249,clique
P_409852,W_4107,noise
P_409883,W_7961,clique
P_409990,W_22,clique
P_410043,W_28687,clique
P_410126,W_91832,clique
P_410163,W_17671,clique
P_410192,W_101220,clique
P_41020,W_20064,clique
P_410495,W_246,clique
P_410520,W_150048,noise
P_410543,W_11833,clique
P_410545,W_11833,clique
P_410575,W_11841,clique
P_410635,W_2110,clique
P_410680,W_13875,clique
P_410715,W_11859,clique
P_410716,W_11859,clique
P_410834,W_29130,clique
P_41092,W_34907,clique
P_410941,W_101001,clique
P_411007,W_1282,clique
P_411029,W_40419,clique
P_411037,W_2855,clique
P_411038,W_9103,clique
P_411079,W_27477,clique
P_411130,W_9158,clique
P_411341,W_15521,clique
P_411343,W_6784,clique
P_411410,W_5500,clique
P_411509,W_65381,clique
P_411510,W_44137,clique
P_411512,W_121852,clique
P_411527,W_143052,clique
P_411555,W_20064,clique
P_411567,W_92616,clique
P_411662,W_13693,clique
P_411838,W_2968,clique
P_411840,W_2407,clique
P_411847,W_2407,clique
P_411853,W_10901,clique
P_411856,W_4916,clique
P_411862,W_4812,clique
P_411867,W_5233,clique
P_411873,W_82985,clique
P_411998,W_6394,clique
P_412005,W_26939,clique
P_412096,W_47674,clique
P_412176,W_6549,clique
P_412234,W_112006,clique
P_412257,W_27906,clique
P_412288,W_15300,clique
P_412291,W_7084,clique
P_412303,W_7245,clique
P_412307,W_42997,clique
P_412323,W_117450,clique
P_412324,W_117450,clique
P_41246,W_10526,clique
P_412476,W_11534,clique
P_412486,W_28495,clique
P_412578,W_9266,clique
P_41261,W_10581,clique
P_412660,W_3237,clique
P_412681,W_78838,clique
P_412684,W_117403,clique
P_412766,W_101220,clique
P_412784,W_175,clique
P_412793,W_7581,clique
P_412808,W_35395,clique
P_412911,W_3203,clique
P_412982,W_7084,clique
P_412988,W_2928,clique
P_413027,W_48320,clique
P_413086,W_15521,clique
P_41309,W_2271,clique
P_413160,W_53351,clique
P_413176,W_108692,clique
P_413179,W_10313,clique
P_413180,W_11352,clique
P_413195,W_1353,clique
P_413198,W_4779,clique
P_413236,W_19912,clique
P_413244,W_55442,clique
P_413249,W_373,clique
P_413324,W_954,clique
P_413462,W_11534,clique
P_413463,W_61207,clique
P_413465,W_68063,clique
P_413476,W_146806,clique
P_413479,W_124745,clique
P_413555,W_63854,clique
P_413619,W_116565,clique
P_413727,W_44137,clique
P_413729,W_103129,clique
P_413730,W_82985,clique
P_413873,W_114490,clique
P_413915,W_11841,clique
P_414011,W_6394,clique
P_414177,W_82985,clique
P_414215,W_62086,clique
P_414233,W_3063,clique
P_414436,W_375,clique
P_414466,W_8543,clique
P_4145,W_17866,clique
P_414553,W_112097,clique
P_414555,W_10902,clique
P_414556,W_92616,clique
P_414559,W_10913,clique
P_414588,W_121182,clique
P_414591,W_24484,clique
P_414646,W_22945,clique
P_414675,W_150337,noise
P_414678,W_37947,clique
P_414679,W_19748,clique
P_414687,W_10901,clique
P_414695,W_150339,noise
P_414727,W_39700,noise
P_414735,W_59319,clique
P_414741,W_9507,clique
P_414808,W_11817,clique
P_414830,W_11472,clique
P_414944,W_12135,clique
P_414960,W_53545,noise
P_414972,W_4277,clique
P_415020,W_146806,clique
P_415063,W_25511,clique
P_415148,W_12542,clique
P_415176,W_133231,noise
P_415195,W_148,clique
P_415294,W_54461,clique
P_41530,W_14809,clique
P_415314,W_5095,clique
P_415321,W_11358,clique
P_415329,W_117403,clique
P_415416,W_53351,clique
P_415420,W_29060,clique
P_415448,W_706,clique
P_415505,W_10913,clique
P_415506,W_6807,clique
P_415529,W_71473,clique
P_415535,W_10848,clique
P_415570,W_11484,clique
P_415598,W_2759,clique
P_415601,W_28784,clique
P_415688,W_15223,clique
P_415697,W_5216,clique
P_415733,W_11898,clique
P_415737,W_14969,clique
P_415773,W_27919,clique
P_4158,W_4158,clique
P_415909,W_10338,clique
P_415922,W_127392,clique
P_415954,W_424,clique
P_415961,W_34791,clique
P_415975,W_10641,clique
P_415976,W_10641,clique
P_415978,W_117403,clique
P_415993,W_149562,clique
P_415999,W_74245,clique
P_416000,W_9286,clique
P_416001,W_93655,clique
P_416002,W_20069,clique
P_416004,W_30552,clique
P_416041,W_10641,clique
P_416050,W_64651,clique
P_416065,W_19558,clique
P_416067,W_14620,clique
P_416068,W_64648,clique
P_416071,W_132426,clique
P_416073,W_64513,clique
P_416076,W_6859,clique
P_416080,W_21528,clique
P_416092,W_64513,clique
P_416093,W_62782,clique
P_416109,W_8696,clique
P_41612,W_99751,clique
P_416131,W_124571,clique
P_416136,W_122729,clique
P_416140,W_122729,clique
P_416166,W_4775,clique
P_41617,W_4728,clique
P_416183,W_5616,clique
P_416186,W_343,clique
P_416226,W_46408,clique
P_416230,W_115692,clique
P_416252,W_118823,clique
P_416286,W_1412,clique
P_416290,W_16122,noise
P_416294,W_7816,clique
P_416317,W_6859,clique
P_416327,W_21528,clique
P_416347,W_9724,clique
P_416353,W_19789,clique
P_416356,W_6870,clique
P_416360,W_31383,clique
P_416411,W_64649,clique
P_416414,W_64649,clique
P_416416,W_20960,clique
P_416422,W_132642,clique
P_416426,W_19558,clique
P_416434,W_64649,clique
P_416436,W_64649,clique
P_416456,W_64513,clique
P_416457,W_117403,clique
P_416458,W_62782,clique
P_416459,W_21528,clique
P_416460,W_64652,clique
P_416461,W_6859,clique
P_416462,W_64650,clique
P_416465,W_19558,clique
P_416466,W_64648,clique
P_416478,W_85332,clique
P_416534,W_3904,clique
P_416537,W_132490,clique
P_416559,W_5954,clique
P_416614,W_8850,clique
P_416615,W_12968,clique
P_416641,W_3211,clique
P_416643,W_3211,clique
P_416647,W_150478,noise
P_416693,W_55068,clique
P_416830,W_8850,clique
P_416960,W_246,clique
P_416969,W_25030,clique
P_416982,W_112640,clique
P_416985,W_10253,clique
P_416988,W_10528,clique
P_417034,W_20960,clique
P_417052,W_7495,clique
P_417055,W_30424,clique
P_417120,W_9199,clique
P_417124,W_20097,clique
P_417511,W_3237,clique
P_417553,W_70931,clique
P_417559,W_9724,clique
P_417560,W_64513,clique
P_417562,W_19558,clique
P_417563,W_21528,clique
P_417564,W_64648,clique
P_417565,W_14620,clique
P_417570,W_64652,clique
P_417678,W_99743,clique
P_41771,W_41771,clique
P_417735,W_125863,clique
P_417818,W_10212,clique
P_417837,W_7762,clique
P_417851,W_246,clique
P_417967,W_1376,clique
P_418002,W_1596,clique
P_418157,W_150583,noise
P_418198,W_115692,clique
P_418217,W_4865,clique
P_418386,W_623,clique
P_418462,W_19955,clique
P_418463,W_9263,clique
P_41848,W_2911,clique
P_41851,W_20122,clique
P_418562,W_5930,clique
P_418672,W_11841,clique
P_418739,W_4922,clique
P_418778,W_150611,noise
P_41878,W_10528,clique
P_418845,W_5438,clique
P_418847,W_9719,clique
P_418914,W_27641,clique
P_418918,W_9376,clique
P_418951,W_22961,clique
P_419043,W_150625,clique
P_419045,W_150625,clique
P_419052,W_132426,clique
P_419059,W_150625,clique
P_419072,W_64648,clique
P_419085,W_142008,clique
P_419087,W_41771,clique
P_419093,W_61330,noise
P_419220,W_150625,clique
P_419226,W_150625,clique
P_419253,W_69073,clique
P_419255,W_14620,clique
P_419256,W_64652,clique
P_419260,W_64650,clique
P_419265,W_11516,clique
P_41937,W_82985,clique
P_41946,W_41946,clique
P_419461,W_49967,noise
P_419490,W_30668,clique
P_419611,W_12992,clique
P_419621,W_55068,clique
P_419624,W_112006,clique
P_419626,W_26839,clique
P_419643,W_8521,clique
P_419644,W_4749,clique
P_419647,W_30424,clique
P_419648,W_1894,clique
P_419649,W_37513,clique
P_419651,W_20610,clique
P_419681,W_64489,clique
P_419683,W_62782,clique
P_419684,W_132490,clique
P_419710,W_132642,clique
P_419723,W_64489,clique
P_419735,W_132426,clique
P_419736,W_132642,clique
P_419741,W_64627,clique
P_419742,W_64648,clique
P_419746,W_78838,clique
P_419804,W_9724,clique
P_419810,W_4687,clique
P_419819,W_5545,noise
P_420045,W_150660,clique
P_420047,W_150660,clique
P_420049,W_150660,clique
P_420050,W_150660,clique
P_420051,W_150660,clique
P_420054,W_150660,clique
P_420057,W_150660,clique
P_420069,W_150660,clique
P_420073,W_150660,clique
P_420083,W_150660,clique
P_420111,W_64651,clique
P_420233,W_115561,noise
P_420284,W_119473,clique
P_420362,W_53040,clique
P_420363,W_26542,clique
P_420365,W_108692,clique
P_420370,W_32202,clique
P_420388,W_98152,clique
P_420394,W_115251,clique
P_420436,W_125147,clique
P_420464,W_9665,clique
P_420468,W_68063,clique
P_420477,W_4158,clique
P_42048,W_64372,clique
P_420485,W_10852,clique
P_420498,W_82146,clique
P_420514,W_71702,clique
P_420519,W_3099,clique
P_420520,W_119158,clique
P_42054,W_42054,clique
P_420575,W_20769,clique
P_420609,W_7816,clique
P_420616,W_4217,clique
P_420678,W_9812,clique
P_420743,W_122183,clique
P_420797,W_21826,clique
P_420798,W_31091,clique
P_420812,W_3673,clique
P_420882,W_9704,clique
P_421006,W_20088,clique
P_421027,W_12968,clique
P_42103,W_6403,clique
P_42104,W_42104,noise
P_421115,W_9199,clique
P_421121,W_5363,clique
P_42117,W_42117,clique
P_421245,W_53687,clique
P_421333,W_2110,clique
P_421343,W_39055,clique
P_421507,W_115692,clique
P_421544,W_132696,noise
P_42158,W_424,clique
P_421628,W_28221,clique
P_421629,W_20110,clique
P_4217,W_4217,clique
P_421739,W_91832,clique
P_421740,W_132685,clique
P_421787,W_32531,clique
P_421829,W_36064,clique
P_421831,W_87469,clique
P_421895,W_150858,noise
P_421903,W_126468,noise
P_421929,W_30678,clique
P_421947,W_70931,clique
P_42203,W_5071,clique
P_422062,W_625,clique
P_422095,W_31725,clique
P_422118,W_10907,clique
P_422121,W_10907,clique
P_422134,W_10907,clique
P_4223,W_4223,noise
P_422307,W_12317,clique
P_422317,W_83296,clique
P_422447,W_23165,clique
P_422483,W_867,clique
P_422536,W_8543,clique
P_42257,W_31383,clique
P_42260,W_7552,clique
P_42261,W_4541,clique
P_422793,W_114712,clique
P_422794,W_11474,clique
P_422796,W_52227,clique
P_422800,W_9297,clique
P_422817,W_8824,clique
P_422876,W_127392,clique
P_422929,W_122602,clique
P_42305,W_1308,clique
P_42309,W_10576,clique
P_42311,W_42311,clique
P_42312,W_42311,clique
P_42317,W_10906,clique
P_423194,W_20097,clique
P_42322,W_42311,clique
P_423334,W_1412,clique
P_42338,W_42338,clique
P_42342,W_1650,clique
P_423639,W_64445,clique
P_423665,W_28184,clique
P_423749,W_6870,clique
P_423784,W_19955,clique
P_423785,W_122602,clique
P_423840,W_11898,clique
P_423882,W_10212,clique
P_42396,W_41567,noise
P_424051,W_1616,clique
P_424052,W_98770,clique
P_424053,W_10581,clique
P_424059,W_19955,clique
P_424081,W_4762,clique
P_42411,W_5118,clique
P_424148,W_17662,clique
P_424191,W_91786,clique
P_424298,W_20049,clique
P_424302,W_19353,clique
P_424382,W_28221,clique
P_424394,W_13698,clique
P_4244,W_4244,clique
P_424408,W_114810,clique
P_424425,W_29045,clique
P_424457,W_115714,noise
P_42463,W_5118,clique
P_424714,W_5655,clique
P_42473,W_3245,clique
P_424740,W_63932,clique
P_424772,W_3353,clique
P_424773,W_575,clique
P_424775,W_9103,clique
P_424779,W_5216,clique
P_424781,W_31938,clique
P_424789,W_4646,clique
P_424792,W_22945,clique
P_424802,W_26461,clique
P_42481,W_28221,clique
P_42482,W_4692,clique
P_42483,W_2145,clique
P_42484,W_68063,clique
P_42485,W_68063,clique
P_424850,W_23525,clique
P_42486,W_9574,clique
P_424861,W_139588,clique
P_42487,W_29045,clique
P_424879,W_23525,clique
P_42489,W_42488,clique
P_424900,W_61921,clique
P_424963,W_148,clique
P_424970,W_30552,clique
P_424998,W_47901,clique
P_425000,W_40120,clique
P_425191,W_32062,clique
P_42522,W_42521,clique
P_425250,W_4692,clique
P_425326,W_61921,clique
P_425576,W_151167,noise
P_425578,W_11841,clique
P_425590,W_1305,clique
P_425795,W_112006,clique
P_425900,W_61921,clique
P_426118,W_4689,clique
P_426120,W_4841,clique
P_426130,W_13552,clique
P_426133,W_243,clique
P_426143,W_23239,clique
P_426150,W_121182,clique
P_426165,W_86939,clique
P_426166,W_98770,clique
P_42620,W_11652,clique
P_426241,W_54816,clique
P_426272,W_14809,clique
P_426277,W_11649,clique
P_426304,W_23116,clique
P_42631,W_42631,clique
P_426332,W_6464,clique
P_426548,W_124809,clique
P_426550,W_151234,noise
P_426555,W_151236,noise
P_4267,W_4267,clique
P_426715,W_11054,clique
P_42672,W_3057,clique
P_426746,W_3245,clique
P_426749,W_122499,clique
P_426753,W_75372,clique
P_426772,W_11641,clique
P_426805,W_64627,clique
P_426832,W_3203,clique
P_426835,W_25489,clique
P_426851,W_13440,clique
P_426877,W_69412,noise
P_426956,W_12795,clique
P_427016,W_86795,clique
P_427041,W_841,clique
P_42705,W_9103,clique
P_427219,W_40120,clique
P_427239,W_26839,clique
P_427243,W_151289,noise
P_427301,W_9132,clique
P_427306,W_22286,clique
P_427310,W_6394,clique
P_427340,W_151306,noise
P_427687,W_32058,clique
P_427757,W_35206,clique
P_427883,W_74362,clique
P_427963,W_5697,clique
P_427965,W_5102,clique
P_427967,W_5231,clique
P_427989,W_20122,clique
P_4280,W_3826,noise
P_428038,W_9671,clique
P_428156,W_6485,clique
P_428183,W_9128,clique
P_428184,W_100,clique
P_428216,W_74362,clique
P_428249,W_118823,clique
P_42842,W_642,clique
P_428429,W_9132,clique
P_428481,W_3414,clique
P_428575,W_1792,clique
P_428602,W_25621,clique
P_428637,W_52660,clique
P_42886,W_5555,clique
P_42893,W_5141,clique
P_42909,W_37776,clique
P_429104,W_11859,clique
P_42911,W_2855,clique
P_429171,W_9644,clique
P_429172,W_10154,clique
P_429194,W_140775,noise
P_429321,W_113724,clique
P_429341,W_184,clique
P_42935,W_42934,clique
P_429496,W_6163,clique
P_429515,W_29380,clique
P_429521,W_144648,clique
P_429525,W_2624,noise
P_429549,W_144648,clique
P_429551,W_144648,clique
P_429597,W_97414,clique
P_42964,W_11657,clique
P_42965,W_14861,clique
P_42966,W_28495,clique
P_42967,W_11652,clique
P_42968,W_10846,clique
P_42971,W_24484,clique
P_429789,W_151343,noise
P_42994,W_12168,clique
P_42997,W_42997,clique
P_42998,W_42997,clique
P_430,W_430,clique
P_43002,W_3321,clique
P_43012,W_43012,clique
P_43014,W_13695,clique
P_430242,W_6093,clique
P_430257,W_1650,clique
P_430519,W_151533,noise
P_430566,W_5917,clique
P_430666,W_28221,clique
P_430671,W_71702,clique
P_430698,W_11817,clique
P_430812,W_121504,clique
P_430879,W_62086,clique
P_43088,W_43088,clique
P_430912,W_11833,clique
P_43092,W_43088,clique
P_430923,W_11358,clique
P_430932,W_35188,clique
P_430940,W_6441,clique
P_43096,W_7264,clique
P_431023,W_151553,noise
P_431088,W_10526,clique
P_43109,W_32408,clique
P_431092,W_45948,clique
P_431105,W_10216,clique
P_431133,W_10581,clique
P_431224,W_121852,clique
P_43127,W_8872,clique
P_431397,W_14019,clique
P_431414,W_148951,noise
P_431433,W_7264,clique
P_431461,W_112241,clique
P_431471,W_82877,clique
P_431496,W_20162,clique
P_43156,W_3057,clique
P_43157,W_3063,clique
P_43163,W_184,clique
P_431643,W_151578,noise
P_431691,W_26687,clique
P_431692,W_13204,clique
P_431926,W_15385,clique
P_43195,W_43195,clique
P_43196,W_43195,clique
P_432010,W_5555,clique
P_432061,W_117849,clique
P_432101,W_30424,clique
P_432103,W_7552,clique
P_432104,W_564,clique
P_432124,W_8203,clique
P_432126,W_20069,clique
P_432128,W_12031,clique
P_432131,W_12031,clique
P_432141,W_115728,clique
P_432146,W_7583,clique
P_432157,W_124745,clique
P_432165,W_99751,clique
P_432176,W_14379,clique
P_432206,W_11641,clique
P_432283,W_13695,clique
P_432481,W_20610,clique
P_432485,W_12168,clique
P_432499,W_151508,noise
P_432655,W_1013,noise
P_432662,W_8824,clique
P_432673,W_4810,clique
P_432676,W_82877,clique
P_432678,W_54466,clique
P_432680,W_20084,clique
P_432683,W_22945,clique
P_432699,W_20257,clique
P_432745,W_122815,clique
P_432765,W_9574,clique
P_432879,W_11850,clique
P_432903,W_38495,clique
P_43294,W_3074,clique
P_432995,W_151691,noise
P_43301,W_3321,clique
P_433038,W_12137,clique
P_433051,W_12137,clique
P_433119,W_11794,clique
P_433125,W_58783,clique
P_433128,W_118399,clique
P_433130,W_44137,clique
P_433132,W_28495,clique
P_433136,W_10907,clique
P_433198,W_137560,clique
P_433202,W_143052,clique
P_433214,W_31383,clique
P_433216,W_40199,clique
P_433309,W_64445,clique
P_433311,W_17662,clique
P_433345,W_103771,clique
P_433348,W_79329,clique
P_433469,W_13695,clique
P_43347,W_21013,clique
P_433509,W_40120,clique
P_433524,W_14809,clique
P_43353,W_13695,clique
P_433575,W_19816,noise
P_433633,W_103129,clique
P_433662,W_22154,clique
P_433670,W_114712,clique
P_433696,W_123840,clique
P_433699,W_9290,clique
P_433702,W_4854,clique
P_433708,W_4843,clique
P_433725,W_27906,clique
P_433726,W_117450,clique
P_433727,W_243,clique
P_433728,W_4814,clique
P_433768,W_4816,clique
P_433843,W_4655,clique
P_43386,W_14019,clique
P_433869,W_82146,clique
P_433905,W_1769,clique
P_433925,W_26939,clique
P_433927,W_867,clique
P_433931,W_5363,clique
P_433932,W_98311,clique
P_434,W_434,clique
P_434049,W_29130,clique
P_43409,W_4150,noise
P_434196,W_42521,clique
P_434222,W_4812,clique
P_434224,W_1616,clique
P_434296,W_121504,clique
P_434298,W_20622,clique
P_434306,W_9266,clique
P_434353,W_111656,clique
P_434356,W_13216,clique
P_43442,W_5363,clique
P_434535,W_151781,clique
P_434538,W_151781,clique
P_434560,W_8521,clique
P_434625,W_8673,clique
P_434627,W_32053,clique
P_434631,W_10472,clique
P_434632,W_3964,clique
P_434636,W_3414,clique
P_434641,W_34568,clique
P_434711,W_38495,clique
P_434825,W_73656,clique
P_43486,W_1017,clique
P_434948,W_7084,clique
P_435,W_434,clique
P_435006,W_3145,clique
P_435009,W_22451,clique
P_43515,W_14485,clique
P_435187,W_24484,clique
P_435189,W_24484,clique
P_435316,W_111991,clique
P_435329,W_52177,clique
P_43535,W_9644,clique
P_4354,W_4354,clique
P_435424,W_146806,clique
P_435426,W_10901,clique
P_435427,W_39783,clique
P_435428,W_4816,clique
P_435431,W_42488,clique
P_43551,W_7312,clique
P_435520,W_75372,clique
P_435524,W_9286,clique
P_435527,W_9671,clique
P_435528,W_26111,clique
P_435529,W_11358,clique
P_43553,W_9004,clique
P_435530,W_4887,clique
P_435551,W_114606,clique
P_435555,W_109122,clique
P_435567,W_3174,clique
P_435571,W_32531,clique
P_435582,W_6753,clique
P_435594,W_151873,noise
P_435620,W_15300,clique
P_435638,W_11833,clique
P_435650,W_7253,clique
P_435743,W_9262,clique
P_435746,W_68063,clique
P_435748,W_11472,clique
P_43576,W_1308,clique
P_435778,W_9671,clique
P_435864,W_7818,clique
P_435910,W_11472,clique
P_435923,W_11472,clique
P_435999,W_32531,clique
P_436001,W_3221,clique
P_436227,W_22936,clique
P_436229,W_12255,clique
P_436327,W_23142,clique
P_436328,W_15385,clique
P_436329,W_9507,clique
P_436349,W_2966,clique
P_436358,W_6394,clique
P_436362,W_9132,clique
P_436390,W_19985,clique
P_436404,W_8543,clique
P_436473,W_115692,clique
P_436487,W_2911,clique
P_436488,W_2911,clique
P_436527,W_34728,clique
P_436528,W_65609,clique
P_436539,W_1353,clique
P_436543,W_151921,noise
P_436662,W_3203,clique
P_436682,W_6730,clique
P_436698,W_112006,clique
P_436711,W_71702,clique
P_436815,W_37776,clique
P_436883,W_151941,noise
P_436924,W_27320,clique
P_436925,W_10845,clique
P_437129,W_9266,clique
P_437310,W_151978,noise
P_437319,W_11474,clique
P_437329,W_43997,clique
P_437338,W_127502,noise
P_437347,W_69970,clique
P_437349,W_69970,clique
P_437396,W_5515,clique
P_437404,W_2658,clique
P_437407,W_3529,clique
P_437414,W_76724,noise
P_437502,W_111656,clique
P_437538,W_7032,clique
P_437547,W_119996,clique
P_437548,W_20541,clique
P_437553,W_20541,clique
P_437608,W_11785,clique
P_437609,W_5555,clique
P_437660,W_7032,clique
P_437696,W_10313,clique
P_437750,W_175,clique
P_437805,W_114712,clique
P_437840,W_11819,clique
P_43786,W_161,clique
P_437887,W_11657,clique
P_437923,W_127547,clique
P_438002,W_152008,noise
P_4381,W_4381,noise
P_438107,W_226,clique
P_43812,W_2085,clique
P_438132,W_64766,clique
P_438147,W_22286,clique
P_438212,W_10313,clique
P_438236,W_10914,clique
P_438380,W_13540,clique
P_438386,W_7878,clique
P_438407,W_43195,clique
P_438412,W_15521,clique
P_438539,W_6784,clique
P_438551,W_4939,clique
P_438557,W_83873,clique
P_438561,W_121296,clique
P_438562,W_3353,clique
P_438564,W_7490,noise
P_438566,W_6715,clique
P_438570,W_22148,clique
P_438572,W_91786,clique
P_438573,W_33213,clique
P_438623,W_25996,noise
P_438626,W_3673,clique
P_438646,W_8202,clique
P_438680,W_111572,noise
P_438725,W_34728,clique
P_438726,W_20769,clique
P_438727,W_27579,clique
P_438752,W_4277,clique
P_438778,W_23544,clique
P_438900,W_13873,clique
P_43892,W_7032,clique
P_438942,W_152047,noise
P_43904,W_20875,noise
P_439098,W_75372,clique
P_43913,W_5141,clique
P_439166,W_144354,clique
P_439167,W_144354,clique
P_439178,W_9290,clique
P_439179,W_10901,clique
P_439183,W_19417,clique
P_439185,W_50379,clique
P_439186,W_45948,clique
P_439189,W_108692,clique
P_439194,W_4700,clique
P_439196,W_98770,clique
P_439204,W_2901,clique
P_439228,W_8937,clique
P_439240,W_69073,clique
P_439241,W_6859,clique
P_439242,W_26839,clique
P_439245,W_64513,clique
P_439247,W_9719,clique
P_439248,W_10641,clique
P_439249,W_64649,clique
P_439251,W_6859,clique
P_439252,W_85332,clique
P_439253,W_26839,clique
P_439256,W_64489,clique
P_439261,W_91786,clique
P_439278,W_184,clique
P_439291,W_8339,clique
P_439296,W_10144,clique
P_439329,W_13216,clique
P_439377,W_4655,clique
P_439402,W_28493,clique
P_439474,W_135726,clique
P_439518,W_83296,clique
P_439568,W_126096,clique
P_439605,W_27164,clique
P_439608,W_108692,clique
P_439609,W_101001,clique
P_439610,W_111854,clique
P_439757,W_51795,clique
P_43977,W_161,clique
P_43978,W_13204,clique
P_439882,W_679,clique
P_439895,W_19955,clique
P_440041,W_152100,noise
P_440075,W_122602,clique
P_440131,W_10850,clique
P_440147,W_7202,clique
P_440153,W_134666,clique
P_440169,W_11657,clique
P_440222,W_20639,clique
P_44023,W_44022,noise
P_44047,W_40120,clique
P_440485,W_26687,clique
P_44051,W_26988,clique
P_440519,W_21695,clique
P_44053,W_4922,clique
P_440532,W_152130,noise
P_440575,W_47901,clique
P_440578,W_8521,clique
P_44060,W_25030,clique
P_440646,W_23525,clique
P_440738,W_113981,clique
P_440752,W_11352,clique
P_441027,W_12795,clique
P_441098,W_145365,clique
P_44121,W_40225,noise
P_441275,W_1364,clique
P_441276,W_87425,clique
P_441278,W_14238,clique
P_441281,W_58781,clique
P_44134,W_7032,clique
P_441374,W_8937,clique
P_441379,W_71702,clique
P_441383,W_4816,clique
P_441397,W_12317,clique
P_441430,W_111906,clique
P_441442,W_8387,clique
P_441456,W_148,clique
P_441485,W_4685,clique
P_441505,W_5316,clique
P_441535,W_152210,noise
P_441650,W_152214,noise
P_441693,W_112097,clique
P_441713,W_12140,clique
P_441715,W_4685,clique
P_44191,W_52660,clique
P_441950,W_9103,clique
P_441959,W_114608,clique
P_442028,W_13204,clique
P_442043,W_20110,clique
P_442053,W_152241,noise
P_442054,W_58783,clique
P_442062,W_26941,clique
P_442089,W_4865,clique
P_442090,W_22148,clique
P_442124,W_28784,clique
P_44213,W_52851,clique
P_442155,W_2393,clique
P_442190,W_8850,clique
P_442195,W_152261,noise
P_442204,W_42117,clique
P_442214,W_1769,clique
P_442319,W_12795,clique
P_442557,W_20097,clique
P_442566,W_26939,clique
P_44261,W_21025,clique
P_442753,W_152298,noise
P_44284,W_11898,clique
P_442847,W_4755,clique
P_442854,W_13204,clique
P_442880,W_152294,noise
P_442979,W_6417,clique
P_443002,W_226,clique
P_44305,W_841,clique
P_44306,W_5912,clique
P_44307,W_34907,clique
P_443173,W_152329,noise
P_443273,W_15385,clique
P_443327,W_5141,clique
P_443454,W_92417,clique
P_443501,W_961,clique
P_443509,W_6097,clique
P_443550,W_26839,clique
P_443551,W_19558,clique
P_443600,W_64649,clique
P_443601,W_132642,clique
P_443961,W_23525,clique
P_444172,W_24484,clique
P_444247,W_21352,clique
P_44427,W_10065,clique
P_444296,W_6394,clique
P_444300,W_4762,clique
P_44435,W_44435,clique
P_444429,W_21826,clique
P_444457,W_20064,clique
P_444464,W_22451,clique
P_444501,W_8850,clique
P_444506,W_9133,clique
P_444535,W_32058,clique
P_444561,W_111656,clique
P_444573,W_98311,clique
P_444594,W_34907,clique
P_444618,W_10253,clique
P_44463,W_9297,clique
P_444647,W_131085,noise
P_44466,W_51980,clique
P_444753,W_462,clique
P_444773,W_152462,noise
P_44478,W_5958,clique
P_444870,W_152473,noise
P_44489,W_1454,clique
P_444930,W_95576,noise
P_445065,W_10851,clique
P_445070,W_4814,clique
P_44508,W_37513,clique
P_445104,W_7202,clique
P_44511,W_20064,clique
P_44515,W_1454,clique
P_44516,W_2966,clique
P_445206,W_4702,clique
P_44525,W_21025,clique
P_445260,W_20005,clique
P_445537,W_10129,clique
P_44555,W_1616,clique
P_44561,W_6715,clique
P_44562,W_10914,clique
P_445639,W_11387,clique
P_445644,W_25621,clique
P_445648,W_52227,clique
P_44569,W_343,clique
P_445714,W_25030,clique
P_44583,W_148,clique
P_44584,W_11535,clique
P_44585,W_2901,clique
P_445880,W_10838,clique
P_445881,W_6216,clique
P_44590,W_4945,clique
P_445904,W_152547,noise
P_446045,W_38495,clique
P_44607,W_10237,clique
P_446095,W_121504,clique
P_446107,W_6453,clique
P_446114,W_151781,clique
P_446181,W_7279,clique
P_446188,W_152587,noise
P_446253,W_25154,clique
P_446271,W_706,clique
P_446302,W_2976,clique
P_446304,W_2974,clique
P_446310,W_209,clique
P_446319,W_1305,clique
P_446415,W_12968,clique
P_446469,W_8202,clique
P_446489,W_3057,clique
P_446502,W_10717,clique
P_446592,W_7550,clique
P_446734,W_152634,clique
P_446757,W_2145,clique
P_4468,W_4468,clique
P_446855,W_85332,clique
P_446860,W_19558,clique
P_446887,W_27894,clique
P_446916,W_152634,clique
P_446971,W_117403,clique
P_446972,W_62782,clique
P_447058,W_2454,clique
P_44714,W_3746,noise
P_447188,W_118849,clique
P_447189,W_134666,clique
P_447427,W_5316,clique
P_447445,W_5294,clique
P_447446,W_4884,clique
P_447449,W_2145,clique
P_447453,W_28094,clique
P_447455,W_7257,clique
P_447457,W_23767,clique
P_447487,W_12137,clique
P_447589,W_46408,clique
P_447596,W_10781,clique
P_44761,W_44759,noise
P_447611,W_152756,noise
P_447743,W_33213,clique
P_447744,W_33213,clique
P_447795,W_29299,clique
P_447813,W_11823,clique
P_447869,W_148,clique
P_447929,W_4846,clique
P_447953,W_152805,noise
P_448014,W_33213,clique
P_448046,W_64445,clique
P_448081,W_43195,clique
P_448084,W_21025,clique
P_448233,W_33213,clique
P_448272,W_118849,clique
P_448319,W_12992,clique
P_44833,W_32408,clique
P_448332,W_115692,clique
P_448385,W_209,clique
P_448732,W_1939,clique
P_448808,W_4820,clique
P_448810,W_111854,clique
P_448819,W_142883,noise
P_448910,W_152923,noise
P_448983,W_32062,clique
P_448991,W_152314,noise
P_449014,W_23239,clique
P_449040,W_104709,noise
P_449076,W_152872,noise
P_449108,W_150625,clique
P_449119,W_115692,clique
P_449144,W_20710,clique
P_449146,W_38476,clique
P_449162,W_6758,noise
P_449216,W_151064,noise
P_449228,W_20185,clique
P_449243,W_3995,clique
P_449248,W_3997,clique
P_449297,W_145555,noise
P_449298,W_14599,clique
P_449436,W_152989,noise
P_449464,W_132987,clique
P_449521,W_434,clique
P_449522,W_77153,clique
P_449523,W_19508,clique
P_449527,W_52963,clique
P_449530,W_6163,clique
P_44970,W_625,clique
P_449710,W_2696,clique
P_44976,W_2855,clique
P_44977,W_8824,clique
P_449778,W_117791,clique
P_449783,W_775,clique
P_449784,W_284,clique
P_449794,W_1378,clique
P_449846,W_75372,clique
P_449857,W_22556,clique
P_449861,W_1378,clique
P_449862,W_11054,clique
P_449972,W_14788,noise
P_450060,W_153010,noise
P_450295,W_153026,noise
P_450398,W_9626,clique
P_45040,W_3353,clique
P_45048,W_39055,clique
P_45050,W_5500,clique
P_450503,W_38495,clique
P_450521,W_11652,clique
P_45054,W_4646,clique
P_45057,W_7961,clique
P_450576,W_52851,clique
P_45058,W_5071,clique
P_450618,W_63932,clique
P_450621,W_49809,clique
P_450635,W_20254,clique
P_45069,W_33804,clique
P_45070,W_22148,clique
P_450805,W_114947,clique
P_450924,W_153062,noise
P_450934,W_132900,clique
P_450981,W_7878,clique
P_450984,W_22948,clique
P_451033,W_25113,clique
P_451039,W_9812,clique
P_451054,W_9719,clique
P_45114,W_3097,clique
P_45118,W_22286,clique
P_45121,W_1939,clique
P_451214,W_11054,clique
P_451224,W_56103,noise
P_45123,W_117403,clique
P_45129,W_11819,clique
P_45139,W_3063,clique
P_451397,W_42117,clique
P_45151,W_11649,clique
P_451539,W_10129,clique
P_451616,W_62475,clique
P_451666,W_13127,clique
P_45176,W_14969,clique
P_451918,W_153123,noise
P_451942,W_153126,noise
P_452101,W_5930,clique
P_452103,W_623,clique
P_452105,W_9626,clique
P_452262,W_4837,clique
P_452264,W_122499,clique
P_452322,W_9671,clique
P_452335,W_132987,clique
P_452357,W_9644,clique
P_452359,W_9719,clique
P_452376,W_64432,noise
P_452396,W_28184,clique
P_452451,W_76498,clique
P_452457,W_35472,clique
P_452490,W_138516,noise
P_452646,W_5231,clique
P_452667,W_19789,clique
P_45267,W_38476,clique
P_4527,W_4527,noise
P_452794,W_153181,noise
P_452835,W_117883,clique
P_452841,W_3599,clique
P_452853,W_25000,clique
P_452917,W_4646,clique
P_452920,W_3744,clique
P_452922,W_47101,clique
P_452927,W_994,clique
P_452930,W_15519,clique
P_452931,W_623,clique
P_452932,W_8339,clique
P_452935,W_128184,noise
P_452982,W_5917,clique
P_452983,W_706,clique
P_453046,W_112640,clique
P_453174,W_10253,clique
P_45322,W_20064,clique
P_453246,W_153203,noise
P_453269,W_4945,clique
P_453289,W_41771,clique
P_453293,W_1017,clique
P_453317,W_841,clique
P_453327,W_21025,clique
P_453368,W_114947,clique
P_453405,W_11474,clique
P_453440,W_932,clique
P_453464,W_137560,clique
P_453544,W_23525,clique
P_45360,W_5162,clique
P_453614,W_13523,clique
P_453757,W_27790,clique
P_453810,W_89492,clique
P_454015,W_11352,clique
P_454018,W_124745,clique
P_4541,W_4541,clique
P_454149,W_132426,clique
P_454150,W_64627,clique
P_4542,W_4541,clique
P_454265,W_24522,clique
P_454283,W_6216,clique
P_454307,W_38429,clique
P_454414,W_64652,clique
P_454417,W_11516,clique
P_454418,W_64627,clique
P_454419,W_14620,clique
P_454428,W_31938,clique
P_454448,W_5438,clique
P_454450,W_20088,clique
P_454567,W_24522,clique
P_454575,W_97632,clique
P_454597,W_51980,clique
P_454614,W_80336,clique
P_454712,W_111991,clique
P_454736,W_69073,clique
P_454796,W_132426,clique
P_4548,W_4548,noise
P_45480,W_10717,clique
P_454880,W_40120,clique
P_45494,W_21352,clique
P_45506,W_13204,clique
P_455118,W_25489,clique
P_455121,W_20005,clique
P_45513,W_7312,clique
P_455300,W_6602,clique
P_455362,W_39783,clique
P_455368,W_97632,clique
P_455416,W_13873,clique
P_455460,W_4852,clique
P_455461,W_4852,clique
P_455476,W_4867,clique
P_455480,W_115251,clique
P_455485,W_116622,clique
P_455568,W_4826,clique
P_455569,W_27919,clique
P_45558,W_13875,clique
P_45559,W_13875,clique
P_455598,W_40251,clique
P_455679,W_5687,clique
P_455768,W_11833,clique
P_455771,W_10745,clique
P_455777,W_117791,clique
P_45582,W_45582,noise
P_455908,W_817,clique
P_455942,W_6403,clique
P_456062,W_11474,clique
P_456080,W_153387,noise
P_456088,W_23116,clique
P_456134,W_5552,clique
P_45619,W_20069,clique
P_45620,W_7253,clique
P_456229,W_113996,noise
P_456362,W_4698,clique
P_456370,W_4683,clique
P_456393,W_3177,clique
P_456441,W_2930,clique
P_456459,W_27906,clique
P_456460,W_9290,clique
P_456461,W_9158,clique
P_456656,W_29060,clique
P_456664,W_7818,clique
P_456692,W_21826,clique
P_456710,W_10851,clique
P_45675,W_45675,clique
P_45676,W_45675,clique
P_456768,W_14662,clique
P_45677,W_45675,clique
P_45678,W_45675,clique
P_456781,W_82985,clique
P_45679,W_45675,clique
P_456809,W_64489,clique
P_456838,W_71473,clique
P_456867,W_7253,clique
P_456868,W_4700,clique
P_45697,W_14861,clique
P_456979,W_153426,noise
P_457034,W_56781,clique
P_45704,W_13204,clique
P_457271,W_424,clique
P_457436,W_153476,noise
P_457566,W_153484,noise
P_457608,W_12937,clique
P_45783,W_45783,clique
P_457844,W_13792,noise
P_45785,W_45783,clique
P_457856,W_4806,clique
P_45786,W_45783,clique
P_45788,W_45783,clique
P_458011,W_1650,clique
P_458109,W_103,clique
P_45812,W_23544,clique
P_458152,W_11387,clique
P_45823,W_9266,clique
P_458250,W_117791,clique
P_458327,W_29045,clique
P_458344,W_111697,noise
P_458524,W_4541,clique
P_458528,W_153526,noise
P_458678,W_15223,clique
P_458686,W_6693,clique
P_458803,W_367,clique
P_458830,W_5319,clique
P_458854,W_30326,clique
P_458881,W_38429,clique
P_458938,W_9128,clique
P_459136,W_152634,clique
P_459188,W_961,clique
P_459262,W_113981,clique
P_459276,W_52227,clique
P_459330,W_22945,clique
P_459334,W_14229,clique
P_459337,W_3174,clique
P_459391,W_153678,noise
P_459397,W_153681,noise
P_459407,W_145365,clique
P_459450,W_4846,clique
P_45948,W_45948,clique
P_45953,W_45948,clique
P_459593,W_23239,clique
P_459597,W_9704,clique
P_45969,W_10914,clique
P_45979,W_679,clique
P_45982,W_7762,clique
P_45986,W_42338,clique
P_459873,W_55442,clique
P_460118,W_40675,clique
P_460127,W_32058,clique
P_460187,W_24222,clique
P_460281,W_8696,clique
P_460288,W_3221,clique
P_46029,W_2391,noise
P_460317,W_11535,clique
P_460318,W_64650,clique
P_460322,W_20122,clique
P_460323,W_20710,clique
P_460341,W_20610,clique
P_460366,W_111510,clique
P_460446,W_42054,clique
P_460453,W_6102,clique
P_460458,W_31003,clique
P_460636,W_37947,clique
P_46083,W_462,clique
P_460869,W_121852,clique
P_460916,W_17866,clique
P_460919,W_62433,clique
P_461,W_22,clique
P_461061,W_63932,clique
P_461096,W_139024,noise
P_461099,W_2974,clique
P_46112,W_46057,noise
P_46121,W_32408,clique
P_461339,W_4820,clique
P_461390,W_31327,clique
P_461419,W_5687,clique
P_461447,W_153900,clique
P_461449,W_153900,clique
P_461453,W_153900,clique
P_461485,W_153900,clique
P_461486,W_153900,clique
P_461510,W_153900,clique
P_461511,W_153900,clique
P_461513,W_153900,clique
P_461516,W_153900,clique
P_46153,W_4685,clique
P_461598,W_153900,clique
P_461607,W_24222,clique
P_461619,W_153900,clique
P_461692,W_14485,clique
P_461693,W_6536,clique
P_461700,W_39520,clique
P_461746,W_27911,clique
P_461754,W_106883,clique
P_461762,W_119158,clique
P_461875,W_11473,clique
P_461897,W_153687,noise
P_462,W_462,clique
P_46204,W_46204,noise
P_462105,W_153900,clique
P_462410,W_87469,clique
P_462559,W_9132,clique
P_462668,W_41771,clique
P_462718,W_154114,noise
P_462725,W_17053,clique
P_46284,W_3057,clique
P_462841,W_114712,clique
P_462849,W_5915,clique
P_462865,W_4692,clique
P_462867,W_9665,clique
P_462868,W_9158,clique
P_46288,W_46288,clique
P_462911,W_154137,noise
P_462992,W_5233,clique
P_463001,W_65381,clique
P_463004,W_65609,clique
P_4631,W_10144,clique
P_463272,W_1017,clique
P_463279,W_23116,clique
P_46328,W_30209,clique
P_46348,W_21817,clique
P_463565,W_19912,clique
P_46369,W_10845,clique
P_463718,W_154280,noise
P_463725,W_135726,clique
P_463784,W_21695,clique
P_463792,W_154296,noise
P_463861,W_154311,noise
P_46400,W_7489,clique
P_464029,W_91832,clique
P_464036,W_6870,clique
P_464055,W_154348,noise
P_46419,W_3097,clique
P_4642,W_4642,clique
P_464458,W_209,clique
P_464553,W_22235,clique
P_4646,W_4646,clique
P_464651,W_63932,clique
P_464669,W_12317,clique
P_46476,W_15223,clique
P_464770,W_2928,clique
P_464776,W_9092,clique
P_464875,W_625,clique
P_464990,W_10788,clique
P_465001,W_424,clique
P_465081,W_61207,clique
P_465085,W_115707,clique
P_4651,W_2393,clique
P_465106,W_154524,noise
P_46526,W_20069,clique
P_465278,W_11372,noise
P_465412,W_114810,clique
P_46547,W_27320,clique
P_46554,W_11352,clique
P_465554,W_109122,clique
P_465560,W_121360,clique
P_465573,W_54461,clique
P_465577,W_31091,clique
P_465732,W_40924,clique
P_465826,W_4806,clique
P_465827,W_40924,clique
P_466007,W_124199,clique
P_466167,W_10065,clique
P_466256,W_111408,clique
P_466285,W_79329,clique
P_466343,W_7027,clique
P_466353,W_52660,clique
P_466594,W_1412,clique
P_466706,W_154719,noise
P_466723,W_5294,clique
P_466785,W_139530,clique
P_467010,W_10848,clique
P_46703,W_9199,clique
P_46710,W_9199,clique
P_467176,W_28839,noise
P_46730,W_9199,clique
P_46732,W_1454,clique
P_467327,W_93249,noise
P_46734,W_5363,clique
P_46742,W_9199,clique
P_467447,W_154804,noise
P_467471,W_11387,clique
P_46748,W_9199,clique
P_467498,W_4867,clique
P_46755,W_994,clique
P_46757,W_14379,clique
P_46759,W_167,clique
P_467594,W_154833,noise
P_46763,W_9199,clique
P_467658,W_127392,clique
P_467924,W_32058,clique
P_467932,W_154875,noise
P_468003,W_135187,noise
P_468086,W_9276,clique
P_468096,W_27894,clique
P_468172,W_40671,clique
P_468174,W_12031,clique
P_468176,W_40675,clique
P_468182,W_20088,clique
P_468185,W_20069,clique
P_468199,W_2145,clique
P_468200,W_19945,clique
P_468201,W_154901,clique
P_468207,W_154901,clique
P_468213,W_154905,noise
P_468259,W_122499,clique
P_468296,W_138947,noise
P_468325,W_52227,clique
P_468348,W_40702,clique
P_468440,W_154747,noise
P_46848,W_21013,clique
P_4685,W_4685,clique
P_46851,W_46851,clique
P_468567,W_9507,clique
P_468625,W_10338,clique
P_4687,W_4687,clique
P_468812,W_17866,clique
P_4689,W_4689,clique
P_468934,W_775,clique
P_4691,W_4690,clique
P_469115,W_114606,clique
P_469133,W_9271,clique
P_469260,W_5102,clique
P_469296,W_112006,clique
P_46935,W_37947,clique
P_469383,W_4833,clique
P_469384,W_39525,clique
P_4695,W_4694,clique
P_469507,W_155074,noise
P_469586,W_373,clique
P_469786,W_71642,noise
P_469842,W_134666,clique
P_469924,W_155155,noise
P_4700,W_4700,clique
P_470024,W_43088,clique
P_470187,W_882,clique
P_47023,W_1792,clique
P_4703,W_4702,clique
P_470355,W_155219,noise
P_470389,W_117976,noise
P_4704,W_4704,clique
P_470454,W_3074,clique
P_470520,W_28094,clique
P_4707,W_3245,clique
P_470760,W_10313,clique
P_470849,W_9507,clique
P_47093,W_43898,clique
P_470980,W_199,clique
P_47101,W_47101,clique
P_47102,W_47101,clique
P_47103,W_47101,clique
P_471156,W_1002,clique
P_47143,W_39525,clique
P_47145,W_4755,clique
P_471476,W_95531,noise
P_471499,W_9271,clique
P_471705,W_56072,clique
P_471830,W_27894,clique
P_471838,W_54816,clique
P_471841,W_9264,noise
P_471942,W_9574,clique
P_471977,W_11798,clique
P_472165,W_155534,noise
P_472205,W_32711,clique
P_472206,W_29078,clique
P_47230,W_47225,noise
P_472336,W_115251,clique
P_472401,W_580,clique
P_472427,W_4687,clique
P_472430,W_4696,clique
P_472431,W_4698,clique
P_472433,W_4690,clique
P_472438,W_4702,clique
P_472440,W_34604,clique
P_472443,W_45783,clique
P_472454,W_20622,clique
P_47256,W_47256,noise
P_472561,W_9574,clique
P_472565,W_4843,clique
P_4726,W_4726,clique
P_472607,W_103771,clique
P_472634,W_124745,clique
P_472667,W_146806,clique
P_472669,W_128680,clique
P_472682,W_26939,clique
P_472683,W_5095,clique
P_472697,W_12317,clique
P_4727,W_4726,clique
P_472707,W_11352,clique
P_472746,W_7247,clique
P_472747,W_42934,clique
P_4728,W_4728,clique
P_472884,W_143416,noise
P_472943,W_149298,clique
P_472975,W_367,clique
P_473031,W_25154,clique
P_473058,W_4704,clique
P_47323,W_16560,clique
P_473351,W_50939,clique
P_47343,W_23172,noise
P_473932,W_1055,clique
P_473934,W_143629,noise
P_47414,W_43898,clique
P_474170,W_26461,clique
P_474240,W_10847,clique
P_474312,W_19748,clique
P_474363,W_5552,clique
P_474378,W_233,clique
P_474421,W_15385,clique
P_474425,W_114490,clique
P_474432,W_114490,clique
P_474446,W_114490,clique
P_474466,W_155876,noise
P_474550,W_38429,clique
P_474553,W_114408,clique
P_474554,W_10849,clique
P_474936,W_121401,clique
P_474937,W_121401,clique
P_474946,W_3529,clique
P_474968,W_27790,clique
P_4750,W_4749,clique
P_475001,W_7202,clique
P_475024,W_155935,noise
P_475070,W_179,clique
P_4751,W_4751,clique
P_475137,W_10141,clique
P_475249,W_6093,clique
P_47525,W_40419,clique
P_475254,W_114600,noise
P_475273,W_155952,noise
P_475319,W_9571,clique
P_475321,W_9271,clique
P_475486,W_3978,clique
P_4755,W_4755,clique
P_475509,W_19955,clique
P_475545,W_155980,noise
P_4756,W_4755,clique
P_475628,W_30209,clique
P_475723,W_6939,clique
P_475724,W_5095,clique
P_47583,W_47582,noise
P_4762,W_4762,clique
P_476292,W_9703,clique
P_476309,W_12135,clique
P_476368,W_79329,clique
P_47638,W_2301,clique
P_476381,W_9131,clique
P_47639,W_47639,clique
P_47640,W_47639,clique
P_476503,W_3077,clique
P_476573,W_50523,clique
P_476616,W_4833,clique
P_476635,W_9266,clique
P_476697,W_51795,clique
P_4767,W_4767,clique
P_476712,W_31938,clique
P_4768,W_4767,clique
P_476861,W_12135,clique
P_47690,W_11779,clique
P_476978,W_10641,clique
P_477067,W_5319,clique
P_477183,W_401,clique
P_477226,W_156124,clique
P_477228,W_156124,clique
P_477233,W_156124,clique
P_477234,W_156124,clique
P_477461,W_116516,clique
P_4776,W_4775,clique
P_477853,W_156194,noise
P_4779,W_4779,clique
P_477918,W_5697,clique
P_477919,W_56366,clique
P_477920,W_17662,clique
P_477923,W_99751,clique
P_477939,W_11471,clique
P_477995,W_8339,clique
P_478079,W_10141,clique
P_478231,W_35341,noise
P_478290,W_23627,clique
P_478323,W_118543,clique
P_478353,W_2454,clique
P_478386,W_4468,clique
P_478442,W_5724,clique
P_47854,W_7229,clique
P_478584,W_11535,clique
P_478643,W_5958,clique
P_478669,W_1305,clique
P_478671,W_20622,clique
P_478678,W_5961,noise
P_47868,W_4694,clique
P_47869,W_4694,clique
P_478849,W_118849,clique
P_479005,W_1769,clique
P_47901,W_47901,clique
P_479043,W_6859,clique
P_479099,W_49809,clique
P_479142,W_30235,clique
P_479150,W_11652,clique
P_479187,W_6693,clique
P_479217,W_26988,clique
P_479228,W_14501,clique
P_479264,W_20005,clique
P_479269,W_31271,noise
P_479271,W_12168,clique
P_47935,W_47901,clique
P_479361,W_6859,clique
P_47937,W_31091,clique
P_47939,W_4779,clique
P_47940,W_4646,clique
P_479405,W_132642,clique
P_479413,W_9724,clique
P_479518,W_1308,clique
P_479563,W_156309,noise
P_479582,W_7261,clique
P_479585,W_7261,clique
P_479597,W_7261,clique
P_479630,W_10851,clique
P_479632,W_63932,clique
P_479731,W_116095,noise
P_479972,W_40251,clique
P_479996,W_3321,clique
P_480002,W_4854,clique
P_480034,W_7261,clique
P_4801,W_4801,clique
P_480113,W_44435,clique
P_480127,W_6031,clique
P_48017,W_13695,clique
P_48018,W_26461,clique
P_480223,W_3063,clique
P_480245,W_4775,clique
P_480249,W_21721,clique
P_4803,W_4801,clique
P_480403,W_20541,clique
P_480432,W_156399,noise
P_480585,W_118823,clique
P_480654,W_22148,clique
P_480771,W_9276,clique
P_480774,W_656,clique
P_480858,W_7264,clique
P_480944,W_68897,clique
P_481038,W_123334,clique
P_481046,W_117883,clique
P_48118,W_8387,clique
P_4812,W_4812,clique
P_481291,W_127098,noise
P_481340,W_23165,clique
P_481343,W_11051,clique
P_481458,W_58918,noise
P_481462,W_1276,clique
P_48148,W_2966,clique
P_481558,W_59150,clique
P_481599,W_77001,noise
P_4816,W_4816,clique
P_481699,W_17662,clique
P_481706,W_17662,clique
P_481728,W_5500,clique
P_481749,W_156536,noise
P_481769,W_156539,clique
P_481775,W_156542,clique
P_481832,W_151335,noise
P_481876,W_156557,noise
P_48232,W_399,clique
P_482375,W_1108,clique
P_482432,W_10717,clique
P_482437,W_12992,clique
P_482488,W_6693,clique
P_482507,W_12795,clique
P_4826,W_4826,clique
P_482726,W_156610,noise
P_482854,W_156624,noise
P_482916,W_1347,clique
P_482918,W_4867,clique
P_482942,W_20064,clique
P_482943,W_884,noise
P_482949,W_799,clique
P_482958,W_39525,clique
P_482964,W_167,clique
P_482965,W_383,clique
P_482967,W_96542,noise
P_482972,W_26939,clique
P_482986,W_156631,noise
P_483007,W_10212,clique
P_483170,W_17671,clique
P_48322,W_48320,clique
P_48323,W_48320,clique
P_483252,W_27341,noise
P_483260,W_134666,clique
P_483277,W_20122,clique
P_483286,W_2911,clique
P_4833,W_4833,clique
P_4834,W_4833,clique
P_483426,W_4779,clique
P_483427,W_1769,clique
P_483430,W_39055,clique
P_483437,W_4646,clique
P_483474,W_13216,clique
P_483494,W_1769,clique
P_4835,W_4835,clique
P_483592,W_383,clique
P_483605,W_156712,noise
P_483629,W_156715,noise
P_483652,W_126478,clique
P_483716,W_59319,clique
P_483718,W_82200,clique
P_483736,W_30678,clique
P_483737,W_20162,clique
P_483752,W_156725,noise
P_48381,W_4767,clique
P_483827,W_122709,clique
P_483862,W_4835,clique
P_483879,W_135493,clique
P_483902,W_134347,clique
P_484071,W_4835,clique
P_484080,W_12972,clique
P_484082,W_5141,clique
P_4841,W_4841,clique
P_484137,W_156750,noise
P_484181,W_13222,clique
P_484187,W_140430,noise
P_484238,W_5368,clique
P_48425,W_199,clique
P_4843,W_4843,clique
P_484328,W_5388,clique
P_484353,W_29078,clique
P_484367,W_135478,clique
P_484418,W_134622,clique
P_484498,W_677,clique
P_484503,W_580,clique
P_484506,W_91786,clique
P_484560,W_357,noise
P_4846,W_4846,clique
P_484613,W_28493,clique
P_484639,W_97414,clique
P_48466,W_11014,clique
P_484669,W_29130,clique
P_484675,W_136166,clique
P_484683,W_139530,clique
P_48491,W_46408,clique
P_48496,W_20539,clique
P_484986,W_4696,clique
P_484987,W_4700,clique
P_484996,W_13691,clique
P_485043,W_44435,clique
P_48508,W_52660,clique
P_485234,W_115338,noise
P_485456,W_114810,clique
P_485564,W_373,clique
P_485566,W_6216,clique
P_485567,W_6097,clique
P_485570,W_7552,clique
P_485571,W_121504,clique
P_485573,W_6216,clique
P_485672,W_68063,clique
P_485676,W_22948,clique
P_485679,W_11534,clique
P_48571,W_19912,clique
P_48572,W_28094,clique
P_485731,W_106883,clique
P_485919,W_51600,noise
P_485972,W_2696,clique
P_486021,W_111408,clique
P_486064,W_22948,clique
P_486067,W_1347,clique
P_486184,W_139740,clique
P_486191,W_144354,clique
P_486228,W_31360,clique
P_486233,W_32534,clique
P_486239,W_156945,noise
P_486248,W_14019,clique
P_486284,W_145365,clique
P_486289,W_6536,clique
P_486405,W_144193,noise
P_486468,W_4267,clique
P_486590,W_7495,clique
P_486643,W_79752,noise
P_486686,W_119996,clique
P_486700,W_5162,clique
P_486767,W_677,clique
P_486776,W_1002,clique
P_486777,W_9133,clique
P_486829,W_14354,clique
P_48686,W_1143,clique
P_48688,W_1143,clique
P_4869,W_4867,clique
P_48694,W_1143,clique
P_487024,W_27790,clique
P_487157,W_20110,clique
P_487164,W_31091,clique
P_487165,W_13691,clique
P_487183,W_149807,clique
P_487189,W_22936,clique
P_487193,W_22965,clique
P_48722,W_15521,clique
P_487221,W_4012,clique
P_487237,W_4267,clique
P_487243,W_3928,clique
P_487244,W_43088,clique
P_487275,W_8202,clique
P_487498,W_116622,clique
P_487499,W_154901,clique
P_487578,W_28589,noise
P_4876,W_1812,clique
P_48760,W_7961,clique
P_487647,W_157052,noise
P_487648,W_139206,noise
P_487679,W_156539,clique
P_487694,W_156539,clique
P_488055,W_6097,clique
P_488155,W_141051,noise
P_488194,W_139588,clique
P_488196,W_132686,clique
P_488245,W_10313,clique
P_488264,W_42054,clique
P_488300,W_26542,clique
P_488304,W_11859,clique
P_488306,W_22926,clique
P_488502,W_5958,clique
P_488504,W_2942,noise
P_488584,W_10603,clique
P_4886,W_4884,clique
P_48868,W_8521,clique
P_488802,W_72215,noise
P_488963,W_1792,clique
P_489000,W_7489,clique
P_489120,W_34791,clique
P_48918,W_34907,clique
P_48919,W_9286,clique
P_489194,W_16794,noise
P_489196,W_14501,clique
P_489277,W_157219,noise
P_489304,W_11249,clique
P_489356,W_157225,noise
P_489568,W_157249,noise
P_489623,W_3260,clique
P_489646,W_11657,clique
P_489795,W_20710,clique
P_48981,W_48981,noise
P_489864,W_6292,clique
P_489866,W_18,clique
P_49,W_48,clique
P_490021,W_5616,clique
P_490085,W_4655,clique
P_490201,W_6616,clique
P_490350,W_140168,clique
P_490441,W_64372,clique
P_490443,W_5552,clique
P_490448,W_43898,clique
P_490703,W_11014,clique
P_490722,W_127545,noise
P_49080,W_9128,clique
P_49081,W_49081,noise
P_490862,W_21352,clique
P_490863,W_11249,clique
P_490866,W_25113,clique
P_490899,W_14229,clique
P_490901,W_2928,clique
P_490948,W_124113,noise
P_491070,W_68472,clique
P_491101,W_67291,noise
P_491106,W_34568,clique
P_491210,W_124809,clique
P_491212,W_12972,clique
P_491263,W_68472,clique
P_4916,W_4916,clique
P_491706,W_10849,clique
P_491711,W_91832,clique
P_491767,W_74245,clique
P_491773,W_21695,clique
P_4918,W_4916,clique
P_491824,W_125863,clique
P_491829,W_731,clique
P_491832,W_5095,clique
P_491839,W_82218,clique
P_491847,W_124809,clique
P_491966,W_2158,clique
P_491992,W_42062,noise
P_492013,W_20097,clique
P_492026,W_20097,clique
P_492072,W_50523,clique
P_492074,W_50523,clique
P_492097,W_4945,clique
P_492201,W_82877,clique
P_492202,W_961,clique
P_492210,W_2360,noise
P_492242,W_157480,noise
P_49228,W_9560,clique
P_4923,W_4922,clique
P_492420,W_4812,clique
P_492446,W_157508,noise
P_492461,W_1650,clique
P_492468,W_99751,clique
P_492470,W_4728,clique
P_492479,W_8872,clique
P_492480,W_4945,clique
P_492482,W_43060,noise
P_492557,W_5724,clique
P_492612,W_157526,noise
P_492666,W_4812,clique
P_492678,W_4812,clique
P_49272,W_1454,clique
P_49277,W_31383,clique
P_492792,W_56072,clique
P_492795,W_9704,clique
P_492796,W_5162,clique
P_492801,W_3099,clique
P_49281,W_4354,clique
P_493050,W_25113,clique
P_493209,W_4812,clique
P_493217,W_47101,clique
P_493270,W_5319,clique
P_493317,W_7264,clique
P_493349,W_21231,noise
P_493467,W_157651,noise
P_493523,W_30326,clique
P_493580,W_20005,clique
P_493609,W_18,clique
P_493630,W_157676,noise
P_493659,W_157679,noise
P_49369,W_35188,clique
P_49374,W_34907,clique
P_49375,W_7762,clique
P_4939,W_4939,clique
P_49391,W_19955,clique
P_494246,W_130593,noise
P_494275,W_44435,clique
P_494365,W_101504,noise
P_49438,W_10253,clique
P_494460,W_152871,noise
P_494540,W_157772,noise
P_4946,W_4945,clique
P_494676,W_10790,clique
P_494745,W_7550,clique
P_494755,W_867,clique
P_494866,W_77153,clique
P_4950,W_3978,clique
P_495053,W_52177,clique
P_495060,W_157812,noise
P_495395,W_157844,noise
P_495481,W_40120,clique
P_495483,W_3353,clique
P_495503,W_64445,clique
P_49554,W_35472,clique
P_49555,W_35472,clique
P_49557,W_35472,clique
P_495654,W_1017,clique
P_495680,W_4810,clique
P_495812,W_157858,noise
P_495930,W_3177,clique
P_495955,W_119974,noise
P_49601,W_27790,clique
P_496040,W_775,clique
P_496066,W_153117,noise
P_49613,W_52660,clique
P_496149,W_46288,clique
P_49619,W_26687,clique
P_49620,W_7489,clique
P_49621,W_26988,clique
P_49623,W_706,clique
P_496301,W_375,clique
P_496305,W_32531,clique
P_496418,W_841,clique
P_496570,W_157894,noise
P_496653,W_5319,clique
P_496915,W_15223,clique
P_496978,W_22235,clique
P_497030,W_142101,noise
P_497229,W_87758,clique
P_497232,W_3839,clique
P_49726,W_5363,clique
P_49727,W_22,clique
P_49734,W_26941,clique
P_49739,W_11898,clique
P_497392,W_85332,clique
P_497395,W_11051,clique
P_497399,W_157978,noise
P_49740,W_47101,clique
P_49743,W_6441,clique
P_497460,W_46851,clique
P_497516,W_29078,clique
P_497608,W_27164,clique
P_497615,W_9376,clique
P_497635,W_47674,clique
P_497651,W_1364,clique
P_49772,W_19903,clique
P_497763,W_42521,clique
P_497867,W_7247,clique
P_497998,W_157992,noise
P_498216,W_9286,clique
P_498219,W_142008,clique
P_498220,W_10914,clique
P_49828,W_1939,clique
P_49830,W_4841,clique
P_498345,W_5549,clique
P_498407,W_12135,clique
P_498415,W_87758,clique
P_498429,W_4655,clique
P_498431,W_1282,clique
P_4985,W_1276,clique
P_498550,W_9350,clique
P_498557,W_4762,clique
P_498682,W_23770,clique
P_498823,W_27911,clique
P_498828,W_27911,clique
P_499034,W_70931,clique
P_499035,W_4690,clique
P_499050,W_39438,clique
P_499055,W_71702,clique
P_49907,W_2768,clique
P_499476,W_462,clique
P_499479,W_47901,clique
P_499775,W_13698,clique
P_499907,W_2454,clique
P_499938,W_14463,noise
P_499945,W_14019,clique
P_50000,W_4749,clique
P_50001,W_2970,clique
P_500073,W_5342,clique
P_500386,W_21828,clique
P_500706,W_158226,noise
P_500708,W_34604,clique
P_500806,W_112172,noise
P_501,W_401,clique
P_501032,W_158249,noise
P_501077,W_6097,clique
P_501090,W_23525,clique
P_501387,W_40876,clique
P_501399,W_3839,clique
P_501407,W_27579,clique
P_501410,W_34728,clique
P_50146,W_12972,clique
P_501501,W_121548,clique
P_501551,W_76498,clique
P_501647,W_39783,clique
P_50177,W_5316,clique
P_501807,W_10338,clique
P_501977,W_118849,clique
P_502117,W_158342,noise
P_50229,W_22053,clique
P_502382,W_158371,noise
P_502436,W_11552,clique
P_502441,W_7249,clique
P_502567,W_13691,clique
P_502732,W_54888,noise
P_502777,W_158410,noise
P_50283,W_13440,clique
P_502835,W_42311,clique
P_50289,W_37776,clique
P_502898,W_6485,clique
P_502900,W_6485,clique
P_502956,W_158427,noise
P_502991,W_4690,clique
P_503054,W_121548,clique
P_50318,W_16955,noise
P_503398,W_23165,clique
P_503418,W_32202,clique
P_50381,W_13216,clique
P_503842,W_23544,clique
P_504004,W_4696,clique
P_504012,W_2974,clique
P_504077,W_5368,clique
P_504082,W_1362,clique
P_504084,W_9626,clique
P_504128,W_9574,clique
P_504129,W_10472,clique
P_504231,W_47639,clique
P_504236,W_115054,clique
P_504323,W_158568,noise
P_504386,W_30424,clique
P_50446,W_34568,clique
P_50449,W_5616,clique
P_50456,W_50455,noise
P_504594,W_22451,clique
P_504605,W_6437,clique
P_504682,W_146553,noise
P_504725,W_5954,clique
P_504802,W_42054,clique
P_504843,W_9560,clique
P_504954,W_122254,clique
P_504955,W_12317,clique
P_505012,W_299,clique
P_505212,W_40924,clique
P_50523,W_50523,clique
P_505295,W_115054,clique
P_505298,W_64395,clique
P_505372,W_5552,clique
P_505492,W_5233,clique
P_505493,W_8535,clique
P_505531,W_158697,noise
P_505671,W_6715,clique
P_505675,W_4865,clique
P_505678,W_22235,clique
P_505728,W_18,clique
P_505729,W_158719,noise
P_505873,W_882,clique
P_505923,W_7027,clique
P_505984,W_158737,noise
P_506,W_401,clique
P_506140,W_121296,clique
P_506141,W_117849,clique
P_506151,W_10907,clique
P_506256,W_27579,clique
P_506348,W_5231,clique
P_506495,W_120434,noise
P_506553,W_158802,noise
P_506744,W_30836,noise
P_5071,W_5071,clique
P_507182,W_83871,clique
P_507191,W_129296,clique
P_507194,W_115054,clique
P_507201,W_125863,clique
P_507289,W_20710,clique
P_507290,W_7116,clique
P_507302,W_132987,clique
P_50742,W_35395,clique
P_50743,W_4867,clique
P_50744,W_4916,clique
P_50773,W_9092,clique
P_507732,W_158975,noise
P_507734,W_158976,noise
P_507805,W_145365,clique
P_507843,W_22235,clique
P_50785,W_28687,clique
P_50786,W_10428,clique
P_507871,W_6394,clique
P_507892,W_2110,clique
P_507964,W_121401,clique
P_507992,W_22235,clique
P_508007,W_149807,clique
P_508067,W_128680,clique
P_508070,W_26461,clique
P_508073,W_111991,clique
P_508085,W_52177,clique
P_50809,W_30246,clique
P_508176,W_11358,clique
P_508186,W_35206,clique
P_508235,W_118849,clique
P_508389,W_134622,clique
P_508428,W_118543,clique
P_508611,W_27894,clique
P_508633,W_119680,clique
P_508728,W_64395,clique
P_508761,W_140442,clique
P_508817,W_144458,clique
P_508819,W_144326,clique
P_508822,W_22235,clique
P_508827,W_149519,clique
P_508891,W_8543,clique
P_50915,W_7495,clique
P_509199,W_9508,clique
P_509213,W_994,clique
P_509283,W_22235,clique
P_50940,W_50939,clique
P_5095,W_5095,clique
P_5096,W_5095,clique
P_509603,W_87469,clique
P_509666,W_154901,clique
P_509687,W_156542,clique
P_509694,W_159185,noise
P_509695,W_124199,clique
P_50982,W_69914,clique
P_50983,W_38476,clique
P_50990,W_20539,clique
P_509921,W_22235,clique
P_509949,W_34728,clique
P_509959,W_32531,clique
P_50997,W_7261,clique
P_510144,W_24522,clique
P_51019,W_42631,clique
P_5102,W_5102,clique
P_510206,W_81722,clique
P_510230,W_4826,clique
P_510242,W_4826,clique
P_510244,W_81722,clique
P_510246,W_81722,clique
P_510460,W_159249,noise
P_510555,W_6753,clique
P_510572,W_6753,clique
P_510574,W_367,clique
P_510609,W_23239,clique
P_510614,W_11850,clique
P_510626,W_22235,clique
P_510644,W_2974,clique
P_51068,W_41771,clique
P_510715,W_134347,clique
P_510748,W_11471,clique
P_510774,W_11471,clique
P_510781,W_11471,clique
P_510787,W_11471,clique
P_510835,W_22235,clique
P_510836,W_22235,clique
P_510838,W_63932,clique
P_51089,W_51089,noise
P_510937,W_74362,clique
P_511038,W_74362,clique
P_511097,W_77479,noise
P_511127,W_14662,clique
P_511144,W_11641,clique
P_511202,W_159328,noise
P_511223,W_14599,clique
P_51124,W_26,clique
P_511336,W_69943,clique
P_51141,W_5095,clique
P_51142,W_48,clique
P_51144,W_6216,clique
P_511465,W_4755,clique
P_511509,W_4814,clique
P_511519,W_5915,clique
P_511520,W_22961,clique
P_511521,W_22945,clique
P_511523,W_7229,clique
P_511617,W_159387,clique
P_511619,W_159387,clique
P_511622,W_159387,clique
P_511623,W_159387,clique
P_511625,W_159387,clique
P_511626,W_159387,clique
P_511681,W_5342,clique
P_511704,W_158238,noise
P_511714,W_6453,clique
P_511781,W_38171,clique
P_511782,W_5915,clique
P_511792,W_11794,clique
P_511793,W_22961,clique
P_511794,W_9266,clique
P_511795,W_7580,clique
P_511796,W_82146,clique
P_511899,W_13695,clique
P_5119,W_5118,clique
P_51197,W_25489,clique
P_512013,W_34385,noise
P_512049,W_27579,clique
P_512061,W_74362,clique
P_512076,W_34728,clique
P_512125,W_159450,noise
P_512223,W_27906,clique
P_512225,W_11794,clique
P_51236,W_43088,clique
P_512360,W_159489,noise
P_51237,W_23165,clique
P_51238,W_23544,clique
P_51240,W_656,clique
P_51241,W_51241,noise
P_512525,W_9271,clique
P_512606,W_23627,clique
P_512653,W_4867,clique
P_512657,W_33251,clique
P_512706,W_4683,clique
P_512737,W_159536,noise
P_512767,W_39783,clique
P_512806,W_132685,clique
P_512811,W_11823,clique
P_512815,W_21817,clique
P_512900,W_14861,clique
P_512910,W_4702,clique
P_512992,W_159519,noise
P_513031,W_118823,clique
P_513173,W_97632,clique
P_513178,W_42515,noise
P_513219,W_122210,noise
P_513232,W_110695,noise
P_513318,W_6102,clique
P_513337,W_10641,clique
P_513358,W_3077,clique
P_513366,W_22235,clique
P_513404,W_114606,clique
P_513704,W_159585,noise
P_513865,W_159709,noise
P_51392,W_14662,clique
P_51393,W_4751,clique
P_51395,W_2658,clique
P_513954,W_154901,clique
P_513985,W_10154,clique
P_514074,W_150379,noise
P_5141,W_5141,clique
P_514117,W_117203,noise
P_51415,W_11779,clique
P_514257,W_5687,clique
P_514274,W_47639,clique
P_51434,W_580,clique
P_514506,W_662,clique
P_514507,W_2301,clique
P_514509,W_14229,clique
P_514511,W_9103,clique
P_514512,W_10685,clique
P_514513,W_10526,clique
P_514514,W_303,clique
P_514518,W_10790,clique
P_514526,W_10141,clique
P_51455,W_17671,clique
P_514556,W_51795,clique
P_514574,W_1378,clique
P_51460,W_11054,clique
P_514725,W_10931,clique
P_514982,W_101220,clique
P_514983,W_22235,clique
P_515165,W_128680,clique
P_515197,W_3858,clique
P_515332,W_32534,clique
P_515355,W_52963,clique
P_515356,W_32053,clique
P_515358,W_77153,clique
P_515359,W_10931,clique
P_515398,W_656,clique
P_515412,W_10931,clique
P_515422,W_77153,clique
P_515428,W_32053,clique
P_515430,W_52963,clique
P_515453,W_114742,clique
P_515476,W_7284,clique
P_515478,W_13873,clique
P_515479,W_11471,clique
P_515480,W_22926,clique
P_515495,W_12168,clique
P_515530,W_29078,clique
P_515541,W_11473,clique
P_515547,W_114490,clique
P_515553,W_19417,clique
P_515613,W_159900,noise
P_515619,W_13540,clique
P_515620,W_4689,clique
P_515624,W_11358,clique
P_515625,W_7818,clique
P_515728,W_20084,clique
P_515953,W_5216,clique
P_516096,W_1108,clique
P_516099,W_4775,clique
P_516105,W_4945,clique
P_516183,W_82200,clique
P_5162,W_5162,clique
P_5163,W_5162,clique
P_516310,W_14354,clique
P_516420,W_120968,clique
P_516454,W_20162,clique
P_516462,W_159977,noise
P_516627,W_4867,clique
P_516721,W_142049,clique
P_516735,W_40702,clique
P_516752,W_20769,clique
P_516959,W_16560,clique
P_516960,W_1153,clique
P_517114,W_142049,clique
P_517127,W_34728,clique
P_517141,W_142049,clique
P_517160,W_9703,clique
P_517168,W_142049,clique
P_517187,W_142049,clique
P_517216,W_142049,clique
P_517233,W_34728,clique
P_517242,W_142049,clique
P_517247,W_111991,clique
P_517249,W_39438,clique
P_517255,W_142049,clique
P_517308,W_124199,clique
P_51737,W_775,clique
P_517425,W_109122,clique
P_517551,W_29299,clique
P_517558,W_20769,clique
P_517587,W_34728,clique
P_517595,W_20769,clique
P_517700,W_160138,noise
P_517705,W_136197,noise
P_517795,W_160148,noise
P_517802,W_129436,clique
P_517832,W_18507,clique
P_517839,W_38171,clique
P_517840,W_7581,clique
P_517843,W_4689,clique
P_51795,W_51795,clique
P_517999,W_133525,clique
P_51800,W_51795,clique
P_518017,W_135478,clique
P_518019,W_26111,clique
P_518021,W_58783,clique
P_518029,W_132900,clique
P_518072,W_7583,clique
P_518221,W_31383,clique
P_518388,W_137056,clique
P_518403,W_139740,clique
P_518404,W_140437,clique
P_518408,W_140442,clique
P_518452,W_135478,clique
P_518485,W_151781,clique
P_518486,W_149807,clique
P_518490,W_154901,clique
P_518510,W_8673,clique
P_518547,W_151781,clique
P_5186,W_5186,noise
P_518722,W_160272,noise
P_518999,W_11641,clique
P_51905,W_32595,clique
P_519068,W_160320,noise
P_51907,W_32595,clique
P_51909,W_32595,clique
P_519102,W_160334,noise
P_51913,W_12168,clique
P_519134,W_160340,noise
P_519178,W_111535,clique
P_519179,W_627,clique
P_519282,W_22961,clique
P_519284,W_61207,clique
P_519292,W_40671,clique
P_519293,W_56366,clique
P_519320,W_19353,clique
P_51935,W_7446,clique
P_519417,W_39520,clique
P_51952,W_704,clique
P_51954,W_704,clique
P_519551,W_19955,clique
P_51957,W_704,clique
P_51958,W_704,clique
P_519613,W_141224,noise
P_519686,W_4922,clique
P_519705,W_12792,clique
P_519713,W_38517,clique
P_519717,W_4814,clique
P_519804,W_112640,clique
P_51983,W_46288,clique
P_51984,W_7032,clique
P_519914,W_160476,noise
P_520102,W_14861,clique
P_520115,W_132686,clique
P_520309,W_125302,noise
P_520343,W_109642,clique
P_520348,W_42453,clique
P_520573,W_7229,clique
P_520606,W_3264,clique
P_52062,W_12031,clique
P_52063,W_7580,clique
P_52065,W_4814,clique
P_52066,W_10216,clique
P_520698,W_29060,clique
P_520805,W_29380,clique
P_520806,W_38517,clique
P_520807,W_11794,clique
P_520813,W_4887,clique
P_520816,W_124199,clique
P_520819,W_10852,clique
P_520821,W_4692,clique
P_520823,W_11473,clique
P_520984,W_118823,clique
P_521098,W_26111,clique
P_521104,W_13552,clique
P_521107,W_10845,clique
P_521109,W_27911,clique
P_521110,W_121852,clique
P_521322,W_160693,noise
P_521337,W_31725,clique
P_521342,W_55861,clique
P_521403,W_11667,clique
P_521404,W_23770,clique
P_521410,W_4689,clique
P_521411,W_12140,clique
P_521432,W_44435,clique
P_521442,W_20036,clique
P_52150,W_2558,clique
P_521539,W_5095,clique
P_521548,W_7550,clique
P_521550,W_3237,clique
P_521553,W_2081,clique
P_521652,W_10846,clique
P_521717,W_113724,clique
P_52176,W_2974,clique
P_52177,W_52177,clique
P_52178,W_52177,clique
P_52179,W_52177,clique
P_52180,W_52177,clique
P_521897,W_160786,noise
P_52194,W_882,clique
P_52195,W_52195,noise
P_522073,W_160831,noise
P_522115,W_142049,clique
P_522119,W_142049,clique
P_522134,W_142049,clique
P_522135,W_29299,clique
P_522177,W_20769,clique
P_52219,W_11387,clique
P_522192,W_27579,clique
P_52220,W_11387,clique
P_522256,W_10901,clique
P_52227,W_52227,clique
P_522297,W_2427,clique
P_522379,W_9643,clique
P_522413,W_87469,clique
P_522430,W_9812,clique
P_522499,W_1792,clique
P_522505,W_14354,clique
P_522640,W_121296,clique
P_522649,W_47101,clique
P_522650,W_53040,clique
P_522710,W_59952,clique
P_522713,W_33251,clique
P_522714,W_33251,clique
P_522716,W_33251,clique
P_522717,W_33251,clique
P_522729,W_33251,clique
P_52277,W_299,clique
P_522819,W_10237,clique
P_522881,W_3744,clique
P_522887,W_1456,clique
P_522939,W_7249,clique
P_523017,W_33251,clique
P_523045,W_11552,clique
P_523048,W_160162,noise
P_523057,W_33251,clique
P_523061,W_33251,clique
P_523071,W_33251,clique
P_5231,W_5231,clique
P_523164,W_134146,noise
P_523212,W_52963,clique
P_52324,W_18,clique
P_5233,W_5233,clique
P_523333,W_63854,clique
P_523380,W_27328,clique
P_523545,W_2970,clique
P_523746,W_21695,clique
P_523779,W_64766,clique
P_523785,W_29130,clique
P_523933,W_37947,clique
P_523979,W_59954,clique
P_524004,W_59954,clique
P_524005,W_59954,clique
P_524007,W_59954,clique
P_524008,W_59954,clique
P_524009,W_59954,clique
P_524124,W_161028,noise
P_524125,W_4945,clique
P_524288,W_1143,clique
P_524338,W_59954,clique
P_524339,W_103129,clique
P_524341,W_59954,clique
P_524365,W_20185,clique
P_524380,W_2454,clique
P_524453,W_28094,clique
P_524455,W_62433,clique
P_524608,W_20185,clique
P_524684,W_32053,clique
P_52469,W_1305,clique
P_524692,W_4820,clique
P_524700,W_7818,clique
P_524707,W_12159,clique
P_524711,W_662,clique
P_524806,W_93644,clique
P_524883,W_82146,clique
P_524945,W_40251,clique
P_524982,W_20185,clique
P_525015,W_126478,clique
P_525037,W_4692,clique
P_525039,W_20036,clique
P_525040,W_13540,clique
P_525041,W_20088,clique
P_525044,W_4814,clique
P_525195,W_38171,clique
P_525200,W_44137,clique
P_525239,W_20185,clique
P_525243,W_575,clique
P_525282,W_20110,clique
P_525310,W_126546,noise
P_525438,W_161190,noise
P_52547,W_42311,clique
P_525500,W_21013,clique
P_525513,W_21013,clique
P_525514,W_21013,clique
P_52557,W_17274,clique
P_525577,W_161206,noise
P_5257,W_3928,clique
P_525806,W_161245,noise
P_525906,W_5388,clique
P_525970,W_22261,noise
P_526038,W_161303,noise
P_526222,W_175,clique
P_526235,W_10472,clique
P_526244,W_32202,clique
P_526271,W_40971,clique
P_526491,W_146806,clique
P_52650,W_11051,clique
P_52660,W_52660,clique
P_52663,W_580,clique
P_526668,W_6536,clique
P_526770,W_1378,clique
P_526850,W_1143,clique
P_526858,W_23627,clique
P_526874,W_28495,clique
P_526875,W_114408,clique
P_526876,W_13875,clique
P_526878,W_13549,clique
P_526894,W_127547,clique
P_526896,W_9297,clique
P_526980,W_31182,noise
P_52701,W_52700,noise
P_52703,W_4775,clique
P_527063,W_17662,clique
P_52713,W_623,clique
P_52714,W_5930,clique
P_52718,W_9376,clique
P_527191,W_93655,clique
P_527193,W_37513,clique
P_527203,W_7027,clique
P_527204,W_10931,clique
P_527210,W_161466,noise
P_52740,W_52740,noise
P_527585,W_37513,clique
P_527597,W_161549,noise
P_527629,W_39438,clique
P_527741,W_46851,clique
P_527802,W_1055,clique
P_527897,W_161587,noise
P_528047,W_161624,noise
P_5283,W_5283,clique
P_52838,W_19955,clique
P_52839,W_19955,clique
P_52843,W_19955,clique
P_52851,W_52851,clique
P_528563,W_39783,clique
P_528599,W_1033,clique
P_528644,W_5697,clique
P_528646,W_73656,clique
P_528659,W_99751,clique
P_528661,W_17662,clique
P_528776,W_5687,clique
P_52896,W_8824,clique
P_529002,W_161746,noise
P_529105,W_26939,clique
P_529194,W_38476,clique
P_529238,W_17274,clique
P_52929,W_161,clique
P_52933,W_5461,clique
P_529362,W_9199,clique
P_529481,W_123159,noise
P_529485,W_136751,noise
P_529495,W_10581,clique
P_52963,W_52963,clique
P_529744,W_11779,clique
P_52978,W_14229,clique
P_529780,W_23627,clique
P_529784,W_70931,clique
P_529791,W_70887,clique
P_529794,W_11667,clique
P_529806,W_161820,noise
P_529829,W_564,clique
P_530004,W_704,clique
P_530008,W_13127,clique
P_530021,W_47674,clique
P_530053,W_10848,clique
P_530057,W_10848,clique
P_530080,W_32534,clique
P_530087,W_10848,clique
P_530257,W_124745,clique
P_530261,W_52177,clique
P_530292,W_546,clique
P_530306,W_42997,clique
P_530390,W_124745,clique
P_53040,W_53040,clique
P_530402,W_2474,clique
P_53042,W_53040,clique
P_53049,W_53040,clique
P_53050,W_53040,clique
P_530514,W_161906,noise
P_530544,W_161907,noise
P_530565,W_111535,clique
P_530760,W_19943,clique
P_530818,W_35188,clique
P_530880,W_13204,clique
P_530946,W_25489,clique
P_530950,W_10214,noise
P_531026,W_46851,clique
P_531060,W_121548,clique
P_531074,W_12460,clique
P_531080,W_1364,clique
P_531222,W_9574,clique
P_531223,W_22948,clique
P_531252,W_111408,clique
P_531253,W_77841,clique
P_531258,W_63101,clique
P_531280,W_114408,clique
P_531285,W_64395,clique
P_531289,W_122254,clique
P_531290,W_20120,clique
P_531292,W_138964,clique
P_531352,W_161911,noise
P_531376,W_63932,clique
P_531377,W_142439,clique
P_531426,W_114394,clique
P_531439,W_27919,clique
P_531446,W_114394,clique
P_5316,W_5316,clique
P_53166,W_9507,clique
P_5319,W_5319,clique
P_531945,W_430,clique
P_531974,W_4277,clique
P_531997,W_28784,clique
P_5320,W_5319,clique
P_532066,W_156539,clique
P_532131,W_40034,clique
P_532170,W_29299,clique
P_532176,W_11552,clique
P_532177,W_2673,clique
P_532190,W_10581,clique
P_532253,W_158311,noise
P_53240,W_8213,clique
P_532415,W_112640,clique
P_532485,W_3978,clique
P_532537,W_21013,clique
P_532548,W_162124,noise
P_532578,W_162133,noise
P_53262,W_53262,clique
P_53263,W_53262,clique
P_532673,W_114712,clique
P_532720,W_6093,clique
P_532867,W_59952,clique
P_533026,W_14536,noise
P_533033,W_162193,noise
P_533113,W_4806,clique
P_533132,W_10212,clique
P_533202,W_4852,clique
P_533334,W_4852,clique
P_533352,W_23767,clique
P_533374,W_52851,clique
P_533426,W_162242,noise
P_53351,W_53351,clique
P_53352,W_6807,clique
P_53354,W_53351,clique
P_53356,W_53351,clique
P_53357,W_53351,clique
P_533579,W_11387,clique
P_533605,W_27688,noise
P_53369,W_22053,clique
P_533717,W_28184,clique
P_53378,W_20710,clique
P_533796,W_28184,clique
P_533840,W_28184,clique
P_533841,W_12968,clique
P_53385,W_2696,clique
P_533851,W_135493,clique
P_533864,W_135493,clique
P_533874,W_122709,clique
P_53389,W_4922,clique
P_533910,W_11817,clique
P_533932,W_28184,clique
P_5342,W_5342,clique
P_534214,W_121182,clique
P_534241,W_137056,clique
P_534242,W_140442,clique
P_5343,W_5342,clique
P_534335,W_156124,clique
P_534339,W_156124,clique
P_534356,W_13691,clique
P_534410,W_156124,clique
P_534522,W_162393,noise
P_534565,W_40702,clique
P_534627,W_155347,noise
P_534748,W_158930,noise
P_534761,W_156124,clique
P_534768,W_156124,clique
P_53481,W_39525,clique
P_53482,W_564,clique
P_534932,W_32058,clique
P_534961,W_4852,clique
P_535145,W_22556,clique
P_535314,W_40971,clique
P_535333,W_9508,clique
P_535366,W_179,clique
P_535388,W_162515,noise
P_535492,W_7878,clique
P_5355,W_5355,noise
P_535555,W_117403,clique
P_535558,W_115692,clique
P_535692,W_31091,clique
P_535732,W_55861,clique
P_535740,W_121548,clique
P_53591,W_53567,noise
P_536146,W_4939,clique
P_536217,W_123840,clique
P_536219,W_118399,clique
P_5363,W_5363,clique
P_536314,W_79329,clique
P_536364,W_162621,noise
P_536375,W_149807,clique
P_536388,W_29487,clique
P_536442,W_1347,clique
P_536470,W_119473,clique
P_536488,W_6453,clique
P_536624,W_162648,noise
P_536744,W_18505,clique
P_536812,W_92417,clique
P_53687,W_53687,clique
P_537066,W_129436,clique
P_537137,W_8535,clique
P_537524,W_1795,clique
P_537529,W_994,clique
P_537601,W_4829,clique
P_53765,W_42338,clique
P_537723,W_144326,clique
P_537784,W_13540,clique
P_537786,W_28547,clique
P_537788,W_19985,clique
P_537802,W_4849,clique
P_537831,W_9812,clique
P_537845,W_156124,clique
P_537868,W_162810,noise
P_53787,W_5102,clique
P_537947,W_4806,clique
P_53805,W_43088,clique
P_538100,W_42117,clique
P_538354,W_9724,clique
P_538502,W_50523,clique
P_538614,W_11652,clique
P_538616,W_11823,clique
P_53862,W_179,clique
P_53863,W_199,clique
P_538680,W_162960,noise
P_538728,W_10141,clique
P_538758,W_147745,noise
P_5388,W_5388,clique
P_539199,W_4646,clique
P_53921,W_53921,noise
P_539233,W_30668,clique
P_539380,W_4277,clique
P_539422,W_162752,noise
P_539468,W_132987,clique
P_53959,W_9092,clique
P_5396,W_5396,clique
P_53960,W_3673,clique
P_539642,W_18398,noise
P_53965,W_662,clique
P_53966,W_3552,clique
P_539740,W_14662,clique
P_539744,W_4751,clique
P_53985,W_5461,clique
P_539895,W_108692,clique
P_53997,W_53997,clique
P_539984,W_151781,clique
P_53999,W_53997,clique
P_54000,W_53997,clique
P_540372,W_38476,clique
P_540474,W_627,clique
P_540564,W_4700,clique
P_540608,W_58781,clique
P_540632,W_27328,clique
P_540638,W_20769,clique
P_540799,W_149519,clique
P_540811,W_149807,clique
P_54089,W_6403,clique
P_54092,W_4468,clique
P_540949,W_25150,clique
P_540951,W_97632,clique
P_540981,W_117849,clique
P_54100,W_9004,clique
P_541004,W_35472,clique
P_541006,W_37947,clique
P_541007,W_53997,clique
P_541115,W_24222,clique
P_541126,W_6693,clique
P_541212,W_163214,noise
P_541280,W_98311,clique
P_541281,W_40419,clique
P_541290,W_154901,clique
P_541314,W_156539,clique
P_541347,W_856,clique
P_54136,W_27641,clique
P_541431,W_139530,clique
P_541439,W_149519,clique
P_541481,W_13698,clique
P_541484,W_10141,clique
P_541637,W_9297,clique
P_541837,W_39055,clique
P_541845,W_3858,clique
P_541909,W_163287,noise
P_541925,W_34568,clique
P_541979,W_7446,clique
P_54204,W_3237,clique
P_54210,W_30326,clique
P_542201,W_59150,clique
P_542204,W_580,clique
P_54230,W_5216,clique
P_542368,W_6417,clique
P_542428,W_22948,clique
P_542468,W_99743,clique
P_542487,W_85332,clique
P_542512,W_12317,clique
P_542535,W_35188,clique
P_542553,W_22965,clique
P_542575,W_76498,clique
P_542638,W_151781,clique
P_542673,W_154901,clique
P_542702,W_161006,noise
P_542776,W_34699,clique
P_542854,W_42338,clique
P_542855,W_14662,clique
P_542857,W_152634,clique
P_542870,W_11819,clique
P_542894,W_149807,clique
P_543087,W_163458,noise
P_543164,W_162714,noise
P_543244,W_163475,noise
P_543251,W_156542,clique
P_543267,W_156539,clique
P_543290,W_163482,noise
P_543390,W_3497,clique
P_543541,W_163518,noise
P_543574,W_159387,clique
P_543672,W_114606,clique
P_543729,W_9297,clique
P_5438,W_5438,clique
P_54402,W_64489,clique
P_544237,W_142419,noise
P_544266,W_163636,noise
P_544319,W_4767,clique
P_544484,W_47185,noise
P_544549,W_6441,clique
P_544551,W_6210,clique
P_544586,W_19789,clique
P_544588,W_3177,clique
P_54461,W_54461,clique
P_544642,W_111952,clique
P_54466,W_54466,clique
P_544675,W_22154,clique
P_544693,W_4690,clique
P_544701,W_46408,clique
P_544729,W_19985,clique
P_544810,W_22936,clique
P_544875,W_111510,clique
P_544877,W_38171,clique
P_54488,W_54466,clique
P_544889,W_2901,clique
P_544890,W_4810,clique
P_544891,W_10576,clique
P_544893,W_109122,clique
P_54490,W_954,clique
P_544903,W_19985,clique
P_545038,W_163720,noise
P_54506,W_1478,clique
P_545073,W_20539,clique
P_545087,W_132685,clique
P_545095,W_10913,clique
P_545154,W_10850,clique
P_545155,W_29380,clique
P_545164,W_114810,clique
P_545167,W_4687,clique
P_545172,W_20254,clique
P_545174,W_61933,clique
P_545314,W_111510,clique
P_545544,W_111510,clique
P_545550,W_7261,clique
P_545572,W_111510,clique
P_545610,W_73656,clique
P_545615,W_5687,clique
P_54566,W_54566,noise
P_545660,W_129892,noise
P_545763,W_11819,clique
P_545764,W_140168,clique
P_545824,W_23142,clique
P_545908,W_39783,clique
P_545941,W_11054,clique
P_546,W_546,clique
P_5461,W_5461,clique
P_546298,W_68897,clique
P_546306,W_434,clique
P_546319,W_184,clique
P_54634,W_54634,noise
P_546343,W_123334,clique
P_546359,W_42117,clique
P_546584,W_30046,noise
P_546633,W_163930,noise
P_546670,W_23525,clique
P_5467,W_5141,clique
P_546725,W_40034,clique
P_546834,W_4843,clique
P_546893,W_5231,clique
P_546908,W_163974,noise
P_547036,W_4728,clique
P_547045,W_14379,clique
P_547373,W_118713,clique
P_547375,W_4837,clique
P_54739,W_642,clique
P_547417,W_13875,clique
P_547419,W_4685,clique
P_547557,W_15514,noise
P_547651,W_3995,clique
P_547699,W_9350,clique
P_547710,W_144326,clique
P_547797,W_12972,clique
P_547838,W_118713,clique
P_547841,W_5396,clique
P_547842,W_13222,clique
P_547843,W_4945,clique
P_547883,W_11779,clique
P_548131,W_5515,clique
P_54816,W_54816,clique
P_548167,W_11352,clique
P_54817,W_54816,clique
P_548176,W_20769,clique
P_548185,W_13873,clique
P_548377,W_57375,clique
P_548381,W_18507,clique
P_548401,W_4762,clique
P_54845,W_54816,clique
P_548460,W_132911,noise
P_548590,W_118543,clique
P_548602,W_134347,clique
P_548659,W_123234,noise
P_548717,W_19508,clique
P_548756,W_140437,clique
P_548769,W_164179,noise
P_548844,W_21721,clique
P_548846,W_29060,clique
P_548849,W_61207,clique
P_548893,W_132987,clique
P_548959,W_4158,clique
P_548967,W_399,clique
P_549007,W_133525,clique
P_549139,W_9704,clique
P_549220,W_4775,clique
P_549353,W_164251,noise
P_549355,W_164252,noise
P_54936,W_39520,clique
P_549363,W_135478,clique
P_549377,W_137056,clique
P_549384,W_144354,clique
P_549402,W_2911,clique
P_549523,W_136166,clique
P_549526,W_144326,clique
P_549589,W_132490,clique
P_549814,W_3097,clique
P_54989,W_54989,noise
P_549922,W_127392,clique
P_5500,W_5500,clique
P_5501,W_5500,clique
P_550235,W_160595,noise
P_550259,W_31091,clique
P_550280,W_117450,clique
P_550291,W_44092,noise
P_550306,W_123591,clique
P_550335,W_144326,clique
P_550345,W_118543,clique
P_550423,W_155491,noise
P_550436,W_4922,clique
P_550447,W_115251,clique
P_550484,W_156539,clique
P_550525,W_37868,noise
P_550548,W_11649,clique
P_550551,W_42338,clique
P_550566,W_118713,clique
P_550667,W_164392,noise
P_55068,W_55068,clique
P_55077,W_55068,clique
P_550843,W_2158,clique
P_550878,W_4217,clique
P_550896,W_4646,clique
P_550967,W_9266,clique
P_550968,W_38429,clique
P_550969,W_35472,clique
P_550976,W_4884,clique
P_550978,W_39055,clique
P_551104,W_6163,clique
P_551181,W_11014,clique
P_551198,W_47101,clique
P_551211,W_2911,clique
P_551455,W_49529,noise
P_5515,W_5515,clique
P_551673,W_21352,clique
P_551689,W_1308,clique
P_551690,W_23142,clique
P_551702,W_164497,noise
P_551847,W_10428,clique
P_551928,W_136166,clique
P_551973,W_24484,clique
P_551988,W_140437,clique
P_552037,W_1456,clique
P_552043,W_1456,clique
P_552137,W_47101,clique
P_552236,W_24473,clique
P_552238,W_64648,clique
P_552281,W_26839,clique
P_552388,W_10849,clique
P_552638,W_6859,clique
P_552639,W_10717,clique
P_552640,W_64513,clique
P_552642,W_20639,clique
P_552649,W_122729,clique
P_552762,W_7249,clique
P_552797,W_151781,clique
P_553039,W_4244,clique
P_553078,W_125147,clique
P_553107,W_19508,clique
P_553199,W_9719,clique
P_553216,W_164640,clique
P_553217,W_164640,clique
P_553317,W_144458,clique
P_553349,W_164659,noise
P_553370,W_142497,clique
P_5534,W_5534,clique
P_553427,W_50939,clique
P_553435,W_164669,noise
P_553456,W_39783,clique
P_553459,W_13552,clique
P_553478,W_144326,clique
P_553497,W_152634,clique
P_5535,W_5534,clique
P_553538,W_149519,clique
P_553540,W_151781,clique
P_553548,W_149807,clique
P_553549,W_122254,clique
P_553636,W_20639,clique
P_553638,W_2928,clique
P_553656,W_154901,clique
P_55371,W_55368,noise
P_553716,W_156539,clique
P_553792,W_2085,clique
P_553837,W_3260,clique
P_553961,W_111854,clique
P_554018,W_26,clique
P_5542,W_3074,clique
P_554256,W_164759,noise
P_554280,W_86795,clique
P_554293,W_10216,clique
P_55439,W_799,clique
P_5544,W_3174,clique
P_554436,W_9004,clique
P_554568,W_462,clique
P_554577,W_4779,clique
P_554611,W_82985,clique
P_554617,W_164786,noise
P_554655,W_164787,noise
P_554691,W_129436,clique
P_554697,W_40702,clique
P_554700,W_13698,clique
P_554771,W_7577,clique
P_554772,W_68063,clique
P_554773,W_15223,clique
P_554868,W_9560,clique
P_554887,W_4922,clique
P_5549,W_5549,clique
P_5550,W_5549,clique
P_555074,W_114491,noise
P_555161,W_2158,clique
P_5552,W_5552,clique
P_555513,W_3904,clique
P_555544,W_132749,noise
P_555588,W_4810,clique
P_555655,W_4945,clique
P_555665,W_30280,noise
P_5557,W_5555,clique
P_555793,W_136518,clique
P_555839,W_87425,clique
P_555859,W_27579,clique
P_5559,W_5555,clique
P_555926,W_23544,clique
P_556004,W_31725,clique
P_556014,W_35188,clique
P_556211,W_19943,clique
P_55622,W_55286,noise
P_556343,W_164968,noise
P_556481,W_43012,clique
P_556540,W_34728,clique
P_55655,W_26744,noise
P_556619,W_165010,noise
P_556623,W_142439,clique
P_556677,W_76574,clique
P_556950,W_164640,clique
P_556983,W_121495,clique
P_556987,W_10313,clique
P_556988,W_30552,clique
P_55699,W_4468,clique
P_557011,W_165068,noise
P_55702,W_30326,clique
P_557079,W_137056,clique
P_557190,W_162687,noise
P_557399,W_13695,clique
P_557403,W_9508,clique
P_557416,W_10313,clique
P_557647,W_149519,clique
P_557654,W_156542,clique
P_557806,W_80336,clique
P_557995,W_159387,clique
P_558034,W_138962,noise
P_558268,W_165189,noise
P_558276,W_3904,clique
P_558309,W_5912,clique
P_558322,W_20622,clique
P_558332,W_28687,clique
P_558447,W_82877,clique
P_559063,W_11051,clique
P_559328,W_12795,clique
P_559420,W_642,clique
P_559424,W_299,clique
P_559433,W_165383,noise
P_559434,W_98152,clique
P_559449,W_817,clique
P_559456,W_546,clique
P_559483,W_5396,clique
P_559486,W_17671,clique
P_559487,W_161,clique
P_559488,W_43088,clique
P_559498,W_4267,clique
P_559611,W_142497,clique
P_559614,W_144354,clique
P_559615,W_144326,clique
P_559737,W_93644,clique
P_559804,W_22948,clique
P_559925,W_108692,clique
P_559927,W_22948,clique
P_559948,W_165453,noise
P_560225,W_14809,clique
P_560269,W_165500,noise
P_560462,W_12937,clique
P_560470,W_85332,clique
P_5605,W_3170,clique
P_56050,W_7776,clique
P_560662,W_42521,clique
P_56072,W_56072,clique
P_56074,W_7776,clique
P_560770,W_15223,clique
P_560866,W_9719,clique
P_560899,W_29060,clique
P_560913,W_124571,clique
P_56096,W_30424,clique
P_56099,W_4749,clique
P_561150,W_79329,clique
P_561329,W_165644,noise
P_56144,W_37513,clique
P_561478,W_6453,clique
P_561494,W_12255,clique
P_561495,W_21721,clique
P_561504,W_7581,clique
P_561533,W_6292,clique
P_5616,W_5616,clique
P_561625,W_11054,clique
P_56165,W_4751,clique
P_561703,W_165671,noise
P_56175,W_4751,clique
P_56179,W_10788,clique
P_561910,W_40251,clique
P_561978,W_20648,noise
P_562117,W_131020,clique
P_562143,W_33251,clique
P_562197,W_156542,clique
P_562222,W_145365,clique
P_562284,W_164842,noise
P_562366,W_7776,clique
P_56239,W_56239,clique
P_56240,W_56239,clique
P_562401,W_30246,clique
P_562410,W_150660,clique
P_562431,W_5294,clique
P_56251,W_56239,clique
P_56253,W_56239,clique
P_56254,W_56239,clique
P_562540,W_11473,clique
P_562545,W_115728,clique
P_56256,W_11051,clique
P_56257,W_9276,clique
P_562575,W_64445,clique
P_562577,W_68897,clique
P_562598,W_165781,noise
P_56261,W_5342,clique
P_562615,W_131636,noise
P_562819,W_10065,clique
P_562820,W_14238,clique
P_562864,W_656,clique
P_562890,W_17053,clique
P_562896,W_13693,clique
P_562938,W_28687,clique
P_562940,W_91832,clique
P_562941,W_20541,clique
P_56309,W_56309,noise
P_56331,W_15519,clique
P_56334,W_7279,clique
P_56336,W_625,clique
P_56337,W_375,clique
P_56339,W_37776,clique
P_563416,W_7552,clique
P_563430,W_10788,clique
P_56346,W_799,clique
P_56354,W_34530,noise
P_563612,W_2393,clique
P_563619,W_1282,clique
P_563625,W_3077,clique
P_563671,W_165905,noise
P_563706,W_5724,clique
P_563708,W_5724,clique
P_563712,W_5724,clique
P_563714,W_5724,clique
P_563733,W_76498,clique
P_563802,W_5724,clique
P_563806,W_5724,clique
P_563833,W_5724,clique
P_563875,W_142497,clique
P_563893,W_20710,clique
P_563897,W_56239,clique
P_563898,W_2759,clique
P_563920,W_4690,clique
P_563923,W_165941,noise
P_563960,W_4689,clique
P_563963,W_19943,clique
P_563964,W_22936,clique
P_563965,W_82146,clique
P_563967,W_22154,clique
P_563987,W_106883,clique
P_563991,W_9158,clique
P_564187,W_165966,noise
P_564520,W_4846,clique
P_56454,W_8850,clique
P_564609,W_9350,clique
P_564617,W_19985,clique
P_564727,W_3092,clique
P_564801,W_132685,clique
P_564818,W_139588,clique
P_564850,W_77841,clique
P_564866,W_69914,clique
P_564878,W_166047,noise
P_564931,W_47901,clique
P_565,W_564,clique
P_565061,W_25030,clique
P_56509,W_3145,clique
P_565194,W_140442,clique
P_565203,W_140437,clique
P_565407,W_118399,clique
P_5655,W_5655,clique
P_565840,W_67153,noise
P_566008,W_56072,clique
P_566037,W_135478,clique
P_566046,W_135493,clique
P_566053,W_137056,clique
P_566083,W_166321,noise
P_566107,W_6216,clique
P_566114,W_166326,noise
P_566131,W_80336,clique
P_56622,W_2970,clique
P_56626,W_3061,clique
P_56633,W_11516,clique
P_566345,W_122709,clique
P_566425,W_134347,clique
P_566805,W_166395,noise
P_566904,W_127547,clique
P_566929,W_12937,clique
P_56693,W_11014,clique
P_567064,W_7584,clique
P_567088,W_3211,clique
P_567089,W_5141,clique
P_567095,W_166432,noise
P_567099,W_166434,noise
P_56710,W_56710,noise
P_567150,W_1550,noise
P_567446,W_17274,clique
P_567629,W_142497,clique
P_567631,W_144371,noise
P_567634,W_144458,clique
P_56775,W_56775,noise
P_567864,W_28493,clique
P_567866,W_6403,clique
P_567869,W_6163,clique
P_567899,W_145365,clique
P_568015,W_121401,clique
P_568035,W_11668,noise
P_568060,W_272,clique
P_568066,W_20414,clique
P_568078,W_38476,clique
P_568094,W_22936,clique
P_568101,W_22961,clique
P_568102,W_22926,clique
P_568106,W_132686,clique
P_568110,W_82200,clique
P_56820,W_5912,clique
P_56827,W_375,clique
P_56828,W_22248,noise
P_56829,W_31091,clique
P_568314,W_3995,clique
P_568648,W_52963,clique
P_568766,W_68897,clique
P_56879,W_5342,clique
P_568989,W_817,clique
P_568993,W_166651,noise
P_569004,W_367,clique
P_569008,W_11014,clique
P_569197,W_13540,clique
P_569262,W_132685,clique
P_569265,W_46288,clique
P_569282,W_53262,clique
P_569284,W_38476,clique
P_569373,W_166704,noise
P_569401,W_111952,clique
P_569520,W_1983,clique
P_569597,W_17274,clique
P_569599,W_76574,clique
P_5697,W_5697,clique
P_5698,W_5697,clique
P_5700,W_2085,clique
P_570035,W_9262,clique
P_570169,W_166729,noise
P_570267,W_97414,clique
P_570372,W_166897,noise
P_570586,W_121401,clique
P_571011,W_284,clique
P_571029,W_10603,clique
P_571041,W_132685,clique
P_57137,W_434,clique
P_571378,W_14861,clique
P_57141,W_20639,clique
P_57144,W_1017,clique
P_57149,W_20639,clique
P_571601,W_164640,clique
P_57162,W_13523,clique
P_571692,W_83296,clique
P_571794,W_167157,noise
P_57181,W_4751,clique
P_57182,W_4751,clique
P_571935,W_40199,clique
P_572064,W_15385,clique
P_572116,W_128247,noise
P_572157,W_6784,clique
P_572172,W_32408,clique
P_572225,W_123840,clique
P_572295,W_32408,clique
P_57234,W_5930,clique
P_57236,W_94,clique
P_5724,W_5724,clique
P_572467,W_12795,clique
P_5725,W_5724,clique
P_572557,W_132241,noise
P_57270,W_57248,noise
P_572735,W_167279,noise
P_572787,W_132900,clique
P_572795,W_137056,clique
P_572871,W_10141,clique
P_572876,W_10141,clique
P_572928,W_46408,clique
P_572960,W_145365,clique
P_572974,W_164597,noise
P_572994,W_164640,clique
P_573036,W_139530,clique
P_573052,W_139740,clique
P_573058,W_64650,clique
P_573060,W_140437,clique
P_573068,W_142497,clique
P_573124,W_9719,clique
P_573186,W_20539,clique
P_57349,W_3203,clique
P_573502,W_134347,clique
P_573527,W_151781,clique
P_573629,W_112910,clique
P_573641,W_9665,clique
P_573645,W_11779,clique
P_573646,W_50379,clique
P_573657,W_11779,clique
P_57378,W_57375,clique
P_573812,W_74362,clique
P_573842,W_13693,clique
P_573887,W_24484,clique
P_573889,W_149865,noise
P_573892,W_44137,clique
P_573961,W_156539,clique
P_573966,W_167423,noise
P_574011,W_38429,clique
P_574095,W_4683,clique
P_574173,W_10902,clique
P_574187,W_11014,clique
P_574265,W_10685,clique
P_574540,W_65049,clique
P_574541,W_2301,clique
P_574615,W_4852,clique
P_574623,W_109642,clique
P_574627,W_5294,clique
P_574632,W_44435,clique
P_574635,W_63854,clique
P_57482,W_775,clique
P_574911,W_125323,noise
P_574976,W_167533,noise
P_575,W_575,clique
P_575015,W_117403,clique
P_575035,W_167550,noise
P_575188,W_4158,clique
P_575212,W_167565,noise
P_575216,W_121401,clique
P_575318,W_399,clique
P_575477,W_167593,noise
P_575495,W_42338,clique
P_575499,W_125310,noise
P_575614,W_144648,clique
P_575626,W_83871,clique
P_575751,W_6097,clique
P_57583,W_6417,clique
P_575861,W_399,clique
P_575877,W_32058,clique
P_576,W_575,clique
P_576088,W_47674,clique
P_576292,W_1378,clique
P_576295,W_9704,clique
P_576398,W_3353,clique
P_576412,W_167741,noise
P_576559,W_63854,clique
P_57669,W_57669,noise
P_577310,W_11249,clique
P_577322,W_167869,noise
P_577346,W_34699,clique
P_577422,W_10581,clique
P_577492,W_9644,clique
P_577630,W_53262,clique
P_577632,W_10847,clique
P_577633,W_93655,clique
P_577635,W_4867,clique
P_577637,W_34353,clique
P_577639,W_3839,clique
P_577644,W_167915,noise
P_577722,W_50523,clique
P_577724,W_54461,clique
P_577725,W_12460,clique
P_577733,W_3744,clique
P_577734,W_148,clique
P_577736,W_54466,clique
P_57777,W_40251,clique
P_57786,W_462,clique
P_578090,W_134622,clique
P_57811,W_3928,clique
P_578110,W_149519,clique
P_578255,W_5368,clique
P_57844,W_2407,clique
P_578512,W_146556,noise
P_578630,W_8202,clique
P_578632,W_6784,clique
P_578633,W_4945,clique
P_578637,W_168061,noise
P_578642,W_168062,noise
P_578647,W_168064,noise
P_578865,W_168106,noise
P_57889,W_17866,clique
P_578966,W_139243,noise
P_578974,W_15317,noise
P_579004,W_54461,clique
P_579043,W_30246,clique
P_579075,W_9262,clique
P_579403,W_23151,noise
P_579404,W_22154,clique
P_57946,W_7550,clique
P_579589,W_168218,noise
P_57967,W_30424,clique
P_579834,W_7213,clique
P_579858,W_3964,clique
P_57991,W_6394,clique
P_579923,W_63932,clique
P_579930,W_7229,clique
P_579931,W_34699,clique
P_579932,W_29487,clique
P_579933,W_4837,clique
P_579937,W_4854,clique
P_579998,W_168284,noise
P_580,W_580,clique
P_580106,W_168336,noise
P_580109,W_129436,clique
P_580114,W_53351,clique
P_58015,W_3934,noise
P_580319,W_26939,clique
P_580351,W_56781,clique
P_580363,W_5552,clique
P_580402,W_6536,clique
P_580404,W_3529,clique
P_580408,W_4726,clique
P_580411,W_5616,clique
P_58076,W_23767,clique
P_580984,W_10838,clique
P_580987,W_114608,clique
P_581061,W_14861,clique
P_58117,W_546,clique
P_58118,W_546,clique
P_58119,W_546,clique
P_58120,W_546,clique
P_58121,W_1378,clique
P_581238,W_1364,clique
P_58126,W_46408,clique
P_581288,W_7495,clique
P_581415,W_775,clique
P_581416,W_1376,clique
P_581428,W_117849,clique
P_581480,W_39525,clique
P_581486,W_119534,noise
P_581576,W_168600,noise
P_58175,W_7552,clique
P_58179,W_841,clique
P_581870,W_27641,clique
P_582019,W_168676,noise
P_582337,W_4755,clique
P_58260,W_10428,clique
P_582600,W_15293,noise
P_582692,W_10849,clique
P_582773,W_168827,noise
P_582894,W_121349,noise
P_582991,W_199,clique
P_583061,W_164671,noise
P_583111,W_37513,clique
P_583116,W_4749,clique
P_583145,W_127392,clique
P_583156,W_6549,clique
P_583615,W_134309,noise
P_583700,W_11484,clique
P_583810,W_169041,noise
P_583847,W_169038,noise
P_583959,W_42488,clique
P_584013,W_44137,clique
P_584073,W_169086,noise
P_584309,W_64766,clique
P_584379,W_23627,clique
P_584390,W_7084,clique
P_58442,W_41771,clique
P_584655,W_23770,clique
P_584657,W_4704,clique
P_584719,W_148,clique
P_584830,W_53687,clique
P_584901,W_169194,noise
P_58494,W_1143,clique
P_585050,W_5141,clique
P_585111,W_11552,clique
P_585169,W_169133,noise
P_585266,W_775,clique
P_585340,W_32062,clique
P_585359,W_10845,clique
P_585381,W_51795,clique
P_585388,W_31360,clique
P_585411,W_115251,clique
P_585412,W_6210,clique
P_585453,W_9132,clique
P_585661,W_169297,noise
P_585901,W_42488,clique
P_585903,W_115707,clique
P_585904,W_86795,clique
P_585906,W_13687,clique
P_585940,W_2145,clique
P_585955,W_2145,clique
P_586077,W_4779,clique
P_586260,W_40702,clique
P_586262,W_64372,clique
P_586271,W_9158,clique
P_586274,W_12159,clique
P_586320,W_5912,clique
P_586351,W_163771,noise
P_586399,W_42311,clique
P_586405,W_31327,clique
P_586429,W_3245,clique
P_586430,W_64372,clique
P_586442,W_101001,clique
P_586476,W_8673,clique
P_586480,W_55533,noise
P_586498,W_135726,clique
P_586532,W_23767,clique
P_586567,W_26542,clique
P_586568,W_101001,clique
P_586570,W_20088,clique
P_586704,W_159387,clique
P_586738,W_144354,clique
P_586782,W_139530,clique
P_586802,W_9644,clique
P_586855,W_9665,clique
P_586856,W_36064,clique
P_586917,W_155458,noise
P_586962,W_169475,noise
P_587006,W_152415,noise
P_587052,W_434,clique
P_587099,W_29045,clique
P_587305,W_43012,clique
P_587352,W_99743,clique
P_587585,W_7583,clique
P_587747,W_11652,clique
P_587780,W_1362,clique
P_587796,W_11516,clique
P_58781,W_58781,clique
P_58783,W_58783,clique
P_587970,W_15521,clique
P_587973,W_169602,noise
P_588061,W_169609,noise
P_588077,W_12135,clique
P_588151,W_12992,clique
P_588153,W_169617,noise
P_588154,W_841,clique
P_588199,W_124571,clique
P_588213,W_8824,clique
P_5884,W_5883,noise
P_588422,W_169661,noise
P_588447,W_151781,clique
P_588455,W_144354,clique
P_5886,W_2768,clique
P_588614,W_9703,clique
P_588667,W_20122,clique
P_588670,W_132686,clique
P_588849,W_153900,clique
P_58894,W_30326,clique
P_588999,W_164640,clique
P_58900,W_4468,clique
P_589133,W_4846,clique
P_589135,W_4846,clique
P_589137,W_12135,clique
P_589179,W_144458,clique
P_58920,W_677,clique
P_589341,W_169753,noise
P_58937,W_6616,clique
P_589525,W_121495,clique
P_589669,W_50523,clique
P_589687,W_4884,clique
P_589691,W_52227,clique
P_589725,W_140437,clique
P_589838,W_23611,noise
P_589939,W_5917,clique
P_590059,W_169891,noise
P_590082,W_150625,clique
P_590114,W_122804,noise
P_590300,W_21828,clique
P_590311,W_13540,clique
P_590319,W_9574,clique
P_590320,W_111656,clique
P_590322,W_7818,clique
P_590323,W_11859,clique
P_590349,W_12137,clique
P_590385,W_71702,clique
P_590388,W_22154,clique
P_590403,W_4687,clique
P_590424,W_56239,clique
P_590426,W_39783,clique
P_590429,W_4690,clique
P_590541,W_22945,clique
P_590605,W_19912,clique
P_590608,W_19912,clique
P_590617,W_40702,clique
P_590640,W_40702,clique
P_590773,W_11817,clique
P_590799,W_40282,noise
P_590800,W_115692,clique
P_59082,W_6216,clique
P_59099,W_14662,clique
P_59102,W_4865,clique
P_59103,W_21826,clique
P_59113,W_59111,noise
P_591160,W_31383,clique
P_591181,W_9507,clique
P_591183,W_37513,clique
P_591184,W_23544,clique
P_5912,W_5912,clique
P_591343,W_170109,noise
P_591373,W_118543,clique
P_591381,W_122709,clique
P_591385,W_134347,clique
P_591387,W_135493,clique
P_591388,W_5534,clique
P_59149,W_42054,clique
P_59152,W_59150,clique
P_591547,W_152634,clique
P_591673,W_167340,noise
P_59169,W_26988,clique
P_5917,W_5917,clique
P_5918,W_5917,clique
P_591958,W_146291,noise
P_592007,W_243,clique
P_592017,W_8872,clique
P_59203,W_42453,clique
P_59204,W_42453,clique
P_592111,W_137056,clique
P_592261,W_144458,clique
P_592262,W_151781,clique
P_592305,W_137056,clique
P_592511,W_74362,clique
P_592539,W_139530,clique
P_592543,W_140437,clique
P_592547,W_140442,clique
P_592553,W_142497,clique
P_592560,W_145365,clique
P_592561,W_152634,clique
P_592566,W_156539,clique
P_592587,W_164640,clique
P_592653,W_28221,clique
P_592661,W_24484,clique
P_592663,W_4854,clique
P_592664,W_3099,clique
P_592808,W_170370,noise
P_592818,W_134347,clique
P_592823,W_961,clique
P_592898,W_20769,clique
P_592961,W_136166,clique
P_592963,W_149519,clique
P_592970,W_164420,noise
P_592982,W_144458,clique
P_592989,W_156542,clique
P_5930,W_5930,clique
P_593005,W_156539,clique
P_593008,W_154901,clique
P_593063,W_113615,clique
P_593068,W_136166,clique
P_593081,W_1353,clique
P_593119,W_27919,clique
P_593148,W_76498,clique
P_593151,W_53351,clique
P_593155,W_22965,clique
P_593181,W_54466,clique
P_593182,W_22965,clique
P_593183,W_170406,noise
P_59319,W_59319,clique
P_593200,W_116702,noise
P_593296,W_144354,clique
P_593304,W_134622,clique
P_593428,W_12135,clique
P_593495,W_4694,clique
P_593529,W_42054,clique
P_593532,W_145365,clique
P_593575,W_86795,clique
P_59362,W_787,noise
P_593629,W_1364,clique
P_593638,W_144648,clique
P_593685,W_27579,clique
P_593711,W_53997,clique
P_593771,W_10065,clique
P_5938,W_817,clique
P_593821,W_367,clique
P_593863,W_3321,clique
P_593874,W_12937,clique
P_593930,W_134347,clique
P_593981,W_156539,clique
P_594,W_594,clique
P_594103,W_13216,clique
P_594119,W_139740,clique
P_594137,W_154901,clique
P_594168,W_145365,clique
P_594174,W_152634,clique
P_594202,W_137056,clique
P_594204,W_140442,clique
P_594205,W_139530,clique
P_594215,W_139740,clique
P_594234,W_144458,clique
P_594237,W_144326,clique
P_594335,W_135478,clique
P_594347,W_133791,noise
P_594348,W_134622,clique
P_594414,W_170544,noise
P_59457,W_44435,clique
P_59461,W_24222,clique
P_594632,W_114608,clique
P_594655,W_117417,clique
P_594694,W_3928,clique
P_594745,W_4816,clique
P_59480,W_5480,noise
P_594961,W_170822,noise
P_595,W_594,clique
P_595067,W_170864,noise
P_595070,W_170867,noise
P_595165,W_3997,clique
P_595198,W_9571,clique
P_5952,W_2930,clique
P_59530,W_7229,clique
P_595346,W_170908,noise
P_595412,W_164640,clique
P_595434,W_15223,clique
P_595441,W_4854,clique
P_595445,W_81722,clique
P_595448,W_3266,clique
P_595450,W_34699,clique
P_595451,W_29487,clique
P_595499,W_145697,noise
P_595513,W_11484,clique
P_59552,W_10838,clique
P_595535,W_4696,clique
P_595707,W_14662,clique
P_595786,W_2976,clique
P_595849,W_14599,clique
P_5959,W_5958,clique
P_595924,W_5342,clique
P_595925,W_9508,clique
P_595945,W_27328,clique
P_596039,W_5915,clique
P_596242,W_8937,clique
P_596326,W_111510,clique
P_596355,W_109642,clique
P_596477,W_121852,clique
P_5965,W_383,clique
P_596572,W_135097,noise
P_5966,W_4728,clique
P_59672,W_184,clique
P_596728,W_112006,clique
P_596747,W_129436,clique
P_596762,W_11473,clique
P_59683,W_59683,noise
P_596870,W_4767,clique
P_596919,W_144458,clique
P_59778,W_10237,clique
P_597838,W_24484,clique
P_597883,W_625,clique
P_597986,W_7202,clique
P_597992,W_4854,clique
P_598056,W_171442,noise
P_598499,W_171509,noise
P_59851,W_30424,clique
P_598587,W_171535,noise
P_59869,W_44435,clique
P_598864,W_134132,noise
P_598939,W_171585,noise
P_59894,W_59894,noise
P_599152,W_73656,clique
P_599287,W_73656,clique
P_599291,W_6441,clique
P_59937,W_12135,clique
P_599382,W_152634,clique
P_599401,W_149807,clique
P_599444,W_118399,clique
P_599729,W_5687,clique
P_600432,W_171758,noise
P_600433,W_58781,clique
P_600503,W_40971,clique
P_600532,W_4887,clique
P_600535,W_30668,clique
P_600568,W_2474,clique
P_600738,W_115692,clique
P_600748,W_171829,noise
P_600841,W_171836,noise
P_600924,W_171809,noise
P_60106,W_1596,clique
P_601086,W_171891,noise
P_601096,W_171895,noise
P_601173,W_171909,noise
P_60166,W_60165,noise
P_601692,W_2673,clique
P_601702,W_5440,clique
P_601705,W_12137,clique
P_601718,W_135478,clique
P_601760,W_138061,noise
P_601794,W_21025,clique
P_602001,W_4841,clique
P_602051,W_2968,clique
P_602054,W_42997,clique
P_60208,W_175,clique
P_60216,W_679,clique
P_60217,W_1795,clique
P_602211,W_172150,noise
P_602355,W_172180,noise
P_602469,W_8673,clique
P_602728,W_69970,clique
P_602882,W_9276,clique
P_60290,W_60289,noise
P_60324,W_2673,clique
P_60325,W_4148,noise
P_603252,W_58941,noise
P_603269,W_3978,clique
P_603294,W_12135,clique
P_603357,W_4642,clique
P_603627,W_172416,noise
P_603653,W_118543,clique
P_60386,W_11841,clique
P_603876,W_57375,clique
P_60398,W_706,clique
P_604015,W_130005,noise
P_604504,W_10641,clique
P_604547,W_111535,clique
P_604562,W_172505,noise
P_604582,W_53997,clique
P_60463,W_28547,clique
P_604838,W_6292,clique
P_604921,W_52305,noise
P_604926,W_172566,noise
P_604962,W_4066,clique
P_60498,W_25621,clique
P_605011,W_39438,clique
P_605065,W_10845,clique
P_605069,W_111991,clique
P_605086,W_1478,clique
P_605318,W_121495,clique
P_605327,W_115814,clique
P_605371,W_25000,clique
P_605642,W_172690,noise
P_605775,W_92616,clique
P_605802,W_172714,noise
P_605970,W_115054,clique
P_606043,W_124199,clique
P_606047,W_243,clique
P_60605,W_2474,clique
P_606060,W_172762,noise
P_60612,W_60610,noise
P_60623,W_8673,clique
P_606285,W_11657,clique
P_606830,W_172880,noise
P_606887,W_172887,noise
P_606911,W_35389,clique
P_606994,W_5555,clique
P_607048,W_25489,clique
P_60714,W_97632,clique
P_607353,W_101220,clique
P_607441,W_172975,noise
P_60753,W_7084,clique
P_60764,W_47188,noise
P_607658,W_140168,clique
P_607667,W_140168,clique
P_607843,W_52227,clique
P_608068,W_173063,noise
P_608104,W_72292,noise
P_608287,W_173130,noise
P_608292,W_122709,clique
P_608405,W_40120,clique
P_608422,W_140168,clique
P_608546,W_11516,clique
P_608557,W_173165,noise
P_608628,W_173183,noise
P_60871,W_1409,clique
P_60875,W_53800,noise
P_608786,W_140168,clique
P_608852,W_841,clique
P_608886,W_98311,clique
P_60891,W_5283,clique
P_609019,W_12255,clique
P_609023,W_124199,clique
P_609024,W_243,clique
P_609090,W_6693,clique
P_60910,W_4779,clique
P_60914,W_1769,clique
P_609289,W_4728,clique
P_609362,W_14229,clique
P_609600,W_173322,noise
P_609804,W_142439,clique
P_609858,W_114947,clique
P_609991,W_3997,clique
P_610110,W_136418,noise
P_610231,W_199,clique
P_610361,W_179,clique
P_610419,W_93644,clique
P_610426,W_173419,noise
P_610469,W_159387,clique
P_610482,W_11535,clique
P_610655,W_57375,clique
P_610672,W_173440,noise
P_610718,W_69073,clique
P_610800,W_111535,clique
P_611088,W_112910,clique
P_611093,W_50379,clique
P_611159,W_23767,clique
P_611163,W_13552,clique
P_611192,W_7577,clique
P_611230,W_12159,clique
P_611236,W_18507,clique
P_611237,W_22936,clique
P_611241,W_27164,clique
P_611259,W_127392,clique
P_611400,W_56239,clique
P_611403,W_8203,clique
P_611431,W_39786,clique
P_611432,W_42311,clique
P_61153,W_642,clique
P_611626,W_121401,clique
P_611661,W_97414,clique
P_611683,W_14501,clique
P_61169,W_246,clique
P_611808,W_32531,clique
P_61185,W_14599,clique
P_61190,W_39055,clique
P_611966,W_29045,clique
P_61199,W_47101,clique
P_61209,W_61207,clique
P_61214,W_61207,clique
P_61217,W_61207,clique
P_61219,W_3145,clique
P_61220,W_775,clique
P_612236,W_173688,noise
P_612266,W_153339,noise
P_612433,W_173715,noise
P_61273,W_8387,clique
P_61274,W_6870,clique
P_61293,W_28687,clique
P_61294,W_47901,clique
P_613002,W_139740,clique
P_613006,W_118849,clique
P_61302,W_26941,clique
P_613023,W_6464,clique
P_613025,W_5687,clique
P_61307,W_10144,clique
P_61308,W_7583,clique
P_613137,W_9004,clique
P_613317,W_172804,noise
P_613429,W_173842,noise
P_613431,W_173843,noise
P_61348,W_22,clique
P_613488,W_122729,clique
P_61352,W_11249,clique
P_61353,W_1454,clique
P_613548,W_125863,clique
P_61356,W_462,clique
P_61358,W_21352,clique
P_61359,W_9199,clique
P_61362,W_6093,clique
P_613629,W_3978,clique
P_613638,W_401,clique
P_613777,W_147534,noise
P_614099,W_4806,clique
P_614159,W_2759,clique
P_614305,W_173914,noise
P_614322,W_17662,clique
P_614372,W_124687,noise
P_61448,W_6939,clique
P_61456,W_13208,clique
P_614929,W_174014,noise
P_614954,W_156542,clique
P_615033,W_68472,clique
P_61539,W_39525,clique
P_615422,W_123334,clique
P_61574,W_5930,clique
P_6158,W_3353,clique
P_615821,W_120968,clique
P_616093,W_52851,clique
P_616109,W_174213,noise
P_6163,W_6163,clique
P_61634,W_7776,clique
P_616776,W_174291,noise
P_616814,W_174302,noise
P_616827,W_113615,clique
P_616909,W_50523,clique
P_617114,W_70931,clique
P_617118,W_11358,clique
P_617129,W_4806,clique
P_61714,W_33804,clique
P_617170,W_3744,clique
P_617270,W_117883,clique
P_617761,W_156823,noise
P_617779,W_174460,noise
P_617970,W_56781,clique
P_618342,W_20049,clique
P_618370,W_123334,clique
P_618567,W_174573,noise
P_618654,W_111991,clique
P_618688,W_17671,clique
P_618893,W_29130,clique
P_619014,W_129296,clique
P_619019,W_27641,clique
P_61923,W_61921,clique
P_619233,W_6097,clique
P_61924,W_61921,clique
P_61927,W_61921,clique
P_61929,W_61921,clique
P_619320,W_174675,noise
P_61933,W_61933,clique
P_61934,W_61933,clique
P_619342,W_126478,clique
P_61935,W_61933,clique
P_61936,W_61933,clique
P_61939,W_61933,clique
P_619468,W_40120,clique
P_619514,W_17053,clique
P_619653,W_98152,clique
P_619665,W_20257,clique
P_619669,W_87469,clique
P_619675,W_4835,clique
P_619692,W_111952,clique
P_619709,W_143052,clique
P_619732,W_92417,clique
P_619766,W_10931,clique
P_619771,W_77153,clique
P_620012,W_174804,noise
P_62003,W_8339,clique
P_62005,W_3221,clique
P_620062,W_12168,clique
P_620189,W_146806,clique
P_620307,W_7229,clique
P_620342,W_3978,clique
P_620345,W_18,clique
P_620394,W_1347,clique
P_620490,W_174900,noise
P_620576,W_174908,noise
P_620591,W_41771,clique
P_620599,W_41771,clique
P_620600,W_42631,clique
P_620690,W_174928,noise
P_62084,W_79073,noise
P_620918,W_4726,clique
P_620953,W_115814,clique
P_620990,W_123334,clique
P_621109,W_164640,clique
P_621125,W_174990,noise
P_621165,W_64395,clique
P_621326,W_115544,noise
P_62137,W_2911,clique
P_621502,W_47101,clique
P_6216,W_6216,clique
P_6217,W_6216,clique
P_62179,W_9262,clique
P_621916,W_175105,noise
P_62192,W_4642,clique
P_621983,W_37513,clique
P_621985,W_7489,clique
P_622106,W_19912,clique
P_622129,W_175150,noise
P_622150,W_175155,noise
P_622157,W_3552,clique
P_622223,W_175159,noise
P_622282,W_113615,clique
P_62250,W_62249,noise
P_62254,W_62254,noise
P_622828,W_36064,clique
P_623,W_623,clique
P_62300,W_7556,noise
P_623097,W_4012,clique
P_623120,W_123840,clique
P_62322,W_62322,noise
P_623290,W_175283,noise
P_623511,W_175317,noise
P_623542,W_137560,clique
P_623580,W_373,clique
P_62369,W_401,clique
P_623744,W_10129,clique
P_62390,W_55442,clique
P_62391,W_55442,clique
P_624,W_623,clique
P_624138,W_137056,clique
P_624158,W_175392,noise
P_62429,W_2085,clique
P_62435,W_62433,clique
P_624351,W_166548,noise
P_62439,W_62433,clique
P_624392,W_9133,clique
P_62440,W_62433,clique
P_62443,W_62433,clique
P_624451,W_9643,clique
P_624463,W_175457,noise
P_624481,W_147002,noise
P_624586,W_22556,clique
P_624675,W_132685,clique
P_624693,W_68472,clique
P_62475,W_62475,clique
P_62476,W_62475,clique
P_624778,W_27477,clique
P_624804,W_146680,noise
P_624864,W_1308,clique
P_624865,W_52851,clique
P_6249,W_1002,clique
P_624905,W_26939,clique
P_624910,W_27477,clique
P_624920,W_26939,clique
P_625,W_625,clique
P_625034,W_5687,clique
P_6252,W_1282,clique
P_625224,W_27477,clique
P_625275,W_69453,noise
P_625745,W_167370,noise
P_62587,W_32408,clique
P_625876,W_5515,clique
P_626,W_625,clique
P_6260,W_4694,clique
P_626161,W_115728,clique
P_626254,W_7084,clique
P_626351,W_53351,clique
P_626488,W_56781,clique
P_626552,W_25154,clique
P_626563,W_15521,clique
P_626567,W_11387,clique
P_626568,W_179,clique
P_626581,W_10603,clique
P_626594,W_15300,clique
P_626595,W_175,clique
P_62680,W_15919,noise
P_626885,W_6809,noise
P_62697,W_10845,clique
P_627,W_627,clique
P_627286,W_56366,clique
P_627433,W_151074,noise
P_62782,W_62782,clique
P_627849,W_4749,clique
P_627850,W_1894,clique
P_62787,W_6859,clique
P_62788,W_19558,clique
P_627890,W_175852,noise
P_62790,W_14620,clique
P_62792,W_20088,clique
P_627922,W_92,noise
P_628,W_627,clique
P_628318,W_175905,noise
P_628335,W_175924,noise
P_628472,W_175934,noise
P_628593,W_34728,clique
P_628705,W_47639,clique
P_628715,W_57375,clique
P_628872,W_28221,clique
P_629007,W_20610,clique
P_629142,W_38171,clique
P_6292,W_6292,clique
P_629323,W_163463,noise
P_629334,W_96361,noise
P_6294,W_3170,clique
P_629583,W_22286,clique
P_62987,W_1282,clique
P_62994,W_575,clique
P_630314,W_3839,clique
P_630321,W_3904,clique
P_630461,W_20110,clique
P_630534,W_148715,noise
P_630603,W_11649,clique
P_630778,W_8937,clique
P_630779,W_1596,clique
P_630934,W_176229,noise
P_63096,W_34086,clique
P_63103,W_63101,clique
P_63104,W_63101,clique
P_63105,W_63101,clique
P_63108,W_63101,clique
P_631442,W_47674,clique
P_631476,W_47639,clique
P_631477,W_9571,clique
P_631506,W_22945,clique
P_631781,W_86939,clique
P_631815,W_42311,clique
P_631817,W_2911,clique
P_631891,W_176360,noise
P_631988,W_112006,clique
P_632161,W_46851,clique
P_632372,W_88119,noise
P_632598,W_176431,noise
P_63295,W_53687,clique
P_63299,W_63299,noise
P_632993,W_31923,noise
P_633216,W_73656,clique
P_63336,W_63336,noise
P_633412,W_39525,clique
P_633600,W_173973,noise
P_633635,W_21352,clique
P_633883,W_10931,clique
P_633909,W_176609,noise
P_634041,W_52963,clique
P_634242,W_176650,noise
P_634267,W_115089,noise
P_634423,W_434,clique
P_63445,W_33251,clique
P_634788,W_45783,clique
P_634835,W_9276,clique
P_634938,W_7818,clique
P_634945,W_140168,clique
P_635255,W_1108,clique
P_63538,W_63538,noise
P_63543,W_2427,clique
P_635449,W_129031,noise
P_635626,W_82218,clique
P_635823,W_4704,clique
P_6359,W_17866,clique
P_635926,W_70931,clique
P_63598,W_867,clique
P_63599,W_63101,clique
P_63600,W_63101,clique
P_63601,W_63101,clique
P_63605,W_31938,clique
P_63611,W_31938,clique
P_63613,W_246,clique
P_636287,W_856,clique
P_6363,W_3964,clique
P_636442,W_126478,clique
P_636555,W_9643,clique
P_636568,W_9297,clique
P_636735,W_150625,clique
P_636764,W_25000,clique
P_63684,W_63683,noise
P_636934,W_4939,clique
P_637074,W_176958,noise
P_637222,W_38476,clique
P_637338,W_176994,noise
P_637396,W_177003,noise
P_637444,W_10581,clique
P_6375,W_575,clique
P_637524,W_177009,noise
P_637615,W_177031,noise
P_637734,W_121306,noise
P_637863,W_108692,clique
P_63796,W_20097,clique
P_638420,W_5440,clique
P_638422,W_20084,clique
P_638423,W_129436,clique
P_638424,W_19943,clique
P_638425,W_28221,clique
P_638426,W_5915,clique
P_638427,W_4829,clique
P_638428,W_23772,clique
P_638442,W_9671,clique
P_63854,W_63854,clique
P_638547,W_115054,clique
P_63855,W_63854,clique
P_638569,W_92417,clique
P_638592,W_10906,clique
P_638618,W_8203,clique
P_638634,W_1939,clique
P_6387,W_373,clique
P_63878,W_31383,clique
P_63885,W_3074,clique
P_63888,W_3174,clique
P_63890,W_2083,clique
P_639257,W_39438,clique
P_639347,W_118399,clique
P_639416,W_9118,noise
P_639519,W_5912,clique
P_63992,W_161,clique
P_63993,W_56366,clique
P_640011,W_177310,noise
P_640145,W_149039,noise
P_6403,W_6403,clique
P_640337,W_87425,clique
P_640346,W_3061,clique
P_640347,W_19903,clique
P_640396,W_64649,clique
P_6404,W_6403,clique
P_640414,W_10129,clique
P_640415,W_9724,clique
P_640461,W_21826,clique
P_640471,W_73656,clique
P_640486,W_80336,clique
P_640491,W_62086,clique
P_640495,W_3264,clique
P_640498,W_21721,clique
P_640544,W_177397,noise
P_640612,W_20120,clique
P_640728,W_132815,noise
P_640788,W_177431,clique
P_640896,W_775,clique
P_640897,W_112640,clique
P_640898,W_932,clique
P_640972,W_133525,clique
P_641150,W_83881,clique
P_641155,W_83871,clique
P_641156,W_83873,clique
P_641309,W_13687,clique
P_641316,W_152301,noise
P_641390,W_3997,clique
P_641400,W_3995,clique
P_641449,W_1017,clique
P_641579,W_40120,clique
P_641597,W_20639,clique
P_641603,W_177568,noise
P_641614,W_7818,clique
P_641646,W_77153,clique
P_6417,W_6417,clique
P_641716,W_114408,clique
P_641817,W_10641,clique
P_641827,W_64627,clique
P_641949,W_4354,clique
P_642,W_642,clique
P_642219,W_42338,clique
P_642246,W_97632,clique
P_642417,W_11657,clique
P_642493,W_40971,clique
P_642551,W_19417,clique
P_642667,W_9286,clique
P_642713,W_35061,noise
P_642777,W_112006,clique
P_64284,W_52851,clique
P_642871,W_13549,clique
P_64295,W_932,clique
P_643097,W_6097,clique
P_643259,W_29045,clique
P_643294,W_40876,clique
P_64337,W_3170,clique
P_64338,W_9128,clique
P_6435,W_4810,clique
P_643679,W_9286,clique
P_6437,W_6437,clique
P_64371,W_63101,clique
P_64375,W_64372,clique
P_64376,W_64372,clique
P_64377,W_64372,clique
P_64378,W_64372,clique
P_64379,W_64372,clique
P_6439,W_343,clique
P_64390,W_64372,clique
P_64394,W_13552,clique
P_64395,W_64395,clique
P_643954,W_4939,clique
P_64398,W_40675,clique
P_64402,W_4698,clique
P_644146,W_7577,clique
P_644348,W_1282,clique
P_644428,W_46288,clique
P_64445,W_64445,clique
P_644518,W_8824,clique
P_644558,W_144348,noise
P_64458,W_64445,clique
P_64462,W_42631,clique
P_64463,W_32531,clique
P_64467,W_11485,clique
P_644717,W_299,clique
P_644799,W_134666,clique
P_64487,W_64395,clique
P_644878,W_38476,clique
P_645025,W_29487,clique
P_645050,W_2407,clique
P_64516,W_64513,clique
P_64517,W_64513,clique
P_64520,W_246,clique
P_645251,W_12159,clique
P_645426,W_4696,clique
P_645430,W_5414,noise
P_645437,W_12140,clique
P_645442,W_13549,clique
P_645642,W_2407,clique
P_645660,W_2131,noise
P_645662,W_4841,clique
P_645663,W_40876,clique
P_645664,W_3839,clique
P_645668,W_38495,clique
P_645669,W_58783,clique
P_645744,W_126478,clique
P_64577,W_64395,clique
P_64594,W_64593,clique
P_645956,W_100,clique
P_64596,W_20539,clique
P_64597,W_53351,clique
P_645987,W_50939,clique
P_64600,W_51980,clique
P_646060,W_135077,noise
P_646112,W_7071,noise
P_64627,W_64627,clique
P_64630,W_21528,clique
P_64631,W_78838,clique
P_64634,W_64489,clique
P_646354,W_6163,clique
P_646407,W_117883,clique
P_646409,W_112241,clique
P_646499,W_4541,clique
P_6465,W_6464,clique
P_64650,W_64650,clique
P_64653,W_64648,clique
P_64656,W_64652,clique
P_64658,W_64651,clique
P_64660,W_9724,clique
P_64661,W_64627,clique
P_64663,W_14620,clique
P_646647,W_178121,noise
P_646724,W_113724,clique
P_646773,W_243,clique
P_646792,W_178132,noise
P_646804,W_22945,clique
P_64681,W_4728,clique
P_646849,W_178118,noise
P_646957,W_59319,clique
P_646988,W_27641,clique
P_647000,W_13222,clique
P_647035,W_121182,clique
P_647114,W_122815,clique
P_647459,W_127547,clique
P_647480,W_6441,clique
P_647487,W_178206,noise
P_647534,W_178216,noise
P_647628,W_54082,noise
P_64766,W_64766,clique
P_64767,W_64766,clique
P_64768,W_11014,clique
P_647689,W_48320,clique
P_647691,W_886,clique
P_647797,W_43012,clique
P_648076,W_34699,clique
P_648079,W_19945,clique
P_648080,W_83881,clique
P_648082,W_10781,clique
P_648084,W_7583,clique
P_648085,W_22926,clique
P_648086,W_111510,clique
P_648087,W_39438,clique
P_648131,W_22556,clique
P_648153,W_39520,clique
P_648441,W_96610,noise
P_648470,W_37776,clique
P_648558,W_594,clique
P_648579,W_178361,noise
P_648673,W_29487,clique
P_648704,W_30246,clique
P_648722,W_6210,clique
P_6488,W_6485,clique
P_648940,W_50379,clique
P_648987,W_136166,clique
P_648989,W_140442,clique
P_649012,W_121548,clique
P_649202,W_594,clique
P_649255,W_594,clique
P_649272,W_594,clique
P_64929,W_40199,clique
P_649499,W_38480,noise
P_649593,W_5316,clique
P_649711,W_11819,clique
P_649782,W_88508,clique
P_649791,W_88508,clique
P_649809,W_88508,clique
P_649820,W_88508,clique
P_649827,W_88508,clique
P_649852,W_1412,clique
P_649899,W_42338,clique
P_649951,W_134324,noise
P_650057,W_141065,noise
P_650241,W_45948,clique
P_650317,W_3744,clique
P_650342,W_122208,noise
P_650384,W_92984,noise
P_650395,W_5396,clique
P_65052,W_65049,clique
P_650689,W_2271,clique
P_650696,W_130168,noise
P_651184,W_27082,noise
P_651457,W_7084,clique
P_651504,W_114408,clique
P_651507,W_35188,clique
P_651539,W_20622,clique
P_65159,W_4012,clique
P_651710,W_9271,clique
P_651807,W_20162,clique
P_651866,W_430,clique
P_651868,W_6616,clique
P_651893,W_178805,noise
P_651911,W_52963,clique
P_651964,W_178827,noise
P_651993,W_7154,noise
P_652486,W_11006,clique
P_652552,W_4700,clique
P_652556,W_7202,clique
P_652601,W_21721,clique
P_65261,W_8937,clique
P_652763,W_175832,noise
P_652800,W_10577,clique
P_652806,W_118399,clique
P_652810,W_4816,clique
P_652816,W_9131,clique
P_652820,W_9671,clique
P_652858,W_82200,clique
P_652886,W_25511,clique
P_652892,W_114608,clique
P_652901,W_23770,clique
P_652909,W_11516,clique
P_652915,W_132642,clique
P_652947,W_7577,clique
P_65304,W_20036,clique
P_653040,W_886,clique
P_653046,W_4655,clique
P_653068,W_132541,clique
P_653152,W_64489,clique
P_65327,W_19558,clique
P_65330,W_62782,clique
P_653321,W_175137,noise
P_6536,W_6536,clique
P_653679,W_17866,clique
P_6537,W_6536,clique
P_653757,W_122602,clique
P_65382,W_65381,clique
P_653838,W_179127,noise
P_65384,W_65381,clique
P_65387,W_4683,clique
P_65392,W_65381,clique
P_653924,W_179137,noise
P_65393,W_65381,clique
P_6540,W_6536,clique
P_654038,W_114947,clique
P_654040,W_49809,clique
P_654059,W_137265,noise
P_654163,W_19417,clique
P_6543,W_6536,clique
P_654503,W_179236,noise
P_654649,W_68897,clique
P_654778,W_89492,clique
P_654791,W_11471,clique
P_654877,W_64779,noise
P_6550,W_6549,clique
P_655057,W_9350,clique
P_655060,W_8696,clique
P_6551,W_6549,clique
P_655188,W_52660,clique
P_6552,W_6549,clique
P_655290,W_118823,clique
P_6553,W_6549,clique
P_655300,W_82877,clique
P_655473,W_10906,clique
P_655537,W_23525,clique
P_655966,W_92417,clique
P_655992,W_38429,clique
P_656,W_656,clique
P_65604,W_401,clique
P_656047,W_19943,clique
P_656051,W_179519,noise
P_65608,W_56239,clique
P_65611,W_65609,clique
P_65613,W_65609,clique
P_656131,W_21025,clique
P_656132,W_5461,clique
P_656158,W_179545,noise
P_65616,W_65609,clique
P_656865,W_103771,clique
P_65693,W_4531,noise
P_657157,W_179650,noise
P_657197,W_54466,clique
P_657201,W_54461,clique
P_657291,W_179672,noise
P_657407,W_149807,clique
P_657433,W_145365,clique
P_657489,W_120968,clique
P_657511,W_9508,clique
P_657520,W_10907,clique
P_657911,W_177431,clique
P_658021,W_20120,clique
P_658027,W_20110,clique
P_658031,W_27320,clique
P_658034,W_11667,clique
P_658069,W_114507,noise
P_658080,W_7245,clique
P_65818,W_9643,clique
P_658217,W_30246,clique
P_658219,W_54466,clique
P_658281,W_4846,clique
P_658304,W_30209,clique
P_658498,W_14861,clique
P_658654,W_126265,noise
P_658956,W_22872,noise
P_659183,W_82877,clique
P_659227,W_13552,clique
P_659231,W_30668,clique
P_659282,W_81722,clique
P_659507,W_132490,clique
P_659565,W_14379,clique
P_659674,W_133525,clique
P_659713,W_161426,noise
P_65987,W_65987,noise
P_660111,W_84467,noise
P_660128,W_156542,clique
P_660143,W_3839,clique
P_660151,W_142497,clique
P_660155,W_179958,noise
P_660166,W_170782,noise
P_660176,W_111656,clique
P_6602,W_6602,clique
P_6603,W_6602,clique
P_66038,W_66037,noise
P_66054,W_8202,clique
P_660544,W_4541,clique
P_660577,W_21695,clique
P_660644,W_140623,noise
P_66067,W_564,clique
P_66071,W_961,clique
P_660815,W_180067,noise
P_660898,W_31091,clique
P_661403,W_124571,clique
P_661427,W_34907,clique
P_661496,W_9297,clique
P_661530,W_20036,clique
P_661531,W_4816,clique
P_6616,W_6616,clique
P_661657,W_122709,clique
P_661664,W_627,clique
P_661666,W_134666,clique
P_661667,W_157776,noise
P_661764,W_180220,noise
P_6619,W_6616,clique
P_662126,W_180249,noise
P_662139,W_115251,clique
P_662151,W_284,clique
P_662157,W_6715,clique
P_6622,W_430,clique
P_662202,W_105820,noise
P_662217,W_39785,clique
P_6623,W_430,clique
P_662318,W_92616,clique
P_662321,W_50379,clique
P_662322,W_5283,clique
P_662329,W_4681,clique
P_6624,W_430,clique
P_662680,W_20110,clique
P_662700,W_134666,clique
P_662790,W_10907,clique
P_662895,W_2558,clique
P_662960,W_10577,clique
P_663019,W_83871,clique
P_663102,W_87758,clique
P_663119,W_180319,noise
P_663180,W_25621,clique
P_6632,W_6632,noise
P_663307,W_3997,clique
P_663309,W_11474,clique
P_663577,W_29130,clique
P_663582,W_59150,clique
P_663586,W_121296,clique
P_66359,W_66357,noise
P_66361,W_799,clique
P_663698,W_5283,clique
P_663735,W_4843,clique
P_663739,W_70931,clique
P_663791,W_156124,clique
P_663796,W_156124,clique
P_663831,W_180375,noise
P_663838,W_133754,noise
P_663852,W_180381,noise
P_663909,W_10212,clique
P_663916,W_11833,clique
P_663917,W_23116,clique
P_663918,W_2901,clique
P_663920,W_12159,clique
P_663921,W_59319,clique
P_663923,W_127392,clique
P_663925,W_114947,clique
P_663938,W_4854,clique
P_663939,W_4814,clique
P_663975,W_14861,clique
P_6640,W_3529,clique
P_664053,W_10745,clique
P_664058,W_10849,clique
P_664066,W_82200,clique
P_664070,W_109122,clique
P_6641,W_3529,clique
P_664164,W_24222,clique
P_664243,W_17053,clique
P_664253,W_68472,clique
P_664390,W_42338,clique
P_664478,W_10576,clique
P_664592,W_77153,clique
P_664680,W_39786,clique
P_664717,W_112640,clique
P_664720,W_117791,clique
P_664726,W_126096,clique
P_664851,W_31725,clique
P_664855,W_4806,clique
P_664856,W_25511,clique
P_66486,W_11387,clique
P_664882,W_13222,clique
P_665167,W_15519,clique
P_665170,W_994,clique
P_665177,W_34353,clique
P_665179,W_23770,clique
P_665208,W_23767,clique
P_665237,W_71702,clique
P_665249,W_13540,clique
P_665384,W_19789,clique
P_665502,W_39786,clique
P_665506,W_4849,clique
P_665567,W_21721,clique
P_665573,W_61207,clique
P_665599,W_31725,clique
P_665706,W_180551,noise
P_665830,W_98152,clique
P_665852,W_26542,clique
P_665900,W_180582,noise
P_666022,W_180547,noise
P_666040,W_149484,noise
P_666073,W_3353,clique
P_666155,W_80107,noise
P_666367,W_118849,clique
P_666504,W_180654,noise
P_666555,W_27328,clique
P_666557,W_86939,clique
P_666591,W_13867,noise
P_666740,W_44137,clique
P_666843,W_118823,clique
P_666935,W_42311,clique
P_667087,W_127366,noise
P_66724,W_40419,clique
P_667472,W_52851,clique
P_6676,W_6676,clique
P_667687,W_114490,clique
P_6677,W_6676,clique
P_66780,W_2474,clique
P_668022,W_4846,clique
P_668023,W_4865,clique
P_668024,W_38429,clique
P_668042,W_2145,clique
P_668059,W_6453,clique
P_668086,W_26939,clique
P_668130,W_11823,clique
P_668131,W_87469,clique
P_668134,W_7253,clique
P_668135,W_32534,clique
P_668138,W_1347,clique
P_668161,W_10850,clique
P_668168,W_10901,clique
P_668218,W_70931,clique
P_668225,W_39786,clique
P_668233,W_83296,clique
P_668470,W_98770,clique
P_668484,W_68063,clique
P_668488,W_27894,clique
P_668490,W_146806,clique
P_668749,W_22581,clique
P_66880,W_18544,noise
P_668895,W_8543,clique
P_668903,W_101220,clique
P_668996,W_5440,clique
P_668997,W_11667,clique
P_668998,W_11850,clique
P_669266,W_30424,clique
P_6693,W_6693,clique
P_669327,W_20069,clique
P_669328,W_5655,clique
P_669341,W_181155,noise
P_6694,W_6693,clique
P_669557,W_50523,clique
P_669572,W_139077,noise
P_669651,W_25850,noise
P_669717,W_243,clique
P_669719,W_21695,clique
P_669940,W_24664,noise
P_669972,W_43638,noise
P_670015,W_10129,clique
P_670017,W_6753,clique
P_670166,W_56781,clique
P_670319,W_40199,clique
P_670552,W_25154,clique
P_670833,W_181408,noise
P_670843,W_10603,clique
P_670844,W_27790,clique
P_671102,W_11798,clique
P_67111,W_17671,clique
P_67115,W_13873,clique
P_671189,W_181450,noise
P_671252,W_181460,noise
P_671302,W_77841,clique
P_671390,W_9004,clique
P_671418,W_20120,clique
P_671507,W_181488,noise
P_671537,W_181491,noise
P_671543,W_181492,noise
P_671555,W_181177,noise
P_671762,W_181510,noise
P_671777,W_43088,clique
P_671865,W_4810,clique
P_671936,W_22965,clique
P_672051,W_39786,clique
P_672347,W_149519,clique
P_672420,W_51980,clique
P_672457,W_21828,clique
P_672544,W_20064,clique
P_672557,W_27894,clique
P_672744,W_181607,noise
P_67288,W_62475,clique
P_673224,W_53040,clique
P_673225,W_13693,clique
P_673249,W_146806,clique
P_673291,W_13204,clique
P_673334,W_9006,clique
P_673433,W_62086,clique
P_673441,W_4835,clique
P_673444,W_28094,clique
P_673479,W_303,clique
P_67353,W_7446,clique
P_67354,W_7446,clique
P_673554,W_80336,clique
P_67358,W_7446,clique
P_673586,W_47901,clique
P_673590,W_4835,clique
P_67360,W_5388,clique
P_673615,W_73656,clique
P_673721,W_3497,clique
P_673758,W_1282,clique
P_673803,W_98152,clique
P_673881,W_4801,clique
P_673882,W_34699,clique
P_673912,W_127392,clique
P_674033,W_4698,clique
P_674159,W_2083,clique
P_6742,W_6549,clique
P_674216,W_181739,noise
P_674442,W_1924,clique
P_674669,W_181777,noise
P_674690,W_56366,clique
P_674715,W_10850,clique
P_674734,W_20541,clique
P_67477,W_14969,clique
P_674815,W_177431,clique
P_674823,W_164640,clique
P_674860,W_132686,clique
P_67496,W_3414,clique
P_67497,W_39520,clique
P_675110,W_64445,clique
P_675198,W_133525,clique
P_675203,W_135478,clique
P_67521,W_64513,clique
P_675216,W_181847,noise
P_67522,W_21528,clique
P_6753,W_6753,clique
P_67530,W_2081,clique
P_67538,W_132,noise
P_675449,W_132900,clique
P_675469,W_13043,noise
P_675488,W_134666,clique
P_67549,W_2930,clique
P_675574,W_115728,clique
P_675575,W_17053,clique
P_675613,W_118543,clique
P_675617,W_24222,clique
P_67570,W_25030,clique
P_675705,W_135478,clique
P_675717,W_140442,clique
P_67574,W_299,clique
P_675757,W_115728,clique
P_675761,W_64445,clique
P_67577,W_3107,noise
P_675770,W_181122,noise
P_675840,W_68897,clique
P_675879,W_139740,clique
P_675881,W_134666,clique
P_675883,W_137056,clique
P_6759,W_642,clique
P_675958,W_144326,clique
P_675959,W_144458,clique
P_675997,W_6163,clique
P_676009,W_133525,clique
P_676021,W_15385,clique
P_676023,W_156542,clique
P_676087,W_17053,clique
P_67609,W_67609,clique
P_67611,W_67609,clique
P_67613,W_67609,clique
P_67614,W_67609,clique
P_676145,W_12937,clique
P_67615,W_67609,clique
P_67616,W_67609,clique
P_676166,W_7027,clique
P_67625,W_4690,clique
P_676386,W_177431,clique
P_676500,W_15385,clique
P_676533,W_122729,clique
P_676564,W_119695,clique
P_676569,W_164640,clique
P_676595,W_177431,clique
P_676641,W_181204,noise
P_676652,W_181193,noise
P_676714,W_32202,clique
P_676775,W_140437,clique
P_676780,W_152634,clique
P_676877,W_26,clique
P_676896,W_11387,clique
P_677129,W_177431,clique
P_677214,W_28493,clique
P_677282,W_65609,clique
P_677316,W_9297,clique
P_677318,W_20254,clique
P_677595,W_2696,clique
P_677860,W_13693,clique
P_677984,W_373,clique
P_678,W_677,clique
P_678180,W_19353,clique
P_678211,W_4728,clique
P_678238,W_134622,clique
P_6784,W_6784,clique
P_678430,W_10216,clique
P_67851,W_67851,noise
P_678592,W_137560,clique
P_678631,W_64627,clique
P_678747,W_121495,clique
P_678846,W_5655,clique
P_678939,W_22286,clique
P_678969,W_112910,clique
P_679,W_679,clique
P_67902,W_63932,clique
P_67909,W_30235,clique
P_67913,W_9376,clique
P_679155,W_114810,clique
P_679161,W_9286,clique
P_679163,W_4704,clique
P_679165,W_34604,clique
P_679171,W_5283,clique
P_679179,W_10913,clique
P_67922,W_10845,clique
P_679309,W_32053,clique
P_679424,W_182355,noise
P_679442,W_182427,noise
P_679584,W_7878,clique
P_679631,W_82200,clique
P_679648,W_22154,clique
P_679728,W_182484,noise
P_679780,W_182500,noise
P_679830,W_71702,clique
P_679875,W_136014,noise
P_679878,W_113724,clique
P_67995,W_22053,clique
P_67999,W_22084,clique
P_680,W_679,clique
P_680017,W_177431,clique
P_680104,W_117417,clique
P_680294,W_119212,noise
P_68030,W_22991,noise
P_6804,W_8521,clique
P_68040,W_6693,clique
P_6805,W_8521,clique
P_680574,W_182601,noise
P_68063,W_68063,clique
P_6807,W_6807,clique
P_680717,W_135493,clique
P_680829,W_4704,clique
P_680832,W_4700,clique
P_680871,W_133525,clique
P_680965,W_144458,clique
P_681032,W_152634,clique
P_681055,W_156542,clique
P_681088,W_182690,noise
P_681092,W_4841,clique
P_681098,W_80336,clique
P_681106,W_138964,clique
P_681117,W_12792,clique
P_681118,W_182695,noise
P_681124,W_27328,clique
P_681136,W_28221,clique
P_681137,W_19353,clique
P_681141,W_83873,clique
P_681146,W_3264,clique
P_681155,W_6441,clique
P_681163,W_20257,clique
P_681166,W_87469,clique
P_681167,W_4835,clique
P_681188,W_29299,clique
P_681189,W_114606,clique
P_681193,W_11552,clique
P_681267,W_132900,clique
P_681296,W_182305,noise
P_681313,W_182310,noise
P_681321,W_162706,noise
P_681333,W_8872,clique
P_681353,W_182730,noise
P_681421,W_182753,noise
P_681561,W_158563,noise
P_681604,W_182805,noise
P_681652,W_182830,noise
P_6817,W_1130,clique
P_681781,W_20005,clique
P_681886,W_182867,noise
P_68192,W_68192,noise
P_681974,W_139588,clique
P_681975,W_139588,clique
P_681978,W_139588,clique
P_681981,W_139588,clique
P_681985,W_139588,clique
P_681987,W_139588,clique
P_682041,W_7878,clique
P_682108,W_126562,noise
P_682117,W_20005,clique
P_682295,W_139588,clique
P_68235,W_55431,noise
P_682360,W_5319,clique
P_682536,W_139588,clique
P_682553,W_139588,clique
P_682645,W_154901,clique
P_682680,W_28493,clique
P_68292,W_1055,clique
P_682938,W_39785,clique
P_682968,W_124745,clique
P_683158,W_5697,clique
P_683173,W_6453,clique
P_683417,W_183128,noise
P_68380,W_13208,clique
P_683813,W_10603,clique
P_683821,W_6292,clique
P_683954,W_183242,noise
P_683985,W_120968,clique
P_684109,W_134347,clique
P_684149,W_132987,clique
P_684160,W_122815,clique
P_684166,W_34907,clique
P_684168,W_2759,clique
P_684443,W_79139,noise
P_684564,W_5687,clique
P_684583,W_115251,clique
P_68459,W_9006,clique
P_684848,W_183434,noise
P_684978,W_183481,noise
P_685012,W_135493,clique
P_685227,W_183512,noise
P_685264,W_183519,noise
P_685307,W_32711,clique
P_685414,W_5283,clique
P_685456,W_134622,clique
P_685485,W_124861,noise
P_685493,W_142497,clique
P_685575,W_55442,clique
P_685636,W_124199,clique
P_685637,W_1939,clique
P_685650,W_20162,clique
P_685651,W_19417,clique
P_685655,W_7818,clique
P_685659,W_29060,clique
P_685663,W_4843,clique
P_685665,W_4698,clique
P_685696,W_27894,clique
P_6857,W_99743,clique
P_68578,W_6715,clique
P_68581,W_3221,clique
P_685869,W_183635,noise
P_685877,W_183649,noise
P_685886,W_177431,clique
P_68599,W_2966,clique
P_686,W_564,clique
P_686062,W_20064,clique
P_686105,W_111535,clique
P_686148,W_59319,clique
P_686159,W_183723,noise
P_686380,W_15521,clique
P_686396,W_1650,clique
P_686425,W_183807,noise
P_686444,W_144354,clique
P_686494,W_9004,clique
P_686501,W_3092,clique
P_686502,W_11534,clique
P_686777,W_113615,clique
P_686795,W_174470,noise
P_686835,W_157584,noise
P_686838,W_9266,clique
P_686879,W_177431,clique
P_6869,W_4726,clique
P_686981,W_11484,clique
P_686982,W_6730,clique
P_686983,W_6730,clique
P_686984,W_10913,clique
P_686985,W_6730,clique
P_686996,W_6730,clique
P_686998,W_6730,clique
P_687,W_564,clique
P_6870,W_6870,clique
P_687021,W_6730,clique
P_687036,W_115814,clique
P_687040,W_113724,clique
P_687133,W_6730,clique
P_687138,W_183890,noise
P_687139,W_6730,clique
P_68714,W_6437,clique
P_687208,W_6730,clique
P_68722,W_45675,clique
P_687466,W_26111,clique
P_687473,W_10901,clique
P_687491,W_9574,clique
P_687584,W_170209,noise
P_687681,W_183975,noise
P_687779,W_183988,noise
P_687994,W_121548,clique
P_688,W_564,clique
P_6880,W_3978,clique
P_688071,W_35762,noise
P_688178,W_184074,noise
P_688360,W_62782,clique
P_688618,W_3245,clique
P_688625,W_101220,clique
P_688722,W_123268,noise
P_688882,W_44435,clique
P_688891,W_89492,clique
P_68897,W_68897,clique
P_68898,W_68897,clique
P_688980,W_184224,noise
P_689205,W_3057,clique
P_689209,W_11798,clique
P_689223,W_11798,clique
P_689254,W_111952,clique
P_689269,W_4816,clique
P_689313,W_59952,clique
P_689477,W_1143,clique
P_689706,W_4922,clique
P_689801,W_184393,noise
P_690001,W_151706,noise
P_690192,W_122183,clique
P_690195,W_122183,clique
P_690200,W_13693,clique
P_690205,W_40971,clique
P_690225,W_3221,clique
P_690346,W_1596,clique
P_690348,W_3177,clique
P_690397,W_22084,clique
P_690449,W_14485,clique
P_690454,W_39520,clique
P_690459,W_134622,clique
P_690533,W_20539,clique
P_690537,W_11649,clique
P_69073,W_69073,clique
P_69074,W_69073,clique
P_690758,W_113981,clique
P_690767,W_184556,noise
P_69077,W_69073,clique
P_69078,W_64648,clique
P_69080,W_99743,clique
P_690826,W_6870,clique
P_690984,W_139740,clique
P_691070,W_184600,noise
P_691118,W_135718,noise
P_691131,W_113981,clique
P_691142,W_113981,clique
P_691458,W_9199,clique
P_691459,W_21352,clique
P_691668,W_10641,clique
P_691727,W_49531,noise
P_691890,W_136166,clique
P_691921,W_38171,clique
P_692038,W_184779,noise
P_692142,W_184800,noise
P_69225,W_2393,clique
P_692357,W_132987,clique
P_692360,W_114402,noise
P_692364,W_21025,clique
P_692693,W_184932,noise
P_692712,W_184933,noise
P_692841,W_10850,clique
P_69288,W_30246,clique
P_69289,W_1282,clique
P_693094,W_118849,clique
P_69312,W_882,clique
P_693292,W_111991,clique
P_69356,W_50379,clique
P_693624,W_4835,clique
P_6939,W_6939,clique
P_693960,W_185220,noise
P_694000,W_64650,clique
P_694077,W_122729,clique
P_694136,W_38429,clique
P_694169,W_137487,noise
P_694333,W_2081,clique
P_694504,W_185323,noise
P_694615,W_185350,noise
P_694622,W_185355,noise
P_694674,W_185360,noise
P_694776,W_185373,noise
P_694785,W_185133,noise
P_695033,W_185432,noise
P_695103,W_13552,clique
P_695192,W_185465,noise
P_695195,W_185466,noise
P_695403,W_78838,clique
P_695415,W_6870,clique
P_695446,W_4887,clique
P_69550,W_6417,clique
P_695635,W_3928,clique
P_695733,W_5396,clique
P_696047,W_21695,clique
P_69619,W_5912,clique
P_696277,W_40419,clique
P_696313,W_4945,clique
P_69656,W_5958,clique
P_696742,W_28784,clique
P_696760,W_111991,clique
P_697070,W_185997,noise
P_697100,W_186005,noise
P_697212,W_115707,clique
P_697519,W_1002,clique
P_697785,W_185658,noise
P_69779,W_50939,clique
P_697814,W_21025,clique
P_697878,W_186190,noise
P_698155,W_10603,clique
P_69820,W_69820,noise
P_69826,W_42631,clique
P_698286,W_75562,noise
P_698349,W_186304,noise
P_698375,W_186310,noise
P_698509,W_27911,clique
P_698510,W_17274,clique
P_698554,W_5102,clique
P_698633,W_180592,noise
P_6987,W_1108,clique
P_698843,W_186385,noise
P_698853,W_186390,noise
P_698871,W_135478,clique
P_698895,W_186406,noise
P_698923,W_186423,noise
P_698990,W_9704,clique
P_699033,W_186437,noise
P_69914,W_69914,clique
P_699328,W_117417,clique
P_69943,W_69943,clique
P_69945,W_69943,clique
P_69946,W_69943,clique
P_69947,W_69943,clique
P_69948,W_69943,clique
P_699500,W_185665,noise
P_69959,W_817,clique
P_699625,W_20084,clique
P_699684,W_5549,clique
P_69970,W_69970,clique
P_699712,W_150794,noise
P_69974,W_10603,clique
P_699745,W_22936,clique
P_699746,W_127547,clique
P_699789,W_186590,noise
P_699955,W_117417,clique
P_700084,W_186674,noise
P_700134,W_137560,clique
P_700187,W_9004,clique
P_700219,W_59319,clique
P_700712,W_123334,clique
P_700725,W_5102,clique
P_700755,W_1276,clique
P_701043,W_9644,clique
P_701072,W_165954,noise
P_701174,W_186826,noise
P_701274,W_7247,clique
P_701283,W_23544,clique
P_701301,W_186847,noise
P_701307,W_103771,clique
P_701392,W_56072,clique
P_70143,W_867,clique
P_70150,W_2658,clique
P_701521,W_186888,noise
P_701662,W_111952,clique
P_70167,W_27477,clique
P_70168,W_775,clique
P_701775,W_58783,clique
P_70182,W_7247,clique
P_701847,W_186968,noise
P_70190,W_15300,clique
P_70196,W_299,clique
P_702005,W_50939,clique
P_702230,W_187030,noise
P_70227,W_11652,clique
P_702429,W_144326,clique
P_702435,W_152634,clique
P_70266,W_21826,clique
P_7027,W_7027,clique
P_7028,W_7027,clique
P_702860,W_187185,noise
P_702900,W_187195,noise
P_702943,W_187201,noise
P_702954,W_145365,clique
P_703051,W_171662,noise
P_703155,W_26854,noise
P_7032,W_7032,clique
P_703225,W_299,clique
P_703297,W_106883,clique
P_703342,W_119473,clique
P_703391,W_10581,clique
P_703413,W_30209,clique
P_703415,W_117403,clique
P_703643,W_187359,noise
P_703739,W_34353,clique
P_703750,W_187406,noise
P_703850,W_34353,clique
P_703983,W_187451,noise
P_70401,W_17053,clique
P_704104,W_38517,clique
P_704173,W_34353,clique
P_70437,W_70435,noise
P_704667,W_37947,clique
P_704779,W_56055,noise
P_704845,W_9350,clique
P_704961,W_56072,clique
P_705162,W_6403,clique
P_705163,W_4468,clique
P_70528,W_70528,noise
P_70550,W_70550,noise
P_705513,W_137086,noise
P_70567,W_41677,noise
P_705674,W_28547,clique
P_70569,W_66522,noise
P_705845,W_9671,clique
P_706,W_706,clique
P_706011,W_187879,noise
P_70608,W_70608,noise
P_706207,W_187910,noise
P_706398,W_56366,clique
P_706618,W_187988,noise
P_706824,W_4702,clique
P_706845,W_188019,noise
P_706969,W_27164,clique
P_706972,W_114490,clique
P_706973,W_20084,clique
P_706977,W_40671,clique
P_707076,W_111510,clique
P_707096,W_38517,clique
P_707126,W_188080,noise
P_707151,W_28547,clique
P_707164,W_25113,clique
P_707242,W_30235,clique
P_707246,W_30235,clique
P_707247,W_119158,clique
P_707248,W_30235,clique
P_707306,W_113724,clique
P_707346,W_30235,clique
P_707347,W_30235,clique
P_707390,W_115814,clique
P_707412,W_188156,noise
P_70746,W_4767,clique
P_707521,W_1478,clique
P_707618,W_188198,noise
P_707688,W_188210,noise
P_707740,W_188227,noise
P_70785,W_9704,clique
P_70788,W_39785,clique
P_708038,W_174532,noise
P_708041,W_123293,noise
P_708214,W_188321,noise
P_70824,W_63101,clique
P_70825,W_23239,clique
P_7084,W_7084,clique
P_708516,W_137560,clique
P_70862,W_677,clique
P_708875,W_188451,noise
P_70888,W_70887,clique
P_708888,W_137208,noise
P_709167,W_25154,clique
P_709293,W_188492,noise
P_709327,W_139740,clique
P_709482,W_5915,clique
P_70959,W_64593,clique
P_709631,W_111952,clique
P_709760,W_123591,clique
P_710064,W_188610,noise
P_71011,W_1278,clique
P_710366,W_9703,clique
P_710379,W_9703,clique
P_710383,W_9703,clique
P_710388,W_9576,clique
P_710508,W_52177,clique
P_71059,W_4354,clique
P_710606,W_188693,noise
P_710614,W_156542,clique
P_71062,W_29582,noise
P_710625,W_64649,clique
P_710681,W_5616,clique
P_710771,W_1939,clique
P_710830,W_164640,clique
P_710929,W_188735,noise
P_711018,W_882,clique
P_711084,W_209,clique
P_711088,W_19912,clique
P_711092,W_19417,clique
P_711096,W_87469,clique
P_711103,W_109642,clique
P_711108,W_124862,noise
P_711143,W_375,clique
P_711185,W_87758,clique
P_7112,W_6394,clique
P_711262,W_29130,clique
P_711286,W_144458,clique
P_711288,W_111906,clique
P_711338,W_132987,clique
P_711364,W_19417,clique
P_711591,W_169531,noise
P_7116,W_7116,clique
P_7117,W_7116,clique
P_711796,W_50939,clique
P_711816,W_20064,clique
P_71194,W_1412,clique
P_712087,W_188939,noise
P_712200,W_71781,noise
P_712248,W_7213,clique
P_712365,W_185888,noise
P_712400,W_188952,noise
P_712415,W_184480,noise
P_71250,W_71250,noise
P_712604,W_399,clique
P_712670,W_30209,clique
P_712674,W_4816,clique
P_712680,W_93853,noise
P_712796,W_4728,clique
P_712798,W_25000,clique
P_712841,W_25000,clique
P_71288,W_61207,clique
P_712991,W_3099,clique
P_712992,W_7213,clique
P_712996,W_38476,clique
P_712999,W_75772,noise
P_713012,W_5396,clique
P_713018,W_64652,clique
P_713041,W_3170,clique
P_713189,W_1308,clique
P_713334,W_166333,noise
P_713364,W_23165,clique
P_713386,W_6784,clique
P_713467,W_189118,noise
P_71367,W_4277,clique
P_713697,W_32534,clique
P_713803,W_76574,clique
P_713808,W_127392,clique
P_713812,W_11794,clique
P_713818,W_4826,clique
P_713890,W_189177,noise
P_713907,W_189180,noise
P_714063,W_189195,noise
P_714128,W_189213,noise
P_714190,W_8696,clique
P_714361,W_29045,clique
P_714480,W_189287,noise
P_714535,W_4755,clique
P_714540,W_10745,clique
P_714552,W_7552,clique
P_714623,W_149519,clique
P_714634,W_8920,noise
P_714660,W_5549,clique
P_714663,W_6753,clique
P_71473,W_71473,clique
P_71474,W_71473,clique
P_71479,W_71473,clique
P_71482,W_71473,clique
P_714827,W_16560,clique
P_714868,W_39786,clique
P_714873,W_1812,clique
P_714977,W_118849,clique
P_714993,W_12937,clique
P_715054,W_189411,noise
P_715068,W_189421,noise
P_71514,W_19955,clique
P_71519,W_6715,clique
P_715198,W_103771,clique
P_715251,W_113981,clique
P_715252,W_135639,noise
P_715280,W_5162,clique
P_715347,W_189502,noise
P_715414,W_1364,clique
P_715418,W_34604,clique
P_715438,W_119695,clique
P_715813,W_113615,clique
P_715852,W_6616,clique
P_715854,W_6676,clique
P_715856,W_6602,clique
P_715861,W_7776,clique
P_715863,W_430,clique
P_715865,W_5534,clique
P_715878,W_954,clique
P_715881,W_2407,clique
P_715884,W_594,clique
P_715893,W_11014,clique
P_715894,W_817,clique
P_715902,W_6602,clique
P_716066,W_5396,clique
P_716070,W_19508,clique
P_716072,W_10931,clique
P_716073,W_77153,clique
P_716074,W_32053,clique
P_716077,W_52963,clique
P_716107,W_189658,noise
P_716123,W_125000,noise
P_71613,W_16560,clique
P_716131,W_57358,noise
P_716133,W_10472,clique
P_716158,W_189667,noise
P_716178,W_118543,clique
P_716181,W_131781,noise
P_716184,W_122709,clique
P_71622,W_4833,clique
P_716234,W_179,clique
P_716248,W_30326,clique
P_71626,W_4833,clique
P_716273,W_139371,noise
P_716292,W_35389,clique
P_716293,W_35389,clique
P_716295,W_34604,clique
P_716359,W_56072,clique
P_716364,W_5549,clique
P_716368,W_24222,clique
P_716373,W_3964,clique
P_716413,W_51681,noise
P_716433,W_3904,clique
P_716542,W_135493,clique
P_716556,W_121495,clique
P_716561,W_117162,noise
P_716588,W_3964,clique
P_716597,W_8339,clique
P_71672,W_2855,clique
P_716864,W_137296,noise
P_717010,W_34086,clique
P_717013,W_1153,clique
P_717018,W_16560,clique
P_717064,W_367,clique
P_717204,W_8828,noise
P_717213,W_6464,clique
P_717218,W_704,clique
P_717245,W_10472,clique
P_717275,W_627,clique
P_71731,W_28687,clique
P_717311,W_189872,noise
P_717343,W_186897,noise
P_717344,W_186898,noise
P_717373,W_189887,noise
P_717419,W_144139,noise
P_717506,W_189934,noise
P_717675,W_140437,clique
P_717792,W_189992,noise
P_717815,W_122709,clique
P_717836,W_136165,noise
P_718011,W_121360,clique
P_718230,W_190081,noise
P_718232,W_21828,clique
P_718240,W_190084,noise
P_718443,W_190129,noise
P_718469,W_113783,noise
P_718473,W_135493,clique
P_718794,W_92417,clique
P_718879,W_39785,clique
P_718895,W_136518,clique
P_719066,W_190273,noise
P_719149,W_190302,noise
P_719384,W_144354,clique
P_719426,W_190375,noise
P_71961,W_37776,clique
P_719794,W_123840,clique
P_7198,W_994,clique
P_719820,W_190265,noise
P_720120,W_5912,clique
P_720125,W_4767,clique
P_720138,W_190576,noise
P_720159,W_158647,noise
P_7202,W_7202,clique
P_720222,W_6453,clique
P_720342,W_190626,noise
P_720354,W_190623,noise
P_720362,W_190631,noise
P_72038,W_71473,clique
P_720389,W_140442,clique
P_72039,W_7446,clique
P_720440,W_5342,clique
P_720494,W_58781,clique
P_720697,W_136166,clique
P_720704,W_190698,noise
P_720786,W_190706,noise
P_720854,W_140442,clique
P_720871,W_144458,clique
P_720892,W_170866,noise
P_720895,W_42453,clique
P_721059,W_190711,noise
P_721081,W_190732,noise
P_721101,W_190735,noise
P_721188,W_100643,noise
P_721247,W_190772,noise
P_721282,W_7583,clique
P_721295,W_112097,clique
P_721321,W_42054,clique
P_721589,W_190825,noise
P_72161,W_5388,clique
P_721614,W_161826,noise
P_72162,W_42631,clique
P_721624,W_1939,clique
P_721654,W_62782,clique
P_721700,W_3995,clique
P_721765,W_22053,clique
P_721866,W_168098,noise
P_721893,W_136166,clique
P_722239,W_190942,noise
P_722334,W_4685,clique
P_722336,W_4683,clique
P_722411,W_190994,noise
P_722599,W_164640,clique
P_722720,W_13523,clique
P_722766,W_191104,noise
P_722779,W_159196,noise
P_722782,W_191106,noise
P_722801,W_191114,noise
P_722901,W_177431,clique
P_722911,W_97632,clique
P_722912,W_36064,clique
P_722917,W_13698,clique
P_722923,W_52227,clique
P_722958,W_191159,noise
P_722969,W_7264,clique
P_723141,W_191196,noise
P_723261,W_21780,noise
P_7233,W_4267,clique
P_723314,W_191227,noise
P_723373,W_882,clique
P_723435,W_191248,noise
P_723466,W_54816,clique
P_723467,W_21826,clique
P_723468,W_4865,clique
P_723476,W_111656,clique
P_723482,W_23770,clique
P_723522,W_127392,clique
P_723536,W_131237,noise
P_723547,W_82146,clique
P_723549,W_14861,clique
P_723552,W_122254,clique
P_723770,W_12159,clique
P_723798,W_191306,noise
P_723805,W_64651,clique
P_72389,W_3077,clique
P_724016,W_22948,clique
P_724166,W_177431,clique
P_724212,W_34604,clique
P_724256,W_146035,noise
P_724328,W_170185,noise
P_72436,W_3077,clique
P_72437,W_3077,clique
P_72438,W_3077,clique
P_7245,W_7245,clique
P_724587,W_115249,clique
P_724617,W_191547,noise
P_724638,W_191330,noise
P_7247,W_7247,clique
P_724779,W_140437,clique
P_724829,W_9644,clique
P_7249,W_7249,clique
P_724906,W_4726,clique
P_724917,W_434,clique
P_725389,W_1017,clique
P_72541,W_11833,clique
P_725417,W_62475,clique
P_72542,W_65381,clique
P_725435,W_54846,noise
P_725535,W_191737,noise
P_72560,W_12140,clique
P_7257,W_7257,clique
P_725734,W_191335,noise
P_725742,W_4158,clique
P_725821,W_69914,clique
P_725911,W_144326,clique
P_725936,W_4229,noise
P_72594,W_9665,clique
P_72595,W_64593,clique
P_7261,W_7261,clique
P_72620,W_69970,clique
P_726253,W_152634,clique
P_726303,W_125147,clique
P_72632,W_10338,clique
P_726346,W_54816,clique
P_726374,W_4801,clique
P_726480,W_3203,clique
P_7265,W_7264,clique
P_72659,W_49809,clique
P_726596,W_37261,noise
P_7266,W_1143,clique
P_72660,W_49809,clique
P_726644,W_159387,clique
P_726767,W_192039,noise
P_72689,W_817,clique
P_726933,W_121360,clique
P_727130,W_12255,clique
P_727134,W_114394,clique
P_727135,W_69943,clique
P_72736,W_72736,noise
P_727515,W_9092,clique
P_727655,W_192268,noise
P_727779,W_13222,clique
P_727792,W_2407,clique
P_727853,W_192304,noise
P_7279,W_7279,clique
P_7280,W_7279,clique
P_72803,W_45675,clique
P_7281,W_7279,clique
P_728173,W_11649,clique
P_728207,W_132900,clique
P_728211,W_192366,noise
P_728221,W_134622,clique
P_728231,W_136166,clique
P_728249,W_139530,clique
P_728250,W_139740,clique
P_728254,W_10931,clique
P_72832,W_64650,clique
P_728357,W_144354,clique
P_728365,W_144326,clique
P_728388,W_192378,noise
P_72840,W_32408,clique
P_72841,W_32408,clique
P_728415,W_10133,noise
P_728419,W_192382,noise
P_728606,W_192437,noise
P_728620,W_111656,clique
P_72868,W_1769,clique
P_728733,W_149519,clique
P_728824,W_46408,clique
P_728894,W_151781,clique
P_729103,W_181337,noise
P_729127,W_163857,noise
P_72914,W_27477,clique
P_72917,W_7550,clique
P_729302,W_126478,clique
P_729511,W_122815,clique
P_72958,W_103,clique
P_72963,W_886,clique
P_729674,W_998,clique
P_729708,W_2930,clique
P_729799,W_65756,noise
P_730016,W_154836,noise
P_730109,W_114712,clique
P_730381,W_149807,clique
P_730396,W_149807,clique
P_730603,W_192754,noise
P_730656,W_18,clique
P_730659,W_6464,clique
P_730662,W_25550,noise
P_730786,W_192782,noise
P_73079,W_6715,clique
P_731,W_731,clique
P_7312,W_7312,clique
P_731347,W_4012,clique
P_731365,W_3245,clique
P_731403,W_32534,clique
P_731407,W_109642,clique
P_731680,W_149519,clique
P_731705,W_193002,noise
P_731757,W_856,clique
P_731777,W_193015,noise
P_731892,W_7213,clique
P_731895,W_129296,clique
P_732003,W_120976,noise
P_732060,W_64001,noise
P_732083,W_193093,noise
P_73213,W_2930,clique
P_732144,W_193108,noise
P_732200,W_29299,clique
P_732272,W_7027,clique
P_732337,W_5515,clique
P_732371,W_193140,noise
P_73241,W_37947,clique
P_73248,W_42156,noise
P_732533,W_191524,noise
P_732718,W_10914,clique
P_732719,W_82985,clique
P_732720,W_13549,clique
P_732730,W_193195,noise
P_73279,W_882,clique
P_732811,W_2976,clique
P_732854,W_13523,clique
P_732898,W_4726,clique
P_732920,W_79329,clique
P_732989,W_193244,noise
P_73301,W_73300,noise
P_73308,W_7495,clique
P_733147,W_70887,clique
P_733281,W_142439,clique
P_733365,W_5216,clique
P_733556,W_193379,noise
P_733582,W_191621,noise
P_733751,W_137480,noise
P_733812,W_17662,clique
P_733815,W_5697,clique
P_733911,W_54461,clique
P_733913,W_20162,clique
P_73403,W_7550,clique
P_734042,W_246,clique
P_734073,W_10902,clique
P_734105,W_24222,clique
P_73416,W_4916,clique
P_734179,W_40251,clique
P_734393,W_20162,clique
P_734558,W_23544,clique
P_734565,W_5515,clique
P_73463,W_11485,clique
P_734630,W_111854,clique
P_734632,W_10849,clique
P_734681,W_17274,clique
P_734683,W_98152,clique
P_734686,W_7578,clique
P_734689,W_106883,clique
P_734712,W_23767,clique
P_734831,W_106883,clique
P_734943,W_193627,noise
P_735,W_731,clique
P_735049,W_183213,noise
P_73505,W_5283,clique
P_735132,W_193691,noise
P_735143,W_193694,noise
P_735247,W_193731,noise
P_735319,W_13693,clique
P_735369,W_32202,clique
P_735408,W_159387,clique
P_735467,W_113724,clique
P_735470,W_115814,clique
P_735524,W_122602,clique
P_735583,W_8673,clique
P_73561,W_5283,clique
P_73562,W_5283,clique
P_73564,W_5283,clique
P_73565,W_5283,clique
P_735695,W_193832,noise
P_735754,W_193849,noise
P_73580,W_65381,clique
P_735812,W_193858,noise
P_735985,W_40251,clique
P_736143,W_120696,noise
P_736256,W_193962,noise
P_736260,W_193964,noise
P_73628,W_2855,clique
P_736367,W_193984,noise
P_736432,W_32534,clique
P_736433,W_165540,noise
P_736444,W_20610,clique
P_73656,W_73656,clique
P_736571,W_10906,clique
P_736595,W_106883,clique
P_736676,W_52020,noise
P_736899,W_9350,clique
P_736901,W_128680,clique
P_736954,W_6163,clique
P_736966,W_152178,noise
P_737040,W_154901,clique
P_737088,W_194130,noise
P_7371,W_6417,clique
P_737228,W_192093,noise
P_737403,W_47674,clique
P_737481,W_118823,clique
P_737538,W_116159,noise
P_737610,W_8203,clique
P_737672,W_141498,noise
P_737690,W_11819,clique
P_737693,W_194268,noise
P_737917,W_6676,clique
P_738143,W_10577,clique
P_738144,W_9703,clique
P_738146,W_4826,clique
P_73820,W_2968,clique
P_738259,W_127067,noise
P_738350,W_194458,noise
P_738362,W_29130,clique
P_738396,W_11841,clique
P_738400,W_56366,clique
P_738409,W_62475,clique
P_738436,W_4916,clique
P_738679,W_111408,clique
P_738730,W_129436,clique
P_738749,W_194533,noise
P_738820,W_194546,noise
P_738831,W_30326,clique
P_73885,W_50939,clique
P_73888,W_9643,clique
P_738896,W_35206,clique
P_738991,W_42521,clique
P_738997,W_152004,noise
P_739079,W_114408,clique
P_739094,W_194621,noise
P_739142,W_6693,clique
P_739208,W_132987,clique
P_739330,W_43012,clique
P_73934,W_19903,clique
P_739755,W_156542,clique
P_739925,W_194847,noise
P_740044,W_186867,noise
P_74009,W_6753,clique
P_740131,W_56366,clique
P_740166,W_70193,noise
P_740230,W_32053,clique
P_740420,W_197520,noise
P_740488,W_156539,clique
P_740500,W_98770,clique
P_740501,W_20122,clique
P_740549,W_194806,noise
P_740644,W_27919,clique
P_741008,W_160877,noise
P_741052,W_137912,noise
P_74108,W_46851,clique
P_741145,W_35395,clique
P_74117,W_10528,clique
P_741306,W_34699,clique
P_741373,W_108954,noise
P_74165,W_7264,clique
P_741703,W_190947,noise
P_741870,W_22154,clique
P_74189,W_50939,clique
P_741942,W_27164,clique
P_741951,W_14861,clique
P_74211,W_30246,clique
P_742157,W_19912,clique
P_742176,W_11535,clique
P_742220,W_64489,clique
P_74244,W_74245,clique
P_74246,W_74245,clique
P_74261,W_4801,clique
P_74262,W_4801,clique
P_74263,W_4801,clique
P_74273,W_74245,clique
P_742735,W_62433,clique
P_742771,W_13693,clique
P_74278,W_45783,clique
P_74280,W_4826,clique
P_742826,W_195362,noise
P_742855,W_136166,clique
P_74286,W_63854,clique
P_74287,W_44435,clique
P_74288,W_5316,clique
P_742950,W_343,clique
P_743012,W_194481,noise
P_743409,W_14379,clique
P_743481,W_25030,clique
P_743583,W_6441,clique
P_74363,W_74362,clique
P_744036,W_195565,noise
P_744066,W_40251,clique
P_744073,W_195566,clique
P_744074,W_195566,clique
P_744082,W_195566,clique
P_744090,W_195566,clique
P_744091,W_195566,clique
P_744092,W_195566,clique
P_744161,W_195566,clique
P_744165,W_195566,clique
P_744254,W_5233,clique
P_744264,W_56781,clique
P_744326,W_17662,clique
P_744353,W_14809,clique
P_744372,W_75372,clique
P_744565,W_195609,noise
P_7446,W_7446,clique
P_744606,W_7816,clique
P_7447,W_7446,clique
P_74480,W_4801,clique
P_744923,W_195566,clique
P_744925,W_195566,clique
P_744952,W_195566,clique
P_745041,W_3099,clique
P_745043,W_11641,clique
P_745052,W_56239,clique
P_745177,W_195649,noise
P_745241,W_6453,clique
P_745306,W_194595,noise
P_745390,W_4277,clique
P_745423,W_195690,noise
P_745469,W_115728,clique
P_74566,W_7446,clique
P_74575,W_12542,clique
P_745794,W_122363,noise
P_74584,W_64372,clique
P_74592,W_677,clique
P_745932,W_6163,clique
P_745970,W_135139,noise
P_746,W_731,clique
P_746036,W_1017,clique
P_746127,W_10472,clique
P_746149,W_12140,clique
P_74624,W_9271,clique
P_746245,W_195816,noise
P_746341,W_14354,clique
P_746346,W_117403,clique
P_746347,W_5930,clique
P_746375,W_4646,clique
P_746378,W_54816,clique
P_746381,W_4922,clique
P_746422,W_56366,clique
P_746435,W_25489,clique
P_746532,W_52177,clique
P_746537,W_65049,clique
P_746544,W_69943,clique
P_746548,W_7816,clique
P_746552,W_11652,clique
P_746783,W_10931,clique
P_746802,W_23142,clique
P_74695,W_74695,noise
P_747,W_731,clique
P_747047,W_5515,clique
P_747049,W_127392,clique
P_747077,W_64651,clique
P_747084,W_132541,clique
P_747085,W_132426,clique
P_747090,W_132642,clique
P_747331,W_3264,clique
P_747349,W_146872,noise
P_747411,W_35345,noise
P_747569,W_146760,noise
P_747674,W_196067,noise
P_747727,W_196075,noise
P_747826,W_20005,clique
P_747989,W_580,clique
P_747998,W_83881,clique
P_74815,W_731,clique
P_748227,W_46408,clique
P_74827,W_3145,clique
P_748374,W_196232,noise
P_74839,W_21025,clique
P_748429,W_13540,clique
P_74843,W_1376,clique
P_748447,W_118823,clique
P_748454,W_83871,clique
P_748628,W_2301,clique
P_7489,W_7489,clique
P_749023,W_194691,noise
P_74913,W_2085,clique
P_749207,W_64649,clique
P_749233,W_168228,noise
P_749379,W_196422,noise
P_7495,W_7495,clique
P_749529,W_17671,clique
P_749542,W_6292,clique
P_7496,W_7489,clique
P_749762,W_14620,clique
P_749767,W_132541,clique
P_749804,W_132541,clique
P_749882,W_20257,clique
P_74989,W_272,clique
P_749913,W_194722,noise
P_749948,W_194606,noise
P_749991,W_13873,clique
P_750029,W_64650,clique
P_750039,W_11535,clique
P_750127,W_132642,clique
P_750158,W_12795,clique
P_750169,W_14620,clique
P_750171,W_150625,clique
P_750181,W_132490,clique
P_750191,W_64652,clique
P_750193,W_132541,clique
P_750280,W_27579,clique
P_750303,W_34728,clique
P_750369,W_79329,clique
P_750464,W_20005,clique
P_750530,W_82985,clique
P_750555,W_85332,clique
P_750703,W_7027,clique
P_750718,W_13127,clique
P_750823,W_9724,clique
P_750867,W_7261,clique
P_750868,W_199,clique
P_750925,W_45948,clique
P_750930,W_27164,clique
P_750932,W_3145,clique
P_751036,W_196613,noise
P_751048,W_43898,clique
P_751199,W_26687,clique
P_751200,W_13216,clique
P_751204,W_195566,clique
P_751270,W_64489,clique
P_751366,W_187026,noise
P_751510,W_26,clique
P_751572,W_24522,clique
P_751584,W_132490,clique
P_75169,W_6616,clique
P_751771,W_23375,noise
P_751897,W_150625,clique
P_751900,W_64489,clique
P_751906,W_196709,noise
P_751963,W_9643,clique
P_752109,W_196745,noise
P_75221,W_75218,noise
P_752235,W_194626,noise
P_752243,W_135726,clique
P_752245,W_70887,clique
P_752251,W_11649,clique
P_752269,W_196784,noise
P_752334,W_48,clique
P_752336,W_9507,clique
P_752337,W_8937,clique
P_752344,W_1130,clique
P_752345,W_1596,clique
P_752462,W_10641,clique
P_752466,W_10641,clique
P_752502,W_64627,clique
P_752537,W_14620,clique
P_752540,W_132541,clique
P_752603,W_3414,clique
P_752633,W_196845,noise
P_75264,W_75264,noise
P_752747,W_52660,clique
P_752801,W_173058,noise
P_752802,W_43012,clique
P_752803,W_93655,clique
P_752813,W_150660,clique
P_752816,W_64513,clique
P_752917,W_83881,clique
P_752921,W_83871,clique
P_753202,W_64652,clique
P_753203,W_64627,clique
P_753204,W_122729,clique
P_753206,W_64648,clique
P_753207,W_64651,clique
P_753210,W_122729,clique
P_753222,W_122729,clique
P_75350,W_5396,clique
P_753505,W_132426,clique
P_753510,W_9131,clique
P_753526,W_9276,clique
P_753536,W_20960,clique
P_753543,W_20960,clique
P_753652,W_125996,noise
P_753768,W_114712,clique
P_753847,W_62475,clique
P_753876,W_64651,clique
P_753881,W_69073,clique
P_753882,W_78838,clique
P_753930,W_34699,clique
P_75397,W_3995,clique
P_754125,W_4728,clique
P_754178,W_5388,clique
P_754181,W_856,clique
P_754466,W_11516,clique
P_75454,W_20414,clique
P_754591,W_98788,noise
P_754592,W_59150,clique
P_754615,W_124809,clique
P_754625,W_40419,clique
P_754629,W_87758,clique
P_754639,W_26,clique
P_754646,W_92616,clique
P_754777,W_28784,clique
P_754780,W_14809,clique
P_754889,W_11054,clique
P_7550,W_7550,clique
P_755074,W_197096,noise
P_755164,W_197027,noise
P_7552,W_7552,clique
P_755205,W_103340,noise
P_755217,W_142439,clique
P_755220,W_125863,clique
P_75526,W_13523,clique
P_755285,W_77153,clique
P_755315,W_46851,clique
P_755328,W_98311,clique
P_755329,W_125863,clique
P_755334,W_8339,clique
P_755376,W_43898,clique
P_755408,W_18507,clique
P_755413,W_98770,clique
P_755420,W_10581,clique
P_755428,W_20122,clique
P_75543,W_71473,clique
P_75545,W_71473,clique
P_75546,W_71473,clique
P_755509,W_194599,noise
P_755510,W_194598,noise
P_75558,W_13687,clique
P_755755,W_2271,clique
P_755774,W_8673,clique
P_755784,W_7446,clique
P_756003,W_58892,noise
P_756007,W_125331,noise
P_756044,W_4887,clique
P_756064,W_14103,noise
P_756101,W_178712,noise
P_756102,W_131020,clique
P_756117,W_116622,clique
P_756119,W_21695,clique
P_756123,W_34604,clique
P_756142,W_31091,clique
P_756151,W_4939,clique
P_756469,W_63932,clique
P_756483,W_197277,noise
P_756521,W_132426,clique
P_756608,W_64489,clique
P_756638,W_1305,clique
P_756957,W_132426,clique
P_756963,W_64649,clique
P_756966,W_132426,clique
P_757074,W_182414,noise
P_757123,W_656,clique
P_757126,W_41771,clique
P_757129,W_22556,clique
P_757131,W_13216,clique
P_757151,W_125863,clique
P_757180,W_7032,clique
P_757185,W_115054,clique
P_757215,W_197377,noise
P_757282,W_25621,clique
P_757391,W_197401,noise
P_757451,W_22936,clique
P_757551,W_3174,clique
P_757597,W_150625,clique
P_757739,W_6210,clique
P_757748,W_3995,clique
P_757777,W_47639,clique
P_7578,W_7578,clique
P_757840,W_430,clique
P_757841,W_6616,clique
P_757843,W_6602,clique
P_75786,W_20960,clique
P_757863,W_26839,clique
P_757871,W_197496,noise
P_757889,W_112097,clique
P_757914,W_22154,clique
P_757972,W_4854,clique
P_757975,W_9376,clique
P_757978,W_954,clique
P_757981,W_103771,clique
P_757994,W_817,clique
P_7580,W_7580,clique
P_758049,W_31360,clique
P_758069,W_145844,noise
P_7581,W_7581,clique
P_758114,W_52227,clique
P_758116,W_197526,noise
P_758289,W_5118,clique
P_7583,W_7583,clique
P_758321,W_23142,clique
P_758323,W_5954,clique
P_758459,W_194591,noise
P_75847,W_75846,noise
P_7585,W_7577,clique
P_758514,W_11472,clique
P_758516,W_92417,clique
P_75853,W_7202,clique
P_758530,W_197597,noise
P_758606,W_28221,clique
P_758607,W_29487,clique
P_7587,W_7578,clique
P_758751,W_122729,clique
P_75876,W_4642,clique
P_75877,W_1002,clique
P_7588,W_7580,clique
P_758910,W_9128,clique
P_758912,W_127547,clique
P_75903,W_6464,clique
P_759346,W_27894,clique
P_759667,W_11552,clique
P_759730,W_197805,noise
P_759753,W_20541,clique
P_759776,W_74362,clique
P_759778,W_11535,clique
P_759829,W_121548,clique
P_759846,W_13127,clique
P_759888,W_19912,clique
P_759890,W_197816,noise
P_759900,W_3839,clique
P_759957,W_1769,clique
P_760115,W_117989,noise
P_760199,W_197852,noise
P_760208,W_197858,noise
P_760251,W_131447,noise
P_760468,W_10781,clique
P_760480,W_121653,noise
P_760500,W_169540,noise
P_760512,W_123840,clique
P_760660,W_26988,clique
P_760675,W_40120,clique
P_760708,W_12031,clique
P_760807,W_124095,noise
P_761061,W_173069,noise
P_761105,W_121548,clique
P_761200,W_7584,clique
P_761201,W_114810,clique
P_761202,W_45783,clique
P_761225,W_2271,clique
P_761226,W_11472,clique
P_761227,W_28495,clique
P_761238,W_197990,noise
P_761472,W_11794,clique
P_761474,W_7818,clique
P_761475,W_9350,clique
P_761552,W_79329,clique
P_761583,W_61207,clique
P_761600,W_1108,clique
P_76168,W_4749,clique
P_761703,W_4704,clique
P_76174,W_76174,clique
P_76186,W_6784,clique
P_761872,W_11898,clique
P_761876,W_32711,clique
P_761920,W_20414,clique
P_761939,W_156124,clique
P_761968,W_74245,clique
P_761973,W_115707,clique
P_762019,W_55442,clique
P_762026,W_233,clique
P_762072,W_71908,noise
P_762091,W_22984,noise
P_762130,W_4762,clique
P_762135,W_23525,clique
P_762153,W_145202,noise
P_762197,W_198081,noise
P_762203,W_4704,clique
P_762260,W_177431,clique
P_76235,W_76235,noise
P_762505,W_28221,clique
P_762569,W_54816,clique
P_762690,W_189142,noise
P_762729,W_198164,noise
P_762778,W_198176,noise
P_762832,W_14229,clique
P_762980,W_46288,clique
P_762984,W_167,clique
P_762991,W_4277,clique
P_763124,W_97414,clique
P_763286,W_123840,clique
P_763414,W_100,clique
P_763527,W_117417,clique
P_763560,W_57375,clique
P_76358,W_42521,clique
P_763582,W_430,clique
P_763590,W_5162,clique
P_763610,W_22053,clique
P_763695,W_121548,clique
P_763701,W_4497,noise
P_763755,W_6453,clique
P_763882,W_9665,clique
P_763885,W_2145,clique
P_763886,W_112241,clique
P_763889,W_124745,clique
P_763890,W_34907,clique
P_763891,W_10852,clique
P_763893,W_9297,clique
P_763900,W_11641,clique
P_763903,W_30552,clique
P_763912,W_82200,clique
P_763939,W_3260,clique
P_763953,W_43997,clique
P_763956,W_13127,clique
P_763963,W_462,clique
P_764014,W_1108,clique
P_764025,W_7253,clique
P_764027,W_9263,clique
P_764032,W_12137,clique
P_764063,W_58781,clique
P_764128,W_167,clique
P_764132,W_99751,clique
P_764136,W_39525,clique
P_764139,W_10781,clique
P_76416,W_6753,clique
P_764210,W_226,clique
P_764240,W_6939,clique
P_764268,W_121296,clique
P_764269,W_122602,clique
P_764280,W_6394,clique
P_764310,W_23239,clique
P_764328,W_101001,clique
P_764350,W_113981,clique
P_764364,W_1055,clique
P_764367,W_8850,clique
P_764369,W_112640,clique
P_764372,W_3353,clique
P_764383,W_5368,clique
P_764384,W_30424,clique
P_764385,W_8521,clique
P_764386,W_20414,clique
P_764573,W_65381,clique
P_764766,W_119680,clique
P_764823,W_45020,noise
P_764836,W_198425,noise
P_76500,W_76498,clique
P_76504,W_76498,clique
P_765054,W_82218,clique
P_76506,W_76498,clique
P_765106,W_19353,clique
P_765115,W_5316,clique
P_765116,W_13687,clique
P_765117,W_98152,clique
P_765140,W_142008,clique
P_765142,W_27320,clique
P_765144,W_9571,clique
P_765145,W_159387,clique
P_765150,W_121182,clique
P_765233,W_7878,clique
P_765237,W_9290,clique
P_765278,W_12795,clique
P_765279,W_128680,clique
P_765287,W_20710,clique
P_765307,W_3177,clique
P_765364,W_27320,clique
P_765408,W_9571,clique
P_765410,W_9358,clique
P_765411,W_3264,clique
P_765472,W_63101,clique
P_765474,W_144648,clique
P_765495,W_6693,clique
P_765595,W_23239,clique
P_765675,W_11006,clique
P_76574,W_76574,clique
P_766140,W_62475,clique
P_766231,W_656,clique
P_766336,W_5388,clique
P_766397,W_11657,clique
P_766418,W_198593,noise
P_766446,W_198608,noise
P_766449,W_196604,noise
P_766514,W_5915,clique
P_76653,W_10576,clique
P_766627,W_198639,noise
P_7667,W_303,clique
P_766712,W_69970,clique
P_766713,W_6163,clique
P_766724,W_64652,clique
P_766750,W_114608,clique
P_766755,W_140168,clique
P_766803,W_127547,clique
P_766804,W_13552,clique
P_766806,W_4939,clique
P_766812,W_23772,clique
P_766813,W_38171,clique
P_766814,W_61933,clique
P_766815,W_39438,clique
P_766829,W_13540,clique
P_766924,W_93655,clique
P_766932,W_1795,clique
P_76695,W_42338,clique
P_766954,W_121182,clique
P_766956,W_53262,clique
P_766958,W_10852,clique
P_766960,W_10847,clique
P_766961,W_27906,clique
P_7670,W_1362,clique
P_767032,W_198670,noise
P_767167,W_50523,clique
P_76717,W_55068,clique
P_767171,W_103,clique
P_767263,W_149093,noise
P_767350,W_198703,noise
P_767498,W_87758,clique
P_767500,W_124809,clique
P_767590,W_8543,clique
P_76761,W_24522,clique
P_767662,W_20639,clique
P_767665,W_1143,clique
P_767681,W_2271,clique
P_767788,W_45948,clique
P_767837,W_42521,clique
P_767843,W_118823,clique
P_767863,W_34699,clique
P_767886,W_3264,clique
P_767911,W_87758,clique
P_768027,W_119680,clique
P_768079,W_198802,noise
P_768192,W_198812,noise
P_768309,W_46288,clique
P_768311,W_434,clique
P_768496,W_3904,clique
P_768556,W_47674,clique
P_768846,W_97460,clique
P_768849,W_82218,clique
P_769216,W_10141,clique
P_769239,W_63932,clique
P_769284,W_62147,noise
P_769404,W_656,clique
P_769479,W_122499,clique
P_769480,W_62433,clique
P_769576,W_143172,clique
P_769625,W_43898,clique
P_769656,W_197354,noise
P_769744,W_199002,noise
P_769749,W_20005,clique
P_769798,W_9128,clique
P_769802,W_31003,clique
P_769815,W_7247,clique
P_769884,W_11516,clique
P_769891,W_150660,clique
P_769934,W_24473,clique
P_769936,W_5233,clique
P_770058,W_9358,clique
P_770062,W_98311,clique
P_770102,W_22936,clique
P_770111,W_3099,clique
P_770269,W_111656,clique
P_770291,W_5500,clique
P_770310,W_106883,clique
P_770314,W_115054,clique
P_770328,W_6859,clique
P_770330,W_132642,clique
P_77051,W_69970,clique
P_770524,W_121504,clique
P_770570,W_9350,clique
P_770636,W_114712,clique
P_770669,W_65609,clique
P_770677,W_11817,clique
P_770718,W_199101,noise
P_770749,W_70887,clique
P_770758,W_65381,clique
P_770818,W_199118,noise
P_770826,W_199122,noise
P_770834,W_199125,noise
P_770840,W_199128,noise
P_770874,W_132490,clique
P_770912,W_14861,clique
P_770913,W_11657,clique
P_770918,W_132541,clique
P_770941,W_199145,noise
P_770946,W_64627,clique
P_770976,W_199154,noise
P_770990,W_226,clique
P_771037,W_39150,noise
P_771104,W_125863,clique
P_77111,W_33804,clique
P_771112,W_125863,clique
P_771130,W_5655,clique
P_771254,W_3978,clique
P_771289,W_112805,noise
P_771389,W_78838,clique
P_771410,W_14620,clique
P_771428,W_150625,clique
P_771467,W_132541,clique
P_771499,W_64624,noise
P_7715,W_1362,clique
P_77151,W_76498,clique
P_77153,W_77153,clique
P_77154,W_77153,clique
P_771552,W_7245,clique
P_77156,W_77153,clique
P_771645,W_46851,clique
P_771754,W_116565,clique
P_771821,W_197965,noise
P_771840,W_132490,clique
P_77186,W_1308,clique
P_772160,W_122254,clique
P_772226,W_9271,clique
P_772330,W_9158,clique
P_772336,W_117417,clique
P_772369,W_103129,clique
P_77240,W_54356,noise
P_772419,W_122364,noise
P_772457,W_9297,clique
P_772487,W_32053,clique
P_772504,W_199437,noise
P_772600,W_199033,noise
P_772629,W_124809,clique
P_772666,W_199468,noise
P_772673,W_125863,clique
P_772691,W_10154,clique
P_772743,W_115728,clique
P_7728,W_6102,clique
P_772864,W_21826,clique
P_772867,W_53997,clique
P_772868,W_3904,clique
P_772983,W_199481,noise
P_773087,W_9358,clique
P_773184,W_179,clique
P_7733,W_1362,clique
P_77332,W_4775,clique
P_77336,W_46408,clique
P_773471,W_13216,clique
P_77349,W_19508,clique
P_773513,W_178571,noise
P_773524,W_14354,clique
P_773525,W_10237,clique
P_773647,W_111535,clique
P_773693,W_121393,noise
P_77370,W_26,clique
P_773843,W_15300,clique
P_773984,W_10526,clique
P_774218,W_108196,noise
P_774238,W_177604,noise
P_774304,W_13552,clique
P_774350,W_14379,clique
P_774365,W_130324,noise
P_774414,W_159804,noise
P_77470,W_272,clique
P_774812,W_25150,clique
P_774855,W_142439,clique
P_775,W_775,clique
P_775006,W_20254,clique
P_775013,W_115249,clique
P_775027,W_126478,clique
P_775037,W_11641,clique
P_77508,W_17053,clique
P_77511,W_64513,clique
P_775146,W_5930,clique
P_77517,W_24522,clique
P_775490,W_2558,clique
P_77550,W_3447,clique
P_775626,W_137056,clique
P_775629,W_136166,clique
P_775824,W_124745,clique
P_775850,W_119695,clique
P_775860,W_111991,clique
P_775867,W_199876,noise
P_77589,W_53432,noise
P_775903,W_15385,clique
P_776045,W_31091,clique
P_776095,W_82218,clique
P_776172,W_10154,clique
P_7762,W_7762,clique
P_776235,W_82218,clique
P_77638,W_10338,clique
P_776499,W_188742,noise
P_776574,W_73656,clique
P_776605,W_199949,noise
P_776652,W_9358,clique
P_776726,W_131879,noise
P_776744,W_9724,clique
P_776768,W_64649,clique
P_776963,W_76574,clique
P_777002,W_9358,clique
P_777098,W_13693,clique
P_777100,W_4833,clique
P_77714,W_76574,clique
P_777178,W_200031,noise
P_77727,W_28687,clique
P_777277,W_40419,clique
P_777280,W_9358,clique
P_777314,W_91832,clique
P_777321,W_38429,clique
P_77745,W_20622,clique
P_777547,W_124809,clique
P_777598,W_200083,noise
P_77760,W_43195,clique
P_777601,W_9358,clique
P_777805,W_3264,clique
P_777819,W_12159,clique
P_777914,W_17274,clique
P_77792,W_8387,clique
P_778040,W_12460,clique
P_778057,W_233,clique
P_778064,W_11785,clique
P_778098,W_11474,clique
P_778126,W_14620,clique
P_778127,W_21528,clique
P_77841,W_77841,clique
P_77842,W_77841,clique
P_77844,W_77841,clique
P_77845,W_77841,clique
P_77846,W_77841,clique
P_778521,W_592,noise
P_778522,W_1017,clique
P_7786,W_7776,clique
P_778616,W_197587,noise
P_778739,W_40419,clique
P_778969,W_13127,clique
P_77911,W_2966,clique
P_77932,W_383,clique
P_779367,W_200281,noise
P_779375,W_112097,clique
P_779527,W_656,clique
P_779529,W_9276,clique
P_779530,W_11051,clique
P_779539,W_627,clique
P_779546,W_4887,clique
P_77962,W_4755,clique
P_77971,W_27790,clique
P_779812,W_121852,clique
P_779851,W_3270,clique
P_779935,W_52660,clique
P_779985,W_10129,clique
P_780317,W_6425,noise
P_780413,W_81722,clique
P_780590,W_200525,noise
P_780636,W_200538,noise
P_780721,W_114986,noise
P_780762,W_16560,clique
P_78082,W_7552,clique
P_780879,W_4816,clique
P_780996,W_4810,clique
P_781224,W_200595,noise
P_781236,W_12460,clique
P_781300,W_10154,clique
P_781343,W_4762,clique
P_781434,W_12159,clique
P_781435,W_13549,clique
P_781436,W_27906,clique
P_781440,W_63854,clique
P_78155,W_78155,noise
P_781571,W_13208,clique
P_7816,W_7816,clique
P_781825,W_38005,noise
P_781868,W_399,clique
P_781921,W_9812,clique
P_781972,W_200724,clique
P_781984,W_71763,noise
P_782044,W_159350,noise
P_782060,W_195566,clique
P_782084,W_200773,noise
P_782134,W_8543,clique
P_782177,W_200724,clique
P_782236,W_200802,noise
P_782253,W_4833,clique
P_782444,W_177431,clique
P_782523,W_12140,clique
P_782535,W_7580,clique
P_782554,W_40034,clique
P_782583,W_118849,clique
P_782586,W_158953,noise
P_782591,W_40034,clique
P_782623,W_25150,clique
P_782637,W_14238,clique
P_782719,W_200869,noise
P_782780,W_200880,noise
P_782784,W_23525,clique
P_782796,W_43088,clique
P_782797,W_7264,clique
P_782804,W_233,clique
P_782805,W_7245,clique
P_782833,W_199357,noise
P_782861,W_26111,clique
P_782862,W_9574,clique
P_782863,W_2759,clique
P_782864,W_101001,clique
P_782865,W_19943,clique
P_782866,W_7584,clique
P_782868,W_111906,clique
P_782869,W_10914,clique
P_782870,W_11484,clique
P_782916,W_200823,noise
P_782930,W_184198,noise
P_782950,W_200896,noise
P_783039,W_200902,noise
P_783056,W_43195,clique
P_783199,W_7245,clique
P_783315,W_10931,clique
P_783330,W_29299,clique
P_783533,W_3145,clique
P_783547,W_200974,noise
P_783552,W_146672,noise
P_783585,W_5118,clique
P_783651,W_98311,clique
P_783689,W_4762,clique
P_783744,W_129436,clique
P_783788,W_201010,noise
P_783794,W_171617,noise
P_783826,W_13127,clique
P_783827,W_118894,noise
P_783849,W_201016,noise
P_783866,W_201021,noise
P_783913,W_201035,noise
P_78395,W_55442,clique
P_784035,W_2768,clique
P_784048,W_53262,clique
P_784049,W_23770,clique
P_784050,W_29380,clique
P_784064,W_10849,clique
P_784076,W_114362,noise
P_784085,W_65049,clique
P_784132,W_21958,clique
P_784133,W_43997,clique
P_784424,W_43195,clique
P_784473,W_192799,noise
P_7845,W_1412,clique
P_78451,W_78451,noise
P_78456,W_78445,noise
P_784681,W_32062,clique
P_784690,W_6453,clique
P_784837,W_7245,clique
P_784855,W_4841,clique
P_784861,W_32058,clique
P_784915,W_114562,noise
P_78507,W_78507,noise
P_785116,W_200724,clique
P_785134,W_200724,clique
P_785142,W_184,clique
P_785174,W_126322,noise
P_785193,W_11054,clique
P_785194,W_11051,clique
P_785196,W_5342,clique
P_785222,W_17274,clique
P_785449,W_47674,clique
P_785519,W_9276,clique
P_785547,W_46288,clique
P_785564,W_6753,clique
P_785638,W_4925,noise
P_785708,W_76428,noise
P_785711,W_7446,clique
P_785731,W_13216,clique
P_785736,W_430,clique
P_785786,W_1108,clique
P_785816,W_133525,clique
P_78583,W_78583,noise
P_785854,W_176710,noise
P_785978,W_199942,noise
P_786015,W_132426,clique
P_786253,W_103771,clique
P_786256,W_42521,clique
P_786305,W_42521,clique
P_786310,W_201354,noise
P_786319,W_9092,clique
P_786332,W_82218,clique
P_786338,W_47639,clique
P_786342,W_98311,clique
P_786344,W_7032,clique
P_786345,W_32058,clique
P_786348,W_32062,clique
P_786373,W_13222,clique
P_786379,W_46851,clique
P_78638,W_3237,clique
P_786392,W_2150,noise
P_786600,W_40199,clique
P_786605,W_17662,clique
P_786610,W_14379,clique
P_786620,W_117450,clique
P_786712,W_22961,clique
P_786713,W_140157,clique
P_786715,W_79329,clique
P_786740,W_201412,noise
P_786793,W_62475,clique
P_786880,W_3264,clique
P_786912,W_201447,noise
P_786932,W_124809,clique
P_786933,W_124809,clique
P_786955,W_6097,clique
P_787045,W_121059,noise
P_787094,W_200724,clique
P_787192,W_200724,clique
P_787436,W_11474,clique
P_787448,W_52227,clique
P_787461,W_11352,clique
P_7877,W_3099,clique
P_787785,W_4751,clique
P_788012,W_200724,clique
P_78808,W_31327,clique
P_788122,W_15312,noise
P_788149,W_11319,noise
P_78819,W_103,clique
P_788259,W_201639,noise
P_788289,W_201652,noise
P_78838,W_78838,clique
P_788438,W_32595,clique
P_788446,W_32595,clique
P_788548,W_200724,clique
P_788552,W_200724,clique
P_788562,W_200724,clique
P_788591,W_200724,clique
P_788633,W_5697,clique
P_788651,W_4726,clique
P_788652,W_99751,clique
P_788706,W_132987,clique
P_78886,W_78838,clique
P_788951,W_6336,noise
P_788974,W_199901,noise
P_788981,W_23544,clique
P_789027,W_116622,clique
P_789036,W_54461,clique
P_789134,W_6292,clique
P_789279,W_20005,clique
P_78937,W_10237,clique
P_789398,W_122499,clique
P_78942,W_7253,clique
P_789479,W_64395,clique
P_78949,W_7253,clique
P_789564,W_9131,clique
P_789570,W_61933,clique
P_789576,W_201796,noise
P_7898,W_7027,clique
P_78985,W_32711,clique
P_789987,W_148980,noise
P_790160,W_200724,clique
P_79018,W_31938,clique
P_790226,W_30678,clique
P_790240,W_64652,clique
P_790263,W_122602,clique
P_790304,W_201873,noise
P_790352,W_201882,noise
P_790392,W_47674,clique
P_790496,W_62086,clique
P_790497,W_28094,clique
P_790547,W_87758,clique
P_790660,W_201861,noise
P_790712,W_28784,clique
P_790736,W_200661,noise
P_790780,W_20005,clique
P_790784,W_9350,clique
P_790823,W_10717,clique
P_791011,W_201936,noise
P_791046,W_68472,clique
P_791048,W_59150,clique
P_79107,W_79107,noise
P_791109,W_17662,clique
P_791220,W_149481,noise
P_791332,W_8605,noise
P_791338,W_32062,clique
P_791341,W_43195,clique
P_791391,W_109642,clique
P_791409,W_25154,clique
P_791438,W_19748,clique
P_791464,W_627,clique
P_791484,W_190915,noise
P_791527,W_161,clique
P_791543,W_4945,clique
P_791554,W_158612,noise
P_7916,W_7916,noise
P_791706,W_202045,noise
P_791807,W_4849,clique
P_791808,W_11358,clique
P_791827,W_5396,clique
P_791911,W_144086,noise
P_791917,W_201985,noise
P_791924,W_167816,noise
P_791930,W_65609,clique
P_792013,W_124057,noise
P_792115,W_202071,noise
P_792220,W_202123,noise
P_792241,W_112912,noise
P_792303,W_82218,clique
P_792335,W_2928,clique
P_792417,W_31938,clique
P_792504,W_7257,clique
P_79254,W_79254,noise
P_792549,W_43898,clique
P_792550,W_118823,clique
P_792574,W_98998,noise
P_79259,W_74245,clique
P_792643,W_202204,noise
P_792689,W_82218,clique
P_79270,W_79270,noise
P_79280,W_9671,clique
P_79281,W_52227,clique
P_79282,W_74362,clique
P_792833,W_69970,clique
P_792854,W_11006,clique
P_792860,W_62433,clique
P_792867,W_20539,clique
P_792878,W_171732,noise
P_79290,W_3177,clique
P_79294,W_10144,clique
P_79295,W_7961,clique
P_79296,W_26941,clique
P_793041,W_136743,noise
P_793113,W_168931,noise
P_793136,W_64445,clique
P_793188,W_202351,noise
P_793220,W_141848,noise
P_79329,W_79329,clique
P_793437,W_32062,clique
P_793516,W_58783,clique
P_793596,W_13687,clique
P_793683,W_22936,clique
P_793689,W_14238,clique
P_793716,W_5917,clique
P_793761,W_27477,clique
P_79381,W_10603,clique
P_79386,W_56052,noise
P_79388,W_1017,clique
P_793899,W_202475,noise
P_793944,W_83065,noise
P_794050,W_4852,clique
P_794122,W_56781,clique
P_794176,W_26461,clique
P_794282,W_11823,clique
P_794429,W_201641,noise
P_794509,W_25113,clique
P_79458,W_3270,clique
P_794647,W_954,clique
P_794739,W_9286,clique
P_794744,W_5118,clique
P_79485,W_79485,noise
P_794971,W_114606,clique
P_794980,W_109122,clique
P_795004,W_9132,clique
P_795007,W_3497,clique
P_795008,W_28687,clique
P_795032,W_64766,clique
P_795091,W_3260,clique
P_795095,W_3260,clique
P_795306,W_5231,clique
P_795446,W_40251,clique
P_795447,W_10788,clique
P_795450,W_27641,clique
P_795477,W_28784,clique
P_795613,W_64489,clique
P_795617,W_150625,clique
P_796012,W_4887,clique
P_79609,W_11785,clique
P_796092,W_44137,clique
P_7961,W_7961,clique
P_796132,W_69073,clique
P_796165,W_111991,clique
P_796181,W_21958,clique
P_796216,W_21958,clique
P_796234,W_21958,clique
P_796243,W_21958,clique
P_796256,W_21958,clique
P_796373,W_118543,clique
P_796390,W_122709,clique
P_796427,W_170455,noise
P_796497,W_39438,clique
P_796550,W_4812,clique
P_79660,W_33804,clique
P_79661,W_22148,clique
P_79665,W_3097,clique
P_796737,W_175,clique
P_797095,W_139764,noise
P_797111,W_41771,clique
P_797242,W_71473,clique
P_797307,W_203083,noise
P_797419,W_154650,noise
P_797529,W_156542,clique
P_797588,W_203122,noise
P_79762,W_79762,noise
P_797623,W_47674,clique
P_797776,W_180593,noise
P_797859,W_153287,noise
P_797966,W_95196,noise
P_798115,W_43088,clique
P_798172,W_106255,noise
P_798211,W_10985,noise
P_798214,W_11387,clique
P_798279,W_7580,clique
P_798285,W_20254,clique
P_798288,W_53351,clique
P_798289,W_4826,clique
P_79841,W_10065,clique
P_79842,W_10065,clique
P_798457,W_43088,clique
P_798476,W_13127,clique
P_79852,W_10065,clique
P_79854,W_10065,clique
P_798612,W_434,clique
P_798638,W_35395,clique
P_798645,W_62086,clique
P_798646,W_4801,clique
P_798647,W_80336,clique
P_798652,W_27164,clique
P_798657,W_98152,clique
P_798685,W_203321,noise
P_798815,W_97460,clique
P_798953,W_163732,noise
P_798963,W_147353,noise
P_798975,W_203342,noise
P_798977,W_14599,clique
P_799002,W_114606,clique
P_799008,W_40199,clique
P_799033,W_9376,clique
P_799035,W_62433,clique
P_79915,W_28495,clique
P_79917,W_28495,clique
P_79918,W_28495,clique
P_79921,W_42488,clique
P_799235,W_25113,clique
P_799413,W_5342,clique
P_799437,W_32202,clique
P_799537,W_31327,clique
P_799548,W_28547,clique
P_799553,W_20639,clique
P_80071,W_40199,clique
P_80077,W_29078,clique
P_80078,W_11779,clique
P_80267,W_580,clique
P_80275,W_39055,clique
P_80337,W_80336,clique
P_80338,W_21013,clique
P_80391,W_3092,clique
P_8044,W_8043,noise
P_80464,W_4775,clique
P_80524,W_49809,clique
P_80590,W_63101,clique
P_80605,W_9290,clique
P_80630,W_20049,clique
P_80635,W_11649,clique
P_8067,W_8066,noise
P_80758,W_2427,clique
P_80763,W_26687,clique
P_80779,W_11657,clique
P_80810,W_226,clique
P_80814,W_39525,clique
P_80927,W_80642,noise
P_8096,W_3211,clique
P_8098,W_3211,clique
P_81016,W_22451,clique
P_81052,W_175,clique
P_81053,W_148,clique
P_81056,W_23772,clique
P_81057,W_51795,clique
P_81071,W_7249,clique
P_8108,W_3211,clique
P_8109,W_3211,clique
P_81116,W_14354,clique
P_81118,W_14354,clique
P_81119,W_14354,clique
P_81120,W_26542,clique
P_81125,W_26542,clique
P_8113,W_3211,clique
P_81148,W_2558,clique
P_8117,W_3211,clique
P_8120,W_3211,clique
P_81241,W_29487,clique
P_81243,W_22961,clique
P_81246,W_11794,clique
P_81267,W_7253,clique
P_81268,W_7253,clique
P_81274,W_10144,clique
P_81275,W_10144,clique
P_81277,W_15519,clique
P_81305,W_33213,clique
P_81306,W_10847,clique
P_81407,W_10849,clique
P_81612,W_1792,clique
P_81614,W_1792,clique
P_81618,W_1792,clique
P_817,W_817,clique
P_81704,W_10338,clique
P_81722,W_81722,clique
P_81723,W_81722,clique
P_81728,W_81722,clique
P_81763,W_81762,noise
P_81801,W_7229,clique
P_81804,W_42117,clique
P_81814,W_1305,clique
P_81815,W_2974,clique
P_81816,W_8824,clique
P_81823,W_2558,clique
P_81824,W_209,clique
P_81924,W_1792,clique
P_8202,W_8202,clique
P_8204,W_8203,clique
P_8205,W_8203,clique
P_82078,W_6616,clique
P_82094,W_4690,clique
P_82103,W_20162,clique
P_82109,W_34604,clique
P_82110,W_4685,clique
P_8212,W_8212,noise
P_82121,W_5438,clique
P_82122,W_81722,clique
P_82147,W_82146,clique
P_8215,W_2474,clique
P_82151,W_82146,clique
P_82155,W_82146,clique
P_8217,W_2928,clique
P_8218,W_8213,clique
P_82200,W_82200,clique
P_82201,W_82200,clique
P_82202,W_82200,clique
P_82225,W_82218,clique
P_82286,W_9507,clique
P_82289,W_81722,clique
P_82291,W_81722,clique
P_82328,W_2558,clique
P_82342,W_10313,clique
P_82343,W_30678,clique
P_82446,W_2081,clique
P_8246,W_8245,noise
P_82505,W_29487,clique
P_82518,W_82518,noise
P_82579,W_12992,clique
P_82704,W_7202,clique
P_82708,W_12255,clique
P_82709,W_12255,clique
P_82716,W_12255,clique
P_82722,W_12255,clique
P_82723,W_12255,clique
P_82724,W_12255,clique
P_82747,W_5294,clique
P_82754,W_5294,clique
P_82756,W_25150,clique
P_82760,W_22965,clique
P_82761,W_11794,clique
P_82763,W_4826,clique
P_82841,W_11850,clique
P_82842,W_4685,clique
P_82843,W_29380,clique
P_82846,W_5438,clique
P_82874,W_77841,clique
P_82876,W_77841,clique
P_82877,W_82877,clique
P_82880,W_82877,clique
P_82900,W_1153,clique
P_8292,W_161,clique
P_82922,W_1153,clique
P_82956,W_27328,clique
P_82958,W_2145,clique
P_82961,W_4820,clique
P_82962,W_4810,clique
P_82963,W_20088,clique
P_82965,W_20084,clique
P_82967,W_19353,clique
P_82968,W_20069,clique
P_82969,W_27320,clique
P_82972,W_20110,clique
P_82974,W_19945,clique
P_82975,W_7878,clique
P_82977,W_8203,clique
P_83034,W_83033,noise
P_83038,W_7027,clique
P_83070,W_18,clique
P_8316,W_6536,clique
P_83176,W_83176,noise
P_83282,W_83282,noise
P_83296,W_83296,clique
P_83300,W_83296,clique
P_83301,W_83296,clique
P_83302,W_83296,clique
P_8334,W_575,clique
P_8339,W_8339,clique
P_8340,W_8339,clique
P_83423,W_34086,clique
P_83532,W_64766,clique
P_83544,W_5438,clique
P_83545,W_22965,clique
P_83588,W_83587,noise
P_8371,W_3162,clique
P_83727,W_18,clique
P_8381,W_3162,clique
P_8386,W_3162,clique
P_83871,W_83871,clique
P_83873,W_83873,clique
P_8389,W_998,clique
P_83895,W_83871,clique
P_83908,W_83873,clique
P_8391,W_3162,clique
P_83911,W_83881,clique
P_83917,W_83881,clique
P_83920,W_83873,clique
P_83925,W_83871,clique
P_83926,W_83873,clique
P_83959,W_34604,clique
P_83979,W_1795,clique
P_83986,W_1795,clique
P_83987,W_1795,clique
P_84025,W_83881,clique
P_8404,W_3162,clique
P_841,W_841,clique
P_84140,W_29130,clique
P_84242,W_74255,noise
P_84247,W_44435,clique
P_84249,W_28184,clique
P_84250,W_4837,clique
P_84252,W_21817,clique
P_84260,W_42338,clique
P_84377,W_21958,clique
P_84379,W_21958,clique
P_84380,W_21958,clique
P_84381,W_21958,clique
P_84382,W_5316,clique
P_84384,W_2968,clique
P_84386,W_4849,clique
P_84458,W_2158,clique
P_84554,W_18,clique
P_84578,W_82146,clique
P_84599,W_84599,noise
P_84642,W_45783,clique
P_84739,W_4922,clique
P_84759,W_48,clique
P_84812,W_34568,clique
P_84873,W_20769,clique
P_84929,W_3997,clique
P_84983,W_13695,clique
P_85008,W_4728,clique
P_85086,W_2558,clique
P_85133,W_9132,clique
P_85203,W_2673,clique
P_8521,W_8521,clique
P_8522,W_8521,clique
P_8526,W_8521,clique
P_8527,W_2658,clique
P_85280,W_9132,clique
P_8529,W_4749,clique
P_8533,W_2928,clique
P_85332,W_85332,clique
P_85335,W_85332,clique
P_8535,W_8535,clique
P_85366,W_53262,clique
P_85367,W_53262,clique
P_85392,W_1795,clique
P_85417,W_6437,clique
P_8544,W_8543,clique
P_85447,W_2855,clique
P_85459,W_5102,clique
P_85479,W_70887,clique
P_85481,W_25489,clique
P_85491,W_29045,clique
P_8555,W_8521,clique
P_85555,W_28687,clique
P_856,W_856,clique
P_85652,W_68797,noise
P_857,W_856,clique
P_85747,W_35395,clique
P_85752,W_2145,clique
P_85753,W_10576,clique
P_85754,W_4698,clique
P_85803,W_226,clique
P_85810,W_31938,clique
P_85812,W_1376,clique
P_85951,W_51795,clique
P_85952,W_54816,clique
P_85958,W_54461,clique
P_85959,W_22965,clique
P_85960,W_2970,clique
P_85962,W_75004,noise
P_85967,W_5912,clique
P_8599,W_343,clique
P_86054,W_12542,clique
P_86072,W_6807,clique
P_86189,W_49809,clique
P_86198,W_1033,clique
P_86202,W_2081,clique
P_86221,W_6509,noise
P_86311,W_25489,clique
P_86431,W_4681,clique
P_86463,W_59952,clique
P_86482,W_86481,noise
P_86517,W_9263,clique
P_86519,W_10845,clique
P_86557,W_575,clique
P_86616,W_44928,noise
P_86618,W_11823,clique
P_86622,W_11823,clique
P_86636,W_4820,clique
P_86638,W_22961,clique
P_86639,W_33213,clique
P_86640,W_83881,clique
P_86642,W_30668,clique
P_86643,W_7581,clique
P_867,W_867,clique
P_86726,W_86726,noise
P_86764,W_86764,noise
P_8679,W_6939,clique
P_86797,W_2759,clique
P_86798,W_10902,clique
P_8681,W_2768,clique
P_869,W_867,clique
P_86902,W_86898,noise
P_86939,W_86939,clique
P_86940,W_86939,clique
P_86941,W_86939,clique
P_86946,W_10906,clique
P_8696,W_8696,clique
P_86972,W_43012,clique
P_8699,W_8696,clique
P_87015,W_70887,clique
P_87030,W_83871,clique
P_8705,W_2768,clique
P_87177,W_12140,clique
P_87213,W_83873,clique
P_87214,W_83873,clique
P_87392,W_4066,clique
P_87400,W_32058,clique
P_87404,W_7245,clique
P_87410,W_5958,clique
P_8749,W_3321,clique
P_87492,W_4692,clique
P_87494,W_4692,clique
P_87669,W_27579,clique
P_87847,W_7776,clique
P_87942,W_1376,clique
P_87979,W_31383,clique
P_87980,W_69970,clique
P_87989,W_13875,clique
P_87991,W_63854,clique
P_8807,W_1033,clique
P_88127,W_6031,clique
P_88128,W_1412,clique
P_882,W_882,clique
P_88203,W_17671,clique
P_88239,W_68472,clique
P_8824,W_8824,clique
P_88246,W_1792,clique
P_88295,W_63932,clique
P_88370,W_200774,noise
P_8850,W_8850,clique
P_88509,W_88508,clique
P_88510,W_88508,clique
P_88511,W_88508,clique
P_88512,W_88508,clique
P_88513,W_88508,clique
P_8853,W_8850,clique
P_88556,W_6859,clique
P_88611,W_199,clique
P_88700,W_199,clique
P_8872,W_8872,clique
P_88775,W_11779,clique
P_88777,W_11779,clique
P_88779,W_2968,clique
P_88793,W_30235,clique
P_88797,W_1376,clique
P_88847,W_3099,clique
P_8887,W_8872,clique
P_88876,W_4690,clique
P_88877,W_4687,clique
P_88879,W_4692,clique
P_88886,W_10428,clique
P_8891,W_8891,noise
P_88919,W_4700,clique
P_88933,W_679,clique
P_8895,W_26,clique
P_8897,W_246,clique
P_88972,W_13687,clique
P_89051,W_71473,clique
P_89052,W_50379,clique
P_89060,W_11859,clique
P_89064,W_70887,clique
P_89066,W_11833,clique
P_89067,W_11819,clique
P_89076,W_89076,noise
P_89098,W_22556,clique
P_89123,W_6403,clique
P_89152,W_20257,clique
P_89286,W_89286,noise
P_89468,W_61921,clique
P_89485,W_89485,noise
P_89526,W_2930,clique
P_89534,W_817,clique
P_89645,W_3203,clique
P_89662,W_11850,clique
P_89777,W_5319,clique
P_89895,W_932,clique
P_89944,W_89937,noise
P_9001,W_8213,clique
P_9004,W_9004,clique
P_9006,W_9006,clique
P_90418,W_21013,clique
P_90446,W_20185,clique
P_90620,W_14662,clique
P_9077,W_9075,noise
P_90940,W_20185,clique
P_91000,W_9271,clique
P_9112,W_2855,clique
P_91140,W_13440,clique
P_9128,W_9128,clique
P_91280,W_43012,clique
P_9129,W_9128,clique
P_91301,W_8673,clique
P_91305,W_2427,clique
P_9131,W_9131,clique
P_9133,W_9133,clique
P_91376,W_7489,clique
P_91377,W_11841,clique
P_9146,W_2768,clique
P_91503,W_6715,clique
P_91508,W_30678,clique
P_91541,W_32408,clique
P_91546,W_7279,clique
P_9158,W_9158,clique
P_91667,W_91667,noise
P_9170,W_4816,clique
P_91705,W_91705,noise
P_9171,W_1353,clique
P_91727,W_34728,clique
P_9175,W_243,clique
P_91752,W_29045,clique
P_91755,W_70887,clique
P_91786,W_91786,clique
P_91788,W_91786,clique
P_91792,W_91786,clique
P_91806,W_42117,clique
P_91818,W_52660,clique
P_91821,W_4846,clique
P_91822,W_20610,clique
P_9183,W_4884,clique
P_91888,W_91887,noise
P_9190,W_4939,clique
P_9199,W_9199,clique
P_9200,W_2966,clique
P_92137,W_564,clique
P_92170,W_6093,clique
P_92195,W_1033,clique
P_92277,W_30715,noise
P_92318,W_6384,noise
P_92338,W_7495,clique
P_92417,W_92417,clique
P_92616,W_92616,clique
P_92618,W_92616,clique
P_92619,W_92616,clique
P_92620,W_92616,clique
P_92627,W_92616,clique
P_92633,W_9199,clique
P_92643,W_83881,clique
P_92645,W_45783,clique
P_9266,W_9266,clique
P_92665,W_3077,clique
P_92666,W_3077,clique
P_92668,W_11798,clique
P_92670,W_14599,clique
P_9271,W_9271,clique
P_9277,W_9276,clique
P_92778,W_3077,clique
P_9285,W_2855,clique
P_9286,W_9286,clique
P_92863,W_91786,clique
P_92864,W_9133,clique
P_92888,W_83873,clique
P_92908,W_34353,clique
P_92909,W_34353,clique
P_92914,W_34353,clique
P_92915,W_34353,clique
P_9292,W_8872,clique
P_92928,W_92616,clique
P_9293,W_8872,clique
P_93053,W_86939,clique
P_93126,W_5500,clique
P_93139,W_4749,clique
P_93199,W_8339,clique
P_932,W_932,clique
P_93203,W_14019,clique
P_93221,W_44435,clique
P_9328,W_1362,clique
P_93494,W_20097,clique
P_9358,W_9358,clique
P_9362,W_9359,noise
P_9364,W_6097,clique
P_93644,W_93644,clique
P_93653,W_93653,noise
P_93655,W_93655,clique
P_93656,W_93655,clique
P_93660,W_93655,clique
P_93716,W_91832,clique
P_9372,W_8937,clique
P_9376,W_9376,clique
P_93886,W_3321,clique
P_93897,W_31327,clique
P_9394,W_3170,clique
P_93943,W_30326,clique
P_93944,W_22053,clique
P_93984,W_8673,clique
P_94,W_94,clique
P_94007,W_1347,clique
P_94014,W_4916,clique
P_94080,W_12460,clique
P_94081,W_14019,clique
P_94084,W_61207,clique
P_94187,W_94186,noise
P_94272,W_94271,noise
P_94346,W_2081,clique
P_94377,W_94377,noise
P_94448,W_19748,clique
P_94516,W_27641,clique
P_94593,W_11798,clique
P_94594,W_11798,clique
P_94595,W_11798,clique
P_94611,W_11798,clique
P_94967,W_89492,clique
P_94968,W_89492,clique
P_95035,W_1376,clique
P_9508,W_9508,clique
P_9512,W_4655,clique
P_9513,W_775,clique
P_95361,W_799,clique
P_95403,W_56072,clique
P_95427,W_6485,clique
P_95441,W_1353,clique
P_95444,W_36064,clique
P_95451,W_2110,clique
P_95453,W_6485,clique
P_95472,W_10428,clique
P_95566,W_91786,clique
P_95597,W_91832,clique
P_9562,W_3097,clique
P_9563,W_9515,noise
P_95698,W_11898,clique
P_95700,W_40675,clique
P_95701,W_2968,clique
P_9571,W_9571,clique
P_95710,W_54466,clique
P_95714,W_51795,clique
P_9572,W_9571,clique
P_9576,W_9576,clique
P_95834,W_58783,clique
P_95837,W_10577,clique
P_9599,W_9560,clique
P_9600,W_5500,clique
P_96011,W_998,clique
P_96059,W_20185,clique
P_9608,W_462,clique
P_96093,W_4867,clique
P_9619,W_9619,noise
P_96302,W_2427,clique
P_96306,W_47901,clique
P_9633,W_9508,clique
P_96418,W_9507,clique
P_9643,W_9643,clique
P_9644,W_9644,clique
P_96480,W_35188,clique
P_96492,W_11485,clique
P_96499,W_14662,clique
P_9654,W_10906,clique
P_96638,W_5917,clique
P_9665,W_9665,clique
P_96671,W_7249,clique
P_96672,W_46408,clique
P_96680,W_23627,clique
P_96681,W_26988,clique
P_96682,W_37513,clique
P_96690,W_82877,clique
P_9671,W_9671,clique
P_96711,W_24473,clique
P_96715,W_54466,clique
P_96717,W_42453,clique
P_96719,W_62086,clique
P_96720,W_80336,clique
P_96787,W_3928,clique
P_96795,W_627,clique
P_96796,W_96796,noise
P_9688,W_2158,clique
P_96884,W_2427,clique
P_9690,W_9671,clique
P_9691,W_124745,clique
P_96985,W_373,clique
P_9703,W_9703,clique
P_97058,W_12135,clique
P_9719,W_9719,clique
P_97225,W_6676,clique
P_97309,W_92616,clique
P_97311,W_4704,clique
P_97312,W_3266,clique
P_97359,W_48,clique
P_97453,W_9574,clique
P_97458,W_4683,clique
P_97461,W_97460,clique
P_97506,W_23142,clique
P_97516,W_4655,clique
P_97613,W_55861,clique
P_97614,W_55861,clique
P_97632,W_97632,clique
P_97634,W_97632,clique
P_9768,W_9768,noise
P_97696,W_4698,clique
P_97698,W_11652,clique
P_97755,W_83881,clique
P_97765,W_91832,clique
P_97772,W_18507,clique
P_97773,W_82146,clique
P_97849,W_3097,clique
P_97894,W_97894,noise
P_97910,W_8535,clique
P_97911,W_40034,clique
P_97912,W_55861,clique
P_97915,W_6031,clique
P_97916,W_27320,clique
P_97918,W_4820,clique
P_97923,W_29380,clique
P_9801,W_6417,clique
P_98011,W_6102,clique
P_9812,W_9812,clique
P_9819,W_9812,clique
P_98212,W_53687,clique
P_9828,W_9812,clique
P_98336,W_11785,clique
P_98351,W_28184,clique
P_9837,W_9812,clique
P_98387,W_27164,clique
P_98426,W_29380,clique
P_98427,W_29380,clique
P_98429,W_21352,clique
P_9843,W_9812,clique
P_98449,W_61921,clique
P_98453,W_28495,clique
P_98460,W_40924,clique
P_98465,W_83296,clique
P_98480,W_4217,clique
P_98752,W_34086,clique
P_98770,W_98770,clique
P_98771,W_98770,clique
P_98802,W_12140,clique
P_98809,W_3057,clique
P_98819,W_11051,clique
P_98822,W_161,clique
P_98897,W_98897,noise
P_98925,W_97460,clique
P_98973,W_2968,clique
P_9902,W_9812,clique
P_9903,W_9812,clique
P_9905,W_3057,clique
P_99074,W_12317,clique
P_9919,W_9812,clique
P_99285,W_1278,clique
P_99375,W_9290,clique
P_994,W_994,clique
P_995,W_994,clique
P_99593,W_20120,clique
P_99596,W_9006,clique
P_99612,W_28493,clique
P_99630,W_1376,clique
P_99631,W_284,clique
P_99634,W_21826,clique
P_99643,W_42631,clique
P_99702,W_20069,clique
P_99707,W_83296,clique
P_99743,W_99743,clique
P_99751,W_99751,clique
P_99866,W_1347,clique
