wid,pid,role
W_10868,P_510723,calibration
W_10868,P_77960,calibration
W_128759,P_242247,calibration
W_128759,P_476324,calibration
W_143082,P_355091,calibration
W_143082,P_355092,calibration
W_14330,P_130947,calibration
W_14330,P_14330,calibration
W_159462,P_512189,calibration
W_159462,P_512190,calibration
W_161904,P_530505,calibration
W_161904,P_599275,calibration
W_166202,P_565570,calibration
W_166202,P_565591,calibration
W_177054,P_637814,calibration
W_177054,P_669260,calibration
W_193238,P_732971,calibration
W_193238,P_738612,calibration
W_8760,P_355374,calibration
W_8760,P_699096,calibration
W_114195,P_128095,query
W_114195,P_561695,query
W_123805,P_207372,query
W_123805,P_207373,query
W_135070,P_419983,query
W_135070,P_500152,query
W_137162,P_310762,query
W_137162,P_552138,query
W_140924,P_339002,query
W_140924,P_339004,query
W_145548,P_371702,query
W_145548,P_371703,query
W_149739,P_406772,query
W_149739,P_406780,query
W_150074,P_411001,query
W_150074,P_411005,query
W_157909,P_496855,query
W_157909,P_496865,query
W_157993,P_498001,query
W_157993,P_600318,query
W_168645,P_581917,query
W_168645,P_588834,query
W_188124,P_707271,query
W_188124,P_794970,query
W_195632,P_744950,query
W_195632,P_744951,query
W_203093,P_797406,query
W_203093,P_797408,query
W_25912,P_144424,query
W_25912,P_25913,query
W_29344,P_29344,query
W_29344,P_29345,query
W_36279,P_36279,query
W_36279,P_576649,query
W_66046,P_389050,query
W_66046,P_98383,query
W_67571,P_385477,query
W_67571,P_67571,query
W_68889,P_495015,query
W_68889,P_572966,query
W_106747,P_182327,distractor
W_106747,P_212896,distractor
W_114213,P_128179,distractor
W_114213,P_711691,distractor
W_119174,P_164901,distractor
W_119174,P_174574,distractor
W_119587,P_628481,distractor
W_119587,P_754748,distractor
W_120203,P_172331,distractor
W_120203,P_172332,distractor
W_129185,P_244953,distractor
W_129185,P_411337,distractor
W_129320,P_245861,distractor
W_129320,P_763922,distractor
W_129658,P_248661,distractor
W_129658,P_248663,distractor
W_129713,P_285086,distractor
W_129713,P_599130,distractor
W_130845,P_258584,distractor
W_130845,P_258585,distractor
W_131138,P_260709,distractor
W_131138,P_512895,distractor
W_132947,P_273260,distractor
W_132947,P_292528,distractor
W_133801,P_483023,distractor
W_133801,P_560716,distractor
W_14000,P_455471,distractor
W_14000,P_64760,distractor
W_142879,P_354018,distractor
W_142879,P_354023,distractor
W_145536,P_371644,distractor
W_145536,P_371645,distractor
W_145857,P_373513,distractor
W_145857,P_373514,distractor
W_149336,P_400551,distractor
W_149336,P_404463,distractor
W_150865,P_421998,distractor
W_150865,P_421999,distractor
W_152710,P_447290,distractor
W_152710,P_447344,distractor
W_156986,P_486851,distractor
W_156986,P_486883,distractor
W_158622,P_504788,distractor
W_158622,P_780573,distractor
W_16372,P_108803,distractor
W_16372,P_443951,distractor
W_16487,P_16487,distractor
W_16487,P_16488,distractor
W_170983,P_595652,distractor
W_170983,P_636706,distractor
W_178859,P_652173,distractor
W_178859,P_652178,distractor
W_179146,P_653987,distractor
W_179146,P_653992,distractor
W_181432,P_671036,distractor
W_181432,P_671067,distractor
W_183759,P_686529,distractor
W_183759,P_686530,distractor
W_185884,P_711781,distractor
W_185884,P_711783,distractor
W_194735,P_739365,distractor
W_194735,P_743653,distractor
W_197450,P_757572,distractor
W_197450,P_757574,distractor
W_200960,P_791187,distractor
W_200960,P_791203,distractor
W_201167,P_784883,distractor
W_201167,P_785082,distractor
W_29271,P_29271,distractor
W_29271,P_323950,distractor
W_31054,P_31054,distractor
W_31054,P_31055,distractor
W_32387,P_179646,distractor
W_32387,P_348463,distractor
W_35057,P_35057,distractor
W_35057,P_396443,distractor
W_51181,P_72336,distractor
W_51181,P_77179,distractor
W_68546,P_423119,distractor
W_68546,P_68546,distractor
W_102490,P_102490,validation
W_102490,P_402053,validation
W_105295,P_105295,validation
W_105295,P_529479,validation
W_105959,P_105959,validation
W_105959,P_98874,validation
W_111345,P_518131,validation
W_111345,P_738685,validation
W_111444,P_752549,validation
W_111444,P_771592,validation
W_112677,P_214555,validation
W_112677,P_346926,validation
W_113183,P_122460,validation
W_113183,P_770418,validation
W_115629,P_140033,validation
W_115629,P_358462,validation
W_117316,P_151192,validation
W_117316,P_151193,validation
W_117514,P_153182,validation
W_117514,P_512717,validation
W_118340,P_159879,validation
W_118340,P_439575,validation
W_119983,P_170210,validation
W_119983,P_449118,validation
W_120888,P_177203,validation
W_120888,P_711907,validation
W_122008,P_188992,validation
W_122008,P_459375,validation
W_122315,P_192208,validation
W_122315,P_192331,validation
W_122327,P_379508,validation
W_122327,P_542507,validation
W_124200,P_281571,validation
W_124200,P_706741,validation
W_124490,P_213620,validation
W_124490,P_213631,validation
W_124878,P_216691,validation
W_124878,P_611665,validation
W_127205,P_231490,validation
W_127205,P_231503,validation
W_127594,P_236005,validation
W_127594,P_752797,validation
W_129447,P_247225,validation
W_129447,P_247236,validation
W_13093,P_13093,validation
W_13093,P_54802,validation
W_131527,P_263867,validation
W_131527,P_296197,validation
W_132291,P_268732,validation
W_132291,P_268741,validation
W_133055,P_273922,validation
W_133055,P_273923,validation
W_133731,P_279467,validation
W_133731,P_279468,validation
W_133773,P_279887,validation
W_133773,P_279888,validation
W_134440,P_286678,validation
W_134440,P_550963,validation
W_13524,P_13524,validation
W_13524,P_380812,validation
W_135293,P_293947,validation
W_135293,P_293949,validation
W_135509,P_295681,validation
W_135509,P_295682,validation
W_136401,P_399233,validation
W_136401,P_653283,validation
W_136494,P_306043,validation
W_136494,P_306049,validation
W_138155,P_317849,validation
W_138155,P_317859,validation
W_142055,P_348253,validation
W_142055,P_348255,validation
W_142089,P_348453,validation
W_142089,P_348454,validation
W_143269,P_356131,validation
W_143269,P_356132,validation
W_143731,P_555185,validation
W_143731,P_674513,validation
W_144350,P_364120,validation
W_144350,P_613045,validation
W_144511,P_365423,validation
W_144511,P_562173,validation
W_144551,P_365877,validation
W_144551,P_365878,validation
W_144927,P_368077,validation
W_144927,P_368091,validation
W_145076,P_368862,validation
W_145076,P_368863,validation
W_146868,P_380842,validation
W_146868,P_380843,validation
W_148950,P_396226,validation
W_148950,P_396228,validation
W_149012,P_396765,validation
W_149012,P_396766,validation
W_149777,P_407489,validation
W_149777,P_407492,validation
W_151722,P_434249,validation
W_151722,P_601793,validation
W_151997,P_437680,validation
W_151997,P_437757,validation
W_152822,P_448178,validation
W_152822,P_448179,validation
W_153101,P_451737,validation
W_153101,P_452608,validation
W_153213,P_453413,validation
W_153213,P_453466,validation
W_15322,P_322348,validation
W_15322,P_788118,validation
W_153913,P_461450,validation
W_153913,P_789768,validation
W_158202,P_500586,validation
W_158202,P_500597,validation
W_159098,P_508802,validation
W_159098,P_718190,validation
W_159320,P_511095,validation
W_159320,P_511096,validation
W_159339,P_511254,validation
W_159339,P_511271,validation
W_160998,P_523703,validation
W_160998,P_525135,validation
W_162089,P_532230,validation
W_162089,P_568607,validation
W_163575,P_543911,validation
W_163575,P_544117,validation
W_164112,P_547995,validation
W_164112,P_547997,validation
W_164136,P_548428,validation
W_164136,P_755480,validation
W_164338,P_550203,validation
W_164338,P_550204,validation
W_165819,P_562907,validation
W_165819,P_562908,validation
W_166041,P_564834,validation
W_166041,P_564836,validation
W_16690,P_16690,validation
W_16690,P_590297,validation
W_167932,P_577756,validation
W_167932,P_577757,validation
W_168343,P_580132,validation
W_168343,P_580135,validation
W_172989,P_607555,validation
W_172989,P_607556,validation
W_173158,P_245898,validation
W_173158,P_608444,validation
W_173613,P_611803,validation
W_173613,P_611804,validation
W_176657,P_634300,validation
W_176657,P_635063,validation
W_178062,P_646336,validation
W_178062,P_646347,validation
W_180082,P_660895,validation
W_180082,P_660896,validation
W_180542,P_665410,validation
W_180542,P_665420,validation
W_183109,P_683323,validation
W_183109,P_764190,validation
W_183973,P_687669,validation
W_183973,P_687670,validation
W_184246,P_689064,validation
W_184246,P_711044,validation
W_186149,P_697617,validation
W_186149,P_697619,validation
W_186963,P_701783,validation
W_186963,P_701785,validation
W_187689,P_705205,validation
W_187689,P_705206,validation
W_188196,P_707599,validation
W_188196,P_707600,validation
W_188235,P_707779,validation
W_188235,P_707788,validation
W_190116,P_718356,validation
W_190116,P_718357,validation
W_190299,P_719142,validation
W_190299,P_719143,validation
W_190349,P_719271,validation
W_190349,P_719603,validation
W_190669,P_720493,validation
W_190669,P_720673,validation
W_190870,P_721899,validation
W_190870,P_721900,validation
W_192916,P_731243,validation
W_192916,P_731244,validation
W_194622,P_739087,validation
W_194622,P_739088,validation
W_1952,P_1952,validation
W_1952,P_1953,validation
W_195260,P_742181,validation
W_195260,P_742208,validation
W_196429,P_749411,validation
W_196429,P_749413,validation
W_196666,P_751378,validation
W_196666,P_751379,validation
W_198943,P_769124,validation
W_198943,P_769125,validation
W_199298,P_771789,validation
W_199298,P_771790,validation
W_200884,P_782838,validation
W_200884,P_782839,validation
W_201618,P_788133,validation
W_201618,P_788134,validation
W_202175,P_792473,validation
W_202175,P_792474,validation
W_20314,P_20318,validation
W_20314,P_477072,validation
W_203391,P_799230,validation
W_203391,P_799232,validation
W_20574,P_106310,validation
W_20574,P_108124,validation
W_20683,P_349459,validation
W_20683,P_64771,validation
W_2133,P_2133,validation
W_2133,P_2134,validation
W_2236,P_2237,validation
W_2236,P_409754,validation
W_22605,P_218363,validation
W_22605,P_22606,validation
W_23390,P_23396,validation
W_23390,P_247750,validation
W_26614,P_26614,validation
W_26614,P_781221,validation
W_27871,P_153370,validation
W_27871,P_216545,validation
W_28450,P_28451,validation
W_28450,P_707217,validation
W_28987,P_210664,validation
W_28987,P_300523,validation
W_29963,P_270325,validation
W_29963,P_29964,validation
W_30018,P_30018,validation
W_30018,P_30019,validation
W_31490,P_31491,validation
W_31490,P_78274,validation
W_32027,P_32027,validation
W_32027,P_32028,validation
W_33607,P_33607,validation
W_33607,P_36889,validation
W_35540,P_150272,validation
W_35540,P_89674,validation
W_37082,P_107068,validation
W_37082,P_270549,validation
W_37233,P_727385,validation
W_37233,P_73447,validation
W_38140,P_38140,validation
W_38140,P_540010,validation
W_3821,P_183893,validation
W_3821,P_3822,validation
W_4320,P_411978,validation
W_4320,P_547455,validation
W_45010,P_347060,validation
W_45010,P_475255,validation
W_45391,P_363307,validation
W_45391,P_45391,validation
W_49591,P_423626,validation
W_49591,P_49592,validation
W_53057,P_53058,validation
W_53057,P_53610,validation
W_53186,P_53187,validation
W_53186,P_53190,validation
W_54460,P_116769,validation
W_54460,P_54460,validation
W_55345,P_55345,validation
W_55345,P_86227,validation
W_60885,P_469893,validation
W_60885,P_480274,validation
W_6496,P_309278,validation
W_6496,P_609528,validation
W_6524,P_142186,validation
W_6524,P_192119,validation
W_657,P_621702,validation
W_657,P_649137,validation
W_72854,P_152476,validation
W_72854,P_72854,validation
W_7368,P_121294,validation
W_7368,P_173333,validation
W_73781,P_781917,validation
W_73781,P_797855,validation
W_75143,P_173533,validation
W_75143,P_75144,validation
W_76778,P_251897,validation
W_76778,P_529022,validation
W_78570,P_114206,validation
W_78570,P_78570,validation
W_78577,P_373176,validation
W_78577,P_92607,validation
W_80259,P_116817,validation
W_80259,P_122245,validation
W_83029,P_334252,validation
W_83029,P_83030,validation
W_84593,P_575250,validation
W_84593,P_84594,validation
W_88410,P_88410,validation
W_88410,P_88411,validation
W_89909,P_162747,validation
W_89909,P_381228,validation
W_91884,P_175951,validation
W_91884,P_91885,validation
W_93389,P_267925,validation
W_93389,P_93389,validation
W_94280,P_445504,validation
W_94280,P_94280,validation
W_100010,P_100010,train
W_100010,P_635286,train
W_100027,P_100027,train
W_100027,P_100028,train
W_100108,P_190628,train
W_100108,P_646934,train
W_100147,P_505895,train
W_100147,P_784208,train
W_100158,P_100158,train
W_100158,P_297976,train
W_100202,P_100203,train
W_100202,P_411537,train
W_100235,P_100235,train
W_100235,P_137635,train
W_100383,P_640710,train
W_100383,P_714345,train
W_10042,P_141482,train
W_10042,P_646393,train
W_100466,P_262955,train
W_100466,P_486727,train
W_100672,P_201600,train
W_100672,P_439413,train
W_100698,P_100698,train
W_100698,P_671221,train
W_100961,P_100961,train
W_100961,P_475786,train
W_101010,P_263395,train
W_101010,P_618946,train
W_101035,P_419326,train
W_101035,P_716905,train
W_101059,P_101059,train
W_101059,P_183808,train
W_101069,P_101069,train
W_101069,P_101070,train
W_101193,P_101193,train
W_101193,P_345283,train
W_101331,P_101331,train
W_101331,P_101333,train
W_10145,P_149638,train
W_10145,P_631454,train
W_101464,P_101465,train
W_101464,P_591892,train
W_101628,P_101629,train
W_101628,P_361929,train
W_10178,P_290228,train
W_10178,P_496402,train
W_10181,P_10181,train
W_10181,P_330853,train
W_101890,P_101890,train
W_101890,P_747055,train
W_101988,P_476431,train
W_101988,P_699862,train
W_102094,P_102105,train
W_102094,P_648542,train
W_10218,P_108351,train
W_10218,P_34629,train
W_102298,P_102298,train
W_102298,P_102299,train
W_10235,P_299505,train
W_10235,P_798895,train
W_102465,P_102488,train
W_102465,P_207755,train
W_102506,P_102506,train
W_102506,P_505525,train
W_102527,P_102528,train
W_102527,P_413886,train
W_102643,P_102643,train
W_102643,P_495179,train
W_10267,P_10271,train
W_10267,P_157367,train
W_102758,P_102758,train
W_102758,P_102765,train
W_102852,P_322468,train
W_102852,P_782594,train
W_10291,P_10291,train
W_10291,P_571968,train
W_10339,P_10339,train
W_10339,P_38201,train
W_103399,P_103399,train
W_103399,P_413890,train
W_103466,P_108491,train
W_103466,P_618101,train
W_10349,P_10349,train
W_10349,P_10365,train
W_10377,P_375077,train
W_10377,P_724847,train
W_104029,P_104029,train
W_104029,P_618072,train
W_104107,P_104107,train
W_104107,P_181457,train
W_104494,P_297705,train
W_104494,P_752574,train
W_104641,P_117780,train
W_104641,P_123894,train
W_1048,P_399010,train
W_1048,P_566564,train
W_10494,P_251566,train
W_10494,P_254459,train
W_104951,P_104951,train
W_104951,P_574360,train
W_10502,P_26625,train
W_10502,P_717156,train
W_105200,P_105200,train
W_105200,P_117175,train
W_105215,P_354263,train
W_105215,P_449254,train
W_10525,P_25394,train
W_10525,P_389042,train
W_105308,P_388715,train
W_105308,P_738950,train
W_105312,P_227249,train
W_105312,P_649355,train
W_105475,P_105475,train
W_105475,P_413535,train
W_105595,P_198383,train
W_105595,P_482667,train
W_1057,P_177403,train
W_1057,P_181446,train
W_105766,P_309321,train
W_105766,P_665413,train
W_105818,P_156676,train
W_105818,P_415220,train
W_106252,P_106252,train
W_106252,P_517490,train
W_10665,P_219626,train
W_10665,P_32351,train
W_106730,P_106732,train
W_106730,P_624943,train
W_106737,P_106737,train
W_106737,P_640182,train
W_106760,P_106760,train
W_106760,P_106820,train
W_106848,P_106849,train
W_106848,P_692888,train
W_106861,P_106861,train
W_106861,P_124068,train
W_107013,P_221554,train
W_107013,P_666359,train
W_107130,P_139790,train
W_107130,P_701987,train
W_107149,P_113219,train
W_107149,P_752575,train
W_107243,P_107243,train
W_107243,P_533662,train
W_107339,P_433657,train
W_107339,P_551150,train
W_1074,P_180797,train
W_1074,P_745546,train
W_107459,P_391765,train
W_107459,P_511212,train
W_107547,P_107548,train
W_107547,P_470653,train
W_107636,P_107636,train
W_107636,P_649721,train
W_10770,P_10770,train
W_10770,P_309604,train
W_107703,P_637015,train
W_107703,P_732284,train
W_107807,P_107807,train
W_107807,P_745671,train
W_107922,P_107922,train
W_107922,P_364215,train
W_108094,P_108094,train
W_108094,P_393574,train
W_108357,P_261179,train
W_108357,P_609880,train
W_108453,P_364954,train
W_108453,P_389743,train
W_108483,P_652786,train
W_108483,P_657873,train
W_108581,P_108581,train
W_108581,P_374633,train
W_10879,P_130461,train
W_10879,P_235698,train
W_108819,P_366414,train
W_108819,P_496170,train
W_10894,P_181092,train
W_10894,P_464248,train
W_10895,P_268228,train
W_10895,P_468145,train
W_109243,P_109243,train
W_109243,P_287196,train
W_109319,P_109319,train
W_109319,P_543097,train
W_109456,P_183730,train
W_109456,P_524544,train
W_10947,P_10947,train
W_10947,P_259655,train
W_109485,P_109485,train
W_109485,P_715985,train
W_10950,P_10950,train
W_10950,P_460787,train
W_109709,P_109715,train
W_109709,P_794283,train
W_109792,P_109792,train
W_109792,P_227690,train
W_110000,P_110000,train
W_110000,P_288415,train
W_11008,P_291975,train
W_11008,P_411076,train
W_11012,P_304917,train
W_11012,P_747171,train
W_110294,P_110294,train
W_110294,P_645678,train
W_110328,P_583506,train
W_110328,P_788110,train
W_11041,P_397299,train
W_11041,P_666722,train
W_11050,P_459803,train
W_11050,P_780540,train
W_110692,P_110692,train
W_110692,P_666122,train
W_11092,P_11093,train
W_11092,P_75110,train
W_11109,P_11109,train
W_11109,P_403244,train
W_111342,P_532826,train
W_111342,P_652917,train
W_111392,P_111626,train
W_111392,P_686114,train
W_111395,P_163593,train
W_111395,P_379823,train
W_111446,P_111767,train
W_111446,P_501063,train
W_111465,P_111803,train
W_111465,P_648587,train
W_111475,P_208450,train
W_111475,P_782790,train
W_111636,P_125750,train
W_111636,P_659460,train
W_111676,P_546588,train
W_111676,P_619791,train
W_111933,P_114122,train
W_111933,P_547596,train
W_111935,P_114154,train
W_111935,P_114155,train
W_111937,P_133263,train
W_111937,P_406959,train
W_111953,P_114232,train
W_111953,P_389133,train
W_111969,P_381141,train
W_111969,P_779885,train
W_111988,P_114645,train
W_111988,P_276161,train
W_111999,P_114858,train
W_111999,P_299409,train
W_112073,P_355164,train
W_112073,P_791531,train
W_11208,P_11208,train
W_11208,P_731844,train
W_112081,P_115417,train
W_112081,P_709210,train
W_112103,P_115638,train
W_112103,P_529657,train
W_112105,P_115644,train
W_112105,P_115651,train
W_112148,P_115850,train
W_112148,P_115851,train
W_1122,P_194310,train
W_1122,P_370831,train
W_112217,P_116286,train
W_112217,P_116287,train
W_112235,P_327658,train
W_112235,P_390619,train
W_112255,P_116667,train
W_112255,P_116679,train
W_112332,P_770287,train
W_112332,P_770289,train
W_112342,P_512267,train
W_112342,P_792877,train
W_112353,P_117442,train
W_112353,P_117443,train
W_112372,P_149131,train
W_112372,P_551863,train
W_112380,P_117561,train
W_112380,P_784901,train
W_112421,P_117661,train
W_112421,P_117662,train
W_112453,P_117839,train
W_112453,P_386461,train
W_112459,P_117837,train
W_112459,P_488587,train
W_112476,P_165643,train
W_112476,P_318612,train
W_112477,P_397005,train
W_112477,P_691523,train
W_112478,P_305213,train
W_112478,P_305216,train
W_112484,P_118004,train
W_112484,P_176686,train
W_112534,P_118362,train
W_112534,P_500814,train
W_112572,P_118532,train
W_112572,P_118533,train
W_112623,P_118814,train
W_112623,P_308366,train
W_112633,P_543235,train
W_112633,P_549480,train
W_112739,P_119496,train
W_112739,P_490033,train
W_112752,P_119570,train
W_112752,P_119571,train
W_112842,P_443519,train
W_112842,P_771475,train
W_112874,P_120206,train
W_112874,P_793039,train
W_112905,P_434796,train
W_112905,P_797439,train
W_112936,P_120553,train
W_112936,P_241251,train
W_112971,P_120705,train
W_112971,P_372335,train
W_112986,P_449381,train
W_112986,P_724572,train
W_113020,P_491275,train
W_113020,P_798402,train
W_113072,P_121434,train
W_113072,P_121435,train
W_113090,P_121591,train
W_113090,P_646937,train
W_113096,P_121669,train
W_113096,P_406289,train
W_113116,P_182489,train
W_113116,P_395867,train
W_113119,P_162978,train
W_113119,P_318046,train
W_113147,P_122177,train
W_113147,P_122180,train
W_113181,P_122456,train
W_113181,P_510436,train
W_113230,P_710717,train
W_113230,P_780641,train
W_113252,P_122964,train
W_113252,P_696228,train
W_113353,P_123554,train
W_113353,P_789862,train
W_113397,P_123786,train
W_113397,P_388464,train
W_113399,P_123791,train
W_113399,P_579006,train
W_113421,P_598076,train
W_113421,P_600054,train
W_113450,P_124119,train
W_113450,P_304134,train
W_113457,P_124163,train
W_113457,P_658466,train
W_113465,P_124211,train
W_113465,P_124213,train
W_113470,P_748313,train
W_113470,P_763395,train
W_113476,P_124266,train
W_113476,P_528741,train
W_113511,P_124431,train
W_113511,P_124432,train
W_113607,P_631774,train
W_113607,P_799954,train
W_113610,P_125053,train
W_113610,P_241440,train
W_113630,P_125237,train
W_113630,P_284374,train
W_113636,P_125268,train
W_113636,P_577576,train
W_113652,P_125318,train
W_113652,P_607505,train
W_113653,P_125325,train
W_113653,P_753988,train
W_113659,P_125358,train
W_113659,P_149723,train
W_113660,P_125359,train
W_113660,P_758617,train
W_113662,P_125369,train
W_113662,P_378587,train
W_113667,P_125381,train
W_113667,P_125382,train
W_113681,P_127257,train
W_113681,P_446658,train
W_113686,P_125515,train
W_113686,P_737286,train
W_113689,P_211543,train
W_113689,P_347631,train
W_11369,P_183537,train
W_11369,P_729611,train
W_113715,P_125730,train
W_113715,P_277231,train
W_113769,P_125981,train
W_113769,P_617419,train
W_113776,P_126038,train
W_113776,P_688133,train
W_113777,P_190434,train
W_113777,P_190435,train
W_113779,P_126061,train
W_113779,P_290227,train
W_113786,P_126114,train
W_113786,P_715571,train
W_1138,P_780158,train
W_1138,P_92498,train
W_113828,P_126320,train
W_113828,P_217268,train
W_113840,P_408906,train
W_113840,P_482979,train
W_113865,P_126559,train
W_113865,P_126560,train
W_113874,P_342244,train
W_113874,P_746206,train
W_113900,P_126772,train
W_113900,P_126773,train
W_113904,P_126780,train
W_113904,P_126784,train
W_113986,P_297384,train
W_113986,P_431759,train
W_113999,P_127247,train
W_113999,P_127248,train
W_114002,P_310276,train
W_114002,P_481360,train
W_114041,P_127458,train
W_114041,P_669784,train
W_114042,P_127467,train
W_114042,P_127473,train
W_114176,P_128020,train
W_114176,P_769904,train
W_114217,P_128194,train
W_114217,P_128197,train
W_114218,P_128206,train
W_114218,P_313566,train
W_114265,P_128421,train
W_114265,P_779271,train
W_114307,P_307186,train
W_114307,P_790022,train
W_114313,P_150584,train
W_114313,P_283441,train
W_114355,P_220512,train
W_114355,P_348913,train
W_11442,P_146799,train
W_11442,P_481676,train
W_11444,P_11444,train
W_11444,P_9270,train
W_114472,P_129704,train
W_114472,P_129705,train
W_114477,P_129725,train
W_114477,P_346702,train
W_114485,P_129807,train
W_114485,P_420760,train
W_114487,P_129818,train
W_114487,P_644313,train
W_1145,P_527858,train
W_1145,P_566683,train
W_114504,P_129964,train
W_114504,P_129971,train
W_114517,P_130085,train
W_114517,P_299482,train
W_114542,P_130187,train
W_114542,P_130207,train
W_114549,P_459093,train
W_114549,P_504125,train
W_114551,P_130273,train
W_114551,P_697108,train
W_114571,P_130528,train
W_114571,P_130529,train
W_114578,P_130592,train
W_114578,P_709171,train
W_114593,P_130707,train
W_114593,P_130708,train
W_114596,P_307608,train
W_114596,P_726968,train
W_114610,P_772947,train
W_114610,P_799000,train
W_114656,P_131439,train
W_114656,P_272686,train
W_114657,P_131447,train
W_114657,P_644307,train
W_114660,P_241311,train
W_114660,P_268155,train
W_114665,P_473864,train
W_114665,P_660566,train
W_1147,P_326896,train
W_1147,P_38888,train
W_114715,P_131684,train
W_114715,P_131685,train
W_114716,P_131688,train
W_114716,P_605119,train
W_114729,P_176079,train
W_114729,P_412764,train
W_114738,P_392484,train
W_114738,P_709451,train
W_114739,P_131875,train
W_114739,P_131876,train
W_114745,P_226249,train
W_114745,P_273738,train
W_114786,P_132377,train
W_114786,P_382911,train
W_114794,P_132449,train
W_114794,P_187532,train
W_114814,P_132677,train
W_114814,P_304294,train
W_114836,P_132857,train
W_114836,P_548960,train
W_114843,P_483614,train
W_114843,P_721894,train
W_114938,P_134324,train
W_114938,P_364761,train
W_114948,P_134360,train
W_114948,P_134361,train
W_114950,P_134400,train
W_114950,P_557371,train
W_114988,P_134893,train
W_114988,P_348248,train
W_114989,P_297338,train
W_114989,P_376525,train
W_115008,P_281534,train
W_115008,P_663171,train
W_115013,P_299017,train
W_115013,P_336644,train
W_115028,P_135533,train
W_115028,P_135534,train
W_115074,P_135870,train
W_115074,P_358082,train
W_115082,P_171959,train
W_115082,P_341708,train
W_115092,P_136002,train
W_115092,P_165879,train
W_115121,P_136218,train
W_115121,P_473832,train
W_115146,P_136544,train
W_115146,P_136545,train
W_115160,P_136641,train
W_115160,P_274105,train
W_115161,P_136643,train
W_115161,P_136659,train
W_115172,P_136669,train
W_115172,P_136670,train
W_115250,P_139433,train
W_115250,P_724556,train
W_115257,P_137409,train
W_115257,P_769559,train
W_115265,P_137445,train
W_115265,P_137468,train
W_115266,P_137454,train
W_115266,P_654511,train
W_115369,P_138337,train
W_115369,P_138338,train
W_115412,P_138657,train
W_115412,P_575663,train
W_115413,P_138658,train
W_115413,P_138659,train
W_115447,P_138894,train
W_115447,P_530181,train
W_115449,P_170546,train
W_115449,P_470854,train
W_1155,P_1155,train
W_1155,P_1156,train
W_115539,P_391886,train
W_115539,P_512192,train
W_115543,P_371976,train
W_115543,P_514650,train
W_115574,P_139738,train
W_115574,P_298950,train
W_115595,P_139891,train
W_115595,P_350108,train
W_115662,P_140249,train
W_115662,P_791034,train
W_115678,P_140383,train
W_115678,P_140384,train
W_115682,P_140411,train
W_115682,P_140412,train
W_115687,P_610591,train
W_115687,P_776108,train
W_115706,P_140582,train
W_115706,P_140655,train
W_115729,P_140797,train
W_115729,P_713222,train
W_115738,P_140923,train
W_115738,P_140926,train
W_115761,P_373850,train
W_115761,P_531531,train
W_115771,P_141134,train
W_115771,P_340517,train
W_115777,P_141149,train
W_115777,P_141159,train
W_115779,P_141151,train
W_115779,P_340518,train
W_115780,P_403496,train
W_115780,P_690500,train
W_115784,P_141154,train
W_115784,P_141164,train
W_115808,P_141259,train
W_115808,P_141260,train
W_115840,P_643193,train
W_115840,P_750499,train
W_115870,P_141786,train
W_115870,P_387593,train
W_115880,P_141874,train
W_115880,P_141875,train
W_115887,P_141899,train
W_115887,P_368210,train
W_115898,P_142086,train
W_115898,P_528655,train
W_115900,P_624712,train
W_115900,P_736665,train
W_115905,P_142150,train
W_115905,P_307330,train
W_115953,P_142488,train
W_115953,P_142489,train
W_115955,P_142498,train
W_115955,P_574289,train
W_115958,P_550346,train
W_115958,P_708012,train
W_116012,P_478950,train
W_116012,P_792227,train
W_116047,P_142896,train
W_116047,P_142897,train
W_116062,P_143010,train
W_116062,P_781718,train
W_116113,P_143197,train
W_116113,P_472871,train
W_116116,P_143232,train
W_116116,P_740162,train
W_116117,P_143235,train
W_116117,P_370674,train
W_116122,P_276747,train
W_116122,P_795419,train
W_116156,P_143379,train
W_116156,P_615392,train
W_116157,P_548968,train
W_116157,P_564221,train
W_116183,P_391134,train
W_116183,P_526117,train
W_116207,P_439828,train
W_116207,P_787007,train
W_116221,P_480195,train
W_116221,P_528312,train
W_116231,P_575825,train
W_116231,P_709173,train
W_116240,P_143932,train
W_116240,P_143933,train
W_116276,P_144211,train
W_116276,P_271349,train
W_1163,P_1163,train
W_1163,P_453296,train
W_116316,P_144436,train
W_116316,P_562892,train
W_116452,P_145317,train
W_116452,P_275407,train
W_116468,P_145519,train
W_116468,P_272459,train
W_116527,P_145924,train
W_116527,P_186744,train
W_116528,P_242726,train
W_116528,P_781676,train
W_1167,P_588241,train
W_1167,P_677140,train
W_11679,P_11679,train
W_11679,P_137387,train
W_11691,P_11691,train
W_11691,P_18123,train
W_116938,P_148367,train
W_116938,P_283890,train
W_116964,P_148511,train
W_116964,P_148514,train
W_116966,P_148524,train
W_116966,P_751747,train
W_116969,P_148532,train
W_116969,P_148533,train
W_117055,P_478642,train
W_117055,P_630873,train
W_11706,P_11706,train
W_11706,P_574930,train
W_1171,P_116959,train
W_1171,P_61373,train
W_117145,P_149735,train
W_117145,P_737433,train
W_117176,P_149906,train
W_117176,P_515032,train
W_117193,P_252580,train
W_117193,P_712311,train
W_117204,P_150265,train
W_117204,P_150267,train
W_117244,P_299243,train
W_117244,P_459965,train
W_117260,P_150724,train
W_117260,P_150727,train
W_1173,P_1174,train
W_1173,P_477655,train
W_117306,P_151101,train
W_117306,P_673285,train
W_117426,P_367222,train
W_117426,P_590619,train
W_117429,P_481439,train
W_117429,P_624914,train
W_117439,P_152463,train
W_117439,P_152464,train
W_117449,P_152582,train
W_117449,P_352634,train
W_117478,P_478998,train
W_117478,P_795523,train
W_117500,P_245223,train
W_117500,P_705111,train
W_117502,P_153081,train
W_117502,P_674876,train
W_117506,P_153144,train
W_117506,P_241427,train
W_117508,P_153162,train
W_117508,P_153177,train
W_117510,P_153163,train
W_117510,P_153164,train
W_117546,P_555984,train
W_117546,P_583341,train
W_117549,P_153380,train
W_117549,P_155861,train
W_11756,P_373370,train
W_11756,P_587255,train
W_117568,P_153498,train
W_117568,P_237593,train
W_117613,P_153925,train
W_117613,P_153927,train
W_11764,P_34180,train
W_11764,P_506680,train
W_117648,P_154346,train
W_117648,P_633413,train
W_117664,P_154460,train
W_117664,P_154461,train
W_117668,P_154553,train
W_117668,P_154554,train
W_117682,P_154674,train
W_117682,P_300842,train
W_117685,P_154702,train
W_117685,P_221159,train
W_117686,P_154708,train
W_117686,P_154711,train
W_117710,P_154977,train
W_117710,P_299375,train
W_117788,P_155588,train
W_117788,P_264826,train
W_117792,P_155641,train
W_117792,P_155642,train
W_117814,P_258338,train
W_117814,P_278432,train
W_117828,P_155746,train
W_117828,P_747567,train
W_117831,P_155779,train
W_117831,P_707394,train
W_117853,P_156040,train
W_117853,P_784494,train
W_117882,P_156223,train
W_117882,P_437053,train
W_117909,P_156436,train
W_117909,P_779564,train
W_117959,P_156763,train
W_117959,P_156769,train
W_117968,P_307674,train
W_117968,P_747664,train
W_117978,P_397555,train
W_117978,P_796170,train
W_118055,P_703516,train
W_118055,P_749649,train
W_118079,P_717646,train
W_118079,P_791581,train
W_118085,P_157860,train
W_118085,P_198035,train
W_118097,P_157923,train
W_118097,P_646413,train
W_118110,P_158005,train
W_118110,P_634904,train
W_118121,P_158124,train
W_118121,P_158148,train
W_118128,P_349846,train
W_118128,P_42756,train
W_118166,P_158421,train
W_118166,P_387316,train
W_118197,P_158696,train
W_118197,P_492250,train
W_118202,P_158754,train
W_118202,P_158757,train
W_118246,P_158937,train
W_118246,P_757171,train
W_118262,P_325748,train
W_118262,P_653153,train
W_11827,P_225402,train
W_11827,P_239900,train
W_118283,P_159223,train
W_118283,P_159224,train
W_118287,P_159255,train
W_118287,P_648381,train
W_118332,P_159717,train
W_118332,P_455967,train
W_118358,P_159957,train
W_118358,P_159958,train
W_118403,P_160421,train
W_118403,P_298221,train
W_118470,P_160895,train
W_118470,P_216483,train
W_118493,P_161129,train
W_118493,P_654910,train
W_118498,P_161148,train
W_118498,P_711509,train
W_118518,P_161254,train
W_118518,P_161256,train
W_118544,P_161429,train
W_118544,P_161430,train
W_118547,P_161439,train
W_118547,P_758592,train
W_118714,P_162469,train
W_118714,P_265623,train
W_118750,P_162595,train
W_118750,P_173371,train
W_118771,P_162704,train
W_118771,P_162705,train
W_118778,P_206080,train
W_118778,P_785013,train
W_118799,P_162854,train
W_118799,P_162855,train
W_118818,P_312285,train
W_118818,P_495524,train
W_118914,P_163465,train
W_118914,P_553139,train
W_11899,P_11899,train
W_11899,P_11901,train
W_118991,P_163894,train
W_118991,P_400166,train
W_1190,P_1190,train
W_1190,P_730342,train
W_119002,P_163974,train
W_119002,P_400401,train
W_119072,P_257095,train
W_119072,P_607275,train
W_119095,P_164417,train
W_119095,P_164419,train
W_119132,P_164550,train
W_119132,P_603159,train
W_11914,P_20142,train
W_11914,P_423224,train
W_119183,P_164965,train
W_119183,P_527724,train
W_119237,P_165170,train
W_119237,P_775147,train
W_119254,P_300045,train
W_119254,P_513732,train
W_119309,P_165718,train
W_119309,P_165719,train
W_119321,P_165813,train
W_119321,P_165814,train
W_119333,P_165906,train
W_119333,P_165908,train
W_119349,P_166001,train
W_119349,P_367744,train
W_119442,P_166677,train
W_119442,P_180712,train
W_119453,P_166804,train
W_119453,P_276953,train
W_119611,P_167598,train
W_119611,P_715574,train
W_119664,P_167863,train
W_119664,P_440813,train
W_119676,P_721699,train
W_119676,P_75229,train
W_119691,P_168136,train
W_119691,P_277367,train
W_119725,P_168336,train
W_119725,P_168337,train
W_119750,P_364955,train
W_119750,P_702838,train
W_119810,P_169113,train
W_119810,P_169129,train
W_119832,P_484309,train
W_119832,P_701671,train
W_119845,P_169189,train
W_119845,P_169232,train
W_119857,P_169204,train
W_119857,P_169244,train
W_11988,P_11989,train
W_11988,P_124872,train
W_119937,P_169945,train
W_119937,P_169971,train
W_120046,P_170885,train
W_120046,P_170886,train
W_120077,P_171125,train
W_120077,P_480276,train
W_120079,P_171133,train
W_120079,P_397332,train
W_120142,P_171635,train
W_120142,P_171636,train
W_120162,P_172272,train
W_120162,P_350147,train
W_120164,P_172076,train
W_120164,P_388127,train
W_120167,P_172166,train
W_120167,P_172171,train
W_120228,P_172587,train
W_120228,P_208833,train
W_120234,P_174813,train
W_120234,P_795400,train
W_120236,P_259911,train
W_120236,P_589410,train
W_120241,P_682325,train
W_120241,P_754224,train
W_120246,P_172801,train
W_120246,P_238784,train
W_120259,P_308060,train
W_120259,P_791913,train
W_120300,P_173263,train
W_120300,P_475371,train
W_120303,P_173276,train
W_120303,P_661617,train
W_120323,P_173480,train
W_120323,P_706747,train
W_120368,P_173679,train
W_120368,P_511373,train
W_120383,P_173765,train
W_120383,P_173766,train
W_120440,P_174049,train
W_120440,P_174051,train
W_120444,P_174056,train
W_120444,P_708262,train
W_120447,P_71496,train
W_120447,P_783802,train
W_120455,P_174200,train
W_120455,P_174201,train
W_120461,P_174215,train
W_120461,P_230913,train
W_120497,P_174628,train
W_120497,P_671839,train
W_120503,P_268241,train
W_120503,P_614211,train
W_120520,P_174747,train
W_120520,P_510578,train
W_120534,P_174845,train
W_120534,P_174846,train
W_120611,P_373020,train
W_120611,P_524322,train
W_120700,P_175885,train
W_120700,P_176028,train
W_120709,P_176003,train
W_120709,P_176004,train
W_120710,P_176005,train
W_120710,P_176006,train
W_120755,P_176233,train
W_120755,P_717267,train
W_120756,P_176237,train
W_120756,P_731138,train
W_120759,P_176245,train
W_120759,P_429453,train
W_120764,P_226415,train
W_120764,P_289072,train
W_120798,P_176526,train
W_120798,P_570250,train
W_120808,P_176573,train
W_120808,P_176575,train
W_120815,P_176675,train
W_120815,P_495862,train
W_120971,P_178020,train
W_120971,P_178042,train
W_120979,P_178103,train
W_120979,P_640147,train
W_120991,P_178240,train
W_120991,P_178241,train
W_120994,P_178286,train
W_120994,P_178345,train
W_121011,P_178423,train
W_121011,P_178428,train
W_121036,P_178781,train
W_121036,P_490486,train
W_121080,P_195047,train
W_121080,P_195054,train
W_121122,P_179870,train
W_121122,P_386863,train
W_121177,P_180562,train
W_121177,P_180564,train
W_121229,P_180993,train
W_121229,P_521916,train
W_121232,P_181071,train
W_121232,P_181072,train
W_121257,P_181194,train
W_121257,P_181225,train
W_121261,P_181199,train
W_121261,P_181222,train
W_1213,P_1213,train
W_1213,P_124852,train
W_121338,P_181939,train
W_121338,P_523843,train
W_121378,P_182586,train
W_121378,P_687568,train
W_121400,P_182729,train
W_121400,P_795857,train
W_121454,P_183004,train
W_121454,P_340346,train
W_121455,P_183015,train
W_121455,P_726493,train
W_121460,P_472351,train
W_121460,P_653282,train
W_121461,P_183044,train
W_121461,P_511746,train
W_121494,P_183342,train
W_121494,P_697353,train
W_121500,P_380779,train
W_121500,P_380780,train
W_121510,P_370293,train
W_121510,P_392039,train
W_121541,P_184006,train
W_121541,P_256545,train
W_121558,P_184260,train
W_121558,P_184263,train
W_121570,P_184406,train
W_121570,P_632566,train
W_121582,P_184637,train
W_121582,P_307188,train
W_121600,P_185134,train
W_121600,P_185157,train
W_121619,P_185384,train
W_121619,P_185385,train
W_121662,P_185987,train
W_121662,P_660877,train
W_121666,P_186044,train
W_121666,P_690166,train
W_121668,P_186058,train
W_121668,P_343560,train
W_121671,P_186084,train
W_121671,P_186087,train
W_121682,P_186249,train
W_121682,P_699580,train
W_121684,P_186263,train
W_121684,P_315049,train
W_121696,P_186327,train
W_121696,P_186356,train
W_121700,P_186340,train
W_121700,P_479163,train
W_121736,P_186452,train
W_121736,P_470899,train
W_121767,P_459327,train
W_121767,P_462498,train
W_121819,P_187220,train
W_121819,P_750985,train
W_121824,P_187234,train
W_121824,P_716254,train
W_12184,P_36105,train
W_12184,P_364429,train
W_121853,P_333760,train
W_121853,P_609805,train
W_121871,P_187734,train
W_121871,P_593778,train
W_122069,P_189371,train
W_122069,P_190085,train
W_122167,P_470172,train
W_122167,P_585455,train
W_122238,P_191198,train
W_122238,P_363923,train
W_122241,P_191217,train
W_122241,P_523745,train
W_122259,P_191470,train
W_122259,P_333184,train
W_122261,P_191484,train
W_122261,P_498488,train
W_122271,P_191711,train
W_122271,P_191712,train
W_122288,P_192002,train
W_122288,P_496772,train
W_122293,P_390934,train
W_122293,P_390942,train
W_122298,P_192040,train
W_122298,P_364516,train
W_122302,P_192062,train
W_122302,P_192065,train
W_122308,P_547551,train
W_122308,P_607495,train
W_122320,P_498547,train
W_122320,P_739822,train
W_122337,P_192324,train
W_122337,P_303325,train
W_122376,P_371792,train
W_122376,P_557873,train
W_122396,P_192956,train
W_122396,P_372273,train
W_122401,P_193155,train
W_122401,P_383493,train
W_122427,P_193608,train
W_122427,P_484479,train
W_122429,P_193395,train
W_122429,P_193398,train
W_122430,P_193401,train
W_122430,P_195292,train
W_122472,P_193811,train
W_122472,P_193813,train
W_122520,P_194767,train
W_122520,P_629336,train
W_122530,P_194859,train
W_122530,P_194860,train
W_122565,P_195282,train
W_122565,P_280862,train
W_122573,P_195418,train
W_122573,P_195454,train
W_122584,P_195506,train
W_122584,P_372467,train
W_122649,P_195999,train
W_122649,P_320321,train
W_122670,P_196307,train
W_122670,P_261327,train
W_122724,P_196886,train
W_122724,P_196887,train
W_122759,P_197133,train
W_122759,P_197134,train
W_122771,P_197227,train
W_122771,P_688981,train
W_12282,P_12282,train
W_12282,P_456815,train
W_122820,P_197993,train
W_122820,P_397262,train
W_122880,P_198667,train
W_122880,P_198671,train
W_122895,P_198991,train
W_122895,P_393917,train
W_122912,P_199205,train
W_122912,P_199211,train
W_122972,P_199713,train
W_122972,P_199755,train
W_123024,P_200218,train
W_123024,P_200221,train
W_123027,P_200236,train
W_123027,P_433784,train
W_123035,P_200273,train
W_123035,P_200274,train
W_123045,P_458334,train
W_123045,P_494743,train
W_123074,P_388563,train
W_123074,P_554961,train
W_123077,P_200740,train
W_123077,P_461878,train
W_123083,P_200807,train
W_123083,P_200808,train
W_123107,P_201121,train
W_123107,P_276593,train
W_123115,P_201203,train
W_123115,P_201208,train
W_123119,P_202193,train
W_123119,P_264539,train
W_123176,P_202026,train
W_123176,P_202043,train
W_123179,P_499051,train
W_123179,P_746912,train
W_123216,P_202664,train
W_123216,P_343377,train
W_123231,P_202921,train
W_123231,P_203058,train
W_123245,P_203018,train
W_123245,P_203019,train
W_123299,P_203276,train
W_123299,P_203291,train
W_123305,P_473353,train
W_123305,P_549218,train
W_123360,P_204061,train
W_123360,P_373387,train
W_123366,P_204126,train
W_123366,P_204129,train
W_123367,P_204127,train
W_123367,P_204130,train
W_123369,P_204161,train
W_123369,P_459714,train
W_123481,P_204862,train
W_123481,P_204863,train
W_123485,P_204900,train
W_123485,P_619934,train
W_123486,P_204916,train
W_123486,P_416274,train
W_123496,P_205028,train
W_123496,P_771930,train
W_123596,P_205898,train
W_123596,P_210878,train
W_123603,P_205943,train
W_123603,P_238485,train
W_123696,P_206398,train
W_123696,P_206846,train
W_123729,P_206868,train
W_123729,P_206869,train
W_123746,P_207012,train
W_123746,P_421900,train
W_12376,P_12376,train
W_12376,P_339679,train
W_123832,P_207556,train
W_123832,P_207557,train
W_12384,P_12384,train
W_12384,P_12385,train
W_123841,P_207609,train
W_123841,P_207612,train
W_123845,P_606120,train
W_123845,P_781441,train
W_123846,P_207817,train
W_123846,P_798660,train
W_123849,P_207759,train
W_123849,P_326733,train
W_123874,P_207941,train
W_123874,P_375218,train
W_123887,P_207979,train
W_123887,P_721187,train
W_123916,P_208241,train
W_123916,P_365744,train
W_123921,P_304266,train
W_123921,P_379317,train
W_123945,P_208718,train
W_123945,P_795685,train
W_12395,P_132716,train
W_12395,P_40987,train
W_124021,P_209353,train
W_124021,P_745510,train
W_124034,P_234770,train
W_124034,P_623242,train
W_124062,P_302001,train
W_124062,P_731840,train
W_124072,P_715318,train
W_124072,P_796413,train
W_124075,P_276179,train
W_124075,P_530317,train
W_124081,P_579840,train
W_124081,P_579934,train
W_124175,P_276949,train
W_124175,P_440748,train
W_12418,P_12420,train
W_12418,P_773547,train
W_12422,P_12422,train
W_12422,P_12423,train
W_12424,P_28410,train
W_12424,P_65910,train
W_124248,P_211139,train
W_124248,P_211433,train
W_124249,P_349411,train
W_124249,P_577193,train
W_124261,P_211338,train
W_124261,P_211340,train
W_124329,P_320030,train
W_124329,P_782892,train
W_124367,P_212109,train
W_124367,P_212110,train
W_124379,P_712414,train
W_124379,P_773931,train
W_124425,P_213118,train
W_124425,P_307828,train
W_124439,P_213233,train
W_124439,P_213235,train
W_12444,P_149157,train
W_12444,P_75278,train
W_124462,P_213389,train
W_124462,P_213578,train
W_124539,P_214151,train
W_124539,P_352643,train
W_124587,P_214678,train
W_124587,P_214679,train
W_124599,P_214729,train
W_124599,P_558521,train
W_124601,P_286802,train
W_124601,P_438855,train
W_12462,P_12462,train
W_12462,P_179374,train
W_124621,P_214795,train
W_124621,P_355291,train
W_124629,P_214828,train
W_124629,P_595039,train
W_124631,P_267969,train
W_124631,P_478005,train
W_124649,P_215141,train
W_124649,P_323962,train
W_124653,P_215191,train
W_124653,P_215208,train
W_124676,P_215535,train
W_124676,P_215536,train
W_124677,P_215540,train
W_124677,P_215541,train
W_124685,P_215572,train
W_124685,P_215587,train
W_124688,P_215576,train
W_124688,P_613566,train
W_124706,P_265059,train
W_124706,P_452788,train
W_124746,P_398274,train
W_124746,P_419675,train
W_124813,P_216303,train
W_124813,P_507230,train
W_124823,P_216326,train
W_124823,P_414036,train
W_124853,P_216542,train
W_124853,P_447349,train
W_124864,P_216621,train
W_124864,P_729041,train
W_124875,P_216679,train
W_124875,P_216682,train
W_124879,P_216721,train
W_124879,P_222910,train
W_125008,P_492140,train
W_125008,P_493412,train
W_125129,P_305975,train
W_125129,P_369821,train
W_125131,P_216989,train
W_125131,P_216990,train
W_12514,P_12520,train
W_12514,P_12521,train
W_125184,P_226956,train
W_125184,P_83473,train
W_125191,P_217484,train
W_125191,P_217487,train
W_125213,P_217719,train
W_125213,P_217721,train
W_125267,P_218143,train
W_125267,P_218146,train
W_125276,P_218270,train
W_125276,P_222813,train
W_12537,P_12538,train
W_12537,P_389184,train
W_125383,P_219158,train
W_125383,P_219159,train
W_125448,P_219529,train
W_125448,P_219530,train
W_125566,P_219948,train
W_125566,P_219951,train
W_125598,P_220161,train
W_125598,P_491704,train
W_125648,P_220261,train
W_125648,P_220697,train
W_125684,P_220481,train
W_125684,P_252404,train
W_125713,P_220731,train
W_125713,P_488842,train
W_12572,P_12575,train
W_12572,P_602698,train
W_125725,P_220781,train
W_125725,P_629342,train
W_125750,P_221034,train
W_125750,P_221036,train
W_125796,P_221240,train
W_125796,P_221241,train
W_1258,P_503846,train
W_1258,P_707382,train
W_125830,P_221422,train
W_125830,P_221423,train
W_125890,P_574247,train
W_125890,P_793731,train
W_125901,P_221649,train
W_125901,P_381114,train
W_125903,P_221680,train
W_125903,P_221684,train
W_125923,P_221838,train
W_125923,P_355854,train
W_126108,P_222853,train
W_126108,P_257631,train
W_126126,P_236759,train
W_126126,P_430967,train
W_126132,P_490167,train
W_126132,P_545552,train
W_126136,P_223172,train
W_126136,P_223176,train
W_126146,P_223189,train
W_126146,P_223214,train
W_126147,P_223188,train
W_126147,P_223199,train
W_126230,P_223720,train
W_126230,P_357898,train
W_126254,P_223866,train
W_126254,P_446843,train
W_126309,P_290446,train
W_126309,P_440503,train
W_126340,P_224552,train
W_126340,P_224553,train
W_126358,P_224701,train
W_126358,P_787958,train
W_126365,P_224737,train
W_126365,P_240638,train
W_126398,P_224972,train
W_126398,P_224973,train
W_126429,P_225089,train
W_126429,P_225130,train
W_126449,P_225243,train
W_126449,P_225244,train
W_126487,P_225572,train
W_126487,P_686824,train
W_126498,P_225789,train
W_126498,P_225790,train
W_126501,P_380446,train
W_126501,P_545165,train
W_126506,P_519589,train
W_126506,P_574397,train
W_126549,P_241374,train
W_126549,P_675859,train
W_126566,P_226477,train
W_126566,P_226479,train
W_126617,P_226682,train
W_126617,P_575280,train
W_126646,P_226807,train
W_126646,P_778514,train
W_12667,P_24632,train
W_12667,P_453833,train
W_126687,P_226981,train
W_126687,P_226982,train
W_126787,P_334581,train
W_126787,P_334695,train
W_1268,P_431589,train
W_1268,P_670010,train
W_12680,P_22767,train
W_12680,P_37181,train
W_126806,P_227905,train
W_126806,P_227946,train
W_126808,P_227858,train
W_126808,P_227862,train
W_126854,P_228159,train
W_126854,P_228162,train
W_126896,P_470723,train
W_126896,P_479265,train
W_12691,P_103617,train
W_12691,P_12692,train
W_126927,P_228844,train
W_126927,P_498035,train
W_126938,P_228988,train
W_126938,P_674811,train
W_12694,P_12694,train
W_12694,P_77399,train
W_127000,P_229290,train
W_127000,P_229293,train
W_12701,P_109461,train
W_12701,P_169484,train
W_127058,P_229519,train
W_127058,P_257013,train
W_127078,P_229904,train
W_127078,P_229951,train
W_12714,P_609592,train
W_12714,P_623770,train
W_127152,P_230910,train
W_127152,P_778257,train
W_127201,P_231566,train
W_127201,P_753625,train
W_127202,P_231688,train
W_127202,P_364875,train
W_127231,P_231937,train
W_127231,P_231961,train
W_127245,P_232198,train
W_127245,P_232236,train
W_127251,P_232260,train
W_127251,P_232264,train
W_127272,P_232445,train
W_127272,P_774943,train
W_127275,P_232454,train
W_127275,P_392664,train
W_127288,P_232970,train
W_127288,P_288591,train
W_127316,P_232800,train
W_127316,P_232802,train
W_127338,P_233006,train
W_127338,P_233007,train
W_127347,P_334628,train
W_127347,P_740077,train
W_127391,P_233390,train
W_127391,P_727781,train
W_127411,P_599202,train
W_127411,P_635420,train
W_127418,P_233687,train
W_127418,P_233703,train
W_12752,P_400980,train
W_12752,P_499279,train
W_127534,P_234812,train
W_127534,P_234838,train
W_127561,P_235135,train
W_127561,P_235136,train
W_127562,P_235141,train
W_127562,P_235149,train
W_127577,P_235304,train
W_127577,P_235305,train
W_127582,P_235329,train
W_127582,P_704755,train
W_127585,P_235356,train
W_127585,P_235357,train
W_127587,P_235385,train
W_127587,P_235387,train
W_127588,P_299705,train
W_127588,P_515843,train
W_127600,P_235509,train
W_127600,P_513453,train
W_127606,P_235535,train
W_127606,P_235544,train
W_12769,P_12769,train
W_12769,P_219595,train
W_127732,P_314225,train
W_127732,P_781706,train
W_127739,P_236116,train
W_127739,P_545377,train
W_12774,P_12774,train
W_12774,P_164314,train
W_127740,P_755292,train
W_127740,P_759982,train
W_127762,P_236258,train
W_127762,P_236260,train
W_127808,P_236548,train
W_127808,P_236550,train
W_127868,P_237156,train
W_127868,P_617134,train
W_127869,P_236885,train
W_127869,P_236887,train
W_127875,P_612563,train
W_127875,P_726424,train
W_127886,P_237027,train
W_127886,P_237028,train
W_127892,P_516591,train
W_127892,P_619672,train
W_127967,P_237532,train
W_127967,P_504961,train
W_128,P_3908,train
W_128,P_4617,train
W_128013,P_238095,train
W_128013,P_238118,train
W_128058,P_238096,train
W_128058,P_238097,train
W_128088,P_360428,train
W_128088,P_725394,train
W_128092,P_238652,train
W_128092,P_437003,train
W_128197,P_239468,train
W_128197,P_242957,train
W_128219,P_239647,train
W_128219,P_239648,train
W_128238,P_239795,train
W_128238,P_239796,train
W_128280,P_240124,train
W_128280,P_240134,train
W_128345,P_240598,train
W_128345,P_339951,train
W_12835,P_166438,train
W_12835,P_668653,train
W_128394,P_240962,train
W_128394,P_399235,train
W_128439,P_241122,train
W_128439,P_394402,train
W_128539,P_241534,train
W_128539,P_241536,train
W_128728,P_242162,train
W_128728,P_792311,train
W_128743,P_503232,train
W_128743,P_791714,train
W_128765,P_242370,train
W_128765,P_242371,train
W_128791,P_527873,train
W_128791,P_528761,train
W_12880,P_21361,train
W_12880,P_732001,train
W_128818,P_242875,train
W_128818,P_318446,train
W_128878,P_243372,train
W_128878,P_243373,train
W_128887,P_243425,train
W_128887,P_680374,train
W_128958,P_243628,train
W_128958,P_524378,train
W_128962,P_243641,train
W_128962,P_243644,train
W_128967,P_243704,train
W_128967,P_559125,train
W_128977,P_553208,train
W_128977,P_749200,train
W_128996,P_517126,train
W_128996,P_522086,train
W_129015,P_244431,train
W_129015,P_244540,train
W_129048,P_244252,train
W_129048,P_492184,train
W_129057,P_244280,train
W_129057,P_750262,train
W_129116,P_244577,train
W_129116,P_359258,train
W_129147,P_244695,train
W_129147,P_307554,train
W_129153,P_244767,train
W_129153,P_434541,train
W_129174,P_244926,train
W_129174,P_380137,train
W_129202,P_245029,train
W_129202,P_747565,train
W_129206,P_245045,train
W_129206,P_245046,train
W_129219,P_245257,train
W_129219,P_247105,train
W_129221,P_245192,train
W_129221,P_266950,train
W_129249,P_245236,train
W_129249,P_245237,train
W_129250,P_245238,train
W_129250,P_245239,train
W_129268,P_246502,train
W_129268,P_716738,train
W_129279,P_650741,train
W_129279,P_729243,train
W_129282,P_245467,train
W_129282,P_719825,train
W_129300,P_397971,train
W_129300,P_492552,train
W_129321,P_245888,train
W_129321,P_245889,train
W_129342,P_246131,train
W_129342,P_246133,train
W_129354,P_246256,train
W_129354,P_769497,train
W_129366,P_246352,train
W_129366,P_745666,train
W_129370,P_246343,train
W_129370,P_247104,train
W_129391,P_246480,train
W_129391,P_365083,train
W_129405,P_246677,train
W_129405,P_412553,train
W_129426,P_287444,train
W_129426,P_763767,train
W_129441,P_247191,train
W_129441,P_247192,train
W_129445,P_247219,train
W_129445,P_247220,train
W_129456,P_247353,train
W_129456,P_271666,train
W_129462,P_247365,train
W_129462,P_247366,train
W_12947,P_32517,train
W_12947,P_348933,train
W_129501,P_247581,train
W_129501,P_247582,train
W_129538,P_247866,train
W_129538,P_792230,train
W_129544,P_247918,train
W_129544,P_764873,train
W_129613,P_248290,train
W_129613,P_396502,train
W_129628,P_248348,train
W_129628,P_248349,train
W_129631,P_249233,train
W_129631,P_543673,train
W_129705,P_573341,train
W_129705,P_643833,train
W_129738,P_249277,train
W_129738,P_777644,train
W_129756,P_249378,train
W_129756,P_249403,train
W_129771,P_301195,train
W_129771,P_301196,train
W_129777,P_249647,train
W_129777,P_293695,train
W_129811,P_250203,train
W_129811,P_381241,train
W_129821,P_250258,train
W_129821,P_338858,train
W_129867,P_613381,train
W_129867,P_792401,train
W_12987,P_280661,train
W_12987,P_612443,train
W_129874,P_250788,train
W_129874,P_526484,train
W_129875,P_329229,train
W_129875,P_796560,train
W_12990,P_322759,train
W_12990,P_526240,train
W_129910,P_637155,train
W_129910,P_663742,train
W_129914,P_251266,train
W_129914,P_265070,train
W_129917,P_251298,train
W_129917,P_440855,train
W_129920,P_251305,train
W_129920,P_251306,train
W_129931,P_251615,train
W_129931,P_508637,train
W_129975,P_505428,train
W_129975,P_505468,train
W_130,P_397427,train
W_130,P_81897,train
W_130063,P_252673,train
W_130063,P_252674,train
W_130075,P_252776,train
W_130075,P_368351,train
W_130076,P_644364,train
W_130076,P_644888,train
W_130115,P_539836,train
W_130115,P_649635,train
W_130117,P_482264,train
W_130117,P_685005,train
W_130118,P_253142,train
W_130118,P_780042,train
W_130189,P_429411,train
W_130189,P_599065,train
W_130199,P_287740,train
W_130199,P_422309,train
W_130213,P_287308,train
W_130213,P_354804,train
W_130237,P_254345,train
W_130237,P_412224,train
W_130276,P_254641,train
W_130276,P_374424,train
W_130284,P_254727,train
W_130284,P_254728,train
W_130285,P_254738,train
W_130285,P_254739,train
W_130312,P_254950,train
W_130312,P_524812,train
W_130325,P_255073,train
W_130325,P_786457,train
W_130333,P_255128,train
W_130333,P_255129,train
W_130365,P_255212,train
W_130365,P_547401,train
W_130428,P_255487,train
W_130428,P_255488,train
W_130463,P_255868,train
W_130463,P_331576,train
W_13048,P_333838,train
W_13048,P_426920,train
W_130505,P_255994,train
W_130505,P_451615,train
W_130528,P_406677,train
W_130528,P_489102,train
W_130540,P_256292,train
W_130540,P_386551,train
W_130561,P_256381,train
W_130561,P_472377,train
W_130591,P_256547,train
W_130591,P_598139,train
W_130595,P_256529,train
W_130595,P_734439,train
W_130597,P_256534,train
W_130597,P_256535,train
W_130603,P_256672,train
W_130603,P_426180,train
W_130625,P_256790,train
W_130625,P_256791,train
W_130627,P_256816,train
W_130627,P_507739,train
W_130653,P_257018,train
W_130653,P_257051,train
W_130655,P_257079,train
W_130655,P_400782,train
W_13068,P_13068,train
W_13068,P_214023,train
W_130703,P_257657,train
W_130703,P_483379,train
W_130719,P_480196,train
W_130719,P_620011,train
W_13079,P_13079,train
W_13079,P_222238,train
W_130823,P_258383,train
W_130823,P_258384,train
W_130864,P_365229,train
W_130864,P_441673,train
W_130876,P_258736,train
W_130876,P_748246,train
W_130920,P_258983,train
W_130920,P_258985,train
W_130929,P_259021,train
W_130929,P_699130,train
W_130956,P_259169,train
W_130956,P_564843,train
W_130959,P_259175,train
W_130959,P_259176,train
W_130996,P_259467,train
W_130996,P_259468,train
W_130998,P_259860,train
W_130998,P_728628,train
W_13101,P_13101,train
W_13101,P_13102,train
W_131012,P_259591,train
W_131012,P_259592,train
W_131033,P_312479,train
W_131033,P_561380,train
W_131073,P_106972,train
W_131073,P_260180,train
W_13109,P_288782,train
W_13109,P_669691,train
W_131164,P_260929,train
W_131164,P_268598,train
W_131167,P_260954,train
W_131167,P_260955,train
W_131198,P_261211,train
W_131198,P_481704,train
W_131213,P_261307,train
W_131213,P_261308,train
W_131254,P_261614,train
W_131254,P_349330,train
W_131261,P_261731,train
W_131261,P_261732,train
W_131287,P_262046,train
W_131287,P_724022,train
W_131291,P_262061,train
W_131291,P_262062,train
W_131305,P_262170,train
W_131305,P_292022,train
W_131311,P_262231,train
W_131311,P_262232,train
W_131312,P_262254,train
W_131312,P_389214,train
W_131336,P_262375,train
W_131336,P_262378,train
W_131350,P_262433,train
W_131350,P_262434,train
W_131361,P_262486,train
W_131361,P_262488,train
W_131391,P_366341,train
W_131391,P_704843,train
W_131407,P_478022,train
W_131407,P_607101,train
W_131417,P_263203,train
W_131417,P_263206,train
W_131418,P_263233,train
W_131418,P_600880,train
W_131430,P_263313,train
W_131430,P_263314,train
W_131452,P_263417,train
W_131452,P_263418,train
W_131466,P_263464,train
W_131466,P_263465,train
W_131470,P_263478,train
W_131470,P_263479,train
W_131501,P_263649,train
W_131501,P_263651,train
W_131504,P_263743,train
W_131504,P_273317,train
W_131537,P_368187,train
W_131537,P_414622,train
W_131540,P_506143,train
W_131540,P_730434,train
W_131550,P_264060,train
W_131550,P_264061,train
W_131556,P_264090,train
W_131556,P_345789,train
W_131565,P_264138,train
W_131565,P_588057,train
W_131584,P_264233,train
W_131584,P_469919,train
W_131682,P_264800,train
W_131682,P_264801,train
W_131683,P_264804,train
W_131683,P_717313,train
W_131769,P_265137,train
W_131769,P_265138,train
W_131770,P_265139,train
W_131770,P_265140,train
W_131793,P_265228,train
W_131793,P_548570,train
W_131794,P_265231,train
W_131794,P_683717,train
W_131795,P_265233,train
W_131795,P_327912,train
W_131833,P_265420,train
W_131833,P_635803,train
W_131835,P_265425,train
W_131835,P_265426,train
W_131836,P_265430,train
W_131836,P_495829,train
W_131862,P_265538,train
W_131862,P_265539,train
W_131899,P_699839,train
W_131899,P_754127,train
W_131915,P_265967,train
W_131915,P_499345,train
W_131918,P_265981,train
W_131918,P_265984,train
W_131956,P_266229,train
W_131956,P_747147,train
W_13200,P_140241,train
W_13200,P_771658,train
W_132090,P_267221,train
W_132090,P_337853,train
W_132094,P_277779,train
W_132094,P_435489,train
W_132120,P_421889,train
W_132120,P_623973,train
W_132182,P_268253,train
W_132182,P_278373,train
W_13219,P_473147,train
W_13219,P_718670,train
W_132206,P_268335,train
W_132206,P_268336,train
W_132279,P_268720,train
W_132279,P_268733,train
W_132286,P_268727,train
W_132286,P_717113,train
W_132317,P_268849,train
W_132317,P_268850,train
W_132345,P_270415,train
W_132345,P_753550,train
W_132349,P_269038,train
W_132349,P_269039,train
W_132350,P_269040,train
W_132350,P_269041,train
W_132351,P_269042,train
W_132351,P_269043,train
W_13238,P_13238,train
W_13238,P_386054,train
W_132415,P_269386,train
W_132415,P_269387,train
W_132422,P_417567,train
W_132422,P_419722,train
W_132450,P_324322,train
W_132450,P_662199,train
W_132522,P_270086,train
W_132522,P_340980,train
W_132574,P_270305,train
W_132574,P_270318,train
W_132627,P_270786,train
W_132627,P_374358,train
W_132666,P_271105,train
W_132666,P_271107,train
W_132692,P_271292,train
W_132692,P_693079,train
W_132746,P_271659,train
W_132746,P_271660,train
W_132752,P_271751,train
W_132752,P_271760,train
W_13277,P_13277,train
W_13277,P_590395,train
W_132775,P_271965,train
W_132775,P_271968,train
W_132777,P_323385,train
W_132777,P_414932,train
W_132779,P_272025,train
W_132779,P_388567,train
W_132795,P_272118,train
W_132795,P_295848,train
W_132863,P_272616,train
W_132863,P_477079,train
W_132893,P_272749,train
W_132893,P_608878,train
W_132897,P_627150,train
W_132897,P_712127,train
W_132902,P_467806,train
W_132902,P_552504,train
W_132905,P_272845,train
W_132905,P_272846,train
W_132936,P_273169,train
W_132936,P_273171,train
W_132940,P_617135,train
W_132940,P_749939,train
W_132994,P_273630,train
W_132994,P_486058,train
W_132996,P_273634,train
W_132996,P_273635,train
W_133000,P_273703,train
W_133000,P_273704,train
W_133001,P_273706,train
W_133001,P_273707,train
W_13305,P_111163,train
W_13305,P_13305,train
W_133059,P_273965,train
W_133059,P_273968,train
W_133077,P_274102,train
W_133077,P_274106,train
W_13309,P_13309,train
W_13309,P_364594,train
W_133102,P_276823,train
W_133102,P_559208,train
W_133104,P_274388,train
W_133104,P_274389,train
W_133112,P_274429,train
W_133112,P_274430,train
W_133138,P_274602,train
W_133138,P_274605,train
W_133166,P_361107,train
W_133166,P_667855,train
W_133183,P_274851,train
W_133183,P_516079,train
W_133188,P_427649,train
W_133188,P_702892,train
W_133196,P_274890,train
W_133196,P_274896,train
W_133202,P_274911,train
W_133202,P_274917,train
W_133203,P_274926,train
W_133203,P_274927,train
W_133228,P_373461,train
W_133228,P_571338,train
W_133249,P_275218,train
W_133249,P_275219,train
W_133279,P_275425,train
W_133279,P_397756,train
W_133280,P_276533,train
W_133280,P_276571,train
W_133286,P_275446,train
W_133286,P_794825,train
W_133324,P_593260,train
W_133324,P_720176,train
W_133329,P_275674,train
W_133329,P_275677,train
W_133361,P_552868,train
W_133361,P_598097,train
W_133370,P_275912,train
W_133370,P_655162,train
W_133415,P_276171,train
W_133415,P_472805,train
W_133416,P_623089,train
W_133416,P_742565,train
W_133423,P_276236,train
W_133423,P_276237,train
W_133447,P_276370,train
W_133447,P_795421,train
W_133452,P_276391,train
W_133452,P_436282,train
W_133453,P_276393,train
W_133453,P_276394,train
W_133472,P_399232,train
W_133472,P_510729,train
W_133473,P_276628,train
W_133473,P_629391,train
W_133478,P_276651,train
W_133478,P_448965,train
W_133480,P_530868,train
W_133480,P_578910,train
W_133489,P_276791,train
W_133489,P_676853,train
W_133490,P_276787,train
W_133490,P_573288,train
W_133503,P_276932,train
W_133503,P_306962,train
W_133511,P_277007,train
W_133511,P_278037,train
W_133515,P_277041,train
W_133515,P_758803,train
W_133593,P_277801,train
W_133593,P_575639,train
W_133598,P_506236,train
W_133598,P_784032,train
W_133599,P_325952,train
W_133599,P_326073,train
W_133622,P_278317,train
W_133622,P_278322,train
W_133633,P_278391,train
W_133633,P_278392,train
W_133648,P_473868,train
W_133648,P_595589,train
W_133651,P_283452,train
W_133651,P_288812,train
W_133707,P_279266,train
W_133707,P_279267,train
W_133723,P_279422,train
W_133723,P_293989,train
W_133770,P_279875,train
W_133770,P_715224,train
W_133829,P_281187,train
W_133829,P_315320,train
W_133834,P_593739,train
W_133834,P_709316,train
W_133835,P_280596,train
W_133835,P_549404,train
W_133836,P_592545,train
W_133836,P_660127,train
W_133840,P_586766,train
W_133840,P_679832,train
W_133847,P_280787,train
W_133847,P_280794,train
W_133851,P_280877,train
W_133851,P_404518,train
W_133873,P_281050,train
W_133873,P_281054,train
W_133880,P_281076,train
W_133880,P_281078,train
W_133954,P_596847,train
W_133954,P_780981,train
W_133965,P_281392,train
W_133965,P_281446,train
W_133975,P_281492,train
W_133975,P_779528,train
W_133976,P_281589,train
W_133976,P_281590,train
W_133983,P_281581,train
W_133983,P_281582,train
W_133985,P_281613,train
W_133985,P_281615,train
W_133992,P_281638,train
W_133992,P_718645,train
W_134002,P_281748,train
W_134002,P_281751,train
W_134017,P_281891,train
W_134017,P_515166,train
W_134067,P_282731,train
W_134067,P_336978,train
W_134083,P_539415,train
W_134083,P_601963,train
W_134091,P_283047,train
W_134091,P_283048,train
W_134106,P_283125,train
W_134106,P_615701,train
W_134109,P_283146,train
W_134109,P_283147,train
W_134160,P_283947,train
W_134160,P_627918,train
W_134164,P_284027,train
W_134164,P_332294,train
W_134167,P_284051,train
W_134167,P_284058,train
W_134169,P_284085,train
W_134169,P_284127,train
W_134177,P_284094,train
W_134177,P_284124,train
W_134184,P_284101,train
W_134184,P_284104,train
W_134194,P_285867,train
W_134194,P_720380,train
W_134198,P_284275,train
W_134198,P_284277,train
W_134207,P_284369,train
W_134207,P_284370,train
W_134209,P_284378,train
W_134209,P_527405,train
W_134211,P_767081,train
W_134211,P_780178,train
W_134227,P_284697,train
W_134227,P_284698,train
W_134252,P_284956,train
W_134252,P_284957,train
W_134257,P_285019,train
W_134257,P_285020,train
W_134259,P_285124,train
W_134259,P_393111,train
W_134264,P_285090,train
W_134264,P_530874,train
W_134270,P_286375,train
W_134270,P_786145,train
W_134295,P_285365,train
W_134295,P_285366,train
W_134320,P_459828,train
W_134320,P_484373,train
W_134356,P_285792,train
W_134356,P_733789,train
W_134379,P_286129,train
W_134379,P_286130,train
W_134382,P_720804,train
W_134382,P_720868,train
W_134384,P_680884,train
W_134384,P_724762,train
W_134418,P_311317,train
W_134418,P_601263,train
W_134433,P_286586,train
W_134433,P_286797,train
W_134436,P_286644,train
W_134436,P_286645,train
W_134443,P_286691,train
W_134443,P_286695,train
W_134448,P_286690,train
W_134448,P_286700,train
W_134472,P_518333,train
W_134472,P_775630,train
W_134488,P_287170,train
W_134488,P_365801,train
W_134498,P_287276,train
W_134498,P_287277,train
W_134506,P_287324,train
W_134506,P_560848,train
W_134521,P_287398,train
W_134521,P_287401,train
W_134524,P_287415,train
W_134524,P_728220,train
W_134550,P_287763,train
W_134550,P_287781,train
W_134553,P_395764,train
W_134553,P_413239,train
W_134555,P_287712,train
W_134555,P_343284,train
W_134606,P_288083,train
W_134606,P_288094,train
W_134613,P_288136,train
W_134613,P_288137,train
W_134650,P_288442,train
W_134650,P_288444,train
W_134653,P_288449,train
W_134653,P_288450,train
W_134657,P_288465,train
W_134657,P_288466,train
W_134729,P_288914,train
W_134729,P_288924,train
W_134745,P_289163,train
W_134745,P_289165,train
W_134756,P_289241,train
W_134756,P_289242,train
W_134759,P_289303,train
W_134759,P_289304,train
W_134826,P_289975,train
W_134826,P_289977,train
W_134873,P_398694,train
W_134873,P_518395,train
W_134924,P_290639,train
W_134924,P_290644,train
W_134987,P_291055,train
W_134987,P_608109,train
W_134998,P_291204,train
W_134998,P_293352,train
W_135038,P_291555,train
W_135038,P_291556,train
W_135049,P_291647,train
W_135049,P_292584,train
W_135060,P_291691,train
W_135060,P_502810,train
W_135063,P_291700,train
W_135063,P_291703,train
W_135087,P_291886,train
W_135087,P_291887,train
W_135096,P_590113,train
W_135096,P_759810,train
W_135146,P_292502,train
W_135146,P_292504,train
W_135166,P_566038,train
W_135166,P_724892,train
W_135169,P_292739,train
W_135169,P_394386,train
W_135180,P_518341,train
W_135180,P_698867,train
W_135212,P_293155,train
W_135212,P_323483,train
W_135231,P_293337,train
W_135231,P_293354,train
W_135247,P_457917,train
W_135247,P_610108,train
W_135296,P_293966,train
W_135296,P_293971,train
W_135368,P_294580,train
W_135368,P_294589,train
W_135381,P_294731,train
W_135381,P_294732,train
W_135382,P_294734,train
W_135382,P_294736,train
W_135389,P_367252,train
W_135389,P_620113,train
W_135396,P_294800,train
W_135396,P_294801,train
W_135407,P_294859,train
W_135407,P_294861,train
W_135416,P_294942,train
W_135416,P_434281,train
W_135430,P_295013,train
W_135430,P_782800,train
W_135441,P_295115,train
W_135441,P_295116,train
W_135443,P_295126,train
W_135443,P_295131,train
W_135462,P_295211,train
W_135462,P_295213,train
W_135468,P_295246,train
W_135468,P_295250,train
W_135494,P_295494,train
W_135494,P_295495,train
W_135528,P_295875,train
W_135528,P_683350,train
W_135545,P_733429,train
W_135545,P_752648,train
W_135630,P_297059,train
W_135630,P_401186,train
W_135671,P_731796,train
W_135671,P_731804,train
W_135678,P_297507,train
W_135678,P_297508,train
W_135705,P_297887,train
W_135705,P_297891,train
W_135733,P_482752,train
W_135733,P_620573,train
W_135734,P_298249,train
W_135734,P_475380,train
W_135735,P_312267,train
W_135735,P_797045,train
W_135762,P_298439,train
W_135762,P_470648,train
W_135764,P_298453,train
W_135764,P_298454,train
W_135765,P_554573,train
W_135765,P_554574,train
W_135767,P_298481,train
W_135767,P_298482,train
W_135768,P_298484,train
W_135768,P_298488,train
W_135769,P_329017,train
W_135769,P_560715,train
W_135775,P_298518,train
W_135775,P_298519,train
W_13581,P_170653,train
W_13581,P_204502,train
W_135816,P_298818,train
W_135816,P_298821,train
W_135818,P_298926,train
W_135818,P_687963,train
W_135893,P_299467,train
W_135893,P_338576,train
W_135953,P_299944,train
W_135953,P_299945,train
W_135984,P_300135,train
W_135984,P_300137,train
W_135988,P_423688,train
W_135988,P_690048,train
W_135994,P_300219,train
W_135994,P_300220,train
W_136018,P_300330,train
W_136018,P_300339,train
W_136024,P_300387,train
W_136024,P_300398,train
W_136071,P_301046,train
W_136071,P_301047,train
W_136073,P_301062,train
W_136073,P_301063,train
W_136075,P_301082,train
W_136075,P_301083,train
W_136082,P_301150,train
W_136082,P_798856,train
W_136086,P_301193,train
W_136086,P_301208,train
W_136105,P_301412,train
W_136105,P_301413,train
W_136106,P_301421,train
W_136106,P_326875,train
W_136156,P_301940,train
W_136156,P_476475,train
W_136157,P_301950,train
W_136157,P_575469,train
W_136192,P_302221,train
W_136192,P_302228,train
W_136210,P_302356,train
W_136210,P_302390,train
W_136214,P_302360,train
W_136214,P_302382,train
W_136235,P_461484,train
W_136235,P_546223,train
W_136237,P_302651,train
W_136237,P_648481,train
W_136249,P_302877,train
W_136249,P_302878,train
W_136301,P_303611,train
W_136301,P_555572,train
W_13632,P_13632,train
W_13632,P_165842,train
W_136325,P_303864,train
W_136325,P_714845,train
W_136332,P_303962,train
W_136332,P_303965,train
W_136337,P_304023,train
W_136337,P_430070,train
W_136341,P_747330,train
W_136341,P_768042,train
W_136368,P_304506,train
W_136368,P_555919,train
W_136381,P_304668,train
W_136381,P_632774,train
W_136386,P_304697,train
W_136386,P_304698,train
W_136394,P_304884,train
W_136394,P_594190,train
W_136428,P_305233,train
W_136428,P_305262,train
W_136444,P_305358,train
W_136444,P_305360,train
W_136455,P_305464,train
W_136455,P_305465,train
W_136462,P_305634,train
W_136462,P_667456,train
W_136473,P_305810,train
W_136473,P_744975,train
W_136486,P_305953,train
W_136486,P_305954,train
W_136489,P_305992,train
W_136489,P_584029,train
W_136521,P_629987,train
W_136521,P_765147,train
W_136574,P_306671,train
W_136574,P_306672,train
W_136617,P_307070,train
W_136617,P_307074,train
W_136620,P_307124,train
W_136620,P_307125,train
W_136635,P_307342,train
W_136635,P_312238,train
W_136678,P_307632,train
W_136678,P_307633,train
W_136704,P_400109,train
W_136704,P_580558,train
W_136720,P_307831,train
W_136720,P_308116,train
W_136724,P_693144,train
W_136724,P_793134,train
W_136725,P_307813,train
W_136725,P_307815,train
W_13673,P_13673,train
W_13673,P_256827,train
W_136746,P_307940,train
W_136746,P_307941,train
W_136782,P_308273,train
W_136782,P_308274,train
W_136787,P_308374,train
W_136787,P_308387,train
W_136811,P_308485,train
W_136811,P_308846,train
W_136833,P_472390,train
W_136833,P_792883,train
W_136838,P_308715,train
W_136838,P_769141,train
W_136875,P_308985,train
W_136875,P_308987,train
W_136879,P_309030,train
W_136879,P_309032,train
W_136881,P_309067,train
W_136881,P_309068,train
W_136889,P_671524,train
W_136889,P_769730,train
W_136897,P_309186,train
W_136897,P_651835,train
W_136910,P_309214,train
W_136910,P_309217,train
W_136934,P_309268,train
W_136934,P_309269,train
W_136938,P_309308,train
W_136938,P_526812,train
W_136974,P_309485,train
W_136974,P_309488,train
W_137007,P_309844,train
W_137007,P_310176,train
W_137011,P_309890,train
W_137011,P_309891,train
W_137028,P_350588,train
W_137028,P_512009,train
W_137043,P_310102,train
W_137043,P_314638,train
W_137071,P_310269,train
W_137071,P_497933,train
W_137102,P_310493,train
W_137102,P_310505,train
W_137107,P_375841,train
W_137107,P_375973,train
W_137129,P_310613,train
W_137129,P_310616,train
W_137154,P_310727,train
W_137154,P_310734,train
W_13720,P_330860,train
W_13720,P_56950,train
W_137243,P_311460,train
W_137243,P_311471,train
W_137274,P_311768,train
W_137274,P_587080,train
W_137287,P_599061,train
W_137287,P_769279,train
W_137295,P_311894,train
W_137295,P_675247,train
W_137319,P_312734,train
W_137319,P_396794,train
W_137343,P_312251,train
W_137343,P_312252,train
W_137367,P_312378,train
W_137367,P_312382,train
W_137376,P_312431,train
W_137376,P_760556,train
W_137378,P_312484,train
W_137378,P_392665,train
W_137407,P_312720,train
W_137407,P_598763,train
W_137412,P_312747,train
W_137412,P_712553,train
W_137436,P_313076,train
W_137436,P_313077,train
W_137571,P_313993,train
W_137571,P_313994,train
W_137610,P_314168,train
W_137610,P_314177,train
W_137667,P_314752,train
W_137667,P_314753,train
W_137670,P_314773,train
W_137670,P_411797,train
W_137677,P_314826,train
W_137677,P_721383,train
W_137686,P_314849,train
W_137686,P_314850,train
W_137709,P_314976,train
W_137709,P_671670,train
W_137720,P_315034,train
W_137720,P_601363,train
W_137728,P_315092,train
W_137728,P_315093,train
W_137774,P_640439,train
W_137774,P_752422,train
W_137814,P_315795,train
W_137814,P_315796,train
W_137873,P_316133,train
W_137873,P_616095,train
W_137881,P_316163,train
W_137881,P_616084,train
W_137907,P_316331,train
W_137907,P_316332,train
W_137935,P_316490,train
W_137935,P_316491,train
W_137958,P_316681,train
W_137958,P_316760,train
W_138003,P_316911,train
W_138003,P_316912,train
W_138017,P_317360,train
W_138017,P_770943,train
W_138025,P_317033,train
W_138025,P_626569,train
W_138063,P_317269,train
W_138063,P_317270,train
W_138065,P_317275,train
W_138065,P_515016,train
W_138084,P_317417,train
W_138084,P_410851,train
W_138094,P_317487,train
W_138094,P_317493,train
W_138105,P_317577,train
W_138105,P_327309,train
W_138107,P_317566,train
W_138107,P_761184,train
W_138118,P_317591,train
W_138118,P_494873,train
W_138125,P_317623,train
W_138125,P_544490,train
W_138126,P_317624,train
W_138126,P_486492,train
W_13814,P_612343,train
W_13814,P_612356,train
W_138152,P_317803,train
W_138152,P_317804,train
W_138158,P_317852,train
W_138158,P_317856,train
W_138211,P_445326,train
W_138211,P_770756,train
W_138242,P_319247,train
W_138242,P_319255,train
W_13826,P_13826,train
W_13826,P_13827,train
W_138282,P_714698,train
W_138282,P_720874,train
W_138299,P_319253,train
W_138299,P_319268,train
W_138322,P_319416,train
W_138322,P_319419,train
W_138326,P_319401,train
W_138326,P_319403,train
W_138358,P_319723,train
W_138358,P_623581,train
W_138389,P_319917,train
W_138389,P_319923,train
W_138397,P_319930,train
W_138397,P_319931,train
W_138406,P_319973,train
W_138406,P_524938,train
W_138483,P_676606,train
W_138483,P_795813,train
W_138494,P_320569,train
W_138494,P_320643,train
W_138497,P_441303,train
W_138497,P_486412,train
W_138529,P_567635,train
W_138529,P_620720,train
W_138562,P_321172,train
W_138562,P_321274,train
W_138575,P_321252,train
W_138575,P_321253,train
W_138588,P_321320,train
W_138588,P_321325,train
W_138590,P_331835,train
W_138590,P_539685,train
W_13861,P_84656,train
W_13861,P_99606,train
W_138614,P_321447,train
W_138614,P_740051,train
W_138631,P_321521,train
W_138631,P_321526,train
W_138663,P_321614,train
W_138663,P_321615,train
W_138684,P_321684,train
W_138684,P_321685,train
W_138704,P_321811,train
W_138704,P_321812,train
W_138715,P_321868,train
W_138715,P_321869,train
W_138729,P_321938,train
W_138729,P_321939,train
W_138780,P_322362,train
W_138780,P_457289,train
W_138782,P_322302,train
W_138782,P_458449,train
W_138796,P_322338,train
W_138796,P_418580,train
W_138840,P_322695,train
W_138840,P_322696,train
W_138843,P_574362,train
W_138843,P_614877,train
W_138868,P_322935,train
W_138868,P_322939,train
W_138880,P_322983,train
W_138880,P_322984,train
W_138907,P_323059,train
W_138907,P_760246,train
W_138912,P_323069,train
W_138912,P_760250,train
W_138924,P_323194,train
W_138924,P_323196,train
W_138990,P_326400,train
W_138990,P_481264,train
W_138993,P_323653,train
W_138993,P_323667,train
W_139017,P_323718,train
W_139017,P_333733,train
W_139051,P_323983,train
W_139051,P_324008,train
W_139083,P_324311,train
W_139083,P_380997,train
W_139099,P_324490,train
W_139099,P_374841,train
W_139130,P_348553,train
W_139130,P_348563,train
W_139141,P_324985,train
W_139141,P_797263,train
W_139157,P_325206,train
W_139157,P_325209,train
W_139197,P_325776,train
W_139197,P_325795,train
W_1392,P_58984,train
W_1392,P_684882,train
W_139224,P_326002,train
W_139224,P_326004,train
W_139227,P_326011,train
W_139227,P_326012,train
W_139245,P_326330,train
W_139245,P_743363,train
W_139255,P_326455,train
W_139255,P_497656,train
W_139259,P_616504,train
W_139259,P_702824,train
W_139299,P_326615,train
W_139299,P_373101,train
W_139334,P_586444,train
W_139334,P_662953,train
W_139345,P_327232,train
W_139345,P_702903,train
W_139346,P_327235,train
W_139346,P_703126,train
W_139380,P_327433,train
W_139380,P_716282,train
W_139401,P_327711,train
W_139401,P_327712,train
W_13943,P_266559,train
W_13943,P_428268,train
W_139477,P_328642,train
W_139477,P_328644,train
W_139513,P_328884,train
W_139513,P_328886,train
W_139543,P_329097,train
W_139543,P_329098,train
W_139545,P_329143,train
W_139545,P_329147,train
W_139552,P_329268,train
W_139552,P_760171,train
W_139555,P_329307,train
W_139555,P_329309,train
W_13956,P_181498,train
W_13956,P_19798,train
W_139579,P_329497,train
W_139579,P_329498,train
W_13959,P_129430,train
W_13959,P_13959,train
W_139610,P_329830,train
W_139610,P_604192,train
W_139643,P_581820,train
W_139643,P_730101,train
W_139666,P_330321,train
W_139666,P_330323,train
W_139701,P_330569,train
W_139701,P_346794,train
W_139714,P_330638,train
W_139714,P_575228,train
W_139730,P_330799,train
W_139730,P_728232,train
W_139731,P_330806,train
W_139731,P_330807,train
W_139733,P_330815,train
W_139733,P_330818,train
W_139741,P_330901,train
W_139741,P_330933,train
W_13977,P_151861,train
W_13977,P_242422,train
W_139777,P_331363,train
W_139777,P_331364,train
W_139779,P_331375,train
W_139779,P_332408,train
W_139820,P_331683,train
W_139820,P_331686,train
W_13984,P_13984,train
W_13984,P_13985,train
W_139843,P_331898,train
W_139843,P_718183,train
W_139855,P_331987,train
W_139855,P_599544,train
W_139880,P_332068,train
W_139880,P_793482,train
W_139881,P_631106,train
W_139881,P_791411,train
W_139959,P_332352,train
W_139959,P_497959,train
W_139976,P_332419,train
W_139976,P_733129,train
W_14,P_15,train
W_14,P_60604,train
W_140026,P_332693,train
W_140026,P_332696,train
W_140130,P_333177,train
W_140130,P_544666,train
W_140154,P_333305,train
W_140154,P_333310,train
W_140169,P_333474,train
W_140169,P_333478,train
W_140225,P_333793,train
W_140225,P_333795,train
W_14025,P_322500,train
W_14025,P_328114,train
W_140273,P_334178,train
W_140273,P_334179,train
W_140298,P_334564,train
W_140298,P_498034,train
W_140301,P_334537,train
W_140301,P_334544,train
W_140315,P_334629,train
W_140315,P_756514,train
W_140321,P_480576,train
W_140321,P_763240,train
W_140374,P_335045,train
W_140374,P_443691,train
W_140417,P_335153,train
W_140417,P_701210,train
W_140468,P_335720,train
W_140468,P_600826,train
W_140488,P_335878,train
W_140488,P_335879,train
W_140570,P_336455,train
W_140570,P_641485,train
W_140576,P_336548,train
W_140576,P_336549,train
W_140634,P_336766,train
W_140634,P_336767,train
W_140668,P_336967,train
W_140668,P_680512,train
W_140688,P_337064,train
W_140688,P_337066,train
W_140691,P_337109,train
W_140691,P_337110,train
W_140724,P_337300,train
W_140724,P_583204,train
W_140766,P_337700,train
W_140766,P_337701,train
W_140779,P_337870,train
W_140779,P_556342,train
W_140791,P_337936,train
W_140791,P_369907,train
W_140803,P_338085,train
W_140803,P_338087,train
W_140827,P_338402,train
W_140827,P_338403,train
W_140884,P_338581,train
W_140884,P_338582,train
W_140939,P_355574,train
W_140939,P_417673,train
W_140966,P_339207,train
W_140966,P_339209,train
W_140970,P_339242,train
W_140970,P_339501,train
W_140985,P_339345,train
W_140985,P_424823,train
W_140996,P_339410,train
W_140996,P_339413,train
W_141024,P_339595,train
W_141024,P_339605,train
W_141032,P_339648,train
W_141032,P_339649,train
W_141045,P_339706,train
W_141045,P_655065,train
W_141061,P_339810,train
W_141061,P_339812,train
W_141070,P_340155,train
W_141070,P_340156,train
W_141102,P_340499,train
W_141102,P_340504,train
W_141150,P_340966,train
W_141150,P_340967,train
W_141162,P_341072,train
W_141162,P_341077,train
W_141167,P_341091,train
W_141167,P_341092,train
W_141173,P_341144,train
W_141173,P_647368,train
W_141178,P_341176,train
W_141178,P_341189,train
W_14118,P_125114,train
W_14118,P_187441,train
W_141180,P_341214,train
W_141180,P_341217,train
W_141201,P_341361,train
W_141201,P_341363,train
W_141225,P_341497,train
W_141225,P_341498,train
W_141254,P_341719,train
W_141254,P_341722,train
W_141263,P_341813,train
W_141263,P_341844,train
W_141289,P_342081,train
W_141289,P_342085,train
W_141302,P_342229,train
W_141302,P_342230,train
W_141331,P_342459,train
W_141331,P_361737,train
W_141358,P_342769,train
W_141358,P_604759,train
W_141362,P_342814,train
W_141362,P_605123,train
W_141382,P_343049,train
W_141382,P_343050,train
W_141398,P_466204,train
W_141398,P_466205,train
W_14142,P_14143,train
W_14142,P_414835,train
W_141427,P_513329,train
W_141427,P_544892,train
W_141465,P_343581,train
W_141465,P_343590,train
W_141484,P_343975,train
W_141484,P_343992,train
W_141503,P_344142,train
W_141503,P_344143,train
W_141547,P_344329,train
W_141547,P_399658,train
W_141594,P_344572,train
W_141594,P_344574,train
W_141608,P_344682,train
W_141608,P_344683,train
W_14161,P_14161,train
W_14161,P_584179,train
W_141638,P_344903,train
W_141638,P_345003,train
W_141652,P_345097,train
W_141652,P_345098,train
W_141669,P_345170,train
W_141669,P_345173,train
W_141673,P_345184,train
W_141673,P_345188,train
W_141689,P_345349,train
W_141689,P_345350,train
W_141690,P_345374,train
W_141690,P_345375,train
W_141722,P_345615,train
W_141722,P_728635,train
W_141817,P_346425,train
W_141817,P_346426,train
W_141847,P_346500,train
W_141847,P_346501,train
W_141872,P_351911,train
W_141872,P_728235,train
W_14188,P_150128,train
W_14188,P_180396,train
W_141974,P_347295,train
W_141974,P_452654,train
W_141977,P_347352,train
W_141977,P_347353,train
W_142007,P_347759,train
W_142007,P_347760,train
W_142066,P_348333,train
W_142066,P_348335,train
W_142091,P_348457,train
W_142091,P_755500,train
W_142125,P_348685,train
W_142125,P_348690,train
W_142137,P_348832,train
W_142137,P_526004,train
W_142138,P_731121,train
W_142138,P_731127,train
W_142144,P_348907,train
W_142144,P_348908,train
W_142200,P_349454,train
W_142200,P_349463,train
W_142206,P_349493,train
W_142206,P_349495,train
W_142217,P_349543,train
W_142217,P_349544,train
W_142220,P_349556,train
W_142220,P_349559,train
W_142382,P_350872,train
W_142382,P_712465,train
W_142443,P_351345,train
W_142443,P_351359,train
W_142481,P_373664,train
W_142481,P_373675,train
W_142493,P_351726,train
W_142493,P_612853,train
W_142534,P_352048,train
W_142534,P_352049,train
W_142565,P_352174,train
W_142565,P_352175,train
W_142592,P_352229,train
W_142592,P_352230,train
W_142739,P_404714,train
W_142739,P_755255,train
W_142760,P_353402,train
W_142760,P_353403,train
W_142790,P_353512,train
W_142790,P_353529,train
W_142792,P_353765,train
W_142792,P_404336,train
W_142814,P_353701,train
W_142814,P_353702,train
W_142843,P_353866,train
W_142843,P_394367,train
W_142895,P_354117,train
W_142895,P_739688,train
W_142909,P_354169,train
W_142909,P_354178,train
W_142912,P_506532,train
W_142912,P_518191,train
W_142916,P_354253,train
W_142916,P_354254,train
W_14296,P_135380,train
W_14296,P_21743,train
W_142966,P_354455,train
W_142966,P_398271,train
W_142968,P_354459,train
W_142968,P_448450,train
W_142987,P_354534,train
W_142987,P_465640,train
W_142992,P_354551,train
W_142992,P_354555,train
W_143012,P_354717,train
W_143012,P_354718,train
W_143028,P_354752,train
W_143028,P_354753,train
W_143043,P_354793,train
W_143043,P_727103,train
W_143065,P_354986,train
W_143065,P_354987,train
W_143161,P_355363,train
W_143161,P_763920,train
W_143231,P_385953,train
W_143231,P_385955,train
W_143245,P_355995,train
W_143245,P_756078,train
W_143252,P_356017,train
W_143252,P_356030,train
W_143256,P_356069,train
W_143256,P_580467,train
W_143272,P_356134,train
W_143272,P_356135,train
W_143284,P_356241,train
W_143284,P_356242,train
W_143308,P_356388,train
W_143308,P_357900,train
W_14333,P_14335,train
W_14333,P_736065,train
W_143355,P_356622,train
W_143355,P_440023,train
W_143374,P_356718,train
W_143374,P_782970,train
W_143398,P_356854,train
W_143398,P_356855,train
W_143413,P_356965,train
W_143413,P_684468,train
W_143434,P_574256,train
W_143434,P_574376,train
W_143492,P_357333,train
W_143492,P_357390,train
W_143525,P_357626,train
W_143525,P_357628,train
W_143556,P_357855,train
W_143556,P_357867,train
W_143627,P_358395,train
W_143627,P_358396,train
W_143639,P_358460,train
W_143639,P_358461,train
W_143679,P_358771,train
W_143679,P_358773,train
W_143719,P_359092,train
W_143719,P_575403,train
W_143740,P_359239,train
W_143740,P_359240,train
W_14375,P_14375,train
W_14375,P_493954,train
W_143753,P_359330,train
W_143753,P_768515,train
W_143789,P_359577,train
W_143789,P_359578,train
W_143791,P_359582,train
W_143791,P_359583,train
W_143796,P_359592,train
W_143796,P_359593,train
W_143807,P_359677,train
W_143807,P_359678,train
W_143825,P_359771,train
W_143825,P_359773,train
W_143843,P_359840,train
W_143843,P_359855,train
W_143941,P_360461,train
W_143941,P_360462,train
W_144004,P_360910,train
W_144004,P_360911,train
W_144049,P_361173,train
W_144049,P_361174,train
W_144074,P_361425,train
W_144074,P_361430,train
W_144084,P_361529,train
W_144084,P_361654,train
W_144111,P_361803,train
W_144111,P_361860,train
W_144133,P_361978,train
W_144133,P_557401,train
W_144149,P_362143,train
W_144149,P_362144,train
W_144151,P_362163,train
W_144151,P_736738,train
W_144157,P_362202,train
W_144157,P_362203,train
W_144158,P_362204,train
W_144158,P_521604,train
W_144166,P_399550,train
W_144166,P_464535,train
W_144208,P_362711,train
W_144208,P_740546,train
W_144217,P_363458,train
W_144217,P_363484,train
W_144241,P_363031,train
W_144241,P_432478,train
W_144244,P_363035,train
W_144244,P_524370,train
W_14428,P_249127,train
W_14428,P_754502,train
W_144295,P_363580,train
W_144295,P_363584,train
W_144349,P_364089,train
W_144349,P_364547,train
W_144356,P_612593,train
W_144356,P_720442,train
W_144384,P_599692,train
W_144384,P_675888,train
W_144392,P_364411,train
W_144392,P_388194,train
W_144412,P_364638,train
W_144412,P_364639,train
W_144470,P_365222,train
W_144470,P_377257,train
W_144471,P_365204,train
W_144471,P_469219,train
W_144472,P_365206,train
W_144472,P_365208,train
W_144512,P_365429,train
W_144512,P_718041,train
W_144544,P_365802,train
W_144544,P_365803,train
W_144545,P_365804,train
W_144545,P_421560,train
W_144555,P_365901,train
W_144555,P_640095,train
W_144674,P_366765,train
W_144674,P_663874,train
W_144699,P_366954,train
W_144699,P_366955,train
W_144724,P_367026,train
W_144724,P_367080,train
W_144732,P_367036,train
W_144732,P_367047,train
W_144738,P_367115,train
W_144738,P_442444,train
W_144743,P_713804,train
W_144743,P_764037,train
W_144744,P_367155,train
W_144744,P_367156,train
W_14476,P_375852,train
W_14476,P_432706,train
W_14479,P_14479,train
W_14479,P_531866,train
W_144844,P_367667,train
W_144844,P_367668,train
W_144870,P_367813,train
W_144870,P_367816,train
W_144918,P_368058,train
W_144918,P_783955,train
W_144967,P_368252,train
W_144967,P_368253,train
W_145045,P_368552,train
W_145045,P_627679,train
W_145057,P_368662,train
W_145057,P_368672,train
W_14511,P_14511,train
W_14511,P_19987,train
W_14513,P_14513,train
W_14513,P_14514,train
W_145169,P_369415,train
W_145169,P_369427,train
W_145199,P_369634,train
W_145199,P_436720,train
W_145208,P_369695,train
W_145208,P_732895,train
W_145242,P_369966,train
W_145242,P_369967,train
W_145243,P_369972,train
W_145243,P_369974,train
W_145264,P_370118,train
W_145264,P_679734,train
W_145266,P_370125,train
W_145266,P_687964,train
W_145278,P_370198,train
W_145278,P_370206,train
W_145326,P_493965,train
W_145326,P_708658,train
W_145347,P_370504,train
W_145347,P_370505,train
W_145348,P_370508,train
W_145348,P_370509,train
W_14542,P_144153,train
W_14542,P_14550,train
W_145442,P_371094,train
W_145442,P_371095,train
W_145455,P_371141,train
W_145455,P_646361,train
W_145458,P_371149,train
W_145458,P_637005,train
W_145480,P_371233,train
W_145480,P_371235,train
W_145484,P_371249,train
W_145484,P_371250,train
W_145507,P_371413,train
W_145507,P_733149,train
W_145543,P_371676,train
W_145543,P_538207,train
W_145566,P_371775,train
W_145566,P_371776,train
W_145571,P_371806,train
W_145571,P_371975,train
W_145584,P_371844,train
W_145584,P_495244,train
W_145630,P_372066,train
W_145630,P_567533,train
W_145641,P_372128,train
W_145641,P_582734,train
W_145659,P_372175,train
W_145659,P_487191,train
W_145706,P_372420,train
W_145706,P_372421,train
W_145715,P_568100,train
W_145715,P_637158,train
W_145718,P_372508,train
W_145718,P_372509,train
W_145747,P_372661,train
W_145747,P_372662,train
W_145772,P_372879,train
W_145772,P_372881,train
W_145783,P_372994,train
W_145783,P_373018,train
W_145786,P_373003,train
W_145786,P_373004,train
W_145843,P_373437,train
W_145843,P_373441,train
W_145892,P_374040,train
W_145892,P_374986,train
W_145909,P_374132,train
W_145909,P_374151,train
W_145921,P_374206,train
W_145921,P_558479,train
W_145947,P_374368,train
W_145947,P_374369,train
W_145950,P_374378,train
W_145950,P_374379,train
W_145995,P_374722,train
W_145995,P_374725,train
W_146000,P_374764,train
W_146000,P_374770,train
W_146006,P_374789,train
W_146006,P_374815,train
W_146036,P_375023,train
W_146036,P_375412,train
W_146068,P_375292,train
W_146068,P_455244,train
W_146079,P_375359,train
W_146079,P_375360,train
W_146104,P_375721,train
W_146104,P_375722,train
W_146124,P_375932,train
W_146124,P_375943,train
W_146125,P_375934,train
W_146125,P_375936,train
W_146148,P_376120,train
W_146148,P_563677,train
W_146265,P_376980,train
W_146265,P_485104,train
W_146337,P_377710,train
W_146337,P_377711,train
W_146341,P_396229,train
W_146341,P_726491,train
W_146355,P_377790,train
W_146355,P_377791,train
W_146370,P_377888,train
W_146370,P_686063,train
W_146439,P_378262,train
W_146439,P_378264,train
W_146459,P_378351,train
W_146459,P_664194,train
W_146466,P_378369,train
W_146466,P_755503,train
W_146510,P_378546,train
W_146510,P_378547,train
W_146540,P_378755,train
W_146540,P_441826,train
W_146570,P_378920,train
W_146570,P_510582,train
W_146669,P_379567,train
W_146669,P_379569,train
W_146671,P_379587,train
W_146671,P_781238,train
W_146676,P_379625,train
W_146676,P_417974,train
W_146679,P_379632,train
W_146679,P_379633,train
W_146715,P_379839,train
W_146715,P_379871,train
W_146726,P_379907,train
W_146726,P_379908,train
W_146761,P_380151,train
W_146761,P_380152,train
W_146808,P_380414,train
W_146808,P_380415,train
W_146867,P_380839,train
W_146867,P_423712,train
W_147004,P_381740,train
W_147004,P_456069,train
W_14701,P_14701,train
W_14701,P_609033,train
W_147024,P_381862,train
W_147024,P_381863,train
W_14705,P_14716,train
W_14705,P_295104,train
W_147069,P_649060,train
W_147069,P_750463,train
W_147230,P_383082,train
W_147230,P_383084,train
W_147237,P_383163,train
W_147237,P_494449,train
W_147287,P_383419,train
W_147287,P_383420,train
W_147369,P_383683,train
W_147369,P_383684,train
W_147392,P_383770,train
W_147392,P_383790,train
W_14746,P_340577,train
W_14746,P_501976,train
W_14749,P_14794,train
W_14749,P_83059,train
W_147507,P_384308,train
W_147507,P_384310,train
W_147575,P_384603,train
W_147575,P_755498,train
W_147594,P_384779,train
W_147594,P_384780,train
W_147609,P_384861,train
W_147609,P_385720,train
W_147614,P_384956,train
W_147614,P_702953,train
W_147642,P_385156,train
W_147642,P_478432,train
W_147778,P_385849,train
W_147778,P_385850,train
W_147791,P_414229,train
W_147791,P_414230,train
W_147805,P_385967,train
W_147805,P_385975,train
W_14782,P_14782,train
W_14782,P_344615,train
W_147882,P_386479,train
W_147882,P_386480,train
W_147887,P_386493,train
W_147887,P_386494,train
W_147948,P_386964,train
W_147948,P_386965,train
W_147949,P_386971,train
W_147949,P_791785,train
W_147951,P_492554,train
W_147951,P_613639,train
W_147994,P_387326,train
W_147994,P_387327,train
W_148120,P_566341,train
W_148120,P_577899,train
W_148147,P_388527,train
W_148147,P_388528,train
W_14817,P_159586,train
W_14817,P_782954,train
W_148212,P_389142,train
W_148212,P_389149,train
W_148248,P_389536,train
W_148248,P_662815,train
W_148257,P_389611,train
W_148257,P_389612,train
W_148269,P_389659,train
W_148269,P_389660,train
W_148274,P_389668,train
W_148274,P_389669,train
W_148353,P_390380,train
W_148353,P_390382,train
W_148362,P_390450,train
W_148362,P_390468,train
W_148364,P_437586,train
W_148364,P_441482,train
W_148370,P_390490,train
W_148370,P_391209,train
W_148373,P_390509,train
W_148373,P_390510,train
W_148392,P_390735,train
W_148392,P_390737,train
W_148399,P_390775,train
W_148399,P_390780,train
W_148406,P_390880,train
W_148406,P_602378,train
W_148409,P_390944,train
W_148409,P_390945,train
W_148444,P_391437,train
W_148444,P_391438,train
W_148470,P_391670,train
W_148470,P_391672,train
W_148498,P_391989,train
W_148498,P_391990,train
W_148499,P_391999,train
W_148499,P_721705,train
W_148520,P_392225,train
W_148520,P_45797,train
W_14853,P_600802,train
W_14853,P_646932,train
W_148530,P_392294,train
W_148530,P_392295,train
W_148555,P_431339,train
W_148555,P_522171,train
W_148574,P_392789,train
W_148574,P_392790,train
W_148607,P_393187,train
W_148607,P_393191,train
W_148614,P_393248,train
W_148614,P_745552,train
W_148615,P_393249,train
W_148615,P_393251,train
W_148621,P_393282,train
W_148621,P_393297,train
W_148628,P_393363,train
W_148628,P_393364,train
W_148646,P_393647,train
W_148646,P_473970,train
W_148698,P_394111,train
W_148698,P_702717,train
W_148727,P_404658,train
W_148727,P_535961,train
W_148731,P_394377,train
W_148731,P_676088,train
W_148760,P_394592,train
W_148760,P_454815,train
W_148762,P_394644,train
W_148762,P_394645,train
W_148794,P_394943,train
W_148794,P_747380,train
W_148813,P_395171,train
W_148813,P_395175,train
W_148854,P_395492,train
W_148854,P_395495,train
W_148876,P_487731,train
W_148876,P_682593,train
W_148996,P_396642,train
W_148996,P_396644,train
W_148997,P_396654,train
W_148997,P_396655,train
W_149002,P_396727,train
W_149002,P_396728,train
W_149017,P_396811,train
W_149017,P_396816,train
W_149044,P_397029,train
W_149044,P_397030,train
W_149073,P_397540,train
W_149073,P_656230,train
W_149099,P_397749,train
W_149099,P_397759,train
W_149103,P_397774,train
W_149103,P_405202,train
W_149106,P_397911,train
W_149106,P_482221,train
W_149132,P_397983,train
W_149132,P_760323,train
W_149160,P_398148,train
W_149160,P_398149,train
W_149188,P_551992,train
W_149188,P_797119,train
W_149201,P_398970,train
W_149201,P_776921,train
W_149256,P_399576,train
W_149256,P_399579,train
W_149308,P_400140,train
W_149308,P_400141,train
W_149320,P_400257,train
W_149320,P_400264,train
W_149327,P_400487,train
W_149327,P_705048,train
W_149365,P_401025,train
W_149365,P_401040,train
W_149372,P_401113,train
W_149372,P_475197,train
W_149400,P_401321,train
W_149400,P_401322,train
W_149434,P_401664,train
W_149434,P_622602,train
W_149444,P_401887,train
W_149444,P_709341,train
W_149464,P_401991,train
W_149464,P_402083,train
W_149492,P_402399,train
W_149492,P_402400,train
W_149522,P_403099,train
W_149522,P_598555,train
W_149533,P_403353,train
W_149533,P_652466,train
W_14954,P_19180,train
W_14954,P_519616,train
W_149609,P_404443,train
W_149609,P_404826,train
W_149611,P_404464,train
W_149611,P_404466,train
W_149618,P_404532,train
W_149618,P_404536,train
W_149652,P_405269,train
W_149652,P_405270,train
W_149654,P_405297,train
W_149654,P_405299,train
W_149668,P_405814,train
W_149668,P_740823,train
W_149677,P_406135,train
W_149677,P_406157,train
W_149692,P_406263,train
W_149692,P_406273,train
W_149694,P_406281,train
W_149694,P_406282,train
W_149710,P_406466,train
W_149710,P_406467,train
W_149712,P_406483,train
W_149712,P_699806,train
W_149724,P_406666,train
W_149724,P_406667,train
W_149757,P_406979,train
W_149757,P_407059,train
W_149790,P_407596,train
W_149790,P_407597,train
W_149801,P_450748,train
W_149801,P_553373,train
W_14986,P_14986,train
W_14986,P_159571,train
W_149868,P_408711,train
W_149868,P_742433,train
W_149875,P_408828,train
W_149875,P_408829,train
W_149911,P_409291,train
W_149911,P_463454,train
W_149929,P_409423,train
W_149929,P_409458,train
W_149947,P_409605,train
W_149947,P_630529,train
W_149953,P_409668,train
W_149953,P_409669,train
W_149964,P_409763,train
W_149964,P_409766,train
W_150055,P_410650,train
W_150055,P_410651,train
W_150161,P_411893,train
W_150161,P_490095,train
W_150220,P_412561,train
W_150220,P_412569,train
W_150241,P_412841,train
W_150241,P_412842,train
W_150255,P_413025,train
W_150255,P_646325,train
W_150271,P_413323,train
W_150271,P_773392,train
W_150317,P_414365,train
W_150317,P_638187,train
W_150333,P_414653,train
W_150333,P_414656,train
W_150348,P_414722,train
W_150348,P_414723,train
W_150357,P_414865,train
W_150357,P_766271,train
W_150393,P_415407,train
W_150393,P_740827,train
W_150426,P_415849,train
W_150426,P_415853,train
W_150433,P_415941,train
W_150433,P_415997,train
W_150447,P_416206,train
W_150447,P_416207,train
W_150459,P_429716,train
W_150459,P_689383,train
W_150461,P_416382,train
W_150461,P_469346,train
W_150489,P_417030,train
W_150489,P_417061,train
W_150494,P_417105,train
W_150494,P_799726,train
W_150531,P_417430,train
W_150531,P_417476,train
W_150547,P_417679,train
W_150547,P_417680,train
W_150557,P_417873,train
W_150557,P_417876,train
W_150605,P_418703,train
W_150605,P_418706,train
W_150609,P_418751,train
W_150609,P_418752,train
W_150620,P_418887,train
W_150620,P_743100,train
W_150682,P_420418,train
W_150682,P_420421,train
W_150823,P_421366,train
W_150823,P_421380,train
W_150825,P_421394,train
W_150825,P_566279,train
W_150845,P_421715,train
W_150845,P_421717,train
W_150861,P_421881,train
W_150861,P_421904,train
W_150884,P_422420,train
W_150884,P_422422,train
W_150896,P_422497,train
W_150896,P_422498,train
W_150898,P_422687,train
W_150898,P_537607,train
W_150915,P_422811,train
W_150915,P_422821,train
W_150933,P_423035,train
W_150933,P_714614,train
W_150959,P_423361,train
W_150959,P_423376,train
W_150981,P_643811,train
W_150981,P_783994,train
W_150982,P_786056,train
W_150982,P_798896,train
W_150990,P_513435,train
W_150990,P_793404,train
W_151028,P_424182,train
W_151028,P_434302,train
W_151037,P_424354,train
W_151037,P_541638,train
W_151041,P_424441,train
W_151041,P_424442,train
W_151047,P_424499,train
W_151047,P_738174,train
W_15106,P_15106,train
W_15106,P_77460,train
W_151135,P_425409,train
W_151135,P_448312,train
W_151145,P_425427,train
W_151145,P_425428,train
W_151206,P_426238,train
W_151206,P_426242,train
W_151214,P_426224,train
W_151214,P_426225,train
W_151226,P_426421,train
W_151226,P_426427,train
W_151237,P_426559,train
W_151237,P_426560,train
W_151256,P_426778,train
W_151256,P_793919,train
W_151283,P_427139,train
W_151283,P_772213,train
W_151290,P_427244,train
W_151290,P_427245,train
W_151296,P_427267,train
W_151296,P_427268,train
W_15131,P_15131,train
W_15131,P_15132,train
W_151342,P_427557,train
W_151342,P_427558,train
W_151378,P_427984,train
W_151378,P_427988,train
W_151381,P_428042,train
W_151381,P_464650,train
W_151390,P_428118,train
W_151390,P_428122,train
W_15140,P_15140,train
W_15140,P_15143,train
W_151446,P_429099,train
W_151446,P_429100,train
W_151451,P_429375,train
W_151451,P_690209,train
W_151480,P_429687,train
W_151480,P_429690,train
W_151481,P_429693,train
W_151481,P_429694,train
W_15149,P_15150,train
W_15149,P_397576,train
W_151534,P_430563,train
W_151534,P_430564,train
W_151543,P_480671,train
W_151543,P_733168,train
W_151563,P_431212,train
W_151563,P_431213,train
W_151569,P_431407,train
W_151569,P_431408,train
W_151588,P_431771,train
W_151588,P_783157,train
W_151627,P_432132,train
W_151627,P_432136,train
W_151639,P_432240,train
W_151639,P_432241,train
W_151670,P_432707,train
W_151670,P_432708,train
W_151673,P_432744,train
W_151673,P_747129,train
W_151689,P_432959,train
W_151689,P_432962,train
W_151694,P_433039,train
W_151694,P_494478,train
W_151710,P_433490,train
W_151710,P_494491,train
W_151745,P_433893,train
W_151745,P_433894,train
W_151749,P_434064,train
W_151749,P_434065,train
W_151758,P_434267,train
W_151758,P_434269,train
W_151820,P_434849,train
W_151820,P_434905,train
W_151855,P_435471,train
W_151855,P_435473,train
W_151862,P_435446,train
W_151862,P_538757,train
W_151864,P_435490,train
W_151864,P_717078,train
W_151909,P_436904,train
W_151909,P_436930,train
W_151912,P_436416,train
W_151912,P_436439,train
W_151914,P_436947,train
W_151914,P_436967,train
W_151915,P_436767,train
W_151915,P_492531,train
W_151957,P_437068,train
W_151957,P_437069,train
W_151985,P_437447,train
W_151985,P_437452,train
W_151990,P_562867,train
W_151990,P_583376,train
W_151993,P_437645,train
W_151993,P_438345,train
W_152010,P_438096,train
W_152010,P_727437,train
W_152041,P_438896,train
W_152041,P_438906,train
W_152070,P_439388,train
W_152070,P_439826,train
W_152095,P_439964,train
W_152095,P_439968,train
W_152098,P_440002,train
W_152098,P_514665,train
W_152104,P_440062,train
W_152104,P_739575,train
W_152117,P_440219,train
W_152117,P_440221,train
W_152136,P_440558,train
W_152136,P_440560,train
W_152188,P_441250,train
W_152188,P_574914,train
W_152194,P_661720,train
W_152194,P_730219,train
W_152207,P_447818,train
W_152207,P_725228,train
W_152219,P_441793,train
W_152219,P_441794,train
W_152223,P_441804,train
W_152223,P_441805,train
W_152226,P_441815,train
W_152226,P_441816,train
W_152236,P_441866,train
W_152236,P_550523,train
W_152242,P_441955,train
W_152242,P_442095,train
W_152243,P_441986,train
W_152243,P_442561,train
W_152245,P_442447,train
W_152245,P_753673,train
W_152260,P_442176,train
W_152260,P_442180,train
W_152277,P_442289,train
W_152277,P_442290,train
W_152296,P_442742,train
W_152296,P_442743,train
W_152316,P_443056,train
W_152316,P_443058,train
W_152318,P_443074,train
W_152318,P_443075,train
W_152333,P_443195,train
W_152333,P_478287,train
W_152337,P_443344,train
W_152337,P_715253,train
W_152345,P_443358,train
W_152345,P_443360,train
W_152355,P_443969,train
W_152355,P_445264,train
W_152356,P_443724,train
W_152356,P_445798,train
W_15236,P_15236,train
W_15236,P_38156,train
W_152364,P_443462,train
W_152364,P_443479,train
W_15238,P_440279,train
W_15238,P_703122,train
W_152426,P_636887,train
W_152426,P_795162,train
W_152464,P_469312,train
W_152464,P_784983,train
W_152474,P_444906,train
W_152474,P_444911,train
W_152475,P_445133,train
W_152475,P_786952,train
W_152512,P_445339,train
W_152512,P_445341,train
W_152526,P_445483,train
W_152526,P_445484,train
W_152527,P_445490,train
W_152527,P_799697,train
W_152569,P_446051,train
W_152569,P_536291,train
W_152597,P_446272,train
W_152597,P_675483,train
W_152603,P_446391,train
W_152603,P_471295,train
W_15261,P_15261,train
W_15261,P_40262,train
W_152623,P_446639,train
W_152623,P_446640,train
W_152626,P_446646,train
W_152626,P_446647,train
W_152690,P_447203,train
W_152690,P_560599,train
W_152700,P_447239,train
W_152700,P_447270,train
W_152707,P_447260,train
W_152707,P_447264,train
W_152758,P_447628,train
W_152758,P_467361,train
W_152784,P_447839,train
W_152784,P_447843,train
W_152829,P_448204,train
W_152829,P_518172,train
W_152841,P_448389,train
W_152841,P_448391,train
W_152866,P_448538,train
W_152866,P_448539,train
W_152868,P_568090,train
W_152868,P_777918,train
W_152873,P_448615,train
W_152873,P_448617,train
W_152921,P_448785,train
W_152921,P_448797,train
W_152943,P_448971,train
W_152943,P_448984,train
W_152951,P_449031,train
W_152951,P_449032,train
W_152988,P_449433,train
W_152988,P_637179,train
W_152994,P_449601,train
W_152994,P_449603,train
W_153005,P_449847,train
W_153005,P_449848,train
W_153029,P_450364,train
W_153029,P_614434,train
W_153044,P_450596,train
W_153044,P_450602,train
W_153060,P_450922,train
W_153060,P_450923,train
W_153107,P_451652,train
W_153107,P_720890,train
W_153108,P_451673,train
W_153108,P_451681,train
W_153147,P_452360,train
W_153147,P_452365,train
W_153153,P_452498,train
W_153153,P_524360,train
W_153241,P_453908,train
W_153241,P_648372,train
W_153246,P_453962,train
W_153246,P_791936,train
W_153284,P_455363,train
W_153284,P_455593,train
W_153298,P_455110,train
W_153298,P_455111,train
W_153324,P_455309,train
W_153324,P_455310,train
W_153341,P_455699,train
W_153341,P_455703,train
W_153346,P_455802,train
W_153346,P_455803,train
W_153374,P_455965,train
W_153374,P_455966,train
W_153381,P_456055,train
W_153381,P_456056,train
W_153401,P_456547,train
W_153401,P_456595,train
W_153408,P_456640,train
W_153408,P_456642,train
W_153416,P_456783,train
W_153416,P_456784,train
W_153460,P_457833,train
W_153460,P_458235,train
W_153462,P_457274,train
W_153462,P_457298,train
W_153463,P_457332,train
W_153463,P_457335,train
W_153464,P_457336,train
W_153464,P_556668,train
W_153486,P_457578,train
W_153486,P_634901,train
W_153500,P_457873,train
W_153500,P_559311,train
W_153503,P_458090,train
W_153503,P_458092,train
W_153543,P_458568,train
W_153543,P_461226,train
W_153679,P_459392,train
W_153679,P_459393,train
W_15368,P_15368,train
W_15368,P_756425,train
W_153699,P_666663,train
W_153699,P_666669,train
W_153812,P_460513,train
W_153812,P_460515,train
W_153826,P_551380,train
W_153826,P_707193,train
W_153835,P_460734,train
W_153835,P_615307,train
W_153895,P_676041,train
W_153895,P_725037,train
W_153898,P_613467,train
W_153898,P_785813,train
W_153917,P_461471,train
W_153917,P_693235,train
W_153921,P_489932,train
W_153921,P_565252,train
W_153981,P_461968,train
W_153981,P_461969,train
W_154022,P_462118,train
W_154022,P_467291,train
W_154136,P_462893,train
W_154136,P_462894,train
W_154190,P_463215,train
W_154190,P_463216,train
W_154193,P_463239,train
W_154193,P_463240,train
W_154252,P_604781,train
W_154252,P_763961,train
W_154312,P_463864,train
W_154312,P_463865,train
W_154397,P_464410,train
W_154397,P_464411,train
W_154404,P_464531,train
W_154404,P_501885,train
W_154414,P_464636,train
W_154414,P_464637,train
W_15445,P_15449,train
W_15445,P_15451,train
W_154462,P_464816,train
W_154462,P_464817,train
W_154464,P_464825,train
W_154464,P_464826,train
W_154468,P_464888,train
W_154468,P_754593,train
W_154490,P_464960,train
W_154490,P_619506,train
W_154526,P_465113,train
W_154526,P_629462,train
W_154534,P_286929,train
W_154534,P_465275,train
W_154578,P_465440,train
W_154578,P_465453,train
W_154579,P_465444,train
W_154579,P_465445,train
W_154644,P_765544,train
W_154644,P_765547,train
W_154724,P_539049,train
W_154724,P_539052,train
W_154739,P_718507,train
W_154739,P_739183,train
W_154754,P_467154,train
W_154754,P_743772,train
W_1548,P_134149,train
W_1548,P_85686,train
W_154910,P_709291,train
W_154910,P_737294,train
W_154943,P_470183,train
W_154943,P_561284,train
W_15495,P_136299,train
W_15495,P_789832,train
W_154953,P_468589,train
W_154953,P_740826,train
W_155050,P_469297,train
W_155050,P_469299,train
W_155053,P_469321,train
W_155053,P_469324,train
W_155136,P_469774,train
W_155136,P_469818,train
W_155139,P_469797,train
W_155139,P_474040,train
W_155215,P_470372,train
W_155215,P_470489,train
W_155293,P_470840,train
W_155293,P_470841,train
W_155301,P_470911,train
W_155301,P_470912,train
W_155356,P_471137,train
W_155356,P_471138,train
W_1554,P_1555,train
W_1554,P_774094,train
W_155454,P_471702,train
W_155454,P_471703,train
W_155480,P_471921,train
W_155480,P_471922,train
W_155485,P_471931,train
W_155485,P_471936,train
W_155512,P_746230,train
W_155512,P_746233,train
W_155513,P_472157,train
W_155513,P_472515,train
W_155551,P_472279,train
W_155551,P_472280,train
W_155552,P_472293,train
W_155552,P_581211,train
W_155629,P_473280,train
W_155629,P_473302,train
W_155630,P_472769,train
W_155630,P_690780,train
W_155654,P_472979,train
W_155654,P_624367,train
W_155765,P_473596,train
W_155765,P_473597,train
W_155775,P_473644,train
W_155775,P_568651,train
W_155811,P_473920,train
W_155811,P_730092,train
W_155821,P_473981,train
W_155821,P_473982,train
W_155826,P_474001,train
W_155826,P_474002,train
W_155873,P_474456,train
W_155873,P_474458,train
W_155885,P_474510,train
W_155885,P_474512,train
W_155933,P_475019,train
W_155933,P_475020,train
W_155989,P_475642,train
W_155989,P_475643,train
W_156006,P_475715,train
W_156006,P_475725,train
W_156012,P_475774,train
W_156012,P_475775,train
W_156078,P_476739,train
W_156078,P_476740,train
W_1561,P_22510,train
W_1561,P_492986,train
W_156114,P_477086,train
W_156114,P_477177,train
W_156299,P_479402,train
W_156299,P_479407,train
W_156303,P_548405,train
W_156303,P_548624,train
W_156346,P_479899,train
W_156346,P_479901,train
W_156350,P_479946,train
W_156350,P_479947,train
W_156388,P_480256,train
W_156388,P_480257,train
W_156423,P_480581,train
W_156423,P_480582,train
W_156440,P_480692,train
W_156440,P_599093,train
W_156445,P_480707,train
W_156445,P_480844,train
W_156447,P_480722,train
W_156447,P_480724,train
W_156451,P_480765,train
W_156451,P_480766,train
W_156457,P_480815,train
W_156457,P_523140,train
W_156475,P_480880,train
W_156475,P_530219,train
W_156509,P_481443,train
W_156509,P_481444,train
W_156513,P_481503,train
W_156513,P_481546,train
W_156523,P_481602,train
W_156523,P_708496,train
W_156590,P_482302,train
W_156590,P_482303,train
W_156591,P_482324,train
W_156591,P_482325,train
W_156592,P_482337,train
W_156592,P_485422,train
W_156614,P_482761,train
W_156614,P_482763,train
W_156637,P_483036,train
W_156637,P_483037,train
W_156663,P_516468,train
W_156663,P_573286,train
W_156666,P_483223,train
W_156666,P_483224,train
W_156684,P_483480,train
W_156684,P_483510,train
W_156686,P_503685,train
W_156686,P_624605,train
W_156720,P_483681,train
W_156720,P_772861,train
W_156728,P_483760,train
W_156728,P_678740,train
W_156733,P_484042,train
W_156733,P_484049,train
W_156803,P_484678,train
W_156803,P_690147,train
W_156805,P_484797,train
W_156805,P_484801,train
W_156878,P_485640,train
W_156878,P_721155,train
W_156887,P_485747,train
W_156887,P_485748,train
W_156915,P_508345,train
W_156915,P_755873,train
W_156917,P_485945,train
W_156917,P_485947,train
W_156944,P_486236,train
W_156944,P_486238,train
W_156988,P_486814,train
W_156988,P_486815,train
W_157022,P_487354,train
W_157022,P_726762,train
W_157041,P_487572,train
W_157041,P_487574,train
W_157080,P_487856,train
W_157080,P_620244,train
W_157099,P_488165,train
W_157099,P_488166,train
W_157108,P_488309,train
W_157108,P_488343,train
W_157110,P_488312,train
W_157110,P_488346,train
W_157122,P_488337,train
W_157122,P_488364,train
W_157184,P_488934,train
W_157184,P_488935,train
W_157208,P_489153,train
W_157208,P_675486,train
W_157214,P_489255,train
W_157214,P_490360,train
W_157229,P_489409,train
W_157229,P_489410,train
W_157271,P_489813,train
W_157271,P_489929,train
W_157299,P_490234,train
W_157299,P_490235,train
W_157322,P_619141,train
W_157322,P_708904,train
W_157349,P_490989,train
W_157349,P_490990,train
W_157368,P_491309,train
W_157368,P_648280,train
W_15740,P_287683,train
W_15740,P_30450,train
W_15744,P_15748,train
W_15744,P_15750,train
W_157493,P_492305,train
W_157493,P_541643,train
W_157509,P_672759,train
W_157509,P_717317,train
W_157661,P_493486,train
W_157661,P_493487,train
W_157687,P_493708,train
W_157687,P_493709,train
W_157708,P_493912,train
W_157708,P_493913,train
W_157751,P_494429,train
W_157751,P_494430,train
W_157754,P_494456,train
W_157754,P_494457,train
W_157759,P_494471,train
W_157759,P_494472,train
W_157800,P_494871,train
W_157800,P_494898,train
W_157808,P_494958,train
W_157808,P_494959,train
W_157818,P_495157,train
W_157818,P_495158,train
W_157861,P_495881,train
W_157861,P_495882,train
W_157867,P_495988,train
W_157867,P_495989,train
W_157878,P_496309,train
W_157878,P_496311,train
W_157879,P_496331,train
W_157879,P_496334,train
W_157881,P_496349,train
W_157881,P_496354,train
W_157893,P_496567,train
W_157893,P_496568,train
W_15793,P_15793,train
W_15793,P_35443,train
W_157989,P_497790,train
W_157989,P_497802,train
W_158000,P_765677,train
W_158000,P_782162,train
W_158018,P_498288,train
W_158018,P_498289,train
W_158027,P_498363,train
W_158027,P_641885,train
W_158031,P_498408,train
W_158031,P_498578,train
W_158034,P_498422,train
W_158034,P_525251,train
W_158043,P_498481,train
W_158043,P_498580,train
W_158140,P_499545,train
W_158140,P_499546,train
W_15815,P_15822,train
W_15815,P_396977,train
W_158159,P_499891,train
W_158159,P_499892,train
W_158179,P_606306,train
W_158179,P_750301,train
W_15818,P_143237,train
W_15818,P_15818,train
W_158183,P_500348,train
W_158183,P_500351,train
W_158211,P_500641,train
W_158211,P_500642,train
W_158225,P_500688,train
W_158225,P_511482,train
W_158246,P_502341,train
W_158246,P_515680,train
W_158312,P_501774,train
W_158312,P_501775,train
W_15833,P_15833,train
W_15833,P_15835,train
W_158344,P_502157,train
W_158344,P_715638,train
W_158356,P_502273,train
W_158356,P_502274,train
W_158368,P_502369,train
W_158368,P_502371,train
W_15838,P_15838,train
W_15838,P_15840,train
W_158397,P_502782,train
W_158397,P_780342,train
W_158430,P_503026,train
W_158430,P_766213,train
W_158452,P_503379,train
W_158452,P_503494,train
W_158464,P_503245,train
W_158464,P_503246,train
W_158474,P_503261,train
W_158474,P_667917,train
W_158496,P_503556,train
W_158496,P_503557,train
W_158518,P_503792,train
W_158518,P_503793,train
W_158520,P_503798,train
W_158520,P_503799,train
W_158566,P_504300,train
W_158566,P_504302,train
W_158639,P_504957,train
W_158639,P_508315,train
W_158670,P_505253,train
W_158670,P_505556,train
W_158671,P_505254,train
W_158671,P_505255,train
W_158688,P_505413,train
W_158688,P_505414,train
W_158714,P_505698,train
W_158714,P_685645,train
W_158736,P_505973,train
W_158736,P_790025,train
W_158764,P_506377,train
W_158764,P_506378,train
W_158766,P_506381,train
W_158766,P_562895,train
W_158819,P_506731,train
W_158819,P_506733,train
W_158886,P_507337,train
W_158886,P_507338,train
W_158897,P_507387,train
W_158897,P_716983,train
W_158937,P_507581,train
W_158937,P_507582,train
W_158979,P_507766,train
W_158979,P_684101,train
W_159010,P_510397,train
W_159010,P_512855,train
W_159055,P_508387,train
W_159055,P_684108,train
W_159056,P_508394,train
W_159056,P_508395,train
W_159087,P_508700,train
W_159087,P_508701,train
W_159105,P_508991,train
W_159105,P_509779,train
W_159203,P_509979,train
W_159203,P_509994,train
W_159207,P_510013,train
W_159207,P_781416,train
W_159217,P_510161,train
W_159217,P_512029,train
W_159236,P_510275,train
W_159236,P_510281,train
W_15924,P_551249,train
W_15924,P_551253,train
W_159256,P_550635,train
W_159256,P_586426,train
W_159280,P_510681,train
W_159280,P_510682,train
W_159301,P_591568,train
W_159301,P_710802,train
W_159340,P_511253,train
W_159340,P_511292,train
W_159349,P_511348,train
W_159349,P_511349,train
W_159380,P_511559,train
W_159380,P_590310,train
W_159393,P_511721,train
W_159393,P_512321,train
W_159394,P_511725,train
W_159394,P_511726,train
W_159413,P_511844,train
W_159413,P_511845,train
W_159430,P_511895,train
W_159430,P_512935,train
W_159442,P_512031,train
W_159442,P_512032,train
W_159444,P_512053,train
W_159444,P_512055,train
W_159458,P_512169,train
W_159458,P_580720,train
W_159459,P_512170,train
W_159459,P_512171,train
W_159466,P_512507,train
W_159466,P_512644,train
W_159480,P_512314,train
W_159480,P_512319,train
W_159504,P_537474,train
W_159504,P_604189,train
W_159509,P_512480,train
W_159509,P_632556,train
W_159520,P_512555,train
W_159520,P_512557,train
W_159613,P_648744,train
W_159613,P_718010,train
W_159622,P_513327,train
W_159622,P_513330,train
W_159671,P_513576,train
W_159671,P_747743,train
W_159706,P_513847,train
W_159706,P_513854,train
W_159721,P_513894,train
W_159721,P_513897,train
W_159723,P_513924,train
W_159723,P_513925,train
W_159724,P_513946,train
W_159724,P_513947,train
W_159770,P_514328,train
W_159770,P_514332,train
W_159784,P_514655,train
W_159784,P_514933,train
W_159824,P_515141,train
W_159824,P_515142,train
W_159877,P_515396,train
W_159877,P_635438,train
W_159903,P_728712,train
W_159903,P_728823,train
W_159962,P_516293,train
W_159962,P_516294,train
W_16,P_103631,train
W_16,P_5272,train
W_160031,P_516802,train
W_160031,P_516804,train
W_160063,P_517043,train
W_160063,P_517044,train
W_160093,P_517437,train
W_160093,P_517441,train
W_160182,P_518054,train
W_160182,P_518057,train
W_160193,P_518210,train
W_160193,P_567624,train
W_160202,P_518329,train
W_160202,P_518331,train
W_160209,P_518429,train
W_160209,P_518430,train
W_160211,P_518470,train
W_160211,P_532263,train
W_160220,P_518519,train
W_160220,P_594154,train
W_160236,P_518577,train
W_160236,P_518578,train
W_160287,P_518796,train
W_160287,P_518797,train
W_160292,P_761810,train
W_160292,P_761814,train
W_160333,P_519099,train
W_160333,P_523666,train
W_160362,P_519330,train
W_160362,P_519331,train
W_160381,P_519373,train
W_160381,P_519374,train
W_160402,P_519484,train
W_160402,P_519485,train
W_160438,P_519745,train
W_160438,P_519746,train
W_160456,P_519852,train
W_160456,P_519854,train
W_160457,P_519856,train
W_160457,P_519857,train
W_160485,P_519978,train
W_160485,P_519979,train
W_160500,P_520155,train
W_160500,P_520159,train
W_160524,P_520234,train
W_160524,P_520236,train
W_160551,P_520552,train
W_160551,P_520553,train
W_160601,P_520876,train
W_160601,P_520877,train
W_160642,P_521087,train
W_160642,P_521143,train
W_16069,P_16069,train
W_16069,P_16070,train
W_160692,P_521308,train
W_160692,P_521309,train
W_160758,P_521669,train
W_160758,P_521670,train
W_160773,P_521866,train
W_160773,P_778145,train
W_160898,P_522857,train
W_160898,P_761554,train
W_160995,P_523697,train
W_160995,P_523714,train
W_161023,P_524101,train
W_161023,P_524104,train
W_161038,P_524203,train
W_161038,P_524204,train
W_16106,P_329834,train
W_16106,P_740675,train
W_161148,P_525166,train
W_161148,P_525167,train
W_161171,P_525288,train
W_161171,P_690291,train
W_161179,P_525318,train
W_161179,P_525319,train
W_161242,P_525774,train
W_161242,P_539624,train
W_161250,P_525821,train
W_161250,P_525827,train
W_161292,P_525995,train
W_161292,P_525996,train
W_161423,P_526793,train
W_161423,P_654433,train
W_161434,P_526899,train
W_161434,P_526901,train
W_161444,P_527003,train
W_161444,P_527005,train
W_161465,P_527192,train
W_161465,P_529532,train
W_161544,P_527574,train
W_161544,P_527575,train
W_161550,P_527600,train
W_161550,P_527601,train
W_161582,P_527875,train
W_161582,P_527876,train
W_161705,P_528633,train
W_161705,P_528634,train
W_161710,P_528743,train
W_161710,P_529064,train
W_161789,P_529499,train
W_161789,P_530047,train
W_161839,P_529861,train
W_161839,P_529862,train
W_161840,P_529868,train
W_161840,P_529869,train
W_161868,P_530056,train
W_161868,P_566899,train
W_161898,P_530393,train
W_161898,P_532261,train
W_162017,P_531438,train
W_162017,P_531441,train
W_16203,P_16203,train
W_16203,P_16208,train
W_162046,P_531815,train
W_162046,P_531817,train
W_162118,P_532492,train
W_162118,P_532499,train
W_162215,P_533227,train
W_162215,P_533229,train
W_162261,P_533570,train
W_162261,P_533578,train
W_162296,P_533865,train
W_162296,P_533866,train
W_162310,P_533972,train
W_162310,P_533975,train
W_162334,P_534140,train
W_162334,P_534141,train
W_162380,P_534490,train
W_162380,P_710613,train
W_162411,P_534733,train
W_162411,P_729957,train
W_162414,P_534745,train
W_162414,P_663507,train
W_162431,P_534839,train
W_162431,P_534876,train
W_162516,P_535396,train
W_162516,P_535400,train
W_162522,P_773976,train
W_162522,P_798561,train
W_162529,P_535549,train
W_162529,P_538618,train
W_162597,P_536155,train
W_162597,P_790822,train
W_162630,P_710791,train
W_162630,P_752423,train
W_162631,P_573144,train
W_162631,P_586778,train
W_162649,P_536671,train
W_162649,P_574378,train
W_162684,P_536945,train
W_162684,P_579641,train
W_162734,P_537397,train
W_162734,P_537398,train
W_162816,P_538015,train
W_162816,P_538016,train
W_162952,P_538609,train
W_162952,P_538610,train
W_163023,P_539224,train
W_163023,P_539225,train
W_163032,P_539306,train
W_163032,P_539316,train
W_163055,P_539545,train
W_163055,P_539547,train
W_163060,P_539607,train
W_163060,P_539608,train
W_163098,P_540106,train
W_163098,P_540110,train
W_163122,P_540303,train
W_163122,P_540305,train
W_163154,P_540730,train
W_163154,P_540731,train
W_163164,P_540796,train
W_163164,P_566332,train
W_163166,P_594150,train
W_163166,P_594494,train
W_163186,P_577828,train
W_163186,P_661753,train
W_163197,P_541080,train
W_163197,P_548121,train
W_163220,P_541318,train
W_163220,P_722626,train
W_163255,P_541528,train
W_163255,P_541529,train
W_163265,P_599920,train
W_163265,P_782562,train
W_163282,P_541787,train
W_163282,P_606973,train
W_163339,P_542245,train
W_163339,P_542247,train
W_163360,P_542350,train
W_163360,P_640875,train
W_163361,P_542401,train
W_163361,P_542403,train
W_163387,P_542647,train
W_163387,P_542648,train
W_163425,P_542895,train
W_163425,P_542896,train
W_163429,P_542995,train
W_163429,P_542999,train
W_163461,P_543106,train
W_163461,P_543107,train
W_163467,P_543178,train
W_163467,P_543179,train
W_163473,P_543218,train
W_163473,P_543229,train
W_163486,P_543303,train
W_163486,P_580744,train
W_163573,P_543901,train
W_163573,P_543902,train
W_163629,P_544605,train
W_163629,P_544606,train
W_163650,P_544331,train
W_163650,P_548609,train
W_163747,P_545342,train
W_163747,P_545344,train
W_163836,P_545983,train
W_163836,P_545988,train
W_163840,P_546108,train
W_163840,P_546109,train
W_163846,P_546182,train
W_163846,P_546184,train
W_163875,P_546330,train
W_163875,P_546333,train
W_163877,P_546356,train
W_163877,P_678231,train
W_163921,P_546563,train
W_163921,P_637426,train
W_163925,P_546599,train
W_163925,P_790036,train
W_163970,P_546896,train
W_163970,P_688147,train
W_163972,P_546899,train
W_163972,P_546900,train
W_163992,P_547131,train
W_163992,P_547140,train
W_164027,P_547432,train
W_164027,P_547434,train
W_164059,P_547599,train
W_164059,P_547600,train
W_164175,P_548718,train
W_164175,P_548719,train
W_164176,P_548721,train
W_164176,P_548722,train
W_164180,P_548774,train
W_164180,P_682649,train
W_1642,P_7515,train
W_1642,P_92320,train
W_164215,P_548976,train
W_164215,P_548977,train
W_164216,P_548989,train
W_164216,P_548990,train
W_164219,P_549019,train
W_164219,P_593822,train
W_164245,P_549297,train
W_164245,P_549299,train
W_164256,P_549379,train
W_164256,P_549380,train
W_164285,P_549740,train
W_164285,P_549744,train
W_16430,P_250551,train
W_16430,P_28968,train
W_164350,P_550329,train
W_164350,P_550557,train
W_164351,P_550326,train
W_164351,P_550328,train
W_164358,P_550379,train
W_164358,P_550380,train
W_164377,P_648947,train
W_164377,P_722805,train
W_164381,P_550556,train
W_164381,P_736413,train
W_164443,P_551242,train
W_164443,P_714184,train
W_164457,P_551305,train
W_164457,P_551306,train
W_164514,P_551772,train
W_164514,P_686327,train
W_164525,P_551889,train
W_164525,P_551899,train
W_164531,P_551933,train
W_164531,P_551934,train
W_164532,P_551935,train
W_164532,P_551943,train
W_164568,P_552507,train
W_164568,P_552508,train
W_164607,P_552904,train
W_164607,P_552906,train
W_164622,P_553058,train
W_164622,P_587051,train
W_164634,P_553176,train
W_164634,P_553177,train
W_164661,P_553334,train
W_164661,P_553351,train
W_164666,P_553326,train
W_164666,P_797676,train
W_164686,P_358456,train
W_164686,P_512492,train
W_164690,P_553645,train
W_164690,P_762226,train
W_164718,P_553755,train
W_164718,P_553757,train
W_164738,P_553919,train
W_164738,P_553923,train
W_164743,P_554093,train
W_164743,P_554094,train
W_164757,P_554250,train
W_164757,P_650630,train
W_164762,P_554265,train
W_164762,P_554267,train
W_164788,P_554656,train
W_164788,P_554660,train
W_164806,P_554929,train
W_164806,P_589201,train
W_164808,P_554940,train
W_164808,P_573131,train
W_164854,P_555276,train
W_164854,P_555277,train
W_164861,P_555293,train
W_164861,P_629379,train
W_164894,P_555511,train
W_164894,P_722610,train
W_164908,P_555737,train
W_164908,P_614184,train
W_164916,P_555777,train
W_164916,P_555804,train
W_164931,P_555978,train
W_164931,P_716198,train
W_164975,P_727384,train
W_164975,P_731460,train
W_165014,P_556652,train
W_165014,P_556657,train
W_165048,P_558552,train
W_165048,P_577038,train
W_165105,P_557516,train
W_165105,P_557517,train
W_165151,P_568749,train
W_165151,P_785796,train
W_165164,P_558037,train
W_165164,P_558038,train
W_165180,P_558211,train
W_165180,P_558212,train
W_165185,P_558223,train
W_165185,P_558226,train
W_165186,P_558230,train
W_165186,P_558231,train
W_165198,P_558353,train
W_165198,P_558354,train
W_165226,P_558448,train
W_165226,P_558449,train
W_165369,P_730917,train
W_165369,P_778378,train
W_165385,P_559441,train
W_165385,P_559445,train
W_165394,P_559516,train
W_165394,P_559518,train
W_165406,P_559664,train
W_165406,P_559668,train
W_165409,P_559828,train
W_165409,P_559839,train
W_165454,P_559954,train
W_165454,P_728485,train
W_165494,P_560176,train
W_165494,P_560177,train
W_165504,P_560299,train
W_165504,P_560300,train
W_165511,P_560339,train
W_165511,P_560343,train
W_165566,P_560820,train
W_165566,P_560821,train
W_165618,P_561159,train
W_165618,P_561161,train
W_165657,P_561448,train
W_165657,P_589654,train
W_165683,P_561851,train
W_165683,P_561872,train
W_165757,P_562516,train
W_165757,P_562517,train
W_165776,P_562568,train
W_165776,P_562569,train
W_165779,P_562579,train
W_165779,P_562580,train
W_165821,P_562901,train
W_165821,P_698327,train
W_165834,P_563071,train
W_165834,P_772444,train
W_165838,P_563086,train
W_165838,P_714341,train
W_165873,P_563362,train
W_165873,P_563363,train
W_165877,P_563375,train
W_165877,P_563376,train
W_165947,P_563966,train
W_165947,P_563968,train
W_165949,P_563981,train
W_165949,P_563982,train
W_165986,P_564360,train
W_165986,P_564362,train
W_166009,P_564560,train
W_166009,P_564561,train
W_166012,P_564567,train
W_166012,P_564568,train
W_166313,P_566026,train
W_166313,P_566028,train
W_166348,P_566284,train
W_166348,P_566285,train
W_166369,P_566604,train
W_166369,P_566605,train
W_166374,P_566635,train
W_166374,P_566636,train
W_166376,P_566669,train
W_166376,P_566671,train
W_166381,P_566710,train
W_166381,P_566711,train
W_16639,P_138720,train
W_16639,P_16640,train
W_166449,P_567198,train
W_166449,P_612080,train
W_166527,P_567889,train
W_166527,P_567890,train
W_166528,P_567900,train
W_166528,P_726313,train
W_166597,P_568479,train
W_166597,P_568480,train
W_16660,P_157731,train
W_16660,P_16661,train
W_166678,P_569158,train
W_166678,P_569159,train
W_16668,P_202688,train
W_16668,P_662707,train
W_166703,P_569366,train
W_166703,P_569367,train
W_166709,P_715422,train
W_166709,P_751380,train
W_166719,P_569689,train
W_166719,P_582674,train
W_166893,P_583560,train
W_166893,P_583635,train
W_166902,P_570438,train
W_166902,P_570444,train
W_167025,P_570955,train
W_167025,P_570956,train
W_167061,P_571283,train
W_167061,P_571284,train
W_167066,P_571290,train
W_167066,P_571291,train
W_167122,P_571599,train
W_167122,P_591778,train
W_167139,P_649073,train
W_167139,P_772806,train
W_167258,P_572401,train
W_167258,P_572404,train
W_167267,P_572486,train
W_167267,P_579244,train
W_167342,P_573211,train
W_167342,P_647142,train
W_167358,P_573376,train
W_167358,P_573377,train
W_167410,P_573804,train
W_167410,P_573805,train
W_167421,P_573950,train
W_167421,P_797332,train
W_167559,P_575140,train
W_167559,P_575141,train
W_167561,P_575143,train
W_167561,P_575147,train
W_167569,P_575264,train
W_167569,P_586769,train
W_167575,P_575365,train
W_167575,P_575402,train
W_167604,P_575535,train
W_167604,P_575536,train
W_167605,P_575539,train
W_167605,P_575547,train
W_167654,P_575923,train
W_167654,P_575925,train
W_167658,P_575924,train
W_167658,P_785981,train
W_167659,P_576126,train
W_167659,P_576157,train
W_167661,P_589037,train
W_167661,P_594360,train
W_167667,P_575973,train
W_167667,P_575974,train
W_167718,P_576225,train
W_167718,P_627902,train
W_167723,P_639024,train
W_167723,P_776601,train
W_167759,P_576620,train
W_167759,P_576621,train
W_167772,P_576756,train
W_167772,P_576800,train
W_167836,P_577059,train
W_167836,P_577060,train
W_167854,P_577179,train
W_167854,P_583383,train
W_167874,P_577355,train
W_167874,P_577356,train
W_167918,P_577675,train
W_167918,P_764323,train
W_167985,P_578114,train
W_167985,P_578118,train
W_167996,P_578240,train
W_167996,P_600615,train
W_168004,P_578270,train
W_168004,P_578275,train
W_168008,P_578316,train
W_168008,P_578336,train
W_168014,P_658308,train
W_168014,P_729296,train
W_168042,P_578493,train
W_168042,P_716129,train
W_168056,P_578614,train
W_168056,P_578616,train
W_168135,P_578961,train
W_168135,P_578962,train
W_168162,P_579123,train
W_168162,P_688486,train
W_168188,P_579365,train
W_168188,P_579369,train
W_168201,P_579443,train
W_168201,P_579446,train
W_168203,P_579450,train
W_168203,P_579451,train
W_168217,P_579587,train
W_168217,P_579588,train
W_168220,P_579594,train
W_168220,P_579595,train
W_168225,P_657076,train
W_168225,P_657077,train
W_168261,P_579856,train
W_168261,P_714083,train
W_168428,P_580605,train
W_168428,P_580606,train
W_168430,P_580610,train
W_168430,P_580611,train
W_168503,P_580887,train
W_168503,P_580888,train
W_168538,P_581092,train
W_168538,P_697032,train
W_168570,P_581307,train
W_168570,P_681872,train
W_168658,P_581948,train
W_168658,P_581949,train
W_168817,P_591926,train
W_168817,P_695027,train
W_168835,P_641560,train
W_168835,P_641568,train
W_168885,P_583146,train
W_168885,P_587584,train
W_168896,P_583211,train
W_168896,P_583212,train
W_168937,P_583379,train
W_168937,P_583592,train
W_168947,P_713332,train
W_168947,P_793297,train
W_169021,P_583676,train
W_169021,P_583677,train
W_169024,P_583735,train
W_169024,P_583736,train
W_169042,P_583828,train
W_169042,P_583830,train
W_169053,P_583894,train
W_169053,P_654998,train
W_169075,P_584022,train
W_169075,P_584023,train
W_169137,P_584484,train
W_169137,P_584485,train
W_169228,P_585078,train
W_169228,P_610157,train
W_169287,P_585473,train
W_169287,P_585474,train
W_169290,P_585493,train
W_169290,P_585571,train
W_169300,P_585642,train
W_169300,P_585644,train
W_169311,P_585740,train
W_169311,P_585755,train
W_169312,P_585771,train
W_169312,P_731823,train
W_169338,P_585928,train
W_169338,P_585929,train
W_169499,P_587136,train
W_169499,P_587137,train
W_169522,P_587366,train
W_169522,P_587368,train
W_169621,P_588183,train
W_169621,P_597518,train
W_169665,P_589131,train
W_169665,P_589132,train
W_169682,P_588644,train
W_169682,P_588645,train
W_169685,P_588672,train
W_169685,P_745882,train
W_169687,P_588719,train
W_169687,P_588720,train
W_169717,P_588843,train
W_169717,P_588848,train
W_16976,P_16977,train
W_16976,P_343686,train
W_169768,P_589306,train
W_169768,P_634388,train
W_169900,P_590142,train
W_169900,P_590146,train
W_169966,P_590739,train
W_169966,P_590740,train
W_170009,P_652106,train
W_170009,P_726310,train
W_170079,P_591246,train
W_170079,P_796899,train
W_170089,P_591259,train
W_170089,P_591260,train
W_170097,P_591289,train
W_170097,P_591290,train
W_170171,P_591632,train
W_170171,P_591882,train
W_170205,P_591799,train
W_170205,P_591800,train
W_170237,P_591967,train
W_170237,P_591971,train
W_170246,P_592004,train
W_170246,P_765530,train
W_170365,P_592792,train
W_170365,P_592950,train
W_170369,P_592800,train
W_170369,P_592805,train
W_170458,P_593579,train
W_170458,P_593581,train
W_170461,P_593612,train
W_170461,P_593624,train
W_170537,P_593827,train
W_170537,P_608871,train
W_17055,P_437968,train
W_17055,P_605084,train
W_170586,P_593986,train
W_170586,P_593988,train
W_170589,P_593996,train
W_170589,P_593997,train
W_170601,P_594035,train
W_170601,P_594039,train
W_170692,P_603462,train
W_170692,P_686878,train
W_170777,P_594803,train
W_170777,P_594804,train
W_170821,P_594957,train
W_170821,P_594958,train
W_170856,P_595037,train
W_170856,P_595038,train
W_170862,P_595049,train
W_170862,P_595050,train
W_170936,P_595457,train
W_170936,P_686346,train
W_170938,P_595510,train
W_170938,P_595512,train
W_170986,P_595659,train
W_170986,P_595661,train
W_171,P_158886,train
W_171,P_493857,train
W_171017,P_595861,train
W_171017,P_595872,train
W_171019,P_595858,train
W_171019,P_676133,train
W_171074,P_596033,train
W_171074,P_596036,train
W_171092,P_596137,train
W_171092,P_596140,train
W_171321,P_597226,train
W_171321,P_597248,train
W_171391,P_597822,train
W_171391,P_597825,train
W_171565,P_598769,train
W_171565,P_598770,train
W_171605,P_599137,train
W_171605,P_599149,train
W_171608,P_599187,train
W_171608,P_755810,train
W_171616,P_743403,train
W_171616,P_743598,train
W_171623,P_599273,train
W_171623,P_599274,train
W_171663,P_599513,train
W_171663,P_599514,train
W_171684,P_599740,train
W_171684,P_599741,train
W_171709,P_600141,train
W_171709,P_600143,train
W_171713,P_600176,train
W_171713,P_600182,train
W_171722,P_600269,train
W_171722,P_600270,train
W_171777,P_716061,train
W_171777,P_717279,train
W_171833,P_600832,train
W_171833,P_714819,train
W_171932,P_601270,train
W_171932,P_718229,train
W_171937,P_601280,train
W_171937,P_601282,train
W_171943,P_601311,train
W_171943,P_604916,train
W_171988,P_601458,train
W_171988,P_717998,train
W_171992,P_601488,train
W_171992,P_601492,train
W_172055,P_601812,train
W_172055,P_601815,train
W_172076,P_601906,train
W_172076,P_607499,train
W_172104,P_602002,train
W_172104,P_783501,train
W_172123,P_602062,train
W_172123,P_602068,train
W_172137,P_602149,train
W_172137,P_602151,train
W_172175,P_602322,train
W_172175,P_602333,train
W_172200,P_779027,train
W_172200,P_779028,train
W_172247,P_602696,train
W_172247,P_618213,train
W_172249,P_602705,train
W_172249,P_714786,train
W_172343,P_603184,train
W_172343,P_603185,train
W_172370,P_603421,train
W_172370,P_782313,train
W_172533,P_604777,train
W_172533,P_765263,train
W_172584,P_605044,train
W_172584,P_735355,train
W_172590,P_605110,train
W_172590,P_783848,train
W_172595,P_605138,train
W_172595,P_605139,train
W_172656,P_605472,train
W_172656,P_715835,train
W_172659,P_605482,train
W_172659,P_605495,train
W_172718,P_605853,train
W_172718,P_605854,train
W_172751,P_606048,train
W_172751,P_607573,train
W_172765,P_606081,train
W_172765,P_649594,train
W_172864,P_606743,train
W_172864,P_606744,train
W_172873,P_606802,train
W_172873,P_606803,train
W_172895,P_606935,train
W_172895,P_606937,train
W_172902,P_606969,train
W_172902,P_606970,train
W_172903,P_651124,train
W_172903,P_765022,train
W_172972,P_607399,train
W_172972,P_636447,train
W_173231,P_608839,train
W_173231,P_608840,train
W_173325,P_609617,train
W_173325,P_609618,train
W_173329,P_609639,train
W_173329,P_609640,train
W_173337,P_609737,train
W_173337,P_609743,train
W_173355,P_609795,train
W_173355,P_609797,train
W_173425,P_610401,train
W_173425,P_610402,train
W_173442,P_610671,train
W_173442,P_610674,train
W_173456,P_610806,train
W_173456,P_610809,train
W_17359,P_151223,train
W_17359,P_662381,train
W_173628,P_611925,train
W_173628,P_611926,train
W_173665,P_612115,train
W_173665,P_612116,train
W_173705,P_612340,train
W_173705,P_612378,train
W_173735,P_612587,train
W_173735,P_612588,train
W_173787,P_612860,train
W_173787,P_612861,train
W_173797,P_612919,train
W_173797,P_739497,train
W_173835,P_613319,train
W_173835,P_613320,train
W_173855,P_613529,train
W_173855,P_613530,train
W_173872,P_613782,train
W_173872,P_613783,train
W_173880,P_613854,train
W_173880,P_613858,train
W_173888,P_614076,train
W_173888,P_624752,train
W_173913,P_614298,train
W_173913,P_614300,train
W_17397,P_17398,train
W_17397,P_17404,train
W_174016,P_614956,train
W_174016,P_722456,train
W_174030,P_615068,train
W_174030,P_755600,train
W_174137,P_615570,train
W_174137,P_615571,train
W_174145,P_615647,train
W_174145,P_779715,train
W_174166,P_615839,train
W_174166,P_615840,train
W_174210,P_616072,train
W_174210,P_616073,train
W_174239,P_616269,train
W_174239,P_616292,train
W_17424,P_17425,train
W_17424,P_75650,train
W_17426,P_17426,train
W_17426,P_17427,train
W_174335,P_617069,train
W_174335,P_617070,train
W_174649,P_619146,train
W_174649,P_794975,train
W_174705,P_619415,train
W_174705,P_619417,train
W_174711,P_693555,train
W_174711,P_760334,train
W_174726,P_619528,train
W_174726,P_619530,train
W_174785,P_619907,train
W_174785,P_619908,train
W_174909,P_620580,train
W_174909,P_620581,train
W_174973,P_620968,train
W_174973,P_620974,train
W_174982,P_621045,train
W_174982,P_621046,train
W_175151,P_635768,train
W_175151,P_653997,train
W_175154,P_628275,train
W_175154,P_628578,train
W_175160,P_622225,train
W_175160,P_622232,train
W_175168,P_622285,train
W_175168,P_622287,train
W_175208,P_622813,train
W_175208,P_717983,train
W_175231,P_719570,train
W_175231,P_719578,train
W_175322,P_623602,train
W_175322,P_623603,train
W_175384,P_624074,train
W_175384,P_624181,train
W_1754,P_1754,train
W_1754,P_558708,train
W_175414,P_624276,train
W_175414,P_638148,train
W_175434,P_624331,train
W_175434,P_624332,train
W_17547,P_383411,train
W_17547,P_512517,train
W_175479,P_624814,train
W_175479,P_689628,train
W_175523,P_625129,train
W_175523,P_625134,train
W_175549,P_625348,train
W_175549,P_625349,train
W_175565,P_625412,train
W_175565,P_783957,train
W_175637,P_625977,train
W_175637,P_625978,train
W_175704,P_626858,train
W_175704,P_674816,train
W_175750,P_627165,train
W_175750,P_627166,train
W_175943,P_666024,train
W_175943,P_676057,train
W_175992,P_628930,train
W_175992,P_628939,train
W_176004,P_666032,train
W_176004,P_708882,train
W_176044,P_629194,train
W_176044,P_772243,train
W_176131,P_629819,train
W_176131,P_629834,train
W_17628,P_204138,train
W_17628,P_744655,train
W_17630,P_17631,train
W_17630,P_744662,train
W_176422,P_632660,train
W_176422,P_694790,train
W_17649,P_17649,train
W_17649,P_745389,train
W_176522,P_633125,train
W_176522,P_633127,train
W_176556,P_633386,train
W_176556,P_633388,train
W_176558,P_633420,train
W_176558,P_633425,train
W_176601,P_633872,train
W_176601,P_634293,train
W_176659,P_634314,train
W_176659,P_634316,train
W_176665,P_634381,train
W_176665,P_717955,train
W_176673,P_634418,train
W_176673,P_634419,train
W_176712,P_634653,train
W_176712,P_634654,train
W_176852,P_636110,train
W_176852,P_636126,train
W_176858,P_636135,train
W_176858,P_770914,train
W_176900,P_636394,train
W_176900,P_636397,train
W_176967,P_637112,train
W_176967,P_637125,train
W_177042,P_637678,train
W_177042,P_761622,train
W_177113,P_638340,train
W_177113,P_638349,train
W_177116,P_638377,train
W_177116,P_638378,train
W_177159,P_514576,train
W_177159,P_639212,train
W_177277,P_639795,train
W_177277,P_639796,train
W_177281,P_639818,train
W_177281,P_639819,train
W_177285,P_639859,train
W_177285,P_639861,train
W_177318,P_640114,train
W_177318,P_640116,train
W_177326,P_641243,train
W_177326,P_641289,train
W_177428,P_640723,train
W_177428,P_640724,train
W_177438,P_640884,train
W_177438,P_783131,train
W_177542,P_641852,train
W_177542,P_641911,train
W_177543,P_641848,train
W_177543,P_641849,train
W_177610,P_642080,train
W_177610,P_642083,train
W_177614,P_701812,train
W_177614,P_740996,train
W_177617,P_642175,train
W_177617,P_642178,train
W_177626,P_644351,train
W_177626,P_644352,train
W_177652,P_642746,train
W_177652,P_671343,train
W_177659,P_642910,train
W_177659,P_642911,train
W_177672,P_642936,train
W_177672,P_642937,train
W_177679,P_643034,train
W_177679,P_643035,train
W_177684,P_643057,train
W_177684,P_643059,train
W_1777,P_31900,train
W_1777,P_445288,train
W_177709,P_643471,train
W_177709,P_643486,train
W_177711,P_643477,train
W_177711,P_643487,train
W_177725,P_643661,train
W_177725,P_643662,train
W_177726,P_643664,train
W_177726,P_643665,train
W_177895,P_645044,train
W_177895,P_749192,train
W_177938,P_645415,train
W_177938,P_645420,train
W_177941,P_645461,train
W_177941,P_645462,train
W_177996,P_645863,train
W_177996,P_645868,train
W_178022,P_646169,train
W_178022,P_646177,train
W_178069,P_646373,train
W_178069,P_646374,train
W_17812,P_17812,train
W_17812,P_17813,train
W_178120,P_646859,train
W_178120,P_646861,train
W_178124,P_646663,train
W_178124,P_646665,train
W_178129,P_646686,train
W_178129,P_768660,train
W_178135,P_753513,train
W_178135,P_798949,train
W_17814,P_525515,train
W_17814,P_622663,train
W_178143,P_646964,train
W_178143,P_646965,train
W_178189,P_647375,train
W_178189,P_647376,train
W_178217,P_647538,train
W_178217,P_647783,train
W_178222,P_647558,train
W_178222,P_647567,train
W_178235,P_647809,train
W_178235,P_648277,train
W_178306,P_648229,train
W_178306,P_648230,train
W_178319,P_648324,train
W_178319,P_662386,train
W_178322,P_648342,train
W_178322,P_648345,train
W_178326,P_648369,train
W_178326,P_648373,train
W_178332,P_648416,train
W_178332,P_648431,train
W_178345,P_648499,train
W_178345,P_648514,train
W_178369,P_648643,train
W_178369,P_648644,train
W_178387,P_648769,train
W_178387,P_648771,train
W_178404,P_648957,train
W_178404,P_648958,train
W_178454,P_649133,train
W_178454,P_652382,train
W_178458,P_649147,train
W_178458,P_649148,train
W_178484,P_649198,train
W_178484,P_679094,train
W_178507,P_649551,train
W_178507,P_724731,train
W_178528,P_650067,train
W_178528,P_650072,train
W_178560,P_650061,train
W_178560,P_650062,train
W_178581,P_650207,train
W_178581,P_650208,train
W_178941,P_652584,train
W_178941,P_715600,train
W_178987,P_652911,train
W_178987,P_652934,train
W_179013,P_653215,train
W_179013,P_759843,train
W_179019,P_653251,train
W_179019,P_653344,train
W_179030,P_653625,train
W_179030,P_653637,train
W_179042,P_653289,train
W_179042,P_653290,train
W_179054,P_702499,train
W_179054,P_705226,train
W_179063,P_653512,train
W_179063,P_653513,train
W_179171,P_654078,train
W_179171,P_654079,train
W_17923,P_17924,train
W_17923,P_617753,train
W_17925,P_17926,train
W_17925,P_313221,train
W_179306,P_654968,train
W_179306,P_751386,train
W_179309,P_655008,train
W_179309,P_655010,train
W_179368,P_655194,train
W_179368,P_691788,train
W_179382,P_667264,train
W_179382,P_669083,train
W_179406,P_655354,train
W_179406,P_655357,train
W_179408,P_655363,train
W_179408,P_655364,train
W_17941,P_737335,train
W_17941,P_758401,train
W_179432,P_655705,train
W_179432,P_655715,train
W_179511,P_655969,train
W_179511,P_656320,train
W_179555,P_720995,train
W_179555,P_731276,train
W_179568,P_656444,train
W_179568,P_676934,train
W_179578,P_656481,train
W_179578,P_656482,train
W_17965,P_466166,train
W_17965,P_763611,train
W_179704,P_657740,train
W_179704,P_657785,train
W_179765,P_658395,train
W_179765,P_658397,train
W_179794,P_658574,train
W_179794,P_658576,train
W_179869,P_659107,train
W_179869,P_659108,train
W_179887,P_659354,train
W_179887,P_659355,train
W_179905,P_659526,train
W_179905,P_659527,train
W_179929,P_659676,train
W_179929,P_659889,train
W_179930,P_659704,train
W_179930,P_659707,train
W_179950,P_660028,train
W_179950,P_660039,train
W_179994,P_660352,train
W_179994,P_660353,train
W_180054,P_660784,train
W_180054,P_660785,train
W_180089,P_660926,train
W_180089,P_660932,train
W_180147,P_661120,train
W_180147,P_661121,train
W_180172,P_661315,train
W_180172,P_748781,train
W_180182,P_661409,train
W_180182,P_661410,train
W_180196,P_661483,train
W_180196,P_661484,train
W_180219,P_661762,train
W_180219,P_661769,train
W_180252,P_662123,train
W_180252,P_662160,train
W_180260,P_662274,train
W_180260,P_662304,train
W_180262,P_662252,train
W_180262,P_662266,train
W_180271,P_662627,train
W_180271,P_667922,train
W_18029,P_18029,train
W_18029,P_489017,train
W_180292,P_662677,train
W_180292,P_662679,train
W_180295,P_662684,train
W_180295,P_662688,train
W_180351,P_663572,train
W_180351,P_677468,train
W_180360,P_663794,train
W_180360,P_798182,train
W_180382,P_663854,train
W_180382,P_663855,train
W_180394,P_664105,train
W_180394,P_664106,train
W_180395,P_664096,train
W_180395,P_664101,train
W_180416,P_664364,train
W_180416,P_667502,train
W_180422,P_664417,train
W_180422,P_664439,train
W_180429,P_674241,train
W_180429,P_758924,train
W_180472,P_665292,train
W_180472,P_665302,train
W_180497,P_665122,train
W_180497,P_665560,train
W_180508,P_665262,train
W_180508,P_665268,train
W_180539,P_665929,train
W_180539,P_665930,train
W_180555,P_665432,train
W_180555,P_730503,train
W_180601,P_666406,train
W_180601,P_666422,train
W_180622,P_666240,train
W_180622,P_666241,train
W_180685,P_667011,train
W_180685,P_667080,train
W_180687,P_668553,train
W_180687,P_668576,train
W_180702,P_666690,train
W_180702,P_759150,train
W_180717,P_666846,train
W_180717,P_666847,train
W_180724,P_666901,train
W_180724,P_666906,train
W_180811,P_667333,train
W_180811,P_667334,train
W_180838,P_667532,train
W_180838,P_668305,train
W_180875,P_667691,train
W_180875,P_667692,train
W_180904,P_667898,train
W_180904,P_667899,train
W_181047,P_669021,train
W_181047,P_669023,train
W_181097,P_669256,train
W_181097,P_669296,train
W_18110,P_18110,train
W_18110,P_251548,train
W_181126,P_675670,train
W_181126,P_675673,train
W_181131,P_669895,train
W_181131,P_669898,train
W_181141,P_670559,train
W_181141,P_670561,train
W_181180,P_669516,train
W_181180,P_669517,train
W_181206,P_671660,train
W_181206,P_671661,train
W_181228,P_669797,train
W_181228,P_669798,train
W_181313,P_670342,train
W_181313,P_670396,train
W_181315,P_670394,train
W_181315,P_670405,train
W_181420,P_670994,train
W_181420,P_670995,train
W_181428,P_671010,train
W_181428,P_671019,train
W_181431,P_671021,train
W_181431,P_671161,train
W_181443,P_671090,train
W_181443,P_671091,train
W_181455,P_671222,train
W_181455,P_671223,train
W_181474,P_671412,train
W_181474,P_671413,train
W_181475,P_671419,train
W_181475,P_671420,train
W_181486,P_671501,train
W_181486,P_671502,train
W_181530,P_671930,train
W_181530,P_671940,train
W_181581,P_672534,train
W_181581,P_672535,train
W_181584,P_672546,train
W_181584,P_672547,train
W_181587,P_672590,train
W_181587,P_672593,train
W_181610,P_672769,train
W_181610,P_682352,train
W_181711,P_673720,train
W_181711,P_673733,train
W_181714,P_673815,train
W_181714,P_673984,train
W_181750,P_674205,train
W_181750,P_674228,train
W_181768,P_674727,train
W_181768,P_674859,train
W_181778,P_674670,train
W_181778,P_674671,train
W_181792,P_674774,train
W_181792,P_674775,train
W_181793,P_674777,train
W_181793,P_674778,train
W_181794,P_674787,train
W_181794,P_674788,train
W_181816,P_675046,train
W_181816,P_675047,train
W_18202,P_18204,train
W_18202,P_201588,train
W_182041,P_676721,train
W_182041,P_676724,train
W_182045,P_687365,train
W_182045,P_695194,train
W_18208,P_18208,train
W_18208,P_370338,train
W_182218,P_678074,train
W_182218,P_678075,train
W_182282,P_678576,train
W_182282,P_678579,train
W_182312,P_678926,train
W_182312,P_678968,train
W_18232,P_144015,train
W_18232,P_474160,train
W_182329,P_682787,train
W_182329,P_682789,train
W_182338,P_684764,train
W_182338,P_684771,train
W_182345,P_684891,train
W_182345,P_684892,train
W_182354,P_679415,train
W_182354,P_679439,train
W_182369,P_679987,train
W_182369,P_679989,train
W_182429,P_679441,train
W_182429,P_679443,train
W_182499,P_679786,train
W_182499,P_679861,train
W_182554,P_708322,train
W_182554,P_737638,train
W_18257,P_18257,train
W_18257,P_771722,train
W_182586,P_680358,train
W_182586,P_680363,train
W_182600,P_680490,train
W_182600,P_680570,train
W_182602,P_680507,train
W_182602,P_680577,train
W_182607,P_680547,train
W_182607,P_680555,train
W_182646,P_680815,train
W_182646,P_745983,train
W_182661,P_680932,train
W_182661,P_689319,train
W_182683,P_681061,train
W_182683,P_721862,train
W_182692,P_681094,train
W_182692,P_698636,train
W_182758,P_681431,train
W_182758,P_687515,train
W_182759,P_681434,train
W_182759,P_681439,train
W_182777,P_681474,train
W_182777,P_681476,train
W_182829,P_681650,train
W_182829,P_681651,train
W_182851,P_681824,train
W_182851,P_681826,train
W_182870,P_681892,train
W_182870,P_681897,train
W_182917,P_682110,train
W_182917,P_682111,train
W_183015,P_682663,train
W_183015,P_682664,train
W_183043,P_682893,train
W_183043,P_682894,train
W_183051,P_682912,train
W_183051,P_682913,train
W_183053,P_682914,train
W_183053,P_682915,train
W_183101,P_683229,train
W_183101,P_683233,train
W_183163,P_730501,train
W_183163,P_742147,train
W_183186,P_683678,train
W_183186,P_683679,train
W_183199,P_683731,train
W_183199,P_683732,train
W_183202,P_683751,train
W_183202,P_683752,train
W_183204,P_683763,train
W_183204,P_683764,train
W_183228,P_683901,train
W_183228,P_685888,train
W_183265,P_684084,train
W_183265,P_684085,train
W_183269,P_684098,train
W_183269,P_684102,train
W_183277,P_684126,train
W_183277,P_684127,train
W_1833,P_1869,train
W_1833,P_494398,train
W_183418,P_684723,train
W_183418,P_684724,train
W_183521,P_685285,train
W_183521,P_685286,train
W_183527,P_685338,train
W_183527,P_685345,train
W_183544,P_688275,train
W_183544,P_688278,train
W_183580,P_685608,train
W_183580,P_765266,train
W_1836,P_1876,train
W_1836,P_1897,train
W_183623,P_685846,train
W_183623,P_685851,train
W_183633,P_687856,train
W_183633,P_687860,train
W_183655,P_685882,train
W_183655,P_685883,train
W_183665,P_685897,train
W_183665,P_769724,train
W_183701,P_688651,train
W_183701,P_688653,train
W_183766,P_686226,train
W_183766,P_686228,train
W_183768,P_686242,train
W_183768,P_686243,train
W_183769,P_692998,train
W_183769,P_692999,train
W_183784,P_686297,train
W_183784,P_686298,train
W_183792,P_686382,train
W_183792,P_781659,train
W_183804,P_686405,train
W_183804,P_686422,train
W_183806,P_686407,train
W_183806,P_686424,train
W_183870,P_686868,train
W_183870,P_686870,train
W_183875,P_686940,train
W_183875,P_716483,train
W_183952,P_687552,train
W_183952,P_687554,train
W_183982,P_687739,train
W_183982,P_687744,train
W_183987,P_687769,train
W_183987,P_687770,train
W_184045,P_694600,train
W_184045,P_710581,train
W_184075,P_688180,train
W_184075,P_688181,train
W_1841,P_162503,train
W_1841,P_1841,train
W_184145,P_688434,train
W_184145,P_688452,train
W_184150,P_688399,train
W_184150,P_688400,train
W_184183,P_688684,train
W_184183,P_779516,train
W_184222,P_694805,train
W_184222,P_722776,train
W_184274,P_689305,train
W_184274,P_689306,train
W_1843,P_1844,train
W_1843,P_490459,train
W_184303,P_689428,train
W_184303,P_689430,train
W_184308,P_689461,train
W_184308,P_694762,train
W_184337,P_689524,train
W_184337,P_689546,train
W_184350,P_689640,train
W_184350,P_689641,train
W_184389,P_689757,train
W_184389,P_689760,train
W_184408,P_699568,train
W_184408,P_733612,train
W_184436,P_689965,train
W_184436,P_689983,train
W_184438,P_689976,train
W_184438,P_689979,train
W_184474,P_690782,train
W_184474,P_690797,train
W_184507,P_690403,train
W_184507,P_690405,train
W_184552,P_690750,train
W_184552,P_690751,train
W_184607,P_691091,train
W_184607,P_691092,train
W_184610,P_692049,train
W_184610,P_731452,train
W_184612,P_693401,train
W_184612,P_693410,train
W_184668,P_691415,train
W_184668,P_691416,train
W_184671,P_691534,train
W_184671,P_691539,train
W_184717,P_691838,train
W_184717,P_691839,train
W_184736,P_691897,train
W_184736,P_691899,train
W_184799,P_692139,train
W_184799,P_692140,train
W_184810,P_695560,train
W_184810,P_695566,train
W_184877,P_692497,train
W_184877,P_694786,train
W_184952,P_695624,train
W_184952,P_695626,train
W_184972,P_692870,train
W_184972,P_700121,train
W_184990,P_695790,train
W_184990,P_746840,train
W_185008,P_692988,train
W_185008,P_692989,train
W_185027,P_693085,train
W_185027,P_693086,train
W_185032,P_693105,train
W_185032,P_693142,train
W_185036,P_693113,train
W_185036,P_693114,train
W_18506,P_18517,train
W_18506,P_302278,train
W_185071,P_693256,train
W_185071,P_693257,train
W_185116,P_693551,train
W_185116,P_693560,train
W_185122,P_693575,train
W_185122,P_693585,train
W_185140,P_693772,train
W_185140,P_693778,train
W_185141,P_693668,train
W_185141,P_694791,train
W_185156,P_693691,train
W_185156,P_693694,train
W_185157,P_693692,train
W_185157,P_693696,train
W_185170,P_693780,train
W_185170,P_693782,train
W_185174,P_694297,train
W_185174,P_694300,train
W_185176,P_693800,train
W_185176,P_750085,train
W_185181,P_693810,train
W_185181,P_693811,train
W_185230,P_694602,train
W_185230,P_694606,train
W_185307,P_694451,train
W_185307,P_776832,train
W_185321,P_694501,train
W_185321,P_694502,train
W_185348,P_694601,train
W_185348,P_694603,train
W_185353,P_694620,train
W_185353,P_694621,train
W_185457,P_695132,train
W_185457,P_695138,train
W_185463,P_695188,train
W_185463,P_695189,train
W_185495,P_695307,train
W_185495,P_695308,train
W_185577,P_695670,train
W_185577,P_721169,train
W_185600,P_696218,train
W_185600,P_696220,train
W_185635,P_696103,train
W_185635,P_696143,train
W_185668,P_697485,train
W_185668,P_697487,train
W_185711,P_704988,train
W_185711,P_704989,train
W_185744,P_702725,train
W_185744,P_702726,train
W_185751,P_707180,train
W_185751,P_707182,train
W_185781,P_706443,train
W_185781,P_706444,train
W_185787,P_741175,train
W_185787,P_741176,train
W_185801,P_696523,train
W_185801,P_696524,train
W_185810,P_696541,train
W_185810,P_696542,train
W_185859,P_734305,train
W_185859,P_735593,train
W_185860,P_733409,train
W_185860,P_733410,train
W_1859,P_1859,train
W_1859,P_576709,train
W_185902,P_696719,train
W_185902,P_696720,train
W_185904,P_696722,train
W_185904,P_697096,train
W_185921,P_696771,train
W_185921,P_698683,train
W_185933,P_696817,train
W_185933,P_698680,train
W_185960,P_726376,train
W_185960,P_763577,train
W_185978,P_696977,train
W_185978,P_797374,train
W_185991,P_697481,train
W_185991,P_697482,train
W_185994,P_697010,train
W_185994,P_697012,train
W_186013,P_719195,train
W_186013,P_719201,train
W_186051,P_697234,train
W_186051,P_697235,train
W_186088,P_697320,train
W_186088,P_697321,train
W_186092,P_697329,train
W_186092,P_697330,train
W_186097,P_697375,train
W_186097,P_697378,train
W_186156,P_697642,train
W_186156,P_697643,train
W_186226,P_697961,train
W_186226,P_770763,train
W_18629,P_18629,train
W_18629,P_18630,train
W_186301,P_698339,train
W_186301,P_698341,train
W_186342,P_698685,train
W_186342,P_698689,train
W_186407,P_698896,train
W_186407,P_698897,train
W_186412,P_698906,train
W_186412,P_698907,train
W_186428,P_698940,train
W_186428,P_791025,train
W_186503,P_699342,train
W_186503,P_699343,train
W_186534,P_699460,train
W_186534,P_699461,train
W_186608,P_699836,train
W_186608,P_699837,train
W_186646,P_699961,train
W_186646,P_699962,train
W_186654,P_700010,train
W_186654,P_700011,train
W_186667,P_700056,train
W_186667,P_700057,train
W_186668,P_700060,train
W_186668,P_700061,train
W_186671,P_700073,train
W_186671,P_700074,train
W_186744,P_700511,train
W_186744,P_700512,train
W_186822,P_701023,train
W_186822,P_701025,train
W_186917,P_701608,train
W_186917,P_701609,train
W_18696,P_529501,train
W_18696,P_767645,train
W_187119,P_702580,train
W_187119,P_702583,train
W_187141,P_702623,train
W_187141,P_785728,train
W_187189,P_702864,train
W_187189,P_702872,train
W_187215,P_703010,train
W_187215,P_762263,train
W_187219,P_703029,train
W_187219,P_703030,train
W_187303,P_703388,train
W_187303,P_703401,train
W_187355,P_703627,train
W_187355,P_703628,train
W_187392,P_703712,train
W_187392,P_703713,train
W_187396,P_703721,train
W_187396,P_703722,train
W_187397,P_703723,train
W_187397,P_703724,train
W_187436,P_703932,train
W_187436,P_717559,train
W_187474,P_704073,train
W_187474,P_704074,train
W_18752,P_18768,train
W_18752,P_18775,train
W_187548,P_704582,train
W_187548,P_704583,train
W_187619,P_707373,train
W_187619,P_707374,train
W_187633,P_704939,train
W_187633,P_704941,train
W_187683,P_705186,train
W_187683,P_705199,train
W_187801,P_705609,train
W_187801,P_705610,train
W_187804,P_705611,train
W_187804,P_705612,train
W_187933,P_706331,train
W_187933,P_706332,train
W_18794,P_18797,train
W_18794,P_460468,train
W_187946,P_706445,train
W_187946,P_706447,train
W_187984,P_706594,train
W_187984,P_706882,train
W_187986,P_706609,train
W_187986,P_706674,train
W_188023,P_706868,train
W_188023,P_706869,train
W_188025,P_706891,train
W_188025,P_706892,train
W_188079,P_707123,train
W_188079,P_707124,train
W_188083,P_707133,train
W_188083,P_707134,train
W_188167,P_707438,train
W_188167,P_707440,train
W_188187,P_707546,train
W_188187,P_707547,train
W_188205,P_707669,train
W_188205,P_707670,train
W_188241,P_707795,train
W_188241,P_707796,train
W_188242,P_707797,train
W_188242,P_707800,train
W_188275,P_708036,train
W_188275,P_720446,train
W_188317,P_708200,train
W_188317,P_708201,train
W_188319,P_708204,train
W_188319,P_708205,train
W_188404,P_708611,train
W_188404,P_708612,train
W_188447,P_708857,train
W_188447,P_708866,train
W_188450,P_708854,train
W_188450,P_708870,train
W_188478,P_709097,train
W_188478,P_709098,train
W_18859,P_18859,train
W_18859,P_18861,train
W_18865,P_208436,train
W_18865,P_797617,train
W_188681,P_710536,train
W_188681,P_710539,train
W_188716,P_710810,train
W_188716,P_710811,train
W_188744,P_737044,train
W_188744,P_737606,train
W_188763,P_718215,train
W_188763,P_718224,train
W_188846,P_711784,train
W_188846,P_711785,train
W_188876,P_732809,train
W_188876,P_732810,train
W_188882,P_714004,train
W_188882,P_714054,train
W_188899,P_711832,train
W_188899,P_711833,train
W_188911,P_711956,train
W_188911,P_711957,train
W_188957,P_712150,train
W_188957,P_712151,train
W_188969,P_712278,train
W_188969,P_712279,train
W_188975,P_712325,train
W_188975,P_713770,train
W_188984,P_712360,train
W_188984,P_712361,train
W_189065,P_713030,train
W_189065,P_713031,train
W_189112,P_713417,train
W_189112,P_713418,train
W_18912,P_46006,train
W_18912,P_725332,train
W_189124,P_713563,train
W_189124,P_713564,train
W_189143,P_713686,train
W_189143,P_713689,train
W_189158,P_713821,train
W_189158,P_713822,train
W_189160,P_713837,train
W_189160,P_713838,train
W_189164,P_713857,train
W_189164,P_713858,train
W_189201,P_714085,train
W_189201,P_714086,train
W_189238,P_714204,train
W_189238,P_714205,train
W_189243,P_714214,train
W_189243,P_714215,train
W_189246,P_714232,train
W_189246,P_714233,train
W_189294,P_714504,train
W_189294,P_714505,train
W_189341,P_714791,train
W_189341,P_714792,train
W_189465,P_715204,train
W_189465,P_715205,train
W_189471,P_715217,train
W_189471,P_715225,train
W_189480,P_715238,train
W_189480,P_715239,train
W_189506,P_715370,train
W_189506,P_768395,train
W_189522,P_715462,train
W_189522,P_715463,train
W_189649,P_716053,train
W_189649,P_752143,train
W_189674,P_716210,train
W_189674,P_716211,train
W_189758,P_716860,train
W_189758,P_716879,train
W_189759,P_716848,train
W_189759,P_791073,train
W_189835,P_717137,train
W_189835,P_732485,train
W_189851,P_717196,train
W_189851,P_717198,train
W_189871,P_717307,train
W_189871,P_717308,train
W_189881,P_717350,train
W_189881,P_717403,train
W_189942,P_717617,train
W_189942,P_717618,train
W_189970,P_717695,train
W_189970,P_717697,train
W_189994,P_717824,train
W_189994,P_717825,train
W_190076,P_718181,train
W_190076,P_718182,train
W_190078,P_718211,train
W_190078,P_718213,train
W_190082,P_718236,train
W_190082,P_718237,train
W_190090,P_718254,train
W_190090,P_718255,train
W_190091,P_718258,train
W_190091,P_718259,train
W_190154,P_718539,train
W_190154,P_718540,train
W_190162,P_718597,train
W_190162,P_718598,train
W_190182,P_718759,train
W_190182,P_718779,train
W_1902,P_182136,train
W_1902,P_1902,train
W_190206,P_718838,train
W_190206,P_719068,train
W_190207,P_718840,train
W_190207,P_718841,train
W_190208,P_718843,train
W_190208,P_718844,train
W_190226,P_718914,train
W_190226,P_718915,train
W_190244,P_718985,train
W_190244,P_718986,train
W_190245,P_718987,train
W_190245,P_718988,train
W_190251,P_719015,train
W_190251,P_719016,train
W_190255,P_719030,train
W_190255,P_719031,train
W_190300,P_719144,train
W_190300,P_719145,train
W_190374,P_719401,train
W_190374,P_719402,train
W_190376,P_719404,train
W_190376,P_719541,train
W_190409,P_719495,train
W_190409,P_719577,train
W_190579,P_720143,train
W_190579,P_720144,train
W_190585,P_722670,train
W_190585,P_722686,train
W_190586,P_732834,train
W_190586,P_732839,train
W_190602,P_720212,train
W_190602,P_720213,train
W_190645,P_729320,train
W_190645,P_729364,train
W_190672,P_720479,train
W_190672,P_720480,train
W_190684,P_720573,train
W_190684,P_720574,train
W_190686,P_720604,train
W_190686,P_720606,train
W_190696,P_720690,train
W_190696,P_720691,train
W_190704,P_720780,train
W_190704,P_720806,train
W_190707,P_720793,train
W_190707,P_720808,train
W_190708,P_720796,train
W_190708,P_736678,train
W_190712,P_720844,train
W_190712,P_720847,train
W_190715,P_720860,train
W_190715,P_720861,train
W_190718,P_720876,train
W_190718,P_720877,train
W_19083,P_503699,train
W_19083,P_79969,train
W_190834,P_721675,train
W_190834,P_721676,train
W_190835,P_721677,train
W_190835,P_721678,train
W_190876,P_721921,train
W_190876,P_721922,train
W_190881,P_721938,train
W_190881,P_721939,train
W_190883,P_721942,train
W_190883,P_721943,train
W_190884,P_721944,train
W_190884,P_721945,train
W_190885,P_721946,train
W_190885,P_721947,train
W_190889,P_721963,train
W_190889,P_721964,train
W_190895,P_721985,train
W_190895,P_721986,train
W_190900,P_721992,train
W_190900,P_721996,train
W_190941,P_722236,train
W_190941,P_722237,train
W_190943,P_722255,train
W_190943,P_722256,train
W_190968,P_722364,train
W_190968,P_722365,train
W_191030,P_722557,train
W_191030,P_722558,train
W_191036,P_722579,train
W_191036,P_722580,train
W_19110,P_20589,train
W_19110,P_728526,train
W_191111,P_722790,train
W_191111,P_722792,train
W_191122,P_722826,train
W_191122,P_723143,train
W_191129,P_722855,train
W_191129,P_722856,train
W_191136,P_722834,train
W_191136,P_722835,train
W_191151,P_722886,train
W_191151,P_722888,train
W_191167,P_723011,train
W_191167,P_723014,train
W_191215,P_758566,train
W_191215,P_776426,train
W_191229,P_723320,train
W_191229,P_723321,train
W_191235,P_723378,train
W_191235,P_723381,train
W_191254,P_723439,train
W_191254,P_723440,train
W_191286,P_723700,train
W_191286,P_723703,train
W_191296,P_723723,train
W_191296,P_723724,train
W_191304,P_723740,train
W_191304,P_723741,train
W_191305,P_723746,train
W_191305,P_723747,train
W_191326,P_723856,train
W_191326,P_734979,train
W_191337,P_726712,train
W_191337,P_783886,train
W_191430,P_734279,train
W_191430,P_734284,train
W_191447,P_724336,train
W_191447,P_745975,train
W_191451,P_724318,train
W_191451,P_724319,train
W_191472,P_734730,train
W_191472,P_734741,train
W_191490,P_724376,train
W_191490,P_724377,train
W_191513,P_732778,train
W_191513,P_799436,train
W_191527,P_731889,train
W_191527,P_731894,train
W_191529,P_731260,train
W_191529,P_731261,train
W_191533,P_734770,train
W_191533,P_734774,train
W_191561,P_724668,train
W_191561,P_724669,train
W_191619,P_730202,train
W_191619,P_730204,train
W_19163,P_19163,train
W_19163,P_19164,train
W_191670,P_725194,train
W_191670,P_799574,train
W_191704,P_725343,train
W_191704,P_725369,train
W_191717,P_725480,train
W_191717,P_725481,train
W_191934,P_726161,train
W_191934,P_773832,train
W_191941,P_726210,train
W_191941,P_726221,train
W_192050,P_726835,train
W_192050,P_726836,train
W_192054,P_726881,train
W_192054,P_726928,train
W_19206,P_19206,train
W_19206,P_19207,train
W_192089,P_736793,train
W_192089,P_745117,train
W_192091,P_736018,train
W_192091,P_736042,train
W_192092,P_727008,train
W_192092,P_755491,train
W_192232,P_727490,train
W_192232,P_727767,train
W_192242,P_727565,train
W_192242,P_727566,train
W_192318,P_727922,train
W_192318,P_727923,train
W_192359,P_728134,train
W_192359,P_728139,train
W_192442,P_728659,train
W_192442,P_728660,train
W_192509,P_729054,train
W_192509,P_729055,train
W_192518,P_729081,train
W_192518,P_729082,train
W_19253,P_19254,train
W_19253,P_94443,train
W_192579,P_729591,train
W_192579,P_729593,train
W_192598,P_729765,train
W_192598,P_729767,train
W_192628,P_729921,train
W_192628,P_768532,train
W_192633,P_729989,train
W_192633,P_729992,train
W_192640,P_730029,train
W_192640,P_783118,train
W_192658,P_730156,train
W_192658,P_730157,train
W_192666,P_730206,train
W_192666,P_730207,train
W_192678,P_730244,train
W_192678,P_730245,train
W_192688,P_730348,train
W_192688,P_730349,train
W_192699,P_730419,train
W_192699,P_730420,train
W_192730,P_730539,train
W_192730,P_730540,train
W_192734,P_730548,train
W_192734,P_730549,train
W_192746,P_730588,train
W_192746,P_730589,train
W_192753,P_730601,train
W_192753,P_730602,train
W_192768,P_730680,train
W_192768,P_730683,train
W_192774,P_730765,train
W_192774,P_730766,train
W_192810,P_730895,train
W_192810,P_730896,train
W_192814,P_730933,train
W_192814,P_731067,train
W_192815,P_730928,train
W_192815,P_730929,train
W_192889,P_731165,train
W_192889,P_734380,train
W_192890,P_731167,train
W_192890,P_731168,train
W_192904,P_731199,train
W_192904,P_731200,train
W_192928,P_731301,train
W_192928,P_731302,train
W_192953,P_731476,train
W_192953,P_731483,train
W_192988,P_731636,train
W_192988,P_731637,train
W_193200,P_732753,train
W_193200,P_732754,train
W_193251,P_733014,train
W_193251,P_733015,train
W_193260,P_733042,train
W_193260,P_733043,train
W_193275,P_733163,train
W_193275,P_733180,train
W_19329,P_441707,train
W_19329,P_752325,train
W_193325,P_733362,train
W_193325,P_733363,train
W_193333,P_733383,train
W_193333,P_733384,train
W_193346,P_733431,train
W_193346,P_733433,train
W_193399,P_733620,train
W_193399,P_733752,train
W_193408,P_733677,train
W_193408,P_733680,train
W_193414,P_733698,train
W_193414,P_733699,train
W_193478,P_733972,train
W_193478,P_733974,train
W_193479,P_733975,train
W_193479,P_733978,train
W_193482,P_733983,train
W_193482,P_733984,train
W_193483,P_733985,train
W_193483,P_733986,train
W_193490,P_734020,train
W_193490,P_734021,train
W_193497,P_734051,train
W_193497,P_734052,train
W_193519,P_734276,train
W_193519,P_734277,train
W_193545,P_734349,train
W_193545,P_734350,train
W_193587,P_734767,train
W_193587,P_734772,train
W_193620,P_734908,train
W_193620,P_734915,train
W_193632,P_734963,train
W_193632,P_787977,train
W_193688,P_735126,train
W_193688,P_735127,train
W_193710,P_735183,train
W_193710,P_735184,train
W_193719,P_735209,train
W_193719,P_735210,train
W_193722,P_735217,train
W_193722,P_735218,train
W_193730,P_735244,train
W_193730,P_735245,train
W_193784,P_735483,train
W_193784,P_735484,train
W_193836,P_735711,train
W_193836,P_735714,train
W_19384,P_19384,train
W_19384,P_798173,train
W_193862,P_735821,train
W_193862,P_735822,train
W_193871,P_735852,train
W_193871,P_735854,train
W_193947,P_736175,train
W_193947,P_736176,train
W_193969,P_736273,train
W_193969,P_736274,train
W_193985,P_736381,train
W_193985,P_736382,train
W_194,P_501175,train
W_194,P_75213,train
W_194085,P_736834,train
W_194085,P_736836,train
W_194135,P_737097,train
W_194135,P_737098,train
W_194148,P_737153,train
W_194148,P_737154,train
W_194162,P_737205,train
W_194162,P_737206,train
W_194223,P_737411,train
W_194223,P_737412,train
W_194252,P_737512,train
W_194252,P_737521,train
W_194258,P_737546,train
W_194258,P_737552,train
W_194264,P_737640,train
W_194264,P_737641,train
W_194286,P_742038,train
W_194286,P_742041,train
W_194413,P_751521,train
W_194413,P_751533,train
W_194465,P_738387,train
W_194465,P_738389,train
W_194497,P_742053,train
W_194497,P_742055,train
W_194508,P_749884,train
W_194508,P_749886,train
W_194520,P_738633,train
W_194520,P_738634,train
W_194525,P_738653,train
W_194525,P_738765,train
W_194526,P_738649,train
W_194526,P_738660,train
W_194556,P_738870,train
W_194556,P_738871,train
W_194558,P_738895,train
W_194558,P_738901,train
W_194571,P_738920,train
W_194571,P_738921,train
W_19458,P_19459,train
W_19458,P_645976,train
W_194583,P_745287,train
W_194583,P_745290,train
W_194592,P_748770,train
W_194592,P_748772,train
W_194597,P_755511,train
W_194597,P_777124,train
W_194624,P_739111,train
W_194624,P_739112,train
W_194631,P_759623,train
W_194631,P_759625,train
W_194640,P_754823,train
W_194640,P_754831,train
W_194658,P_746851,train
W_194658,P_746852,train
W_194702,P_749041,train
W_194702,P_749044,train
W_194704,P_778609,train
W_194704,P_778610,train
W_194709,P_749994,train
W_194709,P_770502,train
W_194721,P_739326,train
W_194721,P_739327,train
W_194732,P_739362,train
W_194732,P_739363,train
W_194840,P_739878,train
W_194840,P_739880,train
W_194852,P_739941,train
W_194852,P_739944,train
W_194871,P_740098,train
W_194871,P_740099,train
W_194878,P_740109,train
W_194878,P_740110,train
W_19488,P_19488,train
W_19488,P_20472,train
W_194898,P_740150,train
W_194898,P_740151,train
W_19492,P_19492,train
W_19492,P_645319,train
W_194949,P_740358,train
W_194949,P_740359,train
W_19497,P_522462,train
W_19497,P_522463,train
W_194979,P_740482,train
W_194979,P_740483,train
W_195022,P_740776,train
W_195022,P_740780,train
W_195058,P_740884,train
W_195058,P_740885,train
W_195093,P_741065,train
W_195093,P_741066,train
W_195105,P_741170,train
W_195105,P_741171,train
W_19521,P_19521,train
W_19521,P_282654,train
W_195250,P_742109,train
W_195250,P_742110,train
W_195406,P_743085,train
W_195406,P_743086,train
W_195432,P_743243,train
W_195432,P_743244,train
W_195538,P_743924,train
W_195538,P_743925,train
W_195604,P_744464,train
W_195604,P_751491,train
W_195720,P_745680,train
W_195720,P_745681,train
W_195735,P_745815,train
W_195735,P_745822,train
W_195818,P_746257,train
W_195818,P_746258,train
W_195824,P_746271,train
W_195824,P_746272,train
W_195856,P_746488,train
W_195856,P_746489,train
W_195866,P_746554,train
W_195866,P_746555,train
W_195883,P_746646,train
W_195883,P_797813,train
W_195950,P_746941,train
W_195950,P_746944,train
W_195968,P_747015,train
W_195968,P_747535,train
W_195973,P_747060,train
W_195973,P_747061,train
W_195992,P_747188,train
W_195992,P_747189,train
W_196040,P_244852,train
W_196040,P_747511,train
W_196044,P_747575,train
W_196044,P_747605,train
W_196045,P_747576,train
W_196045,P_747578,train
W_196056,P_747628,train
W_196056,P_747629,train
W_196057,P_747639,train
W_196057,P_747640,train
W_196164,P_748188,train
W_196164,P_748189,train
W_196202,P_748266,train
W_196202,P_748520,train
W_196237,P_748397,train
W_196237,P_748398,train
W_196238,P_748399,train
W_196238,P_748400,train
W_196263,P_748599,train
W_196263,P_748600,train
W_196279,P_748625,train
W_196279,P_748626,train
W_196290,P_748661,train
W_196290,P_748662,train
W_196427,P_749399,train
W_196427,P_749400,train
W_196446,P_749527,train
W_196446,P_749530,train
W_196484,P_749845,train
W_196484,P_749846,train
W_196518,P_750256,train
W_196518,P_750257,train
W_196605,P_750982,train
W_196605,P_750983,train
W_196609,P_750998,train
W_196609,P_750999,train
W_196645,P_751234,train
W_196645,P_751374,train
W_196693,P_751662,train
W_196693,P_751668,train
W_196734,P_752064,train
W_196734,P_752065,train
W_19674,P_57954,train
W_19674,P_766675,train
W_196756,P_752129,train
W_196756,P_752131,train
W_196769,P_752208,train
W_196769,P_752209,train
W_196771,P_752212,train
W_196771,P_752224,train
W_196783,P_752265,train
W_196783,P_752267,train
W_196802,P_752403,train
W_196802,P_752405,train
W_196839,P_752591,train
W_196839,P_752620,train
W_196844,P_752628,train
W_196844,P_752630,train
W_196901,P_753019,train
W_196901,P_753020,train
W_196902,P_753021,train
W_196902,P_753022,train
W_196917,P_753198,train
W_196917,P_753215,train
W_196932,P_753428,train
W_196932,P_753429,train
W_196933,P_753450,train
W_196933,P_753451,train
W_197,P_31911,train
W_197,P_65027,train
W_197016,P_754276,train
W_197016,P_754284,train
W_197021,P_754289,train
W_197021,P_754297,train
W_197036,P_754468,train
W_197036,P_754469,train
W_197038,P_754510,train
W_197038,P_754511,train
W_197049,P_754551,train
W_197049,P_755452,train
W_197087,P_754955,train
W_197087,P_754959,train
W_197090,P_754988,train
W_197090,P_754989,train
W_197099,P_755090,train
W_197099,P_755092,train
W_197127,P_755495,train
W_197127,P_755496,train
W_197160,P_755836,train
W_197160,P_755837,train
W_197249,P_756300,train
W_197249,P_756301,train
W_197250,P_756303,train
W_197250,P_756304,train
W_197367,P_757038,train
W_197367,P_757040,train
W_197381,P_757227,train
W_197381,P_757228,train
W_197382,P_757230,train
W_197382,P_757231,train
W_197458,P_757648,train
W_197458,P_757795,train
W_197462,P_757665,train
W_197462,P_757666,train
W_197465,P_757709,train
W_197465,P_757710,train
W_197531,P_758192,train
W_197531,P_758205,train
W_197539,P_768700,train
W_197539,P_768701,train
W_197568,P_768703,train
W_197568,P_768704,train
W_197578,P_762308,train
W_197578,P_762309,train
W_197580,P_770699,train
W_197580,P_770700,train
W_197581,P_762786,train
W_197581,P_762795,train
W_197592,P_758527,train
W_197592,P_758528,train
W_197600,P_770767,train
W_197600,P_770774,train
W_197607,P_758613,train
W_197607,P_758614,train
W_197652,P_782357,train
W_197652,P_782360,train
W_197708,P_740011,train
W_197708,P_740425,train
W_197755,P_759231,train
W_197755,P_759232,train
W_197769,P_759438,train
W_197769,P_759439,train
W_197775,P_759585,train
W_197775,P_759620,train
W_197793,P_760039,train
W_197793,P_760040,train
W_197885,P_760590,train
W_197885,P_760592,train
W_197907,P_760968,train
W_197907,P_796595,train
W_197909,P_760998,train
W_197909,P_761010,train
W_19793,P_203204,train
W_19793,P_95145,train
W_197940,P_760795,train
W_197940,P_760797,train
W_197953,P_760918,train
W_197953,P_760923,train
W_19796,P_19797,train
W_19796,P_63023,train
W_197973,P_771773,train
W_197973,P_771774,train
W_197987,P_761196,train
W_197987,P_761197,train
W_198007,P_761364,train
W_198007,P_761365,train
W_198027,P_761582,train
W_198027,P_761586,train
W_198046,P_761963,train
W_198046,P_761974,train
W_19806,P_19806,train
W_19806,P_783542,train
W_198061,P_761840,train
W_198061,P_761843,train
W_198062,P_761877,train
W_198062,P_761887,train
W_198082,P_762204,train
W_198082,P_762205,train
W_198134,P_762677,train
W_198134,P_762680,train
W_198168,P_762738,train
W_198168,P_762751,train
W_198192,P_762934,train
W_198192,P_763184,train
W_198194,P_762936,train
W_198194,P_762955,train
W_198195,P_762943,train
W_198195,P_762945,train
W_198196,P_762952,train
W_198196,P_762954,train
W_198203,P_763105,train
W_198203,P_763106,train
W_198211,P_763214,train
W_198211,P_763219,train
W_198247,P_763444,train
W_198247,P_763445,train
W_198305,P_764083,train
W_198305,P_764084,train
W_198330,P_764295,train
W_198330,P_764298,train
W_198355,P_764492,train
W_198355,P_791550,train
W_19840,P_19840,train
W_19840,P_341715,train
W_198435,P_764875,train
W_198435,P_764876,train
W_198492,P_765450,train
W_198492,P_765452,train
W_198506,P_765645,train
W_198506,P_765647,train
W_198618,P_766538,train
W_198618,P_766552,train
W_198630,P_766610,train
W_198630,P_766611,train
W_198692,P_767135,train
W_198692,P_767136,train
W_198711,P_767492,train
W_198711,P_767657,train
W_198805,P_768103,train
W_198805,P_768141,train
W_198814,P_768233,train
W_198814,P_768236,train
W_198994,P_769663,train
W_198994,P_769668,train
W_199066,P_770267,train
W_199066,P_770353,train
W_199068,P_770282,train
W_199068,P_770765,train
W_199069,P_770285,train
W_199069,P_770286,train
W_199083,P_770419,train
W_199083,P_770420,train
W_199089,P_770454,train
W_199089,P_771288,train
W_199098,P_770701,train
W_199098,P_770704,train
W_199107,P_771825,train
W_199107,P_771826,train
W_19911,P_19911,train
W_19911,P_427308,train
W_199119,P_770819,train
W_199119,P_770820,train
W_199120,P_770821,train
W_199120,P_770822,train
W_199127,P_770837,train
W_199127,P_770838,train
W_199131,P_770847,train
W_199131,P_770848,train
W_199142,P_770937,train
W_199142,P_770939,train
W_199221,P_771306,train
W_199221,P_771307,train
W_199222,P_771308,train
W_199222,P_771339,train
W_199266,P_771487,train
W_199266,P_771488,train
W_199268,P_771491,train
W_199268,P_771492,train
W_199289,P_771740,train
W_199289,P_771741,train
W_199304,P_782819,train
W_199304,P_782827,train
W_199360,P_784218,train
W_199360,P_784219,train
W_19937,P_185163,train
W_19937,P_707250,train
W_199382,P_772211,train
W_199382,P_788638,train
W_199388,P_772233,train
W_199388,P_772234,train
W_199487,P_772810,train
W_199487,P_772811,train
W_199518,P_773022,train
W_199518,P_773024,train
W_19954,P_19960,train
W_19954,P_713447,train
W_199615,P_773734,train
W_199615,P_773736,train
W_199618,P_773751,train
W_199618,P_773756,train
W_199621,P_773851,train
W_199621,P_773853,train
W_199626,P_777307,train
W_199626,P_782855,train
W_199636,P_777121,train
W_199636,P_777122,train
W_199640,P_773892,train
W_199640,P_773893,train
W_199646,P_773934,train
W_199646,P_773935,train
W_199653,P_774072,train
W_199653,P_774300,train
W_199680,P_774335,train
W_199680,P_774362,train
W_199768,P_774872,train
W_199768,P_774873,train
W_199787,P_775159,train
W_199787,P_775285,train
W_199788,P_775155,train
W_199788,P_775157,train
W_199822,P_775437,train
W_199822,P_775451,train
W_199855,P_775711,train
W_199855,P_775712,train
W_199869,P_775805,train
W_199869,P_775809,train
W_199890,P_784294,train
W_199890,P_784296,train
W_199893,P_784731,train
W_199893,P_784735,train
W_199930,P_776374,train
W_199930,P_788051,train
W_199948,P_776606,train
W_199948,P_776608,train
W_199968,P_776664,train
W_199968,P_776730,train
W_199974,P_776678,train
W_199974,P_776679,train
W_20,P_166213,train
W_20,P_21,train
W_200015,P_776964,train
W_200015,P_776965,train
W_200025,P_777052,train
W_200025,P_777053,train
W_200059,P_777438,train
W_200059,P_777524,train
W_200075,P_777570,train
W_200075,P_777573,train
W_200116,P_777875,train
W_200116,P_778323,train
W_200125,P_777993,train
W_200125,P_778009,train
W_200140,P_778142,train
W_200140,P_778143,train
W_200179,P_786634,train
W_200179,P_789593,train
W_200198,P_778390,train
W_200198,P_778395,train
W_200276,P_778908,train
W_200276,P_778909,train
W_20028,P_487147,train
W_20028,P_533677,train
W_200284,P_778784,train
W_200284,P_778787,train
W_200400,P_779472,train
W_200400,P_779473,train
W_200421,P_779640,train
W_200421,P_779641,train
W_200496,P_780346,train
W_200496,P_780347,train
W_200517,P_780466,train
W_200517,P_780467,train
W_200535,P_780621,train
W_200535,P_780623,train
W_200556,P_780775,train
W_200556,P_780824,train
W_200559,P_780819,train
W_200559,P_780820,train
W_200602,P_781254,train
W_200602,P_781255,train
W_200611,P_781294,train
W_200611,P_781295,train
W_200689,P_781632,train
W_200689,P_781635,train
W_200744,P_786499,train
W_200744,P_786505,train
W_200863,P_782704,train
W_200863,P_782706,train
W_200866,P_782709,train
W_200866,P_782710,train
W_200883,P_782834,train
W_200883,P_782835,train
W_200909,P_783079,train
W_200909,P_783080,train
W_20095,P_101503,train
W_20095,P_265676,train
W_200958,P_791179,train
W_200958,P_791214,train
W_200976,P_783544,train
W_200976,P_783545,train
W_200997,P_783675,train
W_200997,P_783676,train
W_201070,P_784210,train
W_201070,P_784213,train
W_201074,P_784222,train
W_201074,P_784223,train
W_201079,P_784240,train
W_201079,P_784241,train
W_201087,P_784287,train
W_201087,P_784288,train
W_201110,P_784504,train
W_201110,P_784506,train
W_201136,P_784726,train
W_201136,P_784728,train
W_201156,P_784752,train
W_201156,P_784753,train
W_201200,P_791451,train
W_201200,P_791453,train
W_201239,P_785660,train
W_201239,P_785693,train
W_201284,P_785929,train
W_201284,P_785930,train
W_201289,P_785975,train
W_201289,P_785976,train
W_20132,P_20145,train
W_20132,P_256321,train
W_201338,P_786157,train
W_201338,P_786158,train
W_201341,P_786183,train
W_201341,P_786186,train
W_201442,P_786863,train
W_201442,P_786876,train
W_201464,P_787001,train
W_201464,P_787002,train
W_201506,P_787337,train
W_201506,P_787338,train
W_201541,P_787627,train
W_201541,P_787628,train
W_201551,P_787746,train
W_201551,P_787937,train
W_201566,P_787824,train
W_201566,P_787825,train
W_201592,P_788055,train
W_201592,P_788060,train
W_201731,P_788884,train
W_201731,P_788885,train
W_201732,P_788889,train
W_201732,P_788891,train
W_201756,P_789140,train
W_201756,P_789250,train
W_201788,P_789409,train
W_201788,P_789417,train
W_201830,P_789956,train
W_201830,P_789959,train
W_201858,P_799516,train
W_201858,P_799517,train
W_201870,P_790213,train
W_201870,P_790214,train
W_201874,P_790311,train
W_201874,P_790328,train
W_201881,P_790346,train
W_201881,P_790348,train
W_201890,P_790379,train
W_201890,P_790409,train
W_201903,P_790721,train
W_201903,P_791365,train
W_201947,P_791161,train
W_201947,P_791162,train
W_201952,P_791172,train
W_201952,P_791175,train
W_201974,P_791296,train
W_201974,P_791297,train
W_202003,P_791490,train
W_202003,P_791491,train
W_202006,P_791523,train
W_202006,P_791524,train
W_202079,P_791939,train
W_202079,P_791940,train
W_202120,P_792211,train
W_202120,P_792212,train
W_20216,P_218812,train
W_20216,P_45338,train
W_202166,P_792451,train
W_202166,P_792452,train
W_202197,P_792609,train
W_202197,P_792610,train
W_202209,P_796593,train
W_202209,P_796594,train
W_202223,P_792762,train
W_202223,P_792865,train
W_202257,P_792791,train
W_202257,P_792793,train
W_202277,P_792849,train
W_202277,P_792850,train
W_202287,P_792956,train
W_202287,P_792967,train
W_202321,P_793062,train
W_202321,P_793063,train
W_202410,P_799776,train
W_202410,P_799778,train
W_202416,P_793533,train
W_202416,P_793534,train
W_202473,P_793871,train
W_202473,P_793872,train
W_202595,P_794521,train
W_202595,P_794544,train
W_202704,P_795127,train
W_202704,P_795130,train
W_202707,P_795128,train
W_202707,P_795129,train
W_202800,P_795666,train
W_202800,P_795668,train
W_202844,P_795860,train
W_202844,P_795861,train
W_20286,P_603775,train
W_20286,P_87231,train
W_202870,P_796120,train
W_202870,P_796124,train
W_20291,P_20291,train
W_20291,P_275270,train
W_202938,P_796387,train
W_202938,P_796388,train
W_202945,P_796530,train
W_202945,P_796531,train
W_202958,P_796833,train
W_202958,P_796835,train
W_202993,P_796654,train
W_202993,P_796655,train
W_203005,P_796804,train
W_203005,P_796924,train
W_203018,P_796955,train
W_203018,P_796956,train
W_203047,P_797011,train
W_203047,P_797012,train
W_203053,P_797167,train
W_203053,P_797172,train
W_203059,P_797235,train
W_203059,P_797236,train
W_203076,P_797272,train
W_203076,P_797275,train
W_203124,P_797583,train
W_203124,P_797585,train
W_203130,P_797640,train
W_203130,P_797642,train
W_203300,P_798574,train
W_203300,P_799217,train
W_203304,P_798609,train
W_203304,P_798611,train
W_20331,P_20331,train
W_20331,P_742323,train
W_203325,P_798828,train
W_203325,P_798829,train
W_203327,P_798808,train
W_203327,P_798809,train
W_203341,P_798972,train
W_203341,P_798973,train
W_203390,P_799228,train
W_203390,P_799229,train
W_203396,P_221563,train
W_203396,P_799282,train
W_203419,P_799530,train
W_203419,P_799545,train
W_203426,P_26164,train
W_203426,P_799595,train
W_203434,P_799693,train
W_203434,P_799694,train
W_203442,P_799753,train
W_203442,P_799754,train
W_203466,P_799811,train
W_203466,P_799817,train
W_20356,P_479675,train
W_20356,P_701440,train
W_20387,P_428131,train
W_20387,P_83036,train
W_20397,P_20397,train
W_20397,P_361169,train
W_20477,P_119060,train
W_20477,P_619703,train
W_20553,P_20553,train
W_20553,P_541193,train
W_20665,P_20665,train
W_20665,P_20666,train
W_20707,P_393240,train
W_20707,P_619890,train
W_20835,P_20835,train
W_20835,P_775977,train
W_2084,P_323202,train
W_2084,P_694334,train
W_2089,P_19153,train
W_2089,P_754349,train
W_20966,P_153434,train
W_20966,P_57135,train
W_20970,P_202683,train
W_20970,P_20970,train
W_21044,P_351378,train
W_21044,P_433701,train
W_21143,P_135373,train
W_21143,P_512368,train
W_21190,P_21190,train
W_21190,P_732073,train
W_21194,P_632821,train
W_21194,P_639769,train
W_21205,P_210122,train
W_21205,P_216294,train
W_2121,P_2122,train
W_2121,P_288933,train
W_2125,P_13071,train
W_2125,P_2125,train
W_2127,P_221588,train
W_2127,P_374443,train
W_21350,P_117211,train
W_21350,P_412168,train
W_21354,P_167549,train
W_21354,P_426397,train
W_21518,P_122771,train
W_21518,P_21519,train
W_21554,P_51148,train
W_21554,P_775454,train
W_21576,P_21577,train
W_21576,P_55749,train
W_21603,P_21603,train
W_21603,P_21604,train
W_21810,P_21810,train
W_21810,P_647139,train
W_21901,P_21901,train
W_21901,P_572555,train
W_21922,P_21923,train
W_21922,P_399499,train
W_21929,P_331451,train
W_21929,P_79041,train
W_21951,P_21951,train
W_21951,P_625278,train
W_21955,P_21955,train
W_21955,P_764086,train
W_21985,P_21986,train
W_21985,P_32721,train
W_2199,P_282565,train
W_2199,P_77236,train
W_2202,P_332234,train
W_2202,P_97628,train
W_22024,P_22025,train
W_22024,P_484345,train
W_22026,P_280915,train
W_22026,P_334725,train
W_22051,P_22079,train
W_22051,P_28737,train
W_22054,P_50225,train
W_22054,P_67988,train
W_22061,P_203827,train
W_22061,P_729869,train
W_2208,P_2209,train
W_2208,P_277230,train
W_22089,P_22089,train
W_22089,P_269217,train
W_22193,P_94677,train
W_22193,P_96793,train
W_2222,P_150430,train
W_2222,P_767430,train
W_2224,P_2224,train
W_2224,P_87843,train
W_22257,P_186008,train
W_22257,P_22257,train
W_22313,P_621155,train
W_22313,P_72094,train
W_22536,P_22538,train
W_22536,P_495491,train
W_2260,P_17752,train
W_2260,P_211372,train
W_22607,P_22608,train
W_22607,P_376371,train
W_22624,P_22625,train
W_22624,P_405609,train
W_22715,P_22715,train
W_22715,P_54077,train
W_22748,P_22749,train
W_22748,P_303595,train
W_22750,P_22750,train
W_22750,P_22751,train
W_22770,P_22773,train
W_22770,P_299611,train
W_22771,P_22771,train
W_22771,P_58397,train
W_22883,P_400662,train
W_22883,P_487587,train
W_22930,P_149615,train
W_22930,P_235238,train
W_23129,P_490050,train
W_23129,P_490397,train
W_23145,P_631176,train
W_23145,P_721161,train
W_23198,P_23198,train
W_23198,P_77466,train
W_23217,P_23217,train
W_23217,P_23220,train
W_2325,P_242562,train
W_2325,P_732219,train
W_2331,P_2331,train
W_2331,P_411046,train
W_23388,P_761867,train
W_23388,P_97255,train
W_23418,P_23418,train
W_23418,P_673856,train
W_235,P_235,train
W_235,P_47967,train
W_23578,P_23578,train
W_23578,P_785182,train
W_23581,P_23581,train
W_23581,P_618404,train
W_23607,P_153494,train
W_23607,P_322472,train
W_23644,P_636877,train
W_23644,P_717123,train
W_23670,P_580078,train
W_23670,P_598465,train
W_2368,P_2368,train
W_2368,P_765558,train
W_23720,P_300151,train
W_23720,P_639782,train
W_23722,P_383495,train
W_23722,P_639830,train
W_23755,P_175254,train
W_23755,P_23755,train
W_23809,P_130408,train
W_23809,P_375849,train
W_23853,P_501162,train
W_23853,P_565567,train
W_23872,P_23873,train
W_23872,P_25865,train
W_23891,P_23894,train
W_23891,P_774438,train
W_2408,P_80424,train
W_2408,P_85685,train
W_24100,P_24100,train
W_24100,P_620929,train
W_24135,P_24135,train
W_24135,P_77608,train
W_24141,P_119893,train
W_24141,P_783846,train
W_24148,P_24149,train
W_24148,P_669322,train
W_2421,P_2421,train
W_2421,P_636999,train
W_24260,P_242343,train
W_24260,P_792081,train
W_24273,P_24273,train
W_24273,P_24274,train
W_24350,P_793995,train
W_24350,P_97887,train
W_2439,P_126362,train
W_2439,P_143223,train
W_24434,P_386052,train
W_24434,P_496605,train
W_2461,P_214028,train
W_2461,P_393960,train
W_24612,P_24612,train
W_24612,P_24614,train
W_24655,P_24656,train
W_24655,P_704237,train
W_24660,P_242556,train
W_24660,P_66089,train
W_24677,P_141878,train
W_24677,P_268182,train
W_24678,P_162365,train
W_24678,P_754262,train
W_24725,P_24725,train
W_24725,P_24726,train
W_2486,P_295539,train
W_2486,P_312480,train
W_2487,P_213562,train
W_2487,P_626654,train
W_24947,P_24947,train
W_24947,P_364043,train
W_2498,P_487768,train
W_2498,P_645709,train
W_25357,P_210840,train
W_25357,P_651515,train
W_2537,P_151791,train
W_2537,P_2537,train
W_25431,P_218326,train
W_25431,P_549330,train
W_25491,P_755106,train
W_25491,P_794565,train
W_2551,P_2551,train
W_2551,P_80762,train
W_25516,P_218362,train
W_25516,P_94885,train
W_25755,P_169498,train
W_25755,P_55961,train
W_25809,P_25809,train
W_25809,P_332095,train
W_25855,P_25855,train
W_25855,P_25867,train
W_25861,P_25861,train
W_25861,P_405092,train
W_25948,P_25948,train
W_25948,P_268065,train
W_26011,P_26011,train
W_26011,P_26012,train
W_26050,P_26050,train
W_26050,P_34461,train
W_26100,P_26101,train
W_26100,P_75240,train
W_26107,P_26107,train
W_26107,P_26108,train
W_26210,P_253272,train
W_26210,P_37481,train
W_26219,P_241452,train
W_26219,P_26219,train
W_26222,P_255099,train
W_26222,P_26222,train
W_26231,P_210617,train
W_26231,P_26231,train
W_26293,P_139228,train
W_26293,P_177843,train
W_26303,P_270668,train
W_26303,P_280242,train
W_2633,P_627601,train
W_2633,P_775704,train
W_26358,P_26358,train
W_26358,P_92435,train
W_26416,P_163490,train
W_26416,P_92365,train
W_26421,P_26421,train
W_26421,P_26422,train
W_26445,P_47688,train
W_26445,P_721703,train
W_26452,P_26453,train
W_26452,P_783696,train
W_26538,P_253527,train
W_26538,P_377111,train
W_26539,P_454715,train
W_26539,P_604705,train
W_26571,P_105044,train
W_26571,P_26572,train
W_26609,P_26610,train
W_26609,P_365250,train
W_26652,P_464561,train
W_26652,P_483363,train
W_26734,P_51017,train
W_26734,P_56551,train
W_26779,P_26781,train
W_26779,P_395705,train
W_26856,P_249532,train
W_26856,P_46119,train
W_26985,P_26987,train
W_26985,P_28026,train
W_27000,P_149444,train
W_27000,P_79530,train
W_2702,P_133446,train
W_2702,P_533712,train
W_27086,P_106759,train
W_27086,P_162751,train
W_27132,P_27133,train
W_27132,P_380487,train
W_27154,P_313562,train
W_27154,P_87146,train
W_27174,P_50665,train
W_27174,P_658459,train
W_2729,P_2729,train
W_2729,P_2730,train
W_27376,P_539935,train
W_27376,P_81401,train
W_27402,P_27402,train
W_27402,P_693813,train
W_27406,P_27416,train
W_27406,P_349027,train
W_27474,P_259362,train
W_27474,P_496942,train
W_2751,P_103669,train
W_2751,P_2751,train
W_27519,P_382280,train
W_27519,P_604564,train
W_27534,P_196793,train
W_27534,P_53910,train
W_27551,P_280172,train
W_27551,P_708921,train
W_27643,P_465241,train
W_27643,P_760139,train
W_27705,P_394048,train
W_27705,P_506327,train
W_27730,P_27731,train
W_27730,P_715785,train
W_27768,P_359765,train
W_27768,P_582737,train
W_27826,P_78639,train
W_27826,P_78640,train
W_27835,P_27835,train
W_27835,P_75767,train
W_27841,P_136821,train
W_27841,P_44227,train
W_27851,P_27851,train
W_27851,P_318338,train
W_27874,P_27874,train
W_27874,P_395323,train
W_279,P_249665,train
W_279,P_674557,train
W_27972,P_27994,train
W_27972,P_310638,train
W_2799,P_177710,train
W_2799,P_369016,train
W_28042,P_28042,train
W_28042,P_28043,train
W_28060,P_28060,train
W_28060,P_327008,train
W_28075,P_509645,train
W_28075,P_94492,train
W_28106,P_28106,train
W_28106,P_28107,train
W_28169,P_409680,train
W_28169,P_500225,train
W_2817,P_176273,train
W_2817,P_452744,train
W_28178,P_360789,train
W_28178,P_98025,train
W_28191,P_242267,train
W_28191,P_28191,train
W_282,P_719197,train
W_282,P_74772,train
W_28270,P_29297,train
W_28270,P_492176,train
W_28358,P_144496,train
W_28358,P_82018,train
W_28507,P_28507,train
W_28507,P_28510,train
W_28539,P_371363,train
W_28539,P_535239,train
W_28602,P_28602,train
W_28602,P_28603,train
W_28640,P_478542,train
W_28640,P_51703,train
W_28645,P_28645,train
W_28645,P_487735,train
W_28664,P_105889,train
W_28664,P_643826,train
W_28683,P_417501,train
W_28683,P_490954,train
W_28780,P_44311,train
W_28780,P_453325,train
W_2881,P_304193,train
W_2881,P_516266,train
W_28823,P_138934,train
W_28823,P_28823,train
W_28853,P_104701,train
W_28853,P_798421,train
W_28879,P_364488,train
W_28879,P_438237,train
W_28896,P_117922,train
W_28896,P_28897,train
W_28907,P_374261,train
W_28907,P_96457,train
W_28915,P_10881,train
W_28915,P_10882,train
W_29042,P_29042,train
W_29042,P_89239,train
W_2917,P_316218,train
W_2917,P_765352,train
W_29190,P_431659,train
W_29190,P_675525,train
W_29195,P_338686,train
W_29195,P_414694,train
W_29218,P_29219,train
W_29218,P_92872,train
W_29282,P_29282,train
W_29282,P_29283,train
W_29425,P_29425,train
W_29425,P_739539,train
W_29497,P_29497,train
W_29497,P_636823,train
W_29565,P_29565,train
W_29565,P_29566,train
W_29579,P_29579,train
W_29579,P_29581,train
W_2958,P_248509,train
W_2958,P_63899,train
W_29586,P_217746,train
W_29586,P_482321,train
W_29589,P_193983,train
W_29589,P_29589,train
W_29603,P_56910,train
W_29603,P_76064,train
W_29715,P_718426,train
W_29715,P_744545,train
W_29727,P_171961,train
W_29727,P_380709,train
W_29807,P_29808,train
W_29807,P_434533,train
W_2987,P_547435,train
W_2987,P_649002,train
W_2995,P_2995,train
W_2995,P_668458,train
W_29965,P_267937,train
W_29965,P_54732,train
W_29979,P_29979,train
W_29979,P_29980,train
W_29985,P_270820,train
W_29985,P_29985,train
W_30088,P_117005,train
W_30088,P_30089,train
W_30105,P_229963,train
W_30105,P_30105,train
W_30240,P_81626,train
W_30240,P_81628,train
W_30274,P_166287,train
W_30274,P_307877,train
W_30292,P_143531,train
W_30292,P_30292,train
W_30307,P_30307,train
W_30307,P_43901,train
W_30320,P_115376,train
W_30320,P_30320,train
W_30322,P_605314,train
W_30322,P_717356,train
W_30392,P_388670,train
W_30392,P_435584,train
W_30459,P_433143,train
W_30459,P_517815,train
W_30501,P_30510,train
W_30501,P_731756,train
W_30503,P_30503,train
W_30503,P_30512,train
W_30541,P_605760,train
W_30541,P_731769,train
W_30571,P_289702,train
W_30571,P_375431,train
W_30576,P_157281,train
W_30576,P_30574,train
W_3068,P_230899,train
W_3068,P_632392,train
W_30687,P_30687,train
W_30687,P_731103,train
W_30748,P_161817,train
W_30748,P_376943,train
W_3079,P_497623,train
W_3079,P_581361,train
W_30820,P_30820,train
W_30820,P_30821,train
W_30832,P_30833,train
W_30832,P_703900,train
W_30878,P_468921,train
W_30878,P_468951,train
W_31,P_388143,train
W_31,P_618348,train
W_31035,P_214007,train
W_31035,P_722080,train
W_311,P_165824,train
W_311,P_511679,train
W_3115,P_254214,train
W_3115,P_492630,train
W_31164,P_511733,train
W_31164,P_72830,train
W_31395,P_31397,train
W_31395,P_383668,train
W_31404,P_221630,train
W_31404,P_31405,train
W_31406,P_356122,train
W_31406,P_497743,train
W_31468,P_31466,train
W_31468,P_31468,train
W_31478,P_453310,train
W_31478,P_456819,train
W_31690,P_221361,train
W_31690,P_384772,train
W_31755,P_31755,train
W_31755,P_385027,train
W_31761,P_163857,train
W_31761,P_298395,train
W_31836,P_31837,train
W_31836,P_731080,train
W_31949,P_31955,train
W_31949,P_323946,train
W_31989,P_164855,train
W_31989,P_31990,train
W_32129,P_532666,train
W_32129,P_532667,train
W_32172,P_32172,train
W_32172,P_32174,train
W_32185,P_515829,train
W_32185,P_773676,train
W_32188,P_143726,train
W_32188,P_369395,train
W_32221,P_145986,train
W_32221,P_377458,train
W_3232,P_3232,train
W_3232,P_3233,train
W_32333,P_255435,train
W_32333,P_452753,train
W_32335,P_32336,train
W_32335,P_526674,train
W_32433,P_32434,train
W_32433,P_618105,train
W_32455,P_31066,train
W_32455,P_32455,train
W_3249,P_286004,train
W_3249,P_3249,train
W_32602,P_32602,train
W_32602,P_409759,train
W_32608,P_32608,train
W_32608,P_32609,train
W_32665,P_565585,train
W_32665,P_654475,train
W_32685,P_32685,train
W_32685,P_32686,train
W_32689,P_32689,train
W_32689,P_575353,train
W_3274,P_131523,train
W_3274,P_291682,train
W_32746,P_32746,train
W_32746,P_68790,train
W_32784,P_258048,train
W_32784,P_32799,train
W_32806,P_140220,train
W_32806,P_36067,train
W_33,P_17407,train
W_33,P_685920,train
W_33066,P_46493,train
W_33066,P_792097,train
W_3315,P_3315,train
W_3315,P_335547,train
W_33184,P_254680,train
W_33184,P_33185,train
W_33295,P_147877,train
W_33295,P_188447,train
W_3333,P_101072,train
W_3333,P_379397,train
W_33447,P_238918,train
W_33447,P_599675,train
W_3345,P_125124,train
W_3345,P_3345,train
W_33481,P_576884,train
W_33481,P_740709,train
W_33483,P_227971,train
W_33483,P_33483,train
W_33564,P_104048,train
W_33564,P_33564,train
W_33731,P_33731,train
W_33731,P_645016,train
W_33750,P_33750,train
W_33750,P_344689,train
W_3378,P_3379,train
W_3378,P_3385,train
W_33815,P_208408,train
W_33815,P_240263,train
W_33896,P_318879,train
W_33896,P_33896,train
W_34142,P_210189,train
W_34142,P_34144,train
W_34190,P_34191,train
W_34190,P_384770,train
W_34200,P_263186,train
W_34200,P_34200,train
W_34341,P_179936,train
W_34341,P_34341,train
W_34357,P_127183,train
W_34357,P_513888,train
W_3439,P_413256,train
W_3439,P_544863,train
W_34531,P_34531,train
W_34531,P_34538,train
W_34583,P_34588,train
W_34583,P_68345,train
W_34637,P_34637,train
W_34637,P_401584,train
W_34650,P_344679,train
W_34650,P_344681,train
W_34664,P_199522,train
W_34664,P_34664,train
W_3468,P_147490,train
W_3468,P_19061,train
W_34706,P_34707,train
W_34706,P_80398,train
W_34756,P_129033,train
W_34756,P_358910,train
W_34833,P_566497,train
W_34833,P_675364,train
W_34952,P_103999,train
W_34952,P_546709,train
W_34997,P_34998,train
W_34997,P_720242,train
W_35040,P_476769,train
W_35040,P_771200,train
W_35076,P_62143,train
W_35076,P_719919,train
W_35096,P_35096,train
W_35096,P_97189,train
W_35177,P_35177,train
W_35177,P_426184,train
W_35191,P_102469,train
W_35191,P_149768,train
W_35273,P_227543,train
W_35273,P_389682,train
W_35277,P_257082,train
W_35277,P_286018,train
W_35317,P_290000,train
W_35317,P_734722,train
W_35332,P_190650,train
W_35332,P_35332,train
W_35399,P_338440,train
W_35399,P_35399,train
W_35453,P_339601,train
W_35453,P_744898,train
W_35482,P_213543,train
W_35482,P_82951,train
W_35486,P_110164,train
W_35486,P_241426,train
W_35565,P_35565,train
W_35565,P_786098,train
W_35588,P_487303,train
W_35588,P_584027,train
W_35691,P_227930,train
W_35691,P_769528,train
W_35739,P_289226,train
W_35739,P_35739,train
W_3578,P_6355,train
W_3578,P_6468,train
W_35798,P_44282,train
W_35798,P_647043,train
W_35814,P_725442,train
W_35814,P_98293,train
W_35838,P_35838,train
W_35838,P_399581,train
W_35846,P_35846,train
W_35846,P_510563,train
W_35854,P_581488,train
W_35854,P_612848,train
W_35892,P_64061,train
W_35892,P_714286,train
W_35930,P_297280,train
W_35930,P_297288,train
W_36,P_12934,train
W_36,P_8600,train
W_36008,P_180885,train
W_36008,P_425927,train
W_36054,P_36054,train
W_36054,P_36055,train
W_36073,P_153599,train
W_36073,P_663061,train
W_36093,P_254664,train
W_36093,P_36093,train
W_36123,P_36123,train
W_36123,P_36124,train
W_36139,P_100097,train
W_36139,P_154092,train
W_36215,P_36215,train
W_36215,P_36217,train
W_36293,P_36293,train
W_36293,P_36294,train
W_36304,P_36305,train
W_36304,P_576667,train
W_36368,P_154866,train
W_36368,P_36369,train
W_36441,P_36454,train
W_36441,P_98890,train
W_36554,P_119673,train
W_36554,P_337438,train
W_3667,P_3668,train
W_3667,P_399315,train
W_36722,P_255072,train
W_36722,P_364593,train
W_36754,P_470154,train
W_36754,P_561039,train
W_3684,P_391270,train
W_3684,P_428697,train
W_3701,P_48160,train
W_3701,P_695519,train
W_37029,P_684745,train
W_37029,P_721653,train
W_37083,P_341039,train
W_37083,P_37083,train
W_3712,P_168936,train
W_3712,P_365834,train
W_37122,P_244330,train
W_37122,P_37122,train
W_37423,P_37426,train
W_37423,P_473375,train
W_3748,P_148366,train
W_3748,P_3749,train
W_3750,P_167905,train
W_3750,P_232958,train
W_37540,P_37541,train
W_37540,P_405071,train
W_37588,P_432853,train
W_37588,P_567856,train
W_37676,P_345083,train
W_37676,P_37676,train
W_37784,P_37784,train
W_37784,P_37785,train
W_37812,P_206721,train
W_37812,P_273318,train
W_37827,P_319638,train
W_37827,P_37827,train
W_38024,P_198977,train
W_38024,P_38024,train
W_3810,P_220796,train
W_3810,P_45964,train
W_38134,P_38137,train
W_38134,P_715833,train
W_38146,P_287283,train
W_38146,P_382731,train
W_38167,P_38168,train
W_38167,P_759799,train
W_3819,P_221366,train
W_3819,P_33074,train
W_38305,P_332530,train
W_38305,P_51534,train
W_38326,P_38326,train
W_38326,P_694587,train
W_3835,P_3835,train
W_3835,P_492179,train
W_38361,P_126122,train
W_38361,P_38362,train
W_38396,P_38396,train
W_38396,P_38397,train
W_3850,P_3850,train
W_3850,P_3851,train
W_3856,P_24229,train
W_3856,P_352203,train
W_3865,P_3866,train
W_3865,P_74464,train
W_38930,P_38930,train
W_38930,P_432867,train
W_38950,P_242573,train
W_38950,P_616164,train
W_38988,P_165320,train
W_38988,P_38989,train
W_38991,P_38991,train
W_38991,P_38992,train
W_38995,P_255570,train
W_38995,P_38995,train
W_3900,P_67350,train
W_3900,P_82920,train
W_39101,P_425594,train
W_39101,P_619790,train
W_39228,P_351702,train
W_39228,P_39228,train
W_39239,P_39239,train
W_39239,P_39240,train
W_39245,P_263017,train
W_39245,P_731136,train
W_39287,P_39287,train
W_39287,P_39288,train
W_39354,P_707559,train
W_39354,P_708014,train
W_39435,P_181890,train
W_39435,P_563483,train
W_39458,P_141826,train
W_39458,P_90871,train
W_39716,P_351922,train
W_39716,P_56092,train
W_3974,P_115216,train
W_3974,P_489752,train
W_39810,P_545807,train
W_39810,P_794833,train
W_3982,P_237169,train
W_3982,P_418748,train
W_3986,P_3987,train
W_3986,P_755068,train
W_3990,P_3990,train
W_3990,P_3991,train
W_40069,P_170605,train
W_40069,P_40069,train
W_40083,P_171007,train
W_40083,P_601586,train
W_40213,P_40213,train
W_40213,P_717277,train
W_40242,P_40243,train
W_40242,P_743891,train
W_40275,P_282069,train
W_40275,P_71738,train
W_40341,P_178975,train
W_40341,P_40341,train
W_40422,P_40422,train
W_40422,P_546278,train
W_40437,P_241674,train
W_40437,P_314979,train
W_4045,P_105727,train
W_4045,P_47105,train
W_40499,P_40499,train
W_40499,P_524683,train
W_4051,P_4051,train
W_4051,P_594731,train
W_40558,P_329948,train
W_40558,P_40559,train
W_40582,P_67867,train
W_40582,P_754326,train
W_40777,P_183399,train
W_40777,P_331038,train
W_40808,P_399045,train
W_40808,P_40812,train
W_40831,P_40832,train
W_40831,P_562543,train
W_40894,P_149352,train
W_40894,P_206696,train
W_40904,P_40905,train
W_40904,P_98986,train
W_40967,P_40967,train
W_40967,P_783216,train
W_40997,P_299928,train
W_40997,P_81708,train
W_41023,P_212163,train
W_41023,P_41023,train
W_41134,P_41134,train
W_41134,P_743865,train
W_41328,P_385760,train
W_41328,P_92519,train
W_41388,P_41388,train
W_41388,P_41389,train
W_41449,P_41450,train
W_41449,P_649485,train
W_41460,P_41461,train
W_41460,P_650034,train
W_4154,P_4154,train
W_4154,P_655147,train
W_41591,P_41592,train
W_41591,P_774474,train
W_41598,P_628319,train
W_41598,P_752469,train
W_41634,P_294992,train
W_41634,P_41634,train
W_41676,P_41676,train
W_41676,P_544590,train
W_41710,P_413532,train
W_41710,P_41710,train
W_41730,P_393341,train
W_41730,P_553807,train
W_41793,P_304172,train
W_41793,P_41793,train
W_41865,P_41870,train
W_41865,P_700140,train
W_4187,P_4188,train
W_4187,P_465566,train
W_41910,P_187028,train
W_41910,P_363206,train
W_41953,P_103968,train
W_41953,P_41953,train
W_41958,P_41959,train
W_41958,P_789766,train
W_41970,P_363989,train
W_41970,P_761938,train
W_4198,P_360471,train
W_4198,P_368819,train
W_420,P_420,train
W_420,P_743703,train
W_42052,P_544901,train
W_42052,P_756086,train
W_4207,P_4207,train
W_4207,P_4208,train
W_42086,P_259564,train
W_42086,P_669267,train
W_42163,P_42163,train
W_42163,P_666952,train
W_4219,P_381348,train
W_4219,P_65086,train
W_42215,P_42226,train
W_42215,P_705365,train
W_42287,P_265156,train
W_42287,P_42288,train
W_4232,P_446283,train
W_4232,P_463466,train
W_42372,P_45428,train
W_42372,P_616304,train
W_4242,P_28481,train
W_4242,P_28527,train
W_42448,P_140296,train
W_42448,P_183726,train
W_4258,P_35321,train
W_4258,P_4259,train
W_42759,P_42759,train
W_42759,P_785653,train
W_42777,P_188852,train
W_42777,P_549405,train
W_42795,P_45122,train
W_42795,P_673498,train
W_428,P_488576,train
W_428,P_6642,train
W_42835,P_325862,train
W_42835,P_42835,train
W_4284,P_4285,train
W_4284,P_55537,train
W_43007,P_131680,train
W_43007,P_509966,train
W_43054,P_43055,train
W_43054,P_89275,train
W_43078,P_43079,train
W_43078,P_43080,train
W_43106,P_265309,train
W_43106,P_43107,train
W_43110,P_151679,train
W_43110,P_615004,train
W_43149,P_43149,train
W_43149,P_43150,train
W_4322,P_154987,train
W_4322,P_764902,train
W_43388,P_43388,train
W_43388,P_469252,train
W_43471,P_43471,train
W_43471,P_736482,train
W_43520,P_225890,train
W_43520,P_369163,train
W_43533,P_345911,train
W_43533,P_778799,train
W_43536,P_43536,train
W_43536,P_611936,train
W_43568,P_473805,train
W_43568,P_627896,train
W_4357,P_27191,train
W_4357,P_61492,train
W_4361,P_704789,train
W_4361,P_797596,train
W_43744,P_43744,train
W_43744,P_613540,train
W_43748,P_43751,train
W_43748,P_43848,train
W_43831,P_43831,train
W_43831,P_43832,train
W_43875,P_43877,train
W_43875,P_53989,train
W_43999,P_416990,train
W_43999,P_760507,train
W_44013,P_497037,train
W_44013,P_536981,train
W_44096,P_415684,train
W_44096,P_92674,train
W_44148,P_192094,train
W_44148,P_44148,train
W_44156,P_44156,train
W_44156,P_483645,train
W_4418,P_15823,train
W_4418,P_4418,train
W_442,P_443,train
W_442,P_481920,train
W_4435,P_118789,train
W_4435,P_4436,train
W_4439,P_352958,train
W_4439,P_97682,train
W_44630,P_44630,train
W_44630,P_44631,train
W_44754,P_151936,train
W_44754,P_44767,train
W_4479,P_106488,train
W_4479,P_189752,train
W_44818,P_135804,train
W_44818,P_764517,train
W_44877,P_44878,train
W_44877,P_80712,train
W_4489,P_439793,train
W_4489,P_761779,train
W_44949,P_336022,train
W_44949,P_44949,train
W_44988,P_292305,train
W_44988,P_414682,train
W_45004,P_270699,train
W_45004,P_92041,train
W_45013,P_45013,train
W_45013,P_45015,train
W_45153,P_224000,train
W_45153,P_724819,train
W_45182,P_190173,train
W_45182,P_45182,train
W_4521,P_18349,train
W_4521,P_715315,train
W_45560,P_45560,train
W_45560,P_45561,train
W_45824,P_394515,train
W_45824,P_92070,train
W_45831,P_45831,train
W_45831,P_799760,train
W_45907,P_565238,train
W_45907,P_739892,train
W_46038,P_46038,train
W_46038,P_602160,train
W_46043,P_46043,train
W_46043,P_46044,train
W_46131,P_106385,train
W_46131,P_238469,train
W_4618,P_15578,train
W_4618,P_302304,train
W_46205,P_46207,train
W_46205,P_479930,train
W_46227,P_46227,train
W_46227,P_547914,train
W_46258,P_425467,train
W_46258,P_428609,train
W_46263,P_261272,train
W_46263,P_46266,train
W_46271,P_398600,train
W_46271,P_626575,train
W_46282,P_261412,train
W_46282,P_488644,train
W_4629,P_101602,train
W_4629,P_96257,train
W_4637,P_390362,train
W_4637,P_504081,train
W_46690,P_646305,train
W_46690,P_740165,train
W_4670,P_319641,train
W_4670,P_782048,train
W_46941,P_46941,train
W_46941,P_46942,train
W_46950,P_46950,train
W_46950,P_46951,train
W_46963,P_455956,train
W_46963,P_495320,train
W_46976,P_46978,train
W_46976,P_83960,train
W_47128,P_47128,train
W_47128,P_47710,train
W_4713,P_4713,train
W_4713,P_97631,train
W_47184,P_455779,train
W_47184,P_99657,train
W_47186,P_455790,train
W_47186,P_47186,train
W_47326,P_47326,train
W_47326,P_47327,train
W_47335,P_189348,train
W_47335,P_751259,train
W_4734,P_4734,train
W_4734,P_775363,train
W_475,P_476,train
W_475,P_785587,train
W_47802,P_531932,train
W_47802,P_578544,train
W_47879,P_452171,train
W_47879,P_723846,train
W_47907,P_47908,train
W_47907,P_626694,train
W_48006,P_108492,train
W_48006,P_48009,train
W_48057,P_190524,train
W_48057,P_48057,train
W_4808,P_312947,train
W_4808,P_4808,train
W_48113,P_451767,train
W_48113,P_560291,train
W_48182,P_171957,train
W_48182,P_329485,train
W_48237,P_384963,train
W_48237,P_498044,train
W_48330,P_56900,train
W_48330,P_56902,train
W_48406,P_113553,train
W_48406,P_754407,train
W_48469,P_84664,train
W_48469,P_85919,train
W_48681,P_19382,train
W_48681,P_48682,train
W_48770,P_316290,train
W_48770,P_69377,train
W_48878,P_48878,train
W_48878,P_579211,train
W_48889,P_48889,train
W_48889,P_48890,train
W_4890,P_689270,train
W_4890,P_761285,train
W_48978,P_48978,train
W_48978,P_756093,train
W_48985,P_312413,train
W_48985,P_48985,train
W_49026,P_49026,train
W_49026,P_55905,train
W_49075,P_49075,train
W_49075,P_49076,train
W_49270,P_307569,train
W_49270,P_88548,train
W_49335,P_318289,train
W_49335,P_49335,train
W_49337,P_49337,train
W_49337,P_520871,train
W_49486,P_255043,train
W_49486,P_49486,train
W_49526,P_49526,train
W_49526,P_70610,train
W_49593,P_49594,train
W_49593,P_524369,train
W_49595,P_432170,train
W_49595,P_635108,train
W_49637,P_49637,train
W_49637,P_773578,train
W_4966,P_299025,train
W_4966,P_529081,train
W_49753,P_671002,train
W_49753,P_76718,train
W_49969,P_49969,train
W_49969,P_99619,train
W_49978,P_49978,train
W_49978,P_519614,train
W_49988,P_49988,train
W_49988,P_765491,train
W_50031,P_50031,train
W_50031,P_50032,train
W_50102,P_576734,train
W_50102,P_766500,train
W_50157,P_418592,train
W_50157,P_574351,train
W_50219,P_277090,train
W_50219,P_336140,train
W_5025,P_5025,train
W_5025,P_721086,train
W_50314,P_493182,train
W_50314,P_50314,train
W_50349,P_463811,train
W_50349,P_50349,train
W_50350,P_50350,train
W_50350,P_576710,train
W_50457,P_50458,train
W_50457,P_57866,train
W_50596,P_315148,train
W_50596,P_470878,train
W_50600,P_131646,train
W_50600,P_455267,train
W_50656,P_50656,train
W_50656,P_633970,train
W_50660,P_50660,train
W_50660,P_732310,train
W_50672,P_288704,train
W_50672,P_540332,train
W_50679,P_470579,train
W_50679,P_50679,train
W_50749,P_472646,train
W_50749,P_692954,train
W_5080,P_443836,train
W_5080,P_5085,train
W_50868,P_501044,train
W_50868,P_50868,train
W_50871,P_371034,train
W_50871,P_50871,train
W_5088,P_5087,train
W_5088,P_521538,train
W_50937,P_447607,train
W_50937,P_50937,train
W_50962,P_193794,train
W_50962,P_750290,train
W_51071,P_378458,train
W_51071,P_51367,train
W_51095,P_51095,train
W_51095,P_683302,train
W_5111,P_5111,train
W_5111,P_99900,train
W_5115,P_173305,train
W_5115,P_5116,train
W_51184,P_51184,train
W_51184,P_51192,train
W_51246,P_137826,train
W_51246,P_51246,train
W_51369,P_51369,train
W_51369,P_787368,train
W_5158,P_173652,train
W_5158,P_298704,train
W_51645,P_248205,train
W_51645,P_287350,train
W_51744,P_419978,train
W_51744,P_601476,train
W_51760,P_247648,train
W_51760,P_51763,train
W_51772,P_680367,train
W_51772,P_78254,train
W_51812,P_51814,train
W_51812,P_86590,train
W_5208,P_553284,train
W_5208,P_770991,train
W_52225,P_500955,train
W_52225,P_798404,train
W_52230,P_226170,train
W_52230,P_561497,train
W_52350,P_52350,train
W_52350,P_52352,train
W_52646,P_691688,train
W_52646,P_693816,train
W_52679,P_383136,train
W_52679,P_784167,train
W_52705,P_106306,train
W_52705,P_52708,train
W_52864,P_264792,train
W_52864,P_726414,train
W_52936,P_623305,train
W_52936,P_714597,train
W_5298,P_181258,train
W_5298,P_292688,train
W_53006,P_53013,train
W_53006,P_664081,train
W_53007,P_278598,train
W_53007,P_53035,train
W_53041,P_123509,train
W_53041,P_789864,train
W_53070,P_474152,train
W_53070,P_785043,train
W_53072,P_664860,train
W_53072,P_664886,train
W_53256,P_53257,train
W_53256,P_53258,train
W_53296,P_112263,train
W_53296,P_53296,train
W_53325,P_256024,train
W_53325,P_716923,train
W_5334,P_368363,train
W_5334,P_797608,train
W_5339,P_5339,train
W_5339,P_799646,train
W_53390,P_53390,train
W_53390,P_53393,train
W_53461,P_53461,train
W_53461,P_53462,train
W_5370,P_373771,train
W_5370,P_375343,train
W_53810,P_162684,train
W_53810,P_487744,train
W_54031,P_195275,train
W_54031,P_721631,train
W_54071,P_418151,train
W_54071,P_54071,train
W_54078,P_175634,train
W_54078,P_179207,train
W_5408,P_5408,train
W_5408,P_758704,train
W_54084,P_54084,train
W_54084,P_54107,train
W_54143,P_54147,train
W_54143,P_761449,train
W_54228,P_478318,train
W_54228,P_54228,train
W_54231,P_307189,train
W_54231,P_562233,train
W_54295,P_498446,train
W_54295,P_59992,train
W_54304,P_54304,train
W_54304,P_735439,train
W_54311,P_54312,train
W_54311,P_91081,train
W_54361,P_89119,train
W_54361,P_96552,train
W_54366,P_54366,train
W_54366,P_653291,train
W_54371,P_54371,train
W_54371,P_54372,train
W_54508,P_54508,train
W_54508,P_54509,train
W_5464,P_252617,train
W_5464,P_5464,train
W_54652,P_497188,train
W_54652,P_747773,train
W_5477,P_215275,train
W_5477,P_262272,train
W_54812,P_453593,train
W_54812,P_96800,train
W_5482,P_196285,train
W_5482,P_717768,train
W_54839,P_108766,train
W_54839,P_649439,train
W_54864,P_499243,train
W_54864,P_54864,train
W_54876,P_54876,train
W_54876,P_54877,train
W_54914,P_54914,train
W_54914,P_742316,train
W_54925,P_54934,train
W_54925,P_746232,train
W_54971,P_470692,train
W_54971,P_92114,train
W_55031,P_55031,train
W_55031,P_55035,train
W_55043,P_196488,train
W_55043,P_283716,train
W_55069,P_55069,train
W_55069,P_690783,train
W_55208,P_204147,train
W_55208,P_55208,train
W_55216,P_106482,train
W_55216,P_55216,train
W_55349,P_55350,train
W_55349,P_619885,train
W_55375,P_55375,train
W_55375,P_785256,train
W_55440,P_55440,train
W_55440,P_762014,train
W_55470,P_267360,train
W_55470,P_55475,train
W_55485,P_246934,train
W_55485,P_55490,train
W_55516,P_55516,train
W_55516,P_55517,train
W_55539,P_506493,train
W_55539,P_55539,train
W_55719,P_280850,train
W_55719,P_439456,train
W_5580,P_177978,train
W_5580,P_287754,train
W_55806,P_236438,train
W_55806,P_244735,train
W_55877,P_197326,train
W_55877,P_55877,train
W_55898,P_227729,train
W_55898,P_55898,train
W_55972,P_269638,train
W_55972,P_484450,train
W_56016,P_714536,train
W_56016,P_714898,train
W_56037,P_175722,train
W_56037,P_56044,train
W_56038,P_56045,train
W_56038,P_764091,train
W_56051,P_56067,train
W_56051,P_764891,train
W_5609,P_5610,train
W_5609,P_577159,train
W_56117,P_56117,train
W_56117,P_56122,train
W_56141,P_520286,train
W_56141,P_520288,train
W_56178,P_10872,train
W_56178,P_56178,train
W_5622,P_5622,train
W_5622,P_761768,train
W_5624,P_5625,train
W_5624,P_764885,train
W_56280,P_705881,train
W_56280,P_74840,train
W_56359,P_56359,train
W_56359,P_757034,train
W_56554,P_388637,train
W_56554,P_56556,train
W_56557,P_56557,train
W_56557,P_56559,train
W_5664,P_25464,train
W_5664,P_5664,train
W_5669,P_247182,train
W_5669,P_655503,train
W_56707,P_275859,train
W_56707,P_577087,train
W_56728,P_56728,train
W_56728,P_56737,train
W_56754,P_106261,train
W_56754,P_56754,train
W_56792,P_187136,train
W_56792,P_56792,train
W_5680,P_175621,train
W_5680,P_71063,train
W_5682,P_5684,train
W_5682,P_615976,train
W_5685,P_5685,train
W_5685,P_5686,train
W_56855,P_175628,train
W_56855,P_56855,train
W_56869,P_527722,train
W_56869,P_56869,train
W_56892,P_719923,train
W_56892,P_736348,train
W_56904,P_396587,train
W_56904,P_432036,train
W_56922,P_207724,train
W_56922,P_479234,train
W_56953,P_56953,train
W_56953,P_80996,train
W_56954,P_266712,train
W_56954,P_89824,train
W_56982,P_371917,train
W_56982,P_56983,train
W_57007,P_155008,train
W_57007,P_57007,train
W_57073,P_331577,train
W_57073,P_619127,train
W_57106,P_681934,train
W_57106,P_716512,train
W_57113,P_57113,train
W_57113,P_716516,train
W_57263,P_162112,train
W_57263,P_62892,train
W_57296,P_328766,train
W_57296,P_57297,train
W_57398,P_57398,train
W_57398,P_81441,train
W_57401,P_57401,train
W_57401,P_81442,train
W_57433,P_57433,train
W_57433,P_57435,train
W_57444,P_57444,train
W_57444,P_57445,train
W_57511,P_386065,train
W_57511,P_590056,train
W_57535,P_412837,train
W_57535,P_57535,train
W_57611,P_481812,train
W_57611,P_57617,train
W_57706,P_171431,train
W_57706,P_790162,train
W_57735,P_364821,train
W_57735,P_420085,train
W_57758,P_536699,train
W_57758,P_57758,train
W_57831,P_57831,train
W_57831,P_57832,train
W_57876,P_350159,train
W_57876,P_57876,train
W_57930,P_248913,train
W_57930,P_371876,train
W_57950,P_57951,train
W_57950,P_73537,train
W_58099,P_542748,train
W_58099,P_572639,train
W_58143,P_58143,train
W_58143,P_58162,train
W_58254,P_58254,train
W_58254,P_742877,train
W_58285,P_58285,train
W_58285,P_60352,train
W_58373,P_58384,train
W_58373,P_58391,train
W_58398,P_58398,train
W_58398,P_58400,train
W_58446,P_59507,train
W_58446,P_99566,train
W_5853,P_179913,train
W_5853,P_763121,train
W_58603,P_58603,train
W_58603,P_58604,train
W_58728,P_58730,train
W_58728,P_684435,train
W_58733,P_58733,train
W_58733,P_58734,train
W_58738,P_362046,train
W_58738,P_58740,train
W_58758,P_193699,train
W_58758,P_488824,train
W_58814,P_58814,train
W_58814,P_58819,train
W_58915,P_58915,train
W_58915,P_58916,train
W_5897,P_459703,train
W_5897,P_676080,train
W_58992,P_581324,train
W_58992,P_58992,train
W_59115,P_579059,train
W_59115,P_59115,train
W_59122,P_165304,train
W_59122,P_499452,train
W_59174,P_469862,train
W_59174,P_59174,train
W_59196,P_59198,train
W_59196,P_740544,train
W_59223,P_59223,train
W_59223,P_727506,train
W_59237,P_59249,train
W_59237,P_724761,train
W_59253,P_200370,train
W_59253,P_404659,train
W_59313,P_388624,train
W_59313,P_388633,train
W_59363,P_70753,train
W_59363,P_97170,train
W_59394,P_59394,train
W_59394,P_85526,train
W_59449,P_626579,train
W_59449,P_742680,train
W_59470,P_347988,train
W_59470,P_734100,train
W_59622,P_59622,train
W_59622,P_59623,train
W_59627,P_494217,train
W_59627,P_59627,train
W_59675,P_507310,train
W_59675,P_68163,train
W_59681,P_158923,train
W_59681,P_86172,train
W_59697,P_152070,train
W_59697,P_59697,train
W_5977,P_247675,train
W_5977,P_753992,train
W_59913,P_627965,train
W_59913,P_785718,train
W_59946,P_59946,train
W_59946,P_59948,train
W_59975,P_316234,train
W_59975,P_59975,train
W_60010,P_524860,train
W_60010,P_60010,train
W_60015,P_146320,train
W_60015,P_525684,train
W_60135,P_60152,train
W_60135,P_752834,train
W_60387,P_60401,train
W_60387,P_60406,train
W_6041,P_185639,train
W_6041,P_453291,train
W_60460,P_340380,train
W_60460,P_396828,train
W_6048,P_584388,train
W_6048,P_791840,train
W_60480,P_60481,train
W_60480,P_623959,train
W_60483,P_490338,train
W_60483,P_60483,train
W_60515,P_587043,train
W_60515,P_60516,train
W_60535,P_589295,train
W_60535,P_60535,train
W_606,P_717496,train
W_606,P_80776,train
W_60691,P_495657,train
W_60691,P_60692,train
W_60699,P_60698,train
W_60699,P_60701,train
W_60776,P_60776,train
W_60776,P_727622,train
W_60883,P_183798,train
W_60883,P_615250,train
W_61062,P_61062,train
W_61062,P_61063,train
W_61238,P_260393,train
W_61238,P_359931,train
W_61266,P_493501,train
W_61266,P_61266,train
W_61555,P_716843,train
W_61555,P_716882,train
W_6187,P_611663,train
W_6187,P_713215,train
W_61894,P_599071,train
W_61894,P_719698,train
W_61914,P_232777,train
W_61914,P_95395,train
W_61951,P_300889,train
W_61951,P_604497,train
W_61982,P_203773,train
W_61982,P_493205,train
W_61998,P_566622,train
W_61998,P_636717,train
W_62033,P_85847,train
W_62033,P_93709,train
W_62162,P_272549,train
W_62162,P_709765,train
W_62166,P_472145,train
W_62166,P_669923,train
W_6221,P_334893,train
W_6221,P_562647,train
W_62232,P_402417,train
W_62232,P_62233,train
W_62260,P_613504,train
W_62260,P_62260,train
W_62310,P_205792,train
W_62310,P_494869,train
W_62375,P_649230,train
W_62375,P_681950,train
W_62376,P_364300,train
W_62376,P_681946,train
W_62425,P_674255,train
W_62425,P_774361,train
W_62463,P_357879,train
W_62463,P_62463,train
W_62483,P_100382,train
W_62483,P_62484,train
W_62562,P_62562,train
W_62562,P_62563,train
W_62595,P_242567,train
W_62595,P_593478,train
W_62615,P_62615,train
W_62615,P_796353,train
W_62657,P_62657,train
W_62657,P_62658,train
W_62809,P_327865,train
W_62809,P_730915,train
W_62851,P_304029,train
W_62851,P_533067,train
W_62961,P_62961,train
W_62961,P_86624,train
W_63,P_506484,train
W_63,P_63,train
W_63010,P_63010,train
W_63010,P_663922,train
W_63040,P_108353,train
W_63040,P_63040,train
W_63049,P_619910,train
W_63049,P_703782,train
W_63289,P_624488,train
W_63289,P_63289,train
W_63300,P_261508,train
W_63300,P_726436,train
W_63301,P_63301,train
W_63301,P_63311,train
W_63439,P_210005,train
W_63439,P_212422,train
W_63712,P_213941,train
W_63712,P_215969,train
W_63754,P_587496,train
W_63754,P_587548,train
W_638,P_611352,train
W_638,P_639,train
W_63829,P_560182,train
W_63829,P_63829,train
W_63900,P_259834,train
W_63900,P_63900,train
W_6396,P_102421,train
W_6396,P_6398,train
W_63986,P_250628,train
W_63986,P_40271,train
W_6423,P_45251,train
W_6423,P_760260,train
W_6430,P_38422,train
W_6430,P_687773,train
W_64339,P_234894,train
W_64339,P_280625,train
W_64417,P_190939,train
W_64417,P_290957,train
W_64443,P_67475,train
W_64443,P_707553,train
W_64444,P_64444,train
W_64444,P_722611,train
W_64447,P_728065,train
W_64447,P_742755,train
W_64469,P_64498,train
W_64469,P_64499,train
W_6447,P_127728,train
W_6447,P_6448,train
W_64583,P_64583,train
W_64583,P_64847,train
W_64615,P_102347,train
W_64615,P_64615,train
W_64743,P_64744,train
W_64743,P_719809,train
W_64748,P_64748,train
W_64748,P_64749,train
W_6482,P_283106,train
W_6482,P_364114,train
W_64898,P_248156,train
W_64898,P_64901,train
W_65,P_65,train
W_65,P_66,train
W_65003,P_178075,train
W_65003,P_65003,train
W_65031,P_65031,train
W_65031,P_84665,train
W_65037,P_203176,train
W_65037,P_65037,train
W_65155,P_65155,train
W_65155,P_65156,train
W_6522,P_6522,train
W_6522,P_798478,train
W_6526,P_177110,train
W_6526,P_6526,train
W_65273,P_65273,train
W_65273,P_65274,train
W_65523,P_574856,train
W_65523,P_707582,train
W_65568,P_184373,train
W_65568,P_648498,train
W_65589,P_108230,train
W_65589,P_65590,train
W_65683,P_227509,train
W_65683,P_227513,train
W_65751,P_65751,train
W_65751,P_65752,train
W_65771,P_247204,train
W_65771,P_65771,train
W_6579,P_212577,train
W_6579,P_283108,train
W_66003,P_66003,train
W_66003,P_66005,train
W_66091,P_156614,train
W_66091,P_764980,train
W_6638,P_284700,train
W_6638,P_6638,train
W_66384,P_267489,train
W_66384,P_271174,train
W_66457,P_66457,train
W_66457,P_727821,train
W_66533,P_224880,train
W_66533,P_66533,train
W_66670,P_149451,train
W_66670,P_66670,train
W_66733,P_115902,train
W_66733,P_115905,train
W_66815,P_231513,train
W_66815,P_752125,train
W_66852,P_116786,train
W_66852,P_66855,train
W_66866,P_66866,train
W_66866,P_748561,train
W_66957,P_470847,train
W_66957,P_66957,train
W_66977,P_292459,train
W_66977,P_782045,train
W_67002,P_67002,train
W_67002,P_721114,train
W_67094,P_233429,train
W_67094,P_743515,train
W_671,P_60592,train
W_671,P_673534,train
W_67101,P_67101,train
W_67101,P_67105,train
W_67106,P_115954,train
W_67106,P_67108,train
W_6722,P_424801,train
W_6722,P_761930,train
W_67297,P_671186,train
W_67297,P_67297,train
W_67318,P_67318,train
W_67318,P_67319,train
W_67470,P_67470,train
W_67470,P_93327,train
W_67473,P_618553,train
W_67473,P_694145,train
W_67660,P_364530,train
W_67660,P_67660,train
W_67757,P_67757,train
W_67757,P_70334,train
W_67806,P_552443,train
W_67806,P_552446,train
W_67883,P_249708,train
W_67883,P_731763,train
W_68027,P_279375,train
W_68027,P_68028,train
W_6819,P_117343,train
W_6819,P_754377,train
W_68364,P_152995,train
W_68364,P_68364,train
W_68455,P_68463,train
W_68455,P_68478,train
W_6847,P_260449,train
W_6847,P_34625,train
W_68502,P_254500,train
W_68502,P_446721,train
W_6862,P_120503,train
W_6862,P_6862,train
W_68814,P_68814,train
W_68814,P_713242,train
W_68861,P_68862,train
W_68861,P_68864,train
W_6889,P_12723,train
W_6889,P_563097,train
W_69028,P_351705,train
W_69028,P_69029,train
W_69054,P_176999,train
W_69054,P_543964,train
W_69115,P_69115,train
W_69115,P_69125,train
W_69188,P_568029,train
W_69188,P_699544,train
W_69221,P_140108,train
W_69221,P_548918,train
W_69232,P_69232,train
W_69232,P_710710,train
W_69242,P_380316,train
W_69242,P_745783,train
W_69247,P_69248,train
W_69247,P_725370,train
W_6937,P_17697,train
W_6937,P_17709,train
W_69373,P_69374,train
W_69373,P_76164,train
W_6938,P_360190,train
W_6938,P_6938,train
W_69383,P_416652,train
W_69383,P_614012,train
W_69581,P_69581,train
W_69581,P_716648,train
W_69600,P_204136,train
W_69600,P_69601,train
W_69637,P_69637,train
W_69637,P_69638,train
W_69652,P_69652,train
W_69652,P_69654,train
W_69685,P_388235,train
W_69685,P_69685,train
W_69686,P_560289,train
W_69686,P_722465,train
W_69745,P_69747,train
W_69745,P_69748,train
W_69816,P_69816,train
W_69816,P_69817,train
W_69866,P_526772,train
W_69866,P_69866,train
W_6990,P_40163,train
W_6990,P_6990,train
W_7000,P_193567,train
W_7000,P_37641,train
W_70028,P_70028,train
W_70028,P_85599,train
W_70036,P_226430,train
W_70036,P_703036,train
W_70071,P_487296,train
W_70071,P_70071,train
W_70160,P_246253,train
W_70160,P_70177,train
W_70311,P_447296,train
W_70311,P_70311,train
W_70331,P_370782,train
W_70331,P_70331,train
W_70385,P_331796,train
W_70385,P_70385,train
W_70414,P_315149,train
W_70414,P_742869,train
W_70512,P_480327,train
W_70512,P_70512,train
W_7073,P_10545,train
W_7073,P_362555,train
W_70796,P_532405,train
W_70796,P_70796,train
W_70806,P_673706,train
W_70806,P_70807,train
W_7081,P_237016,train
W_7081,P_28920,train
W_7099,P_408198,train
W_7099,P_679899,train
W_71095,P_346187,train
W_71095,P_71095,train
W_71100,P_578545,train
W_71100,P_71100,train
W_71153,P_171502,train
W_71153,P_71153,train
W_71333,P_338289,train
W_71333,P_71333,train
W_71338,P_338287,train
W_71338,P_71338,train
W_7143,P_511603,train
W_7143,P_783770,train
W_71466,P_306188,train
W_71466,P_456853,train
W_71486,P_738684,train
W_71486,P_748289,train
W_71581,P_489244,train
W_71581,P_578755,train
W_71634,P_725984,train
W_71634,P_83455,train
W_71699,P_168389,train
W_71699,P_788000,train
W_717,P_107077,train
W_717,P_391006,train
W_7171,P_404249,train
W_7171,P_88261,train
W_71759,P_404446,train
W_71759,P_98239,train
W_71842,P_738880,train
W_71842,P_789774,train
W_72163,P_72163,train
W_72163,P_96341,train
W_72173,P_359019,train
W_72173,P_72174,train
W_72193,P_443880,train
W_72193,P_72193,train
W_72217,P_72217,train
W_72217,P_735557,train
W_72252,P_489446,train
W_72252,P_81581,train
W_72480,P_207196,train
W_72480,P_72480,train
W_7255,P_493774,train
W_7255,P_590066,train
W_72565,P_671596,train
W_72565,P_72567,train
W_72667,P_72667,train
W_72667,P_72670,train
W_72804,P_102026,train
W_72804,P_363657,train
W_72818,P_686848,train
W_72818,P_72820,train
W_72883,P_190571,train
W_72883,P_72883,train
W_73081,P_73081,train
W_73081,P_776015,train
W_73234,P_523418,train
W_73234,P_529997,train
W_73277,P_395910,train
W_73277,P_73277,train
W_73375,P_605474,train
W_73375,P_73375,train
W_73522,P_386196,train
W_73522,P_73522,train
W_73612,P_233627,train
W_73612,P_334375,train
W_73747,P_197255,train
W_73747,P_383352,train
W_73760,P_297080,train
W_73760,P_73761,train
W_73770,P_295451,train
W_73770,P_73770,train
W_73780,P_598186,train
W_73780,P_73780,train
W_73790,P_585713,train
W_73790,P_789102,train
W_7385,P_478236,train
W_7385,P_96463,train
W_73850,P_493309,train
W_73850,P_77438,train
W_74003,P_74004,train
W_74003,P_764863,train
W_74024,P_175949,train
W_74024,P_84622,train
W_74044,P_314903,train
W_74044,P_74047,train
W_74067,P_410672,train
W_74067,P_788323,train
W_7430,P_464363,train
W_7430,P_80745,train
W_7432,P_7435,train
W_7432,P_752167,train
W_7441,P_331527,train
W_7441,P_44642,train
W_74422,P_351996,train
W_74422,P_74422,train
W_7452,P_7452,train
W_7452,P_789402,train
W_74536,P_74536,train
W_74536,P_95706,train
W_74556,P_191966,train
W_74556,P_74556,train
W_74594,P_74594,train
W_74594,P_74597,train
W_74660,P_190433,train
W_74660,P_74660,train
W_7469,P_431787,train
W_7469,P_679339,train
W_7471,P_472907,train
W_7471,P_99541,train
W_74723,P_74723,train
W_74723,P_74729,train
W_74724,P_461084,train
W_74724,P_74724,train
W_7494,P_554077,train
W_7494,P_586049,train
W_75085,P_75085,train
W_75085,P_75086,train
W_75145,P_396656,train
W_75145,P_75145,train
W_75157,P_138976,train
W_75157,P_717705,train
W_75186,P_259155,train
W_75186,P_75186,train
W_75270,P_501045,train
W_75270,P_75270,train
W_75360,P_116876,train
W_75360,P_264318,train
W_75377,P_565574,train
W_75377,P_75377,train
W_75440,P_75440,train
W_75440,P_75441,train
W_75623,P_520589,train
W_75623,P_727505,train
W_75690,P_324949,train
W_75690,P_75690,train
W_758,P_464832,train
W_758,P_759,train
W_75865,P_189691,train
W_75865,P_75865,train
W_75977,P_244407,train
W_75977,P_75977,train
W_76004,P_76004,train
W_76004,P_76010,train
W_76016,P_76016,train
W_76016,P_76017,train
W_76044,P_148079,train
W_76044,P_155194,train
W_76140,P_236191,train
W_76140,P_522382,train
W_76245,P_76255,train
W_76245,P_785732,train
W_7626,P_698040,train
W_7626,P_7626,train
W_76264,P_76264,train
W_76264,P_76270,train
W_76272,P_523436,train
W_76272,P_76275,train
W_76281,P_139267,train
W_76281,P_76281,train
W_76335,P_608793,train
W_76335,P_76335,train
W_76430,P_174181,train
W_76430,P_471682,train
W_76480,P_359837,train
W_76480,P_372356,train
W_76507,P_248402,train
W_76507,P_269670,train
W_76522,P_203005,train
W_76522,P_614276,train
W_76538,P_361650,train
W_76538,P_76538,train
W_76558,P_126892,train
W_76558,P_706569,train
W_76755,P_450581,train
W_76755,P_76757,train
W_76856,P_743603,train
W_76856,P_76856,train
W_77193,P_341337,train
W_77193,P_535812,train
W_77274,P_388183,train
W_77274,P_77274,train
W_7736,P_391948,train
W_7736,P_656856,train
W_77428,P_539920,train
W_77428,P_77428,train
W_77475,P_526003,train
W_77475,P_651233,train
W_77578,P_126944,train
W_77578,P_77579,train
W_78293,P_369774,train
W_78293,P_78294,train
W_78429,P_666317,train
W_78429,P_78430,train
W_78498,P_317917,train
W_78498,P_78499,train
W_7863,P_764854,train
W_7863,P_7863,train
W_7865,P_751125,train
W_7865,P_760324,train
W_78663,P_442792,train
W_78663,P_78663,train
W_78694,P_78694,train
W_78694,P_78695,train
W_78734,P_335884,train
W_78734,P_78734,train
W_78740,P_162662,train
W_78740,P_78748,train
W_78833,P_140850,train
W_78833,P_490523,train
W_78841,P_166719,train
W_78841,P_78841,train
W_78964,P_430725,train
W_78964,P_78967,train
W_79099,P_481450,train
W_79099,P_79100,train
W_79105,P_79105,train
W_79105,P_79111,train
W_79249,P_731573,train
W_79249,P_79249,train
W_7932,P_163104,train
W_7932,P_665693,train
W_79441,P_79441,train
W_79441,P_79447,train
W_795,P_136444,train
W_795,P_574737,train
W_79509,P_772800,train
W_79509,P_79515,train
W_79558,P_79558,train
W_79558,P_79559,train
W_7966,P_671503,train
W_7966,P_7977,train
W_79887,P_162060,train
W_79887,P_85547,train
W_79999,P_176976,train
W_79999,P_755064,train
W_8012,P_53819,train
W_8012,P_72901,train
W_80121,P_80121,train
W_80121,P_80122,train
W_80276,P_270582,train
W_80276,P_278717,train
W_80290,P_647326,train
W_80290,P_647329,train
W_8030,P_8030,train
W_8030,P_8031,train
W_80510,P_462156,train
W_80510,P_80510,train
W_80570,P_517570,train
W_80570,P_586062,train
W_80685,P_415824,train
W_80685,P_679895,train
W_80846,P_139330,train
W_80846,P_80846,train
W_80875,P_386775,train
W_80875,P_80876,train
W_80889,P_191587,train
W_80889,P_80889,train
W_80999,P_323670,train
W_80999,P_391692,train
W_81009,P_165060,train
W_81009,P_81009,train
W_81019,P_297392,train
W_81019,P_443079,train
W_81229,P_176590,train
W_81229,P_81229,train
W_8126,P_649625,train
W_8126,P_67237,train
W_8131,P_223995,train
W_8131,P_444256,train
W_81425,P_494434,train
W_81425,P_752507,train
W_81451,P_314883,train
W_81451,P_327042,train
W_81478,P_81478,train
W_81478,P_84290,train
W_81584,P_400574,train
W_81584,P_81584,train
W_81616,P_675478,train
W_81616,P_81616,train
W_81805,P_727383,train
W_81805,P_81808,train
W_81859,P_81859,train
W_81859,P_81862,train
W_82144,P_362941,train
W_82144,P_82144,train
W_8227,P_213187,train
W_8227,P_712235,train
W_82280,P_82280,train
W_82280,P_82281,train
W_82338,P_664059,train
W_82338,P_82341,train
W_82414,P_715272,train
W_82414,P_82415,train
W_82470,P_502668,train
W_82470,P_82470,train
W_82542,P_740423,train
W_82542,P_744065,train
W_8261,P_387853,train
W_8261,P_8261,train
W_8278,P_187205,train
W_8278,P_8278,train
W_82836,P_775035,train
W_82836,P_82838,train
W_82993,P_82993,train
W_82993,P_82994,train
W_8310,P_304144,train
W_8310,P_791210,train
W_83136,P_165207,train
W_83136,P_549433,train
W_83151,P_295067,train
W_83151,P_490832,train
W_83196,P_83196,train
W_83196,P_83197,train
W_83207,P_83207,train
W_83207,P_83208,train
W_8326,P_708587,train
W_8326,P_8326,train
W_83354,P_228948,train
W_83354,P_83356,train
W_83371,P_83371,train
W_83371,P_83372,train
W_83407,P_83407,train
W_83407,P_83410,train
W_8343,P_253144,train
W_8343,P_8344,train
W_8346,P_201446,train
W_8346,P_345342,train
W_83479,P_83479,train
W_83479,P_89632,train
W_83494,P_360710,train
W_83494,P_726806,train
W_83505,P_83505,train
W_83505,P_83509,train
W_8352,P_31784,train
W_8352,P_8353,train
W_83742,P_83748,train
W_83742,P_83750,train
W_83769,P_173218,train
W_83769,P_83769,train
W_83859,P_266202,train
W_83859,P_747134,train
W_83877,P_462804,train
W_83877,P_741945,train
W_83974,P_350682,train
W_83974,P_412063,train
W_8412,P_424883,train
W_8412,P_724387,train
W_8424,P_383496,train
W_8424,P_669779,train
W_8439,P_128391,train
W_8439,P_723264,train
W_84773,P_334512,train
W_84773,P_84780,train
W_84886,P_610368,train
W_84886,P_84890,train
W_85023,P_341800,train
W_85023,P_85023,train
W_85115,P_169292,train
W_85115,P_85115,train
W_85193,P_700138,train
W_85193,P_773406,train
W_85255,P_529026,train
W_85255,P_85255,train
W_8567,P_8567,train
W_8567,P_8568,train
W_85745,P_85745,train
W_85745,P_85748,train
W_860,P_575854,train
W_860,P_782958,train
W_86063,P_154550,train
W_86063,P_86063,train
W_86073,P_86073,train
W_86073,P_86074,train
W_86256,P_487577,train
W_86256,P_86257,train
W_8630,P_606871,train
W_8630,P_664177,train
W_864,P_156553,train
W_864,P_156560,train
W_86440,P_86440,train
W_86440,P_86441,train
W_86464,P_785624,train
W_86464,P_86464,train
W_8647,P_8647,train
W_8647,P_8648,train
W_86483,P_137566,train
W_86483,P_86483,train
W_86777,P_455969,train
W_86777,P_652632,train
W_86904,P_86904,train
W_86904,P_87070,train
W_87138,P_87135,train
W_87138,P_87139,train
W_87299,P_485045,train
W_87299,P_87299,train
W_87349,P_137732,train
W_87349,P_87349,train
W_87432,P_163116,train
W_87432,P_87432,train
W_87509,P_414269,train
W_87509,P_87509,train
W_87595,P_718379,train
W_87595,P_87605,train
W_8763,P_31629,train
W_8763,P_8763,train
W_87731,P_87731,train
W_87731,P_87734,train
W_87842,P_87842,train
W_87842,P_87844,train
W_87869,P_87869,train
W_87869,P_87870,train
W_88,P_750509,train
W_88,P_88,train
W_88005,P_402761,train
W_88005,P_88007,train
W_88014,P_88014,train
W_88014,P_88015,train
W_88183,P_383697,train
W_88183,P_88184,train
W_8830,P_8830,train
W_8830,P_8831,train
W_88303,P_294998,train
W_88303,P_88303,train
W_8832,P_161645,train
W_8832,P_26563,train
W_88417,P_567359,train
W_88417,P_88418,train
W_8842,P_8842,train
W_8842,P_8843,train
W_88454,P_91572,train
W_88454,P_96112,train
W_8855,P_149298,train
W_8855,P_8855,train
W_88620,P_190370,train
W_88620,P_88621,train
W_8880,P_57916,train
W_8880,P_8880,train
W_88906,P_236896,train
W_88906,P_587263,train
W_89081,P_281820,train
W_89081,P_89081,train
W_8915,P_32730,train
W_8915,P_65630,train
W_89383,P_486892,train
W_89383,P_89384,train
W_89421,P_189758,train
W_89421,P_89422,train
W_8947,P_8949,train
W_8947,P_91288,train
W_8952,P_131869,train
W_8952,P_8962,train
W_89572,P_722109,train
W_89572,P_89572,train
W_8963,P_117767,train
W_8963,P_8963,train
W_89639,P_395571,train
W_89639,P_413336,train
W_89747,P_766835,train
W_89747,P_89770,train
W_89754,P_89754,train
W_89754,P_89774,train
W_90044,P_537861,train
W_90044,P_90044,train
W_90052,P_475616,train
W_90052,P_90073,train
W_9018,P_295683,train
W_9018,P_9018,train
W_9020,P_61785,train
W_9020,P_9020,train
W_9022,P_399960,train
W_9022,P_56657,train
W_90231,P_325284,train
W_90231,P_372055,train
W_90279,P_365741,train
W_90279,P_91895,train
W_90408,P_187813,train
W_90408,P_412760,train
W_90515,P_371924,train
W_90515,P_90515,train
W_90747,P_423240,train
W_90747,P_90747,train
W_90903,P_90903,train
W_90903,P_94927,train
W_90963,P_713373,train
W_90963,P_746011,train
W_91025,P_91025,train
W_91025,P_91026,train
W_91416,P_282310,train
W_91416,P_91416,train
W_91587,P_91587,train
W_91587,P_91588,train
W_91606,P_131890,train
W_91606,P_91606,train
W_91613,P_100948,train
W_91613,P_91613,train
W_91662,P_794001,train
W_91662,P_91662,train
W_91848,P_91848,train
W_91848,P_91849,train
W_91909,P_329070,train
W_91909,P_91909,train
W_91943,P_420249,train
W_91943,P_91944,train
W_91963,P_229133,train
W_91963,P_91963,train
W_92047,P_327841,train
W_92047,P_92048,train
W_92340,P_301631,train
W_92340,P_92340,train
W_92346,P_313209,train
W_92346,P_755889,train
W_92366,P_92366,train
W_92366,P_92367,train
W_92545,P_602158,train
W_92545,P_92545,train
W_9259,P_46149,train
W_9259,P_749595,train
W_92609,P_350840,train
W_92609,P_469866,train
W_9274,P_107737,train
W_9274,P_677494,train
W_92759,P_92760,train
W_92759,P_96119,train
W_93281,P_280002,train
W_93281,P_93360,train
W_93391,P_93391,train
W_93391,P_96072,train
W_93393,P_437415,train
W_93393,P_577350,train
W_93395,P_160555,train
W_93395,P_784781,train
W_93410,P_473372,train
W_93410,P_93410,train
W_93531,P_529363,train
W_93531,P_93531,train
W_93700,P_693074,train
W_93700,P_93700,train
W_93937,P_705466,train
W_93937,P_93942,train
W_93980,P_772640,train
W_93980,P_93980,train
W_9401,P_9403,train
W_9401,P_9404,train
W_94113,P_586322,train
W_94113,P_94113,train
W_94126,P_609891,train
W_94126,P_689185,train
W_94138,P_438993,train
W_94138,P_518281,train
W_94154,P_94154,train
W_94154,P_94157,train
W_94195,P_94195,train
W_94195,P_94196,train
W_94572,P_570390,train
W_94572,P_94572,train
W_94674,P_270026,train
W_94674,P_514181,train
W_9476,P_468715,train
W_9476,P_9476,train
W_9490,P_252379,train
W_9490,P_9490,train
W_94901,P_481188,train
W_94901,P_634892,train
W_95019,P_486589,train
W_95019,P_95020,train
W_9511,P_199586,train
W_9511,P_380847,train
W_95147,P_539831,train
W_95147,P_781234,train
W_95201,P_275231,train
W_95201,P_95201,train
W_9524,P_679667,train
W_9524,P_9532,train
W_95242,P_115374,train
W_95242,P_392507,train
W_95251,P_379913,train
W_95251,P_95251,train
W_9527,P_449744,train
W_9527,P_9527,train
W_95295,P_717148,train
W_95295,P_95295,train
W_95346,P_453567,train
W_95346,P_791455,train
W_95355,P_127174,train
W_95355,P_219624,train
W_95372,P_280976,train
W_95372,P_611794,train
W_9549,P_132154,train
W_9549,P_9550,train
W_95537,P_730046,train
W_95537,P_95537,train
W_95545,P_101106,train
W_95545,P_395693,train
W_95598,P_398721,train
W_95598,P_791984,train
W_956,P_556886,train
W_956,P_584906,train
W_957,P_365217,train
W_957,P_365366,train
W_9573,P_161323,train
W_9573,P_16301,train
W_95867,P_232763,train
W_95867,P_400984,train
W_9593,P_502446,train
W_9593,P_730699,train
W_96041,P_298691,train
W_96041,P_96041,train
W_96054,P_589411,train
W_96054,P_632554,train
W_96056,P_96056,train
W_96056,P_96057,train
W_9613,P_400513,train
W_9613,P_9613,train
W_96164,P_172857,train
W_96164,P_96164,train
W_9620,P_238420,train
W_9620,P_241872,train
W_96235,P_716047,train
W_96235,P_96235,train
W_963,P_37456,train
W_963,P_40560,train
W_96429,P_324843,train
W_96429,P_96435,train
W_96641,P_671430,train
W_96641,P_671506,train
W_9666,P_9666,train
W_9666,P_9670,train
W_96663,P_136345,train
W_96663,P_387516,train
W_96833,P_213400,train
W_96833,P_96834,train
W_9686,P_144241,train
W_9686,P_729670,train
W_96861,P_96861,train
W_96861,P_96866,train
W_96888,P_396929,train
W_96888,P_711013,train
W_96977,P_96977,train
W_96977,P_96978,train
W_97028,P_643814,train
W_97028,P_674532,train
W_97039,P_582890,train
W_97039,P_97039,train
W_97146,P_184010,train
W_97146,P_97148,train
W_97210,P_374762,train
W_97210,P_97210,train
W_97394,P_325237,train
W_97394,P_97394,train
W_97396,P_577738,train
W_97396,P_97396,train
W_9741,P_9743,train
W_9741,P_9744,train
W_9748,P_21628,train
W_9748,P_435347,train
W_9752,P_21608,train
W_9752,P_9857,train
W_97569,P_209396,train
W_97569,P_97569,train
W_97639,P_746927,train
W_97639,P_97639,train
W_97656,P_138685,train
W_97656,P_97656,train
W_97700,P_579676,train
W_97700,P_97702,train
W_978,P_536185,train
W_978,P_978,train
W_97978,P_482265,train
W_97978,P_482484,train
W_98186,P_98186,train
W_98186,P_98187,train
W_98279,P_652059,train
W_98279,P_98279,train
W_98346,P_644477,train
W_98346,P_98346,train
W_98353,P_312364,train
W_98353,P_794695,train
W_98370,P_452015,train
W_98370,P_636590,train
W_9855,P_9855,train
W_9855,P_9856,train
W_98701,P_446047,train
W_98701,P_446942,train
W_98824,P_98826,train
W_98824,P_98859,train
W_9887,P_16912,train
W_9887,P_9887,train
W_9891,P_15913,train
W_9891,P_9891,train
W_9893,P_11158,train
W_9893,P_442035,train
W_99040,P_147673,train
W_99040,P_302614,train
W_99189,P_225918,train
W_99189,P_99189,train
W_99212,P_295221,train
W_99212,P_99212,train
W_99295,P_99295,train
W_99295,P_99296,train
W_9943,P_423239,train
W_9943,P_9944,train
W_9951,P_267808,train
W_9951,P_768461,train
W_99510,P_608057,train
W_99510,P_99512,train
W_9954,P_224055,train
W_9954,P_262553,train
W_99767,P_262856,train
W_99767,P_793544,train
W_99827,P_261097,train
W_99827,P_528152,train
W_99910,P_155618,train
W_99910,P_99911,train
W_99935,P_678395,train
W_99935,P_99935,train
W_99942,P_102771,train
W_99942,P_704830,train
W_99974,P_416211,train
W_99974,P_518212,train
W_99984,P_262877,train
W_99984,P_578751,train
